{"bounds":{"maxX":-8.67001299999998,"maxY":27.683098,"minX":-17.105416,"minY":20.769582},"result":"Western Sahara"}