{"bounds":{"maxX":-162.335555,"maxY":6.43444300000004,"minX":-162.384994,"minY":6.38333399999999},"result":"Kingman Reef, United States Minor Outlying Islands"}