{"bounds":{"maxX":-176.612228,"maxY":0.818333999999993,"minX":-176.623885,"minY":0.796388000000036},"result":"Howland Island, United States Minor Outlying Islands"}