{"bounds":{"maxX":-85.433213,"maxY":32.596179,"minX":-86.022103,"minY":32.23317},"result":"Macon, Alabama, United States"}