{"bounds":{"maxX":-85.045441,"maxY":31.77469,"minX":-85.417457,"minY":31.307622},"result":"Henry, Alabama, United States"}