{"bounds":{"maxX":-87.839782,"maxY":32.996151,"minX":-88.420563,"minY":32.307499},"result":"Sumter, Alabama, United States"}