{"bounds":{"maxX":-84.8934859999999,"maxY":32.510768,"minX":-85.43412,"minY":32.062339},"result":"Russell, Alabama, United States"}