{"bounds":{"maxX":-93.165092,"maxY":35.768558,"minX":-93.708602,"minY":35.326969},"result":"Johnson, Arkansas, United States"}