{"bounds":{"maxX":-91.039948,"maxY":35.44568,"minX":-91.480027,"minY":34.911122},"result":"Woodruff, Arkansas, United States"}