{"bounds":{"maxX":-92.20922,"maxY":34.49567,"minX":-92.677352,"minY":34.059163},"result":"Grant, Arkansas, United States"}