{"bounds":{"maxX":-85.001679,"maxY":32.746381,"minX":-85.696939,"minY":32.40998},"result":"Lee, Alabama, United States"}