{"bounds":{"maxX":-90.2841569999999,"maxY":35.708229,"minX":-91.039048,"minY":35.438309},"result":"Poinsett, Arkansas, United States"}