{"bounds":{"maxX":-92.978492,"maxY":33.455242,"minX":-93.4906159999999,"minY":33.01688},"result":"Columbia, Arkansas, United States"}