{"bounds":{"maxX":-109.826606,"maxY":37.004588,"minX":-110.751816,"minY":33.567483},"result":"Navajo, Arizona, United States"}