{"bounds":{"maxX":-92.333335,"maxY":34.155869,"minX":-92.9605099999999,"minY":33.793231},"result":"Dallas, Arkansas, United States"}