{"bounds":{"maxX":-86.3030469999999,"maxY":34.260848,"minX":-86.965118,"minY":33.765351},"result":"Blount, Alabama, United States"}