{"bounds":{"maxX":-93.820487,"maxY":34.35551,"minX":-94.2591639999999,"minY":33.747329},"result":"Howard, Arkansas, United States"}