{"bounds":{"maxX":-93.891769,"maxY":35.76485,"minX":-94.494683,"minY":35.347542},"result":"Crawford, Arkansas, United States"}