{"bounds":{"maxX":-160.187012,"maxY":63.274879,"minX":-166.192719,"minY":60.921323},"result":"Kusilvak, Alaska, United States"}