{"bounds":{"maxX":-87.065377,"maxY":33.61023,"minX":-87.840347,"minY":33.004242},"result":"Tuscaloosa, Alabama, United States"}