{"bounds":{"maxX":-94.030288,"maxY":35.451118,"minX":-94.447379,"minY":34.930969},"result":"Sebastian, Arkansas, United States"}