{"bounds":{"maxX":-92.240326,"maxY":35.79129,"minX":-92.8499219999999,"minY":35.363351},"result":"Van Buren, Arkansas, United States"}