{"bounds":{"maxX":-90.49977,"maxY":35.450591,"minX":-91.042526,"minY":35.14302},"result":"Cross, Arkansas, United States"}