{"bounds":{"maxX":-90.0650709999999,"maxY":36.496662,"minX":-90.8043289999999,"minY":36.200618},"result":"Clay, Arkansas, United States"}