{"bounds":{"maxX":-93.1050499999999,"maxY":33.959629,"minX":-93.4844209999999,"minY":33.440669},"result":"Nevada, Arkansas, United States"}