{"bounds":{"maxX":-87.1047809999999,"maxY":34.804981,"minX":-87.530809,"minY":34.299432},"result":"Lawrence, Alabama, United States"}