{"bounds":{"maxX":-110.447989,"maxY":31.73101,"minX":-111.365417,"minY":31.329171},"result":"Santa Cruz, Arizona, United States"}