{"bounds":{"maxX":-89.6444079999999,"maxY":36.002128,"minX":-90.2885669999999,"minY":35.389321},"result":"Mississippi, Arkansas, United States"}