{"bounds":{"maxX":-93.8693469999999,"maxY":36.499661,"minX":-94.6181569999999,"minY":36.098821},"result":"Benton, Arkansas, United States"}