{"bounds":{"maxX":-86.90602,"maxY":31.831431,"minX":-87.784593,"minY":31.228711},"result":"Monroe, Alabama, United States"}