{"bounds":{"maxX":-87.529122,"maxY":34.581878,"minX":-88.173119,"minY":34.30476},"result":"Franklin, Alabama, United States"}