{"bounds":{"maxX":-86.87609,"maxY":33.247269,"minX":-87.421752,"minY":32.83152},"result":"Bibb, Alabama, United States"}