{"bounds":{"maxX":-91.447806,"maxY":36.498481,"minX":-92.1593389999999,"minY":36.250301},"result":"Fulton, Arkansas, United States"}