{"bounds":{"maxX":-91.032097,"maxY":35.890029,"minX":-91.585259,"minY":35.35427},"result":"Jackson, Arkansas, United States"}