{"bounds":{"maxX":-90.2833869999999,"maxY":35.997089,"minX":-91.035477,"minY":35.700211},"result":"Craighead, Arkansas, United States"}