{"bounds":{"maxX":-91.261651,"maxY":36.497619,"minX":-91.7126459999999,"minY":35.891071},"result":"Sharp, Arkansas, United States"}