{"bounds":{"maxX":-93.930717,"maxY":34.72881,"minX":-94.471786,"minY":34.189721},"result":"Polk, Arkansas, United States"}