{"bounds":{"maxX":-93.3672099999999,"maxY":34.349862,"minX":-93.9392389999999,"minY":33.943672},"result":"Pike, Arkansas, United States"}