{"bounds":{"maxX":-155.994553,"maxY":60.993104,"minX":-161.17749,"minY":58.390819},"result":"Dillingham, Alaska, United States"}