{"bounds":{"maxX":-86.4379719999999,"maxY":31.964651,"minX":-86.908698,"minY":31.525209},"result":"Butler, Alabama, United States"}