{"bounds":{"maxX":-85.660142,"maxY":32.061822,"minX":-86.198791,"minY":31.61665},"result":"Pike, Alabama, United States"}