{"bounds":{"maxX":-85.059501,"maxY":32.148411,"minX":-85.748351,"minY":31.618241},"result":"Barbour, Alabama, United States"}