{"bounds":{"maxX":-93.6963719999999,"maxY":35.774372,"minX":-94.082015,"minY":35.199761},"result":"Franklin, Arkansas, United States"}