{"bounds":{"maxX":-86.664566,"maxY":31.753232,"minX":-87.4270329999999,"minY":31.1818},"result":"Conecuh, Alabama, United States"}