{"bounds":{"maxX":-113.328598,"maxY":33.46706,"minX":-114.815406,"minY":32.040002},"result":"Yuma, Arizona, United States"}