{"bounds":{"maxX":-141.00203,"maxY":68.439514,"minX":-161.048584,"minY":61.94571},"result":"Yukon-Koyukuk, Alaska, United States"}