{"bounds":{"maxX":-86.258301,"maxY":34.992711,"minX":-86.789565,"minY":34.476662},"result":"Madison, Alabama, United States"}