{"bounds":{"maxX":-87.017869,"maxY":32.87569,"minX":-87.5252609999999,"minY":32.307381},"result":"Perry, Alabama, United States"}