{"bounds":{"maxX":-92.111238,"maxY":35.368091,"minX":-92.5989999999999,"minY":34.854301},"result":"Faulkner, Arkansas, United States"}