{"bounds":{"maxX":-152.986878,"maxY":62.329101,"minX":-173.110017,"minY":58.550023},"result":"Bethel, Alaska, United States"}