{"bounds":{"maxX":-92.244629,"maxY":34.858848,"minX":-93.0757359999999,"minY":34.412892},"result":"Saline, Arkansas, United States"}