{"bounds":{"maxX":-109.046693,"maxY":33.77758,"minX":-109.495101,"minY":32.42495},"result":"Greenlee, Arizona, United States"}