{"bounds":{"maxX":-86.516509,"maxY":33.843411,"minX":-87.342477,"minY":33.246261},"result":"Jefferson, Alabama, United States"}