{"bounds":{"maxX":-85.232727,"maxY":33.50175,"minX":-85.6532359999999,"minY":33.10674},"result":"Randolph, Alabama, United States"}