{"bounds":{"maxX":-85.409569,"maxY":32.30814,"minX":-85.9992819999999,"minY":31.880239},"result":"Bullock, Alabama, United States"}