{"bounds":{"maxX":-87.417588,"maxY":34.907113,"minX":-88.140457,"minY":34.559349},"result":"Colbert, Alabama, United States"}