{"bounds":{"maxX":-93.957039,"maxY":34.192508,"minX":-94.478494,"minY":33.750301},"result":"Sevier, Arkansas, United States"}