{"bounds":{"maxX":-86.548531,"maxY":34.686329,"minX":-87.110221,"minY":34.304902},"result":"Morgan, Alabama, United States"}