{"bounds":{"maxX":-91.958358,"maxY":33.706389,"minX":-92.381997,"minY":33.161339},"result":"Bradley, Arkansas, United States"}