{"bounds":{"maxX":-91.836358,"maxY":36.129379,"minX":-92.4187929999999,"minY":35.704781},"result":"Stone, Arkansas, United States"}