{"bounds":{"maxX":-87.704978,"maxY":33.15395,"minX":-88.2061619999999,"minY":32.519889},"result":"Greene, Alabama, United States"}