{"bounds":{"maxX":-87.5007859999999,"maxY":31.99144,"minX":-88.181092,"minY":31.18673},"result":"Clarke, Alabama, United States"}