{"bounds":{"maxX":-92.409148,"maxY":36.49702,"minX":-92.891404,"minY":36.062469},"result":"Marion, Arkansas, United States"}