{"bounds":{"maxX":-87.3897259999999,"maxY":31.320159,"minX":-88.029351,"minY":30.222999},"result":"Baldwin, Alabama, United States"}