{"bounds":{"maxX":-87.4202799999999,"maxY":33.006938,"minX":-87.871141,"minY":32.481219},"result":"Hale, Alabama, United States"}