{"bounds":{"maxX":-91.344391,"maxY":35.534092,"minX":-92.119789,"minY":35.02115},"result":"White, Arkansas, United States"}