{"bounds":{"maxX":-87.471756,"maxY":32.550111,"minX":-88.117287,"minY":31.9894},"result":"Marengo, Alabama, United States"}