{"bounds":{"maxX":-93.705117,"maxY":35.099819,"minX":-94.453788,"minY":34.664791},"result":"Scott, Arkansas, United States"}