{"bounds":{"maxX":-147.257401,"maxY":64.380737,"minX":-153.005524,"minY":62.725628},"result":"Denali, Alaska, United States"}