{"bounds":{"maxX":-154.145996,"maxY":68.294677,"minX":-165.495711,"minY":65.437072},"result":"Northwest Arctic, Alaska, United States"}