{"bounds":{"maxX":-134.615479,"maxY":58.010581,"minX":-136.444169,"minY":56.159301},"result":"Sitka, Alaska, United States"}