{"bounds":{"maxX":-92.877618,"maxY":34.340648,"minX":-93.502983,"minY":33.770859},"result":"Clark, Arkansas, United States"}