{"bounds":{"maxX":-86.006997,"maxY":33.10485,"minX":-86.5240479999999,"minY":32.753731},"result":"Coosa, Alabama, United States"}