{"bounds":{"maxX":-141.002075,"maxY":71.390685,"minX":-166.83838,"minY":67.999329},"result":"North Slope, Alaska, United States"}