{"bounds":{"maxX":-120.002135,"maxY":39.774269,"minX":-121.060256,"minY":39.394909},"result":"Sierra, California, United States"}