{"bounds":{"maxX":-119.877471,"maxY":39.06807,"minX":-121.148032,"minY":38.503589},"result":"El Dorado, California, United States"}