{"bounds":{"maxX":-122.448243,"maxY":41.36731,"minX":-123.624589,"minY":39.977951},"result":"Trinity, California, United States"}