{"bounds":{"maxX":-107.861549,"maxY":37.8964,"minX":-109.044402,"minY":37.477281},"result":"Dolores, Colorado, United States"}