{"bounds":{"maxX":-105.052596,"maxY":40.26297,"minX":-105.691062,"minY":39.911721},"result":"Boulder, Colorado, United States"}