{"bounds":{"maxX":-121.413948,"maxY":39.30664,"minX":-121.945381,"minY":38.734641},"result":"Sutter, California, United States"}