{"bounds":{"maxX":-103.463097,"maxY":40.52407,"minX":-104.150405,"minY":40.000598},"result":"Morgan, Colorado, United States"}