{"bounds":{"maxX":-106.243798,"maxY":39.256452,"minX":-107.633264,"minY":38.144489},"result":"Gunnison, Colorado, United States"}