{"bounds":{"maxX":-106.997772,"maxY":38.146809,"minX":-107.585662,"minY":37.420911},"result":"Hinsdale, Colorado, United States"}