{"bounds":{"maxX":-120.016854,"maxY":38.511749,"minX":-120.992568,"minY":37.832322},"result":"Calaveras, California, United States"}