{"bounds":{"maxX":-121.021346,"maxY":38.736991,"minX":-121.839944,"minY":38.019909},"result":"Sacramento, California, United States"}