{"bounds":{"maxX":-103.572906,"maxY":41.005611,"minX":-105.056473,"minY":40.00074},"result":"Weld, Colorado, United States"}