{"bounds":{"maxX":-102.049445,"maxY":40.74924,"minX":-102.664269,"minY":40.437789},"result":"Phillips, Colorado, United States"}