{"bounds":{"maxX":-71.7882759999999,"maxY":42.02951,"minX":-72.252869,"minY":41.634579},"result":"Windham, Connecticut, United States"}