{"bounds":{"maxX":-117.983628,"maxY":36.74741,"minX":-119.577637,"minY":35.78593},"result":"Tulare, California, United States"}