{"bounds":{"maxX":-102.043039,"maxY":38.267621,"minX":-102.747109,"minY":37.642798},"result":"Prowers, Colorado, United States"}