{"bounds":{"maxX":-102.041976,"maxY":37.643489,"minX":-103.086167,"minY":36.992231},"result":"Baca, Colorado, United States"}