{"bounds":{"maxX":-107.31186,"maxY":41.003459,"minX":-109.051422,"minY":40.219001},"result":"Moffat, Colorado, United States"}