{"bounds":{"maxX":-121.009269,"maxY":39.63758,"minX":-121.634461,"minY":38.920799},"result":"Yuba, California, United States"}