{"bounds":{"maxX":-116.07959,"maxY":33.505299,"minX":-117.595398,"minY":32.530884},"result":"San Diego, California, United States"}