{"bounds":{"maxX":-106.175567,"maxY":39.924961,"minX":-107.113739,"minY":39.352531},"result":"Eagle, Colorado, United States"}