{"bounds":{"maxX":-119.995482,"maxY":41.18649,"minX":-121.333572,"minY":39.708919},"result":"Lassen, California, United States"}