{"bounds":{"maxX":-119.307671,"maxY":37.902112,"minX":-120.395318,"minY":37.182399},"result":"Mariposa, California, United States"}