{"bounds":{"maxX":-105.394546,"maxY":39.85067,"minX":-105.923477,"minY":39.564449},"result":"Clear Creek, Colorado, United States"}