{"bounds":{"maxX":-102.047563,"maxY":40.44049,"minX":-102.803162,"minY":39.566533},"result":"Yuma, Colorado, United States"}