{"bounds":{"maxX":-117.835662,"maxY":38.70839,"minX":-119.649352,"minY":37.462211},"result":"Mono, California, United States"}