{"bounds":{"maxX":-106.691826,"maxY":37.969829,"minX":-107.144966,"minY":37.3919},"result":"Mineral, Colorado, United States"}