{"bounds":{"maxX":-118.63353,"maxY":34.899922,"minX":-119.579064,"minY":33.21442},"result":"Ventura, California, United States"}