{"bounds":{"maxX":-119.026428,"maxY":35.115071,"minX":-120.672347,"minY":33.462223},"result":"Santa Barbara, California, United States"}