{"bounds":{"maxX":-104.051032,"maxY":39.131199,"minX":-105.06739,"minY":38.517528},"result":"El Paso, Colorado, United States"}