{"bounds":{"maxX":-104.351808,"maxY":38.020191,"minX":-105.499177,"minY":37.28677},"result":"Huerfano, Colorado, United States"}