{"bounds":{"maxX":-107.498916,"maxY":38.667801,"minX":-109.060807,"minY":38.151748},"result":"Montrose, Colorado, United States"}