{"bounds":{"maxX":-106.037659,"maxY":37.834449,"minX":-106.712762,"minY":37.394569},"result":"Rio Grande, Colorado, United States"}