{"bounds":{"maxX":-103.396553,"maxY":38.264759,"minX":-104.059937,"minY":37.642311},"result":"Otero, Colorado, United States"}