{"bounds":{"maxX":-102.044313,"maxY":38.614002,"minX":-103.508874,"minY":38.264592},"result":"Kiowa, Colorado, United States"}