{"bounds":{"maxX":-120.100961,"maxY":40.445572,"minX":-121.499391,"minY":39.597759},"result":"Plumas, California, United States"}