{"bounds":{"maxX":-107.731109,"maxY":38.153111,"minX":-109.043053,"minY":37.772071},"result":"San Miguel, Colorado, United States"}