{"bounds":{"maxX":-122.818124,"maxY":40.003792,"minX":-124.023659,"minY":38.75906},"result":"Mendocino, California, United States"}