{"bounds":{"maxX":-121.445747,"maxY":42.00983,"minX":-123.717858,"minY":40.992909},"result":"Siskiyou, California, United States"}