{"bounds":{"maxX":-105.87809,"maxY":39.05785,"minX":-106.598924,"minY":38.420959},"result":"Chaffee, Colorado, United States"}