{"bounds":{"maxX":-121.075898,"maxY":40.150791,"minX":-122.070419,"minY":39.29493},"result":"Butte, California, United States"}