{"bounds":{"maxX":-106.416451,"maxY":39.366181,"minX":-107.466087,"minY":38.977378},"result":"Pitkin, Colorado, United States"}