{"bounds":{"maxX":-103.072959,"maxY":37.814771,"minX":-105.156609,"minY":36.992969},"result":"Las Animas, Colorado, United States"}