{"bounds":{"maxX":-114.460319,"maxY":33.437289,"minX":-116.106324,"minY":32.616169},"result":"Imperial, California, United States"}