{"bounds":{"maxX":-107.035446,"maxY":40.223491,"minX":-109.052452,"minY":39.65216},"result":"Rio Blanco, Colorado, United States"}