{"bounds":{"maxX":-107.031273,"maxY":40.09147,"minX":-109.052978,"minY":39.365982},"result":"Garfield, Colorado, United States"}