{"bounds":{"maxX":-122.100556,"maxY":37.707881,"minX":-122.520927,"minY":37.107202},"result":"San Mateo, California, United States"}