{"bounds":{"maxX":-119.201019,"maxY":38.436302,"minX":-120.654221,"minY":37.634651},"result":"Tuolumne, California, United States"}