{"bounds":{"maxX":-105.625343,"maxY":40.48486,"minX":-106.652046,"minY":39.683769},"result":"Grand, Colorado, United States"}