{"bounds":{"maxX":-102.738809,"maxY":38.265381,"minX":-103.405251,"minY":37.6417},"result":"Bent, Colorado, United States"}