{"bounds":{"maxX":-73.065032,"maxY":41.667561,"minX":-73.729721,"minY":40.980011},"result":"Fairfield, Connecticut, United States"}