{"bounds":{"maxX":-105.393922,"maxY":39.936402,"minX":-105.696122,"minY":39.74498},"result":"Gilpin, Colorado, United States"}