{"bounds":{"maxX":-105.045228,"maxY":39.913731,"minX":-105.397605,"minY":39.130513},"result":"Jefferson, Colorado, United States"}