{"bounds":{"maxX":-121.580147,"maxY":37.286159,"minX":-122.320458,"minY":36.852223},"result":"Santa Cruz, California, United States"}