{"bounds":{"maxX":-102.779427,"maxY":40.43814,"minX":-103.70665,"minY":39.564541},"result":"Washington, Colorado, United States"}