{"bounds":{"maxX":-122.060044,"maxY":38.86359,"minX":-122.646507,"minY":38.156039},"result":"Napa, California, United States"}