{"bounds":{"maxX":-119.47403,"maxY":35.799623,"minX":-121.353615,"minY":34.898122},"result":"San Luis Obispo, California, United States"}