{"bounds":{"maxX":-102.650207,"maxY":41.003202,"minX":-103.580842,"minY":40.433368},"result":"Logan, Colorado, United States"}