{"bounds":{"maxX":-104.938605,"maxY":39.131211,"minX":-105.331941,"minY":38.645821},"result":"Teller, Colorado, United States"}