{"bounds":{"maxX":-118.361748,"maxY":37.58572,"minX":-120.918259,"minY":35.905181},"result":"Fresno, California, United States"}