{"bounds":{"maxX":-121.501968,"maxY":38.925362,"minX":-122.422997,"minY":38.313981},"result":"Yolo, California, United States"}