{"bounds":{"maxX":-75.4053259999999,"maxY":39.84058,"minX":-75.788064,"minY":39.290561},"result":"New Castle, Delaware, United States"}