{"bounds":{"maxX":-75.049722,"maxY":38.960189,"minX":-75.722367,"minY":38.427238},"result":"Sussex, Delaware, United States"}