{"bounds":{"maxX":-75.311387,"maxY":39.36546,"minX":-75.759438,"minY":38.82951},"result":"Kent, Delaware, United States"}