{"bounds":{"maxX":-84.2810509999999,"maxY":30.71163,"minX":-84.932824,"minY":30.387462},"result":"Gadsden, Florida, United States"}