{"bounds":{"maxX":-82.049369,"maxY":30.583682,"minX":-82.4598999999999,"minY":30.13665},"result":"Baker, Florida, United States"}