{"bounds":{"maxX":-82.0552969999999,"maxY":28.47872,"minX":-82.852165,"minY":28.166665},"result":"Pasco, Florida, United States"}