{"bounds":{"maxX":-80.8631809999999,"maxY":28.786132,"minX":-81.658577,"minY":28.347111},"result":"Orange, Florida, United States"}