{"bounds":{"maxX":-82.645996,"maxY":30.631881,"minX":-83.2945339999999,"minY":30.31695},"result":"Hamilton, Florida, United States"}