{"bounds":{"maxX":-80.943528,"maxY":27.646701,"minX":-81.564041,"minY":27.03225},"result":"Highlands, Florida, United States"}