{"bounds":{"maxX":-81.5626589999999,"maxY":27.04773,"minX":-82.3743049999999,"minY":26.765138},"result":"Charlotte, Florida, United States"}