{"bounds":{"maxX":-83.171143,"maxY":30.65036,"minX":-83.820549,"minY":30.26012},"result":"Madison, Florida, United States"}