{"bounds":{"maxX":-80.3208999999999,"maxY":27.862597,"minX":-80.8820269999999,"minY":27.555556},"result":"Indian River, Florida, United States"}