{"bounds":{"maxX":-80.677468,"maxY":27.64338,"minX":-81.2096329999999,"minY":26.958621},"result":"Okeechobee, Florida, United States"}