{"bounds":{"maxX":-84.932824,"maxY":30.608301,"minX":-85.390053,"minY":30.199891},"result":"Calhoun, Florida, United States"}