{"bounds":{"maxX":-83.319312,"maxY":30.304171,"minX":-83.99163,"minY":29.665557},"result":"Taylor, Florida, United States"}