{"bounds":{"maxX":-81.562194,"maxY":26.789028,"minX":-82.2720859999999,"minY":26.316529},"result":"Lee, Florida, United States"}