{"bounds":{"maxX":-82.054292,"maxY":28.173589,"minX":-82.764717,"minY":27.578612},"result":"Hillsborough, Florida, United States"}