{"bounds":{"maxX":-79.72264,"maxY":26.335161,"minX":-80.881446,"minY":25.956332},"result":"Broward, Florida, United States"}