{"bounds":{"maxX":-84.5449379999999,"maxY":30.606412,"minX":-85.154411,"minY":29.97376},"result":"Liberty, Florida, United States"}