{"bounds":{"maxX":-85.498597,"maxY":30.996611,"minX":-86.037697,"minY":30.70283},"result":"Holmes, Florida, United States"}