{"bounds":{"maxX":-85.012077,"maxY":30.201341,"minX":-85.417503,"minY":29.663611},"result":"Gulf, Florida, United States"}