{"bounds":{"maxX":-81.102538,"maxY":29.670562,"minX":-81.523682,"minY":29.260798},"result":"Flagler, Florida, United States"}