{"bounds":{"maxX":-80.8800879999999,"maxY":26.958621,"minX":-81.5668029999999,"minY":26.253112},"result":"Hendry, Florida, United States"}