{"bounds":{"maxX":-81.1310119999999,"maxY":28.361891,"minX":-82.1062929999999,"minY":27.64307},"result":"Polk, Florida, United States"}