{"bounds":{"maxX":-84.8583829999999,"maxY":31.00211,"minX":-85.599907,"minY":30.56435},"result":"Jackson, Florida, United States"}