{"bounds":{"maxX":-80.199417,"maxY":27.558441,"minX":-80.680123,"minY":27.205962},"result":"St. Lucie, Florida, United States"}