{"bounds":{"maxX":-81.376388,"maxY":30.586702,"minX":-82.0494619999999,"minY":30.103839},"result":"Duval, Florida, United States"}