{"bounds":{"maxX":-80.080414,"maxY":27.263831,"minX":-80.8855369999999,"minY":26.955197},"result":"Martin, Florida, United States"}