{"bounds":{"maxX":-81.56263,"maxY":27.340891,"minX":-82.057487,"minY":27.03135},"result":"DeSoto, Florida, United States"}