{"bounds":{"maxX":-85.3845669999999,"maxY":30.567461,"minX":-85.995742,"minY":29.924699},"result":"Bay, Florida, United States"}