{"bounds":{"maxX":-82.14071,"maxY":30.143209,"minX":-82.571084,"minY":29.921461},"result":"Union, Florida, United States"}