{"bounds":{"maxX":-85.052262,"maxY":34.985019,"minX":-85.534568,"minY":34.5864},"result":"Walker, Georgia, United States"}