{"bounds":{"maxX":-81.7615279999999,"maxY":32.318772,"minX":-82.2352069999999,"minY":31.7833},"result":"Tattnall, Georgia, United States"}