{"bounds":{"maxX":-82.232354,"maxY":33.313491,"minX":-82.661827,"minY":32.76133},"result":"Jefferson, Georgia, United States"}