{"bounds":{"maxX":-84.12217,"maxY":32.999839,"minX":-84.534171,"minY":32.68448},"result":"Upson, Georgia, United States"}