{"bounds":{"maxX":-83.2411269999999,"maxY":34.040082,"minX":-83.5370399999999,"minY":33.848031},"result":"Clarke, Georgia, United States"}