{"bounds":{"maxX":-82.029602,"maxY":33.700789,"minX":-82.4423829999999,"minY":33.355019},"result":"Columbia, Georgia, United States"}