{"bounds":{"maxX":-82.7728959999999,"maxY":34.496411,"minX":-83.115487,"minY":34.21016},"result":"Hart, Georgia, United States"}