{"bounds":{"maxX":-82.3842309999999,"maxY":33.611388,"minX":-82.8656,"minY":33.253639},"result":"Warren, Georgia, United States"}