{"bounds":{"maxX":-82.976578,"maxY":34.273732,"minX":-83.402366,"minY":33.998989},"result":"Madison, Georgia, United States"}