{"bounds":{"maxX":-82.131684,"maxY":31.469048,"minX":-82.701332,"minY":30.568202},"result":"Ware, Georgia, United States"}