{"bounds":{"maxX":-84.7987679999999,"maxY":31.780741,"minX":-85.143997,"minY":31.485691},"result":"Clay, Georgia, United States"}