{"bounds":{"maxX":-83.4530569999999,"maxY":31.854231,"minX":-83.80333,"minY":31.56562},"result":"Turner, Georgia, United States"}