{"bounds":{"maxX":-83.957466,"maxY":34.617631,"minX":-84.346489,"minY":34.333913},"result":"Dawson, Georgia, United States"}