{"bounds":{"maxX":-81.767731,"maxY":32.953739,"minX":-82.147912,"minY":32.607183},"result":"Jenkins, Georgia, United States"}