{"bounds":{"maxX":-84.140822,"maxY":31.449149,"minX":-84.641542,"minY":31.078462},"result":"Baker, Georgia, United States"}