{"bounds":{"maxX":-83.279662,"maxY":31.350419,"minX":-83.575608,"minY":31.027541},"result":"Cook, Georgia, United States"}