{"bounds":{"maxX":-83.7006069999999,"maxY":32.69276,"minX":-84.018098,"minY":32.438611},"result":"Peach, Georgia, United States"}