{"bounds":{"maxX":-83.338523,"maxY":31.597899,"minX":-83.666625,"minY":31.326571},"result":"Tift, Georgia, United States"}