{"bounds":{"maxX":-82.4317169999999,"maxY":33.327221,"minX":-82.755662,"minY":33.118901},"result":"Glascock, Georgia, United States"}