{"bounds":{"maxX":-81.718988,"maxY":32.278889,"minX":-82.02575,"minY":32.04794},"result":"Evans, Georgia, United States"}