{"bounds":{"maxX":-83.143249,"maxY":33.483298,"minX":-83.54589,"minY":33.167412},"result":"Putnam, Georgia, United States"}