{"bounds":{"maxX":-84.496978,"maxY":33.511781,"minX":-85.015121,"minY":33.190949},"result":"Coweta, Georgia, United States"}