{"bounds":{"maxX":-83.705742,"maxY":33.202839,"minX":-84.124207,"minY":32.848363},"result":"Monroe, Georgia, United States"}