{"bounds":{"maxX":-83.6062459999999,"maxY":32.291871,"minX":-84.0330969999999,"minY":32.027988},"result":"Dooly, Georgia, United States"}