{"bounds":{"maxX":-85.3645109999999,"maxY":34.985531,"minX":-85.6055059999999,"minY":34.62474},"result":"Dade, Georgia, United States"}