{"bounds":{"maxX":-82.596412,"maxY":31.810641,"minX":-83.151176,"minY":31.363451},"result":"Coffee, Georgia, United States"}