{"bounds":{"maxX":-82.43431,"maxY":32.822349,"minX":-82.9568179999999,"minY":32.510529},"result":"Johnson, Georgia, United States"}