{"bounds":{"maxX":-84.180878,"maxY":32.428428,"minX":-84.4302059999999,"minY":32.157922},"result":"Schley, Georgia, United States"}