{"bounds":{"maxX":-84.381836,"maxY":32.562099,"minX":-84.659371,"minY":32.134059},"result":"Marion, Georgia, United States"}