{"bounds":{"maxX":-82.294326,"maxY":33.659982,"minX":-82.6492689999999,"minY":33.310879},"result":"McDuffie, Georgia, United States"}