{"bounds":{"maxX":-81.144165,"maxY":32.24176,"minX":-81.7821719999999,"minY":31.726944},"result":"Bryan, Georgia, United States"}