{"bounds":{"maxX":-84.286208,"maxY":32.88358,"minX":-84.703659,"minY":32.518711},"result":"Talbot, Georgia, United States"}