{"bounds":{"maxX":-84.683799,"maxY":32.87252,"minX":-85.187843,"minY":32.58286},"result":"Harris, Georgia, United States"}