{"bounds":{"maxX":-83.9225929999999,"maxY":31.916491,"minX":-84.3380129999999,"minY":31.621659},"result":"Lee, Georgia, United States"}