{"bounds":{"maxX":-83.275788,"maxY":33.96622,"minX":-83.6467509999999,"minY":33.698501},"result":"Oconee, Georgia, United States"}