{"bounds":{"maxX":-84.537109,"maxY":31.259719,"minX":-84.9225999999999,"minY":31.067841},"result":"Miller, Georgia, United States"}