{"bounds":{"maxX":-82.579423,"maxY":30.87264,"minX":-83.137123,"minY":30.591201},"result":"Echols, Georgia, United States"}