{"bounds":{"maxX":-81.829102,"maxY":33.544411,"minX":-82.353661,"minY":33.227531},"result":"Richmond, Georgia, United States"}