{"bounds":{"maxX":-81.992447,"maxY":31.530808,"minX":-82.4209519999999,"minY":31.20272},"result":"Pierce, Georgia, United States"}