{"bounds":{"maxX":-84.0021139999999,"maxY":32.74727,"minX":-84.453141,"minY":32.3718},"result":"Taylor, Georgia, United States"}