{"bounds":{"maxX":-83.505737,"maxY":31.33491,"minX":-84.013831,"minY":31.026021},"result":"Colquitt, Georgia, United States"}