{"bounds":{"maxX":-84.4311069999999,"maxY":32.233151,"minX":-84.6556169999999,"minY":31.91931},"result":"Webster, Georgia, United States"}