{"bounds":{"maxX":-83.609412,"maxY":32.030842,"minX":-83.9607,"minY":31.803769},"result":"Crisp, Georgia, United States"}