{"bounds":{"maxX":-81.61206,"maxY":31.831449,"minX":-82.147818,"minY":31.32712},"result":"Wayne, Georgia, United States"}