{"bounds":{"maxX":-83.674682,"maxY":33.74387,"minX":-84.054336,"minY":33.36802},"result":"Newton, Georgia, United States"}