{"bounds":{"maxX":-82.510803,"maxY":33.238221,"minX":-83.073517,"minY":32.75911},"result":"Washington, Georgia, United States"}