{"bounds":{"maxX":-81.1744449999999,"maxY":31.699291,"minX":-81.667901,"minY":31.2925},"result":"McIntosh, Georgia, United States"}