{"bounds":{"maxX":-82.2173779999999,"maxY":33.984649,"minX":-82.646468,"minY":33.637008},"result":"Lincoln, Georgia, United States"}