{"bounds":{"maxX":-83.5334099999999,"maxY":33.52665,"minX":-83.863533,"minY":33.131753},"result":"Jasper, Georgia, United States"}