{"bounds":{"maxX":-83.912888,"maxY":33.786419,"minX":-84.187333,"minY":33.526169},"result":"Rockdale, Georgia, United States"}