{"bounds":{"maxX":-83.48947,"maxY":32.952991,"minX":-83.892907,"minY":32.661399},"result":"Bibb, Georgia, United States"}