{"bounds":{"maxX":-83.2691799999999,"maxY":33.817901,"minX":-83.6876819999999,"minY":33.43419},"result":"Morgan, Georgia, United States"}