{"bounds":{"maxX":-83.176773,"maxY":32.13374,"minX":-83.6124569999999,"minY":31.845101},"result":"Wilcox, Georgia, United States"}