{"bounds":{"maxX":-82.418616,"maxY":31.184592,"minX":-82.971099,"minY":30.581341},"result":"Clinch, Georgia, United States"}