{"bounds":{"maxX":-84.4126659999999,"maxY":31.643699,"minX":-84.8280339999999,"minY":31.42788},"result":"Calhoun, Georgia, United States"}