{"bounds":{"maxX":-84.8089669999999,"maxY":33.812469,"minX":-85.3384169999999,"minY":33.425468},"result":"Carroll, Georgia, United States"}