{"bounds":{"maxX":-83.357276,"maxY":33.185712,"minX":-83.8168249999999,"minY":32.841672},"result":"Jones, Georgia, United States"}