{"bounds":{"maxX":-84.073182,"maxY":31.079152,"minX":-84.380806,"minY":30.677031},"result":"Grady, Georgia, United States"}