{"bounds":{"maxX":-84.031807,"maxY":33.971081,"minX":-84.350083,"minY":33.61467},"result":"DeKalb, Georgia, United States"}