{"bounds":{"maxX":-83.780388,"maxY":34.988271,"minX":-84.179994,"minY":34.64071},"result":"Union, Georgia, United States"}