{"bounds":{"maxX":-83.5370399999999,"maxY":34.127311,"minX":-83.869202,"minY":33.89494},"result":"Barrow, Georgia, United States"}