{"bounds":{"maxX":-80.840928,"maxY":32.23771,"minX":-81.391877,"minY":31.719999},"result":"Chatham, Georgia, United States"}