{"bounds":{"maxX":-83.614907,"maxY":34.513803,"minX":-84.06314,"minY":34.098289},"result":"Hall, Georgia, United States"}