{"bounds":{"maxX":-81.402703,"maxY":31.169201,"minX":-81.9369119999999,"minY":30.71269},"result":"Camden, Georgia, United States"}