{"bounds":{"maxX":-85.109031,"maxY":34.58913,"minX":-85.526833,"minY":34.285611},"result":"Chattooga, Georgia, United States"}