{"bounds":{"maxX":-84.256766,"maxY":34.563969,"minX":-84.654847,"minY":34.373039},"result":"Pickens, Georgia, United States"}