{"bounds":{"maxX":-85.0366069999999,"maxY":33.907692,"minX":-85.3854509999999,"minY":33.651902},"result":"Haralson, Georgia, United States"}