{"bounds":{"maxX":-81.2702869999999,"maxY":31.45329,"minX":-81.7825,"minY":31.012501},"result":"Glynn, Georgia, United States"}