{"bounds":{"maxX":-83.736458,"maxY":31.07807,"minX":-84.119271,"minY":30.65831},"result":"Thomas, Georgia, United States"}