{"bounds":{"maxX":-81.5417419999999,"maxY":33.296879,"minX":-82.316422,"minY":32.8042},"result":"Burke, Georgia, United States"}