{"bounds":{"maxX":-83.710426,"maxY":32.85735,"minX":-84.198724,"minY":32.533298},"result":"Crawford, Georgia, United States"}