{"bounds":{"maxX":-82.53926,"maxY":32.30917,"minX":-82.9376369999999,"minY":31.919189},"result":"Wheeler, Georgia, United States"}