{"bounds":{"maxX":-154.805831909,"maxY":20.267999649,"minX":-156.061950683,"minY":18.909858705},"result":"Hawaii, Hawaii, United States"}