{"bounds":{"maxX":-155.97583,"maxY":21.2244850000002,"minX":-157.311386,"minY":20.5008340000002},"result":"Maui, Hawaii, United States"}