{"bounds":{"maxX":-84.8154299999999,"maxY":39.52755,"minX":-85.298867,"minY":39.268009},"result":"Franklin, Indiana, United States"}