{"bounds":{"maxX":-90.4472949999999,"maxY":40.637471,"minX":-90.909837,"minY":40.277039},"result":"McDonough, Illinois, United States"}