{"bounds":{"maxX":-93.497688,"maxY":43.257308,"minX":-93.971306,"minY":42.90664},"result":"Hancock, Iowa, United States"}