{"bounds":{"maxX":-94.916352,"maxY":40.902329,"minX":-95.385239,"minY":40.57484},"result":"Page, Iowa, United States"}