{"bounds":{"maxX":-87.7572479999999,"maxY":42.498112,"minX":-88.199402,"minY":42.154837},"result":"Lake, Illinois, United States"}