{"bounds":{"maxX":-93.097427,"maxY":40.898571,"minX":-93.557969,"minY":40.578911},"result":"Wayne, Iowa, United States"}