{"bounds":{"maxX":-93.32937,"maxY":41.510979,"minX":-93.792718,"minY":41.159279},"result":"Warren, Iowa, United States"}