{"bounds":{"maxX":-89.164947,"maxY":41.58672,"minX":-89.8610449999999,"minY":41.148702},"result":"Bureau, Illinois, United States"}