{"bounds":{"maxX":-88.9298009999999,"maxY":40.92791,"minX":-89.559563,"minY":40.594669},"result":"Woodford, Illinois, United States"}