{"bounds":{"maxX":-89.0411989999999,"maxY":37.600769,"minX":-89.52201,"minY":37.33112},"result":"Union, Illinois, United States"}