{"bounds":{"maxX":-87.525368,"maxY":41.01418,"minX":-88.131545,"minY":40.487048},"result":"Iroquois, Illinois, United States"}