{"bounds":{"maxX":-90.474572,"maxY":42.675251,"minX":-91.133438,"minY":42.293338},"result":"Dubuque, Iowa, United States"}