{"bounds":{"maxX":-89.596733,"maxY":38.99942,"minX":-90.276688,"minY":38.655899},"result":"Madison, Illinois, United States"}