{"bounds":{"maxX":-91.6040179999999,"maxY":43.082619,"minX":-92.0830079999999,"minY":42.640683},"result":"Fayette, Iowa, United States"}