{"bounds":{"maxX":-114.009941,"maxY":42.91954,"minX":-115.039589,"minY":41.994361},"result":"Twin Falls, Idaho, United States"}