{"bounds":{"maxX":-93.025994,"maxY":42.90749,"minX":-93.5002069999999,"minY":42.556091},"result":"Franklin, Iowa, United States"}