{"bounds":{"maxX":-88.371773,"maxY":37.90976,"minX":-88.7071529999999,"minY":37.601453},"result":"Saline, Illinois, United States"}