{"bounds":{"maxX":-88.235688,"maxY":41.115002,"minX":-88.9314419999999,"minY":40.615951},"result":"Livingston, Illinois, United States"}