{"bounds":{"maxX":-94.4445259999999,"maxY":42.90847,"minX":-94.916892,"minY":42.557233},"result":"Pocahontas, Iowa, United States"}