{"bounds":{"maxX":-85.651787,"maxY":41.438371,"minX":-86.077691,"minY":41.041352},"result":"Kosciusko, Indiana, United States"}