{"bounds":{"maxX":-89.985153,"maxY":41.152129,"minX":-90.446632,"minY":40.711422},"result":"Knox, Illinois, United States"}