{"bounds":{"maxX":-87.4970769999999,"maxY":38.852402,"minX":-87.911987,"minY":38.568661},"result":"Lawrence, Illinois, United States"}