{"bounds":{"maxX":-87.9149409999999,"maxY":38.26144,"minX":-88.3747569999999,"minY":37.891892},"result":"White, Illinois, United States"}