{"bounds":{"maxX":-111.043616,"maxY":43.6288,"minX":-112.519965,"minY":43.019601},"result":"Bonneville, Idaho, United States"}