{"bounds":{"maxX":-86.694352,"maxY":40.563659,"minX":-87.095382,"minY":40.214359},"result":"Tippecanoe, Indiana, United States"}