{"bounds":{"maxX":-114.377716,"maxY":43.86018,"minX":-115.086678,"minY":43.198422},"result":"Camas, Idaho, United States"}