{"bounds":{"maxX":-90.5124509999999,"maxY":40.106182,"minX":-90.916107,"minY":39.838951},"result":"Brown, Illinois, United States"}