{"bounds":{"maxX":-86.640328,"maxY":39.86845,"minX":-87.012513,"minY":39.469959},"result":"Putnam, Indiana, United States"}