{"bounds":{"maxX":-86.3739169999999,"maxY":40.737609,"minX":-86.772057,"minY":40.431661},"result":"Carroll, Indiana, United States"}