{"bounds":{"maxX":-85.7949209999999,"maxY":39.07064,"minX":-86.3181529999999,"minY":38.728351},"result":"Jackson, Indiana, United States"}