{"bounds":{"maxX":-94.0151069999999,"maxY":41.156601,"minX":-94.4728009999999,"minY":40.896121},"result":"Union, Iowa, United States"}