{"bounds":{"maxX":-88.938056,"maxY":41.912239,"minX":-89.63237,"minY":41.584479},"result":"Lee, Illinois, United States"}