{"bounds":{"maxX":-91.945328,"maxY":41.510799,"minX":-92.413597,"minY":41.16113},"result":"Keokuk, Iowa, United States"}