{"bounds":{"maxX":-94.915206,"maxY":42.90961,"minX":-95.3888699999999,"minY":42.56015},"result":"Buena Vista, Iowa, United States"}