{"bounds":{"maxX":-85.654214,"maxY":41.762322,"minX":-86.062446,"minY":41.436748},"result":"Elkhart, Indiana, United States"}