{"bounds":{"maxX":-86.059219,"maxY":41.76194,"minX":-86.526437,"minY":41.433881},"result":"St. Joseph, Indiana, United States"}