{"bounds":{"maxX":-87.094231,"maxY":38.910351,"minX":-87.75389,"minY":38.41409},"result":"Knox, Indiana, United States"}