{"bounds":{"maxX":-88.694626,"maxY":39.21653,"minX":-89.256837,"minY":38.736091},"result":"Fayette, Illinois, United States"}