{"bounds":{"maxX":-86.2751529999999,"maxY":38.994159,"minX":-86.685302,"minY":38.686741},"result":"Lawrence, Indiana, United States"}