{"bounds":{"maxX":-112.809997,"maxY":45.704719,"minX":-114.817788,"minY":44.22987},"result":"Lemhi, Idaho, United States"}