{"bounds":{"maxX":-88.7045679999999,"maxY":38.127381,"minX":-89.1802509999999,"minY":37.862361},"result":"Franklin, Illinois, United States"}