{"bounds":{"maxX":-88.939499,"maxY":42.207039,"minX":-89.689002,"minY":41.885879},"result":"Ogle, Illinois, United States"}