{"bounds":{"maxX":-112.378602,"maxY":43.113442,"minX":-113.243539,"minY":42.328091},"result":"Power, Idaho, United States"}