{"bounds":{"maxX":-87.935914,"maxY":39.88086,"minX":-88.4737009999999,"minY":39.65208},"result":"Douglas, Illinois, United States"}