{"bounds":{"maxX":-85.952104,"maxY":39.637981,"minX":-86.249848,"minY":39.342022},"result":"Johnson, Indiana, United States"}