{"bounds":{"maxX":-89.046753,"maxY":41.14877,"minX":-89.6396339999999,"minY":40.921429},"result":"Marshall, Illinois, United States"}