{"bounds":{"maxX":-91.129227,"maxY":42.64508,"minX":-91.608467,"minY":42.294879},"result":"Delaware, Iowa, United States"}