{"bounds":{"maxX":-89.264312,"maxY":40.748989,"minX":-89.9234999999999,"minY":40.318969},"result":"Tazewell, Illinois, United States"}