{"bounds":{"maxX":-88.7070449999999,"maxY":37.601829,"minX":-89.0442209999999,"minY":37.29575},"result":"Johnson, Illinois, United States"}