{"bounds":{"maxX":-116.324119,"maxY":47.414939,"minX":-117.042235,"minY":47.022178},"result":"Benewah, Idaho, United States"}