{"bounds":{"maxX":-87.523926,"maxY":42.157021,"minX":-88.263428,"minY":41.47124},"result":"Cook, Illinois, United States"}