{"bounds":{"maxX":-89.161713,"maxY":41.321911,"minX":-89.4664989999999,"minY":41.104211},"result":"Putnam, Illinois, United States"}