{"bounds":{"maxX":-85.8474439999999,"maxY":38.783649,"minX":-86.3106299999999,"minY":38.417679},"result":"Washington, Indiana, United States"}