{"bounds":{"maxX":-114.964828,"maxY":44.351521,"minX":-116.286041,"minY":43.58414},"result":"Boise, Idaho, United States"}