{"bounds":{"maxX":-86.9404079999999,"maxY":39.608211,"minX":-87.238282,"minY":39.170138},"result":"Clay, Indiana, United States"}