{"bounds":{"maxX":-87.199151,"maxY":39.609642,"minX":-87.618218,"minY":39.260502},"result":"Vigo, Indiana, United States"}