{"bounds":{"maxX":-87.090919,"maxY":40.366391,"minX":-87.440192,"minY":39.953769},"result":"Fountain, Indiana, United States"}