{"bounds":{"maxX":-89.601128,"maxY":40.436351,"minX":-90.354637,"minY":40.050899},"result":"Mason, Illinois, United States"}