{"bounds":{"maxX":-88.696197,"maxY":38.82556,"minX":-89.144448,"minY":38.474141},"result":"Marion, Illinois, United States"}