{"bounds":{"maxX":-91.3670729999999,"maxY":41.861969,"minX":-91.833739,"minY":41.422212},"result":"Johnson, Iowa, United States"}