{"bounds":{"maxX":-87.530861,"maxY":39.882179,"minX":-87.9682319999999,"minY":39.476668},"result":"Edgar, Illinois, United States"}