{"bounds":{"maxX":-89.119378,"maxY":38.220352,"minX":-89.595817,"minY":37.951389},"result":"Perry, Illinois, United States"}