{"bounds":{"maxX":-87.3538129999999,"maxY":40.150773,"minX":-87.532707,"minY":39.609082},"result":"Vermillion, Indiana, United States"}