{"bounds":{"maxX":-92.0802689999999,"maxY":43.502739,"minX":-92.554543,"minY":43.21289},"result":"Howard, Iowa, United States"}