{"bounds":{"maxX":-86.929322,"maxY":41.71186,"minX":-87.222337,"minY":41.220162},"result":"Porter, Indiana, United States"}