{"bounds":{"maxX":-88.4890369999999,"maxY":37.338459,"minX":-88.9272989999999,"minY":37.062679},"result":"Massac, Illinois, United States"}