{"bounds":{"maxX":-86.92929,"maxY":41.286191,"minX":-87.276788,"minY":40.737999},"result":"Jasper, Indiana, United States"}