{"bounds":{"maxX":-88.252403,"maxY":41.725141,"minX":-88.604728,"minY":41.45646},"result":"Kendall, Illinois, United States"}