{"bounds":{"maxX":-92.082459,"maxY":42.906262,"minX":-92.555398,"minY":42.640683},"result":"Bremer, Iowa, United States"}