{"bounds":{"maxX":-116.326081,"maxY":47.13118,"minX":-117.041381,"minY":46.543682},"result":"Latah, Idaho, United States"}