{"bounds":{"maxX":-89.2526089999999,"maxY":39.027111,"minX":-89.6398159999999,"minY":38.740631},"result":"Bond, Illinois, United States"}