{"bounds":{"maxX":-111.623223,"maxY":44.059372,"minX":-112.695716,"minY":43.623342},"result":"Jefferson, Idaho, United States"}