{"bounds":{"maxX":-95.859413,"maxY":43.503361,"minX":-96.597381,"minY":43.258258},"result":"Lyon, Iowa, United States"}