{"bounds":{"maxX":-94.701409,"maxY":41.862609,"minX":-95.094658,"minY":41.503212},"result":"Audubon, Iowa, United States"}