{"bounds":{"maxX":-87.530449,"maxY":39.488529,"minX":-88.0159389999999,"minY":39.157138},"result":"Clark, Illinois, United States"}