{"bounds":{"maxX":-89.639191,"maxY":41.234502,"minX":-89.986947,"minY":40.9734},"result":"Stark, Illinois, United States"}