{"bounds":{"maxX":-89.0236199999999,"maxY":39.82423,"minX":-89.535331,"minY":39.345329},"result":"Christian, Illinois, United States"}