{"bounds":{"maxX":-91.717141,"maxY":41.163589,"minX":-92.1815559999999,"minY":40.899239},"result":"Jefferson, Iowa, United States"}