{"bounds":{"maxX":-88.008568,"maxY":39.379539,"minX":-88.4722829999999,"minY":39.170102},"result":"Cumberland, Illinois, United States"}