{"bounds":{"maxX":-91.364898,"maxY":42.298678,"minX":-91.8342289999999,"minY":41.860309},"result":"Linn, Iowa, United States"}