{"bounds":{"maxX":-95.857246,"maxY":42.910701,"minX":-96.635666,"minY":42.56113},"result":"Plymouth, Iowa, United States"}