{"bounds":{"maxX":-85.629602,"maxY":39.699329,"minX":-85.9522699999999,"minY":39.346963},"result":"Shelby, Indiana, United States"}