{"bounds":{"maxX":-87.526061,"maxY":40.491062,"minX":-87.942719,"minY":39.868352},"result":"Vermilion, Illinois, United States"}