{"bounds":{"maxX":-91.8318409999999,"maxY":42.298678,"minX":-92.2995759999999,"minY":41.86169},"result":"Benton, Iowa, United States"}