{"bounds":{"maxX":-87.218407,"maxY":41.713501,"minX":-87.5270389999999,"minY":41.16195},"result":"Lake, Indiana, United States"}