{"bounds":{"maxX":-116.047096,"maxY":48.847289,"minX":-117.042655,"minY":47.889043},"result":"Bonner, Idaho, United States"}