{"bounds":{"maxX":-84.8037409999999,"maxY":40.572311,"minX":-85.220542,"minY":40.30732},"result":"Jay, Indiana, United States"}