{"bounds":{"maxX":-87.072258,"maxY":38.55252,"minX":-87.4642029999999,"minY":38.231948},"result":"Pike, Indiana, United States"}