{"bounds":{"maxX":-87.315986,"maxY":38.53217,"minX":-87.9868999999999,"minY":38.165459},"result":"Gibson, Indiana, United States"}