{"bounds":{"maxX":-86.6823429999999,"maxY":38.90791,"minX":-86.92398,"minY":38.494571},"result":"Martin, Indiana, United States"}