{"bounds":{"maxX":-95.3875199999999,"maxY":42.909389,"minX":-95.8600309999999,"minY":42.56015},"result":"Cherokee, Iowa, United States"}