{"bounds":{"maxX":-90.9041369999999,"maxY":40.63921,"minX":-91.50679,"minY":40.19247},"result":"Hancock, Illinois, United States"}