{"bounds":{"maxX":-88.023925,"maxY":37.917252,"minX":-88.3742369999999,"minY":37.571689},"result":"Gallatin, Illinois, United States"}