{"bounds":{"maxX":-94.913193,"maxY":43.25602,"minX":-95.388161,"minY":42.90847},"result":"Clay, Iowa, United States"}