{"bounds":{"maxX":-85.334107,"maxY":41.006101,"minX":-85.644019,"minY":40.654129},"result":"Huntington, Indiana, United States"}