{"bounds":{"maxX":-93.791847,"maxY":41.862659,"minX":-94.2813419999999,"minY":41.5014},"result":"Dallas, Iowa, United States"}