{"bounds":{"maxX":-95.155837,"maxY":41.50576,"minX":-96.0171129999999,"minY":41.15873},"result":"Pottawattamie, Iowa, United States"}