{"bounds":{"maxX":-95.496841,"maxY":41.865649,"minX":-96.1364599999999,"minY":41.505051},"result":"Harrison, Iowa, United States"}