{"bounds":{"maxX":-87.646217,"maxY":38.570129,"minX":-87.99247,"minY":38.241568},"result":"Wabash, Illinois, United States"}