{"bounds":{"maxX":-85.576318,"maxY":40.379391,"minX":-85.8630209999999,"minY":39.94357},"result":"Madison, Indiana, United States"}