{"bounds":{"maxX":-94.1648709999999,"maxY":42.209092,"minX":-94.6302249999999,"minY":41.861611},"result":"Greene, Iowa, United States"}