{"bounds":{"maxX":-111.39859,"maxY":43.931709,"minX":-111.977258,"minY":43.62246},"result":"Madison, Idaho, United States"}