{"bounds":{"maxX":-93.557969,"maxY":41.161339,"minX":-94.015168,"minY":40.896121},"result":"Clarke, Iowa, United States"}