{"bounds":{"maxX":-116.469131,"maxY":43.882573,"minX":-117.032303,"minY":43.286681},"result":"Canyon, Idaho, United States"}