{"bounds":{"maxX":-94.2419199999999,"maxY":41.862381,"minX":-94.7476189999999,"minY":41.503053},"result":"Guthrie, Iowa, United States"}