{"bounds":{"maxX":-92.6395479999999,"maxY":41.159721,"minX":-93.099938,"minY":40.897869},"result":"Monroe, Iowa, United States"}