{"bounds":{"maxX":-89.151466,"maxY":37.9552,"minX":-89.6795499999999,"minY":37.56361},"result":"Jackson, Illinois, United States"}