{"bounds":{"maxX":-95.669281,"maxY":42.562222,"minX":-96.498161,"minY":42.20992},"result":"Woodbury, Iowa, United States"}