{"bounds":{"maxX":-116.011031,"maxY":46.470889,"minX":-116.718856,"minY":45.991311},"result":"Lewis, Idaho, United States"}