{"bounds":{"maxX":-88.360619,"maxY":39.215851,"minX":-88.807724,"minY":38.910882},"result":"Effingham, Illinois, United States"}