{"bounds":{"maxX":-85.201341,"maxY":40.076913,"minX":-85.59691,"minY":39.78584},"result":"Henry, Indiana, United States"}