{"bounds":{"maxX":-88.588387,"maxY":42.15641,"minX":-88.943818,"minY":41.629071},"result":"DeKalb, Illinois, United States"}