{"bounds":{"maxX":-92.0647269999999,"maxY":42.641319,"minX":-92.555398,"minY":42.297181},"result":"Black Hawk, Iowa, United States"}