{"bounds":{"maxX":-89.139473,"maxY":38.742012,"minX":-89.7072669999999,"minY":38.417381},"result":"Clinton, Illinois, United States"}