{"bounds":{"maxX":-93.2317429999999,"maxY":42.20845,"minX":-93.700882,"minY":41.86221},"result":"Story, Iowa, United States"}