{"bounds":{"maxX":-87.940506,"maxY":38.570129,"minX":-88.150298,"minY":38.255439},"result":"Edwards, Illinois, United States"}