{"bounds":{"maxX":-91.826995,"maxY":41.862691,"minX":-92.3016499999999,"minY":41.509589},"result":"Iowa, Iowa, United States"}