{"bounds":{"maxX":-89.140824,"maxY":39.52484,"minX":-89.7047279999999,"minY":38.99934},"result":"Montgomery, Illinois, United States"}