{"bounds":{"maxX":-86.080529,"maxY":39.34526,"minX":-86.3816229999999,"minY":39.04694},"result":"Brown, Indiana, United States"}