{"bounds":{"maxX":-116.322402,"maxY":47.991711,"minX":-117.042655,"minY":47.365502},"result":"Kootenai, Idaho, United States"}