{"bounds":{"maxX":-86.466347,"maxY":41.433881,"minX":-86.930869,"minY":41.171119},"result":"Starke, Indiana, United States"}