{"bounds":{"maxX":-88.470382,"maxY":39.653591,"minX":-89.141968,"minY":39.21408},"result":"Shelby, Illinois, United States"}