{"bounds":{"maxX":-85.296599,"maxY":39.45343,"minX":-85.688102,"minY":39.130668},"result":"Decatur, Indiana, United States"}