{"bounds":{"maxX":-113.315689,"maxY":44.87149,"minX":-115.301696,"minY":43.569221},"result":"Custer, Idaho, United States"}