{"bounds":{"maxX":-91.1121899999999,"maxY":40.813511,"minX":-91.72058,"minY":40.374543},"result":"Lee, Iowa, United States"}