{"bounds":{"maxX":-90.5673379999999,"maxY":39.84417,"minX":-91.3701629999999,"minY":39.39521},"result":"Pike, Illinois, United States"}