{"bounds":{"maxX":-85.898658,"maxY":38.422402,"minX":-86.331359,"minY":37.958611},"result":"Harrison, Indiana, United States"}