{"bounds":{"maxX":-85.444848,"maxY":40.65456,"minX":-85.8644869999999,"minY":40.378411},"result":"Grant, Indiana, United States"}