{"bounds":{"maxX":-113.411301,"maxY":43.198201,"minX":-113.93209,"minY":42.52042},"result":"Minidoka, Idaho, United States"}