{"bounds":{"maxX":-85.200814,"maxY":40.567932,"minX":-85.4453809999999,"minY":40.37886},"result":"Blackford, Indiana, United States"}