{"bounds":{"maxX":-89.143928,"maxY":40.32664,"minX":-89.603822,"minY":39.915562},"result":"Logan, Illinois, United States"}