{"bounds":{"maxX":-84.806382,"maxY":40.31018,"minX":-85.2182079999999,"minY":40.004231},"result":"Randolph, Indiana, United States"}