{"bounds":{"maxX":-95.67006,"maxY":42.21482,"minX":-96.358512,"minY":41.861882},"result":"Monona, Iowa, United States"}