{"bounds":{"maxX":-86.46653,"maxY":41.172778,"minX":-86.9309469999999,"minY":40.909329},"result":"Pulaski, Indiana, United States"}