{"bounds":{"maxX":-86.486511,"maxY":41.76088,"minX":-86.9323419999999,"minY":41.237098},"result":"LaPorte, Indiana, United States"}