{"bounds":{"maxX":-93.098381,"maxY":41.15984,"minX":-93.560622,"minY":40.897049},"result":"Lucas, Iowa, United States"}