{"bounds":{"maxX":-95.3876729999999,"maxY":43.259491,"minX":-95.862588,"minY":42.909001},"result":"O'Brien, Iowa, United States"}