{"bounds":{"maxX":-111.880599,"maxY":43.025089,"minX":-112.750365,"minY":42.255771},"result":"Bannock, Idaho, United States"}