{"bounds":{"maxX":-85.861702,"maxY":40.406991,"minX":-86.2435,"minY":40.215161},"result":"Tipton, Indiana, United States"}