{"bounds":{"maxX":-92.4114999999999,"maxY":41.50896,"minX":-92.872918,"minY":41.159069},"result":"Mahaska, Iowa, United States"}