{"bounds":{"maxX":-86.904557,"maxY":38.90693,"minX":-87.2794269999999,"minY":38.490261},"result":"Daviess, Indiana, United States"}