{"bounds":{"maxX":-88.575569,"maxY":40.283592,"minX":-89.14933,"minY":40.049308},"result":"De Witt, Illinois, United States"}