{"bounds":{"maxX":-85.193496,"maxY":41.52756,"minX":-85.655426,"minY":41.26429},"result":"Noble, Indiana, United States"}