{"bounds":{"maxX":-87.913888,"maxY":41.993833,"minX":-88.263428,"minY":41.686828},"result":"DuPage, Illinois, United States"}