{"bounds":{"maxX":-116.04956,"maxY":49.001523,"minX":-117.033126,"minY":48.500899},"result":"Boundary, Idaho, United States"}