{"bounds":{"maxX":-85.440301,"maxY":39.19543,"minX":-85.7989279999999,"minY":38.80717},"result":"Jennings, Indiana, United States"}