{"bounds":{"maxX":-87.93283,"maxY":40.996239,"minX":-88.4593649999999,"minY":40.397401},"result":"Ford, Illinois, United States"}