{"bounds":{"maxX":-95.3859859999999,"maxY":43.503899,"minX":-95.862358,"minY":43.255959},"result":"Osceola, Iowa, United States"}