{"bounds":{"maxX":-116.300926,"maxY":44.84951,"minX":-117.240197,"minY":44.152881},"result":"Washington, Idaho, United States"}