{"bounds":{"maxX":-89.2182759999999,"maxY":39.976823,"minX":-89.994087,"minY":39.522641},"result":"Sangamon, Illinois, United States"}