{"bounds":{"maxX":-90.7865679999999,"maxY":41.071781,"minX":-91.1834039999999,"minY":40.63475},"result":"Henderson, Illinois, United States"}