{"bounds":{"maxX":-89.869881,"maxY":40.714729,"minX":-90.451127,"minY":40.18253},"result":"Fulton, Illinois, United States"}