{"bounds":{"maxX":-86.2474589999999,"maxY":39.633491,"minX":-86.686074,"minY":39.339093},"result":"Morgan, Indiana, United States"}