{"bounds":{"maxX":-100.739854,"maxY":40.004509,"minX":-101.412842,"minY":39.56826},"result":"Rawlins, Kansas, United States"}