{"bounds":{"maxX":-101.125397,"maxY":38.70037,"minX":-101.569352,"minY":38.263049},"result":"Wichita, Kansas, United States"}