{"bounds":{"maxX":-100.148781,"maxY":39.13382,"minX":-100.816756,"minY":38.69658},"result":"Gove, Kansas, United States"}