{"bounds":{"maxX":-83.904647,"maxY":38.827081,"minX":-84.235992,"minY":38.549689},"result":"Bracken, Kentucky, United States"}