{"bounds":{"maxX":-84.706201,"maxY":37.550838,"minX":-85.164947,"minY":37.102242},"result":"Casey, Kentucky, United States"}