{"bounds":{"maxX":-100.244714,"maxY":38.703702,"minX":-100.688202,"minY":38.26062},"result":"Lane, Kansas, United States"}