{"bounds":{"maxX":-86.018996,"maxY":37.622441,"minX":-86.668489,"minY":37.320811},"result":"Grayson, Kentucky, United States"}