{"bounds":{"maxX":-95.5191809999999,"maxY":38.040902,"minX":-95.960449,"minY":37.733219},"result":"Woodson, Kansas, United States"}