{"bounds":{"maxX":-87.876998,"maxY":37.179471,"minX":-88.240196,"minY":36.867421},"result":"Lyon, Kentucky, United States"}