{"bounds":{"maxX":-87.801262,"maxY":37.546601,"minX":-88.359612,"minY":37.129268},"result":"Crittenden, Kentucky, United States"}