{"bounds":{"maxX":-94.863846,"maxY":40.00063,"minX":-95.3400569999999,"minY":39.623871},"result":"Doniphan, Kansas, United States"}