{"bounds":{"maxX":-97.6978369999999,"maxY":38.173851,"minX":-98.474006,"minY":37.733472},"result":"Reno, Kansas, United States"}