{"bounds":{"maxX":-86.576241,"maxY":37.737708,"minX":-87.137642,"minY":37.212329},"result":"Ohio, Kentucky, United States"}