{"bounds":{"maxX":-95.086959,"maxY":37.733219,"minX":-95.5262309999999,"minY":37.384262},"result":"Neosho, Kansas, United States"}