{"bounds":{"maxX":-96.500762,"maxY":39.220261,"minX":-96.964912,"minY":38.871688},"result":"Geary, Kansas, United States"}