{"bounds":{"maxX":-86.399193,"maxY":37.395303,"minX":-86.945442,"minY":36.999809},"result":"Butler, Kentucky, United States"}