{"bounds":{"maxX":-97.146783,"maxY":37.476392,"minX":-97.8070069999999,"minY":36.999519},"result":"Sumner, Kansas, United States"}