{"bounds":{"maxX":-87.295745,"maxY":37.56998,"minX":-87.8509359999999,"minY":37.105159},"result":"Hopkins, Kentucky, United States"}