{"bounds":{"maxX":-97.9300239999999,"maxY":40.003792,"minX":-98.506898,"minY":39.567032},"result":"Jewell, Kansas, United States"}