{"bounds":{"maxX":-87.2714379999999,"maxY":37.973542,"minX":-87.927178,"minY":37.638279},"result":"Henderson, Kentucky, United States"}