{"bounds":{"maxX":-83.1648709999999,"maxY":37.320579,"minX":-83.555916,"minY":36.883049},"result":"Leslie, Kentucky, United States"}