{"bounds":{"maxX":-95.5210269999999,"maxY":37.387132,"minX":-95.965211,"minY":37.000271},"result":"Montgomery, Kansas, United States"}