{"bounds":{"maxX":-101.555237,"maxY":37.38872,"minX":-102.042526,"minY":36.992221},"result":"Morton, Kansas, United States"}