{"bounds":{"maxX":-101.39016,"maxY":39.56886,"minX":-102.047547,"minY":39.1329},"result":"Sherman, Kansas, United States"}