{"bounds":{"maxX":-101.410202,"maxY":40.004509,"minX":-102.048545,"minY":39.56775},"result":"Cheyenne, Kansas, United States"}