{"bounds":{"maxX":-97.371957,"maxY":38.610221,"minX":-97.9262469999999,"minY":38.17373},"result":"McPherson, Kansas, United States"}