{"bounds":{"maxX":-95.5640799999999,"maxY":39.653703,"minX":-96.0368569999999,"minY":39.21661},"result":"Jackson, Kansas, United States"}