{"bounds":{"maxX":-99.0136869999999,"maxY":38.087501,"minX":-99.568688,"minY":37.733909},"result":"Edwards, Kansas, United States"}