{"bounds":{"maxX":-85.4418029999999,"maxY":37.182201,"minX":-85.7770619999999,"minY":36.81869},"result":"Metcalfe, Kentucky, United States"}