{"bounds":{"maxX":-97.921256,"maxY":38.522739,"minX":-98.481597,"minY":38.159162},"result":"Rice, Kansas, United States"}