{"bounds":{"maxX":-84.6881339999999,"maxY":37.969971,"minX":-85.031151,"minY":37.678711},"result":"Mercer, Kentucky, United States"}