{"bounds":{"maxX":-86.622498,"maxY":37.998439,"minX":-86.987816,"minY":37.65496},"result":"Hancock, Kentucky, United States"}