{"bounds":{"maxX":-99.539887,"maxY":37.47507,"minX":-100.106797,"minY":36.99832},"result":"Clark, Kansas, United States"}