{"bounds":{"maxX":-85.1685189999999,"maxY":38.7361,"minX":-85.455147,"minY":38.492611},"result":"Trimble, Kentucky, United States"}