{"bounds":{"maxX":-98.471808,"maxY":38.261422,"minX":-99.022507,"minY":37.825642},"result":"Stafford, Kansas, United States"}