{"bounds":{"maxX":-97.806777,"maxY":37.734538,"minX":-98.4667669999999,"minY":37.38504},"result":"Kingman, Kansas, United States"}