{"bounds":{"maxX":-85.975722,"maxY":38.197873,"minX":-86.4893259999999,"minY":37.798919},"result":"Meade, Kentucky, United States"}