{"bounds":{"maxX":-99.0005409999999,"maxY":37.38493,"minX":-99.54351,"minY":36.999752},"result":"Comanche, Kansas, United States"}