{"bounds":{"maxX":-99.5679309999999,"maxY":38.261411,"minX":-100.227219,"minY":37.91381},"result":"Hodgeman, Kansas, United States"}