{"bounds":{"maxX":-88.111548,"maxY":37.065979,"minX":-88.4857029999999,"minY":36.74731},"result":"Marshall, Kentucky, United States"}