{"bounds":{"maxX":-95.9631269999999,"maxY":37.303273,"minX":-96.5283439999999,"minY":37.00018},"result":"Chautauqua, Kansas, United States"}