{"bounds":{"maxX":-96.3897929999999,"maxY":39.566879,"minX":-96.9637519999999,"minY":39.0424},"result":"Riley, Kansas, United States"}