{"bounds":{"maxX":-99.013543,"maxY":37.735391,"minX":-99.558373,"minY":37.382371},"result":"Kiowa, Kansas, United States"}