{"bounds":{"maxX":-84.129447,"maxY":37.54,"minX":-84.5033119999999,"minY":37.151378},"result":"Rockcastle, Kentucky, United States"}