{"bounds":{"maxX":-86.113571,"maxY":37.190479,"minX":-86.6743319999999,"minY":36.77631},"result":"Warren, Kentucky, United States"}