{"bounds":{"maxX":-87.734237,"maxY":37.9021,"minX":-88.1567229999999,"minY":37.470008},"result":"Union, Kentucky, United States"}