{"bounds":{"maxX":-85.680932,"maxY":38.006519,"minX":-86.275383,"minY":37.44011},"result":"Hardin, Kentucky, United States"}