{"bounds":{"maxX":-94.614807,"maxY":38.037602,"minX":-95.0889349999999,"minY":37.67361},"result":"Bourbon, Kansas, United States"}