{"bounds":{"maxX":-84.401788,"maxY":38.492791,"minX":-84.739998,"minY":38.113182},"result":"Scott, Kentucky, United States"}