{"bounds":{"maxX":-83.722473,"maxY":37.85316,"minX":-84.127084,"minY":37.543191},"result":"Estill, Kentucky, United States"}