{"bounds":{"maxX":-94.6134479999999,"maxY":38.39053,"minX":-95.0789179999999,"minY":38.03646},"result":"Linn, Kansas, United States"}