{"bounds":{"maxX":-82.710952,"maxY":37.526061,"minX":-83.1348409999999,"minY":37.172451},"result":"Knott, Kentucky, United States"}