{"bounds":{"maxX":-84.347816,"maxY":37.830132,"minX":-84.7448209999999,"minY":37.472729},"result":"Garrard, Kentucky, United States"}