{"bounds":{"maxX":-101.47789,"maxY":39.134609,"minX":-102.046348,"minY":38.695331},"result":"Wallace, Kansas, United States"}