{"bounds":{"maxX":-83.199227,"maxY":38.396652,"minX":-83.634957,"minY":38.017181},"result":"Rowan, Kentucky, United States"}