{"bounds":{"maxX":-97.926888,"maxY":39.56754,"minX":-98.4908369999999,"minY":39.218953},"result":"Mitchell, Kansas, United States"}