{"bounds":{"maxX":-95.500579,"maxY":38.871239,"minX":-95.9517519999999,"minY":38.433861},"result":"Osage, Kansas, United States"}