{"bounds":{"maxX":-100.178398,"maxY":40.00332,"minX":-100.741271,"minY":39.567501},"result":"Decatur, Kansas, United States"}