{"bounds":{"maxX":-95.3396769999999,"maxY":40.00159,"minX":-95.7882309999999,"minY":39.651809},"result":"Brown, Kansas, United States"}