{"bounds":{"maxX":-85.029838,"maxY":37.730351,"minX":-85.5214379999999,"minY":37.41225},"result":"Marion, Kentucky, United States"}