{"bounds":{"maxX":-95.5016479999999,"maxY":39.218479,"minX":-96.035859,"minY":38.870332},"result":"Shawnee, Kansas, United States"}