{"bounds":{"maxX":-82.563843,"maxY":37.756149,"minX":-82.94503,"minY":37.284963},"result":"Floyd, Kentucky, United States"}