{"bounds":{"maxX":-84.102378,"maxY":38.582062,"minX":-84.5562679999999,"minY":38.277809},"result":"Harrison, Kentucky, United States"}