{"bounds":{"maxX":-83.505242,"maxY":37.358269,"minX":-83.968902,"minY":36.937673},"result":"Clay, Kentucky, United States"}