{"bounds":{"maxX":-84.4472729999999,"maxY":37.634129,"minX":-84.860398,"minY":37.238332},"result":"Lincoln, Kentucky, United States"}