{"bounds":{"maxX":-95.0558169999999,"maxY":39.07005,"minX":-95.503952,"minY":38.738349},"result":"Douglas, Kansas, United States"}