{"bounds":{"maxX":-99.5917669999999,"maxY":39.132863,"minX":-100.154282,"minY":38.696411},"result":"Trego, Kansas, United States"}