{"bounds":{"maxX":-96.891488,"maxY":39.13354,"minX":-97.3736499999999,"minY":38.609291},"result":"Dickinson, Kansas, United States"}