{"bounds":{"maxX":-95.0722729999999,"maxY":37.38436,"minX":-95.523635,"minY":36.998722},"result":"Labette, Kansas, United States"}