{"bounds":{"maxX":-84.434227,"maxY":38.003558,"minX":-84.724456,"minY":37.728699},"result":"Jessamine, Kentucky, United States"}