{"bounds":{"maxX":-95.9476089999999,"maxY":38.74023,"minX":-96.3575299999999,"minY":38.17192},"result":"Lyon, Kansas, United States"}