{"bounds":{"maxX":-97.926147,"maxY":38.871711,"minX":-98.4867869999999,"minY":38.521357},"result":"Ellsworth, Kansas, United States"}