{"bounds":{"maxX":-83.631255,"maxY":37.933751,"minX":-84.027816,"minY":37.716109},"result":"Powell, Kentucky, United States"}