{"bounds":{"maxX":-97.371957,"maxY":38.959498,"minX":-97.92823,"minY":38.61002},"result":"Saline, Kansas, United States"}