{"bounds":{"maxX":-95.959396,"maxY":38.17407,"minX":-96.5255589999999,"minY":37.603383},"result":"Greenwood, Kansas, United States"}