{"bounds":{"maxX":-88.815888,"maxY":37.229969,"minX":-89.181527,"minY":36.916171},"result":"Ballard, Kentucky, United States"}