{"bounds":{"maxX":-82.8779079999999,"maxY":37.894643,"minX":-83.2710489999999,"minY":37.486518},"result":"Magoffin, Kentucky, United States"}