{"bounds":{"maxX":-85.2828059999999,"maxY":38.52401,"minX":-85.636742,"minY":38.284722},"result":"Oldham, Kentucky, United States"}