{"bounds":{"maxX":-83.521333,"maxY":37.541279,"minX":-83.888221,"minY":37.256118},"result":"Owsley, Kentucky, United States"}