{"bounds":{"maxX":-97.15277,"maxY":38.174512,"minX":-97.701828,"minY":37.91232},"result":"Harvey, Kansas, United States"}