{"bounds":{"maxX":-84.835587,"maxY":37.186021,"minX":-85.2749699999999,"minY":36.827203},"result":"Russell, Kentucky, United States"}