{"bounds":{"maxX":-83.024369,"maxY":38.72372,"minX":-83.6429679999999,"minY":38.31874},"result":"Lewis, Kentucky, United States"}