{"bounds":{"maxX":-85.073502,"maxY":37.482899,"minX":-85.5869059999999,"minY":37.192229},"result":"Taylor, Kentucky, United States"}