{"bounds":{"maxX":-100.812089,"maxY":39.134641,"minX":-101.484992,"minY":38.700089},"result":"Logan, Kansas, United States"}