{"bounds":{"maxX":-96.033806,"maxY":39.566341,"minX":-96.7284319999999,"minY":39.123309},"result":"Pottawatomie, Kansas, United States"}