{"bounds":{"maxX":-98.4808889999999,"maxY":38.69722,"minX":-99.0333719999999,"minY":38.260301},"result":"Barton, Kansas, United States"}