{"bounds":{"maxX":-81.9642019999999,"maxY":37.74538,"minX":-82.732291,"minY":37.196849},"result":"Pike, Kentucky, United States"}