{"bounds":{"maxX":-87.680359,"maxY":37.37902,"minX":-88.094888,"minY":36.950759},"result":"Caldwell, Kentucky, United States"}