{"bounds":{"maxX":-99.03318,"maxY":38.696972,"minX":-99.5853959999999,"minY":38.34843},"result":"Rush, Kansas, United States"}