{"bounds":{"maxX":-95.9427269999999,"maxY":39.21019,"minX":-96.504356,"minY":38.740218},"result":"Wabaunsee, Kansas, United States"}