{"bounds":{"maxX":-92.773247,"maxY":32.586251,"minX":-93.4302049999999,"minY":32.147998},"result":"Bienville, Louisiana, United States"}