{"bounds":{"maxX":-93.353203,"maxY":32.34639,"minX":-94.043487,"minY":31.845391},"result":"De Soto, Louisiana, United States"}