{"bounds":{"maxX":-91.0824969999999,"maxY":29.956199,"minX":-91.880838,"minY":29.349445},"result":"St. Mary, Louisiana, United States"}