{"bounds":{"maxX":-91.222206,"maxY":30.12277,"minX":-92.033059,"minY":29.474167},"result":"Iberia, Louisiana, United States"}