{"bounds":{"maxX":-91.677657,"maxY":31.343951,"minX":-92.281143,"minY":30.848289},"result":"Avoyelles, Louisiana, United States"}