{"bounds":{"maxX":-91.030091,"maxY":32.249532,"minX":-91.5804679999999,"minY":31.743231},"result":"Tensas, Louisiana, United States"}