{"bounds":{"maxX":-91.9069909999999,"maxY":32.72296,"minX":-92.415543,"minY":32.263081},"result":"Ouachita, Louisiana, United States"}