{"bounds":{"maxX":-92.413223,"maxY":32.760341,"minX":-92.880959,"minY":32.453719},"result":"Lincoln, Louisiana, United States"}