{"bounds":{"maxX":-90.2775569999999,"maxY":30.298781,"minX":-90.689116,"minY":29.88341},"result":"St. John the Baptist, Louisiana, United States"}