{"bounds":{"maxX":-90.1673509999999,"maxY":30.2306,"minX":-90.5496669999999,"minY":29.691922},"result":"St. Charles, Louisiana, United States"}