{"bounds":{"maxX":-92.0056539999999,"maxY":31.92829,"minX":-92.3829489999999,"minY":31.323161},"result":"La Salle, Louisiana, United States"}