{"bounds":{"maxX":-92.072349,"maxY":31.517931,"minX":-92.9817419999999,"minY":30.89201},"result":"Rapides, Louisiana, United States"}