{"bounds":{"maxX":-91.53566,"maxY":31.9723,"minX":-92.0237279999999,"minY":31.221051},"result":"Catahoula, Louisiana, United States"}