{"bounds":{"maxX":-91.4507369999999,"maxY":32.406423,"minX":-91.930495,"minY":31.872289},"result":"Franklin, Louisiana, United States"}