{"bounds":{"maxX":-89.727547,"maxY":31.00431,"minX":-90.3481669999999,"minY":30.662781},"result":"Washington, Louisiana, United States"}