{"bounds":{"maxX":-90.566369,"maxY":31.000009,"minX":-90.910423,"minY":30.649941},"result":"St. Helena, Louisiana, United States"}