{"bounds":{"maxX":-92.613778,"maxY":30.05425,"minX":-93.9307719999999,"minY":29.583889},"result":"Cameron, Louisiana, United States"}