{"bounds":{"maxX":-88.818137,"maxY":30.161112,"minX":-90.013672,"minY":29.628056},"result":"St. Bernard, Louisiana, United States"}