{"bounds":{"maxX":-69.70069,"maxY":44.168189,"minX":-70.052017,"minY":43.694444},"result":"Sagadahoc, Maine, United States"}