{"bounds":{"maxX":-94.058053,"maxY":38.059639,"minX":-94.6163559999999,"minY":37.63984},"result":"Vernon, Missouri, United States"}