{"bounds":{"maxX":-83.565774,"maxY":44.164242,"minX":-84.168372,"minY":43.91121},"result":"Arenac, Michigan, United States"}