{"bounds":{"maxX":-85.0867229999999,"maxY":44.16597,"minX":-85.564361,"minY":43.812359},"result":"Osceola, Michigan, United States"}