{"bounds":{"maxX":-94.213966,"maxY":40.571442,"minX":-94.633507,"minY":40.38213},"result":"Worth, Missouri, United States"}