{"bounds":{"maxX":-86.4615699999999,"maxY":46.15873,"minX":-87.370889,"minY":45.47733},"result":"Delta, Michigan, United States"}