{"bounds":{"maxX":-95.711732,"maxY":47.965931,"minX":-96.484596,"minY":47.760299},"result":"Red Lake, Minnesota, United States"}