{"bounds":{"maxX":-91.8578869999999,"maxY":44.456138,"minX":-92.5517189999999,"minY":44.108711},"result":"Wabasha, Minnesota, United States"}