{"bounds":{"maxX":-72.2249219999999,"maxY":42.739718,"minX":-73.0230319999999,"minY":42.30294},"result":"Franklin, Massachusetts, United States"}