{"bounds":{"maxX":-82.6071939999999,"maxY":44.070622,"minX":-83.495986,"minY":43.66574},"result":"Huron, Michigan, United States"}