{"bounds":{"maxX":-114.417847,"maxY":47.500309,"minX":-115.759743,"minY":46.69736},"result":"Mineral, Montana, United States"}