{"bounds":{"maxX":-84.248619,"maxY":45.786601,"minX":-84.7341089999999,"minY":45.198391},"result":"Cheboygan, Michigan, United States"}