{"bounds":{"maxX":-94.050103,"maxY":38.475841,"minX":-94.6148289999999,"minY":38.02609},"result":"Bates, Missouri, United States"}