{"bounds":{"maxX":-83.105949,"maxY":43.740908,"minX":-83.70089,"minY":43.222321},"result":"Tuscola, Michigan, United States"}