{"bounds":{"maxX":-90.263663,"maxY":31.349401,"minX":-90.5501639999999,"minY":31.00005},"result":"Pike, Mississippi, United States"}