{"bounds":{"maxX":-91.631026,"maxY":38.299691,"minX":-92.198143,"minY":38.01373},"result":"Maries, Missouri, United States"}