{"bounds":{"maxX":-90.072289,"maxY":32.575081,"minX":-90.728288,"minY":32.050998},"result":"Hinds, Mississippi, United States"}