{"bounds":{"maxX":-95.592118,"maxY":48.545162,"minX":-97.166367,"minY":48.17292},"result":"Marshall, Minnesota, United States"}