{"bounds":{"maxX":-88.671386,"maxY":33.566742,"minX":-89.0902869999999,"minY":33.287078},"result":"Oktibbeha, Mississippi, United States"}