{"bounds":{"maxX":-90.1085659999999,"maxY":38.968761,"minX":-90.9643859999999,"minY":38.537412},"result":"St. Charles, Missouri, United States"}