{"bounds":{"maxX":-92.2889489999999,"maxY":46.419009,"minX":-93.140846,"minY":45.731221},"result":"Pine, Minnesota, United States"}