{"bounds":{"maxX":-88.43055,"maxY":32.226982,"minX":-88.9117669999999,"minY":31.824559},"result":"Clarke, Mississippi, United States"}