{"bounds":{"maxX":-89.3315509999999,"maxY":36.868277,"minX":-89.973153,"minY":36.338378},"result":"New Madrid, Missouri, United States"}