{"bounds":{"maxX":-96.386985,"maxY":49.000119,"minX":-97.238983,"minY":48.543788},"result":"Kittson, Minnesota, United States"}