{"bounds":{"maxX":-85.073593,"maxY":42.770671,"minX":-85.548508,"minY":42.418499},"result":"Barry, Michigan, United States"}