{"bounds":{"maxX":-95.452683,"maxY":43.852531,"minX":-96.052964,"minY":43.502762},"result":"Nobles, Minnesota, United States"}