{"bounds":{"maxX":-93.306633,"maxY":36.99577,"minX":-93.6119229999999,"minY":36.496849},"result":"Stone, Missouri, United States"}