{"bounds":{"maxX":-84.362297,"maxY":42.073379,"minX":-84.828453,"minY":41.695801},"result":"Hillsdale, Michigan, United States"}