{"bounds":{"maxX":-89.476288,"maxY":37.904523,"minX":-90.148918,"minY":37.563881},"result":"Perry, Missouri, United States"}