{"bounds":{"maxX":-89.018838,"maxY":33.738429,"minX":-89.508476,"minY":33.461608},"result":"Webster, Mississippi, United States"}