{"bounds":{"maxX":-78.914643,"maxY":39.723159,"minX":-79.487153,"minY":39.20338},"result":"Garrett, Maryland, United States"}