{"bounds":{"maxX":-92.245171,"maxY":37.482609,"minX":-92.689826,"minY":37.063171},"result":"Wright, Missouri, United States"}