{"bounds":{"maxX":-93.5115499999999,"maxY":38.566521,"minX":-94.075301,"minY":38.202019},"result":"Henry, Missouri, United States"}