{"bounds":{"maxX":-83.886108,"maxY":44.856049,"minX":-84.373413,"minY":44.505889},"result":"Oscoda, Michigan, United States"}