{"bounds":{"maxX":-92.430672,"maxY":39.344811,"minX":-92.945511,"minY":38.97026},"result":"Howard, Missouri, United States"}