{"bounds":{"maxX":-91.6465219999999,"maxY":37.605621,"minX":-92.252113,"minY":37.048692},"result":"Texas, Missouri, United States"}