{"bounds":{"maxX":-88.424492,"maxY":31.437111,"minX":-88.8403479999999,"minY":30.99755},"result":"Greene, Mississippi, United States"}