{"bounds":{"maxX":-82.4193799999999,"maxY":43.16999,"minX":-82.9944599999999,"minY":42.52991},"result":"St. Clair, Michigan, United States"}