{"bounds":{"maxX":-111.054176,"maxY":46.783311,"minX":-111.788071,"minY":45.83759},"result":"Broadwater, Montana, United States"}