{"bounds":{"maxX":-85.8640359999999,"maxY":46.505459,"minX":-86.617311,"minY":45.758771},"result":"Schoolcraft, Michigan, United States"}