{"bounds":{"maxX":-67.939178,"maxY":46.39576,"minX":-69.35598,"minY":44.644062},"result":"Penobscot, Maine, United States"}