{"bounds":{"maxX":-88.8261029999999,"maxY":34.383641,"minX":-89.245667,"minY":34.07632},"result":"Pontotoc, Mississippi, United States"}