{"bounds":{"maxX":-110.272927,"maxY":47.08879,"minX":-111.659446,"minY":46.184429},"result":"Meagher, Montana, United States"}