{"bounds":{"maxX":-94.205337,"maxY":40.03833,"minX":-94.6069479999999,"minY":39.743259},"result":"DeKalb, Missouri, United States"}