{"bounds":{"maxX":-91.943192,"maxY":40.6065,"minX":-92.3555059999999,"minY":40.305542},"result":"Scotland, Missouri, United States"}