{"bounds":{"maxX":-111.409317,"maxY":48.132912,"minX":-112.998643,"minY":47.50053},"result":"Teton, Montana, United States"}