{"bounds":{"maxX":-112.885666,"maxY":49.000682,"minX":-115.020836,"minY":47.5998},"result":"Flathead, Montana, United States"}