{"bounds":{"maxX":-83.188659,"maxY":42.094429,"minX":-83.776313,"minY":41.722912},"result":"Monroe, Michigan, United States"}