{"bounds":{"maxX":-94.209848,"maxY":39.747211,"minX":-94.605895,"minY":39.453528},"result":"Clinton, Missouri, United States"}