{"bounds":{"maxX":-90.721177,"maxY":39.600492,"minX":-91.461739,"minY":39.141941},"result":"Pike, Missouri, United States"}