{"bounds":{"maxX":-89.8346799999999,"maxY":31.34866,"minX":-90.263718,"minY":31.00165},"result":"Walthall, Mississippi, United States"}