{"bounds":{"maxX":-76.701026,"maxY":39.369191,"minX":-77.185028,"minY":39.105201},"result":"Howard, Maryland, United States"}