{"bounds":{"maxX":-93.60891,"maxY":37.902419,"minX":-94.0763929999999,"minY":37.575088},"result":"Cedar, Missouri, United States"}