{"bounds":{"maxX":-92.003166,"maxY":38.74092,"minX":-92.493125,"minY":38.326902},"result":"Cole, Missouri, United States"}