{"bounds":{"maxX":-84.1681599999999,"maxY":43.826832,"minX":-84.608398,"minY":43.465359},"result":"Midland, Michigan, United States"}