{"bounds":{"maxX":-70.328132,"maxY":43.814472,"minX":-70.987878,"minY":42.976945},"result":"York, Maine, United States"}