{"bounds":{"maxX":-84.730362,"maxY":45.787652,"minX":-85.173866,"minY":45.270229},"result":"Emmet, Michigan, United States"}