{"bounds":{"maxX":-91.713927,"maxY":39.66343,"minX":-92.310402,"minY":39.339859},"result":"Monroe, Missouri, United States"}