{"bounds":{"maxX":-93.056008,"maxY":47.902191,"minX":-94.4201659999999,"minY":47.02631},"result":"Itasca, Minnesota, United States"}