{"bounds":{"maxX":-93.018594,"maxY":45.733532,"minX":-93.5132819999999,"minY":45.413119},"result":"Isanti, Minnesota, United States"}