{"bounds":{"maxX":-83.9224629999999,"maxY":43.1334,"minX":-84.3684299999999,"minY":42.774632},"result":"Shiawassee, Michigan, United States"}