{"bounds":{"maxX":-92.84736,"maxY":40.03918,"minX":-93.3682699999999,"minY":39.700931},"result":"Linn, Missouri, United States"}