{"bounds":{"maxX":-94.4311059999999,"maxY":49.383296,"minX":-95.342612,"minY":48.36906},"result":"Lake of the Woods, Minnesota, United States"}