{"bounds":{"maxX":-110.739434,"maxY":49.000069,"minX":-111.4087,"minY":48.133288},"result":"Liberty, Montana, United States"}