{"bounds":{"maxX":-89.310463,"maxY":37.25264,"minX":-89.787269,"minY":36.85889},"result":"Scott, Missouri, United States"}