{"bounds":{"maxX":-88.837143,"maxY":31.434221,"minX":-89.146652,"minY":30.909031},"result":"Perry, Mississippi, United States"}