{"bounds":{"maxX":-90.663697,"maxY":39.230339,"minX":-91.2640079999999,"minY":38.875043},"result":"Lincoln, Missouri, United States"}