{"bounds":{"maxX":-92.021171,"maxY":38.024371,"minX":-92.413483,"minY":37.604431},"result":"Pulaski, Missouri, United States"}