{"bounds":{"maxX":-92.6765359999999,"maxY":37.487751,"minX":-93.076766,"minY":37.069641},"result":"Webster, Missouri, United States"}