{"bounds":{"maxX":-88.3931259999999,"maxY":30.7356,"minX":-88.8844829999999,"minY":30.197345},"result":"Jackson, Mississippi, United States"}