{"bounds":{"maxX":-89.100586,"maxY":37.064338,"minX":-89.5221099999999,"minY":36.563831},"result":"Mississippi, Missouri, United States"}