{"bounds":{"maxX":-93.928352,"maxY":44.458832,"minX":-94.791734,"minY":44.156181},"result":"Nicollet, Minnesota, United States"}