{"bounds":{"maxX":-75.765847,"maxY":39.72308,"minX":-76.2349179999999,"minY":39.361764},"result":"Cecil, Maryland, United States"}