{"bounds":{"maxX":-93.766517,"maxY":44.719439,"minX":-94.6277699999999,"minY":44.456641},"result":"Sibley, Minnesota, United States"}