{"bounds":{"maxX":-109.385666,"maxY":46.752221,"minX":-110.281303,"minY":46.218509},"result":"Wheatland, Montana, United States"}