{"bounds":{"maxX":-96.265571,"maxY":46.630791,"minX":-96.790176,"minY":46.022499},"result":"Wilkin, Minnesota, United States"}