{"bounds":{"maxX":-92.290207,"maxY":40.041381,"minX":-92.8606789999999,"minY":39.60564},"result":"Macon, Missouri, United States"}