{"bounds":{"maxX":-92.9017029999999,"maxY":37.0987,"minX":-93.609359,"minY":36.8093},"result":"Christian, Missouri, United States"}