{"bounds":{"maxX":-83.383201,"maxY":45.641343,"minX":-84.254449,"minY":45.198391},"result":"Presque Isle, Michigan, United States"}