{"bounds":{"maxX":-114.611366,"maxY":49.001156,"minX":-116.050743,"minY":47.892201},"result":"Lincoln, Montana, United States"}