{"bounds":{"maxX":-109.462081,"maxY":49.000301,"minX":-110.753799,"minY":48.130882},"result":"Hill, Montana, United States"}