{"bounds":{"maxX":-84.8371569999999,"maxY":43.467399,"minX":-85.564247,"minY":43.118203},"result":"Montcalm, Michigan, United States"}