{"bounds":{"maxX":-111.352088,"maxY":45.85784,"minX":-112.702027,"minY":44.7077},"result":"Madison, Montana, United States"}