{"bounds":{"maxX":-93.046059,"maxY":44.198459,"minX":-93.4057089999999,"minY":43.849769},"result":"Steele, Minnesota, United States"}