{"bounds":{"maxX":-94.64186,"maxY":46.37078,"minX":-95.156327,"minY":45.774399},"result":"Todd, Minnesota, United States"}