{"bounds":{"maxX":-75.755577,"maxY":39.382531,"minX":-76.278192,"minY":39.008256},"result":"Kent, Maryland, United States"}