{"bounds":{"maxX":-85.333291,"maxY":44.512378,"minX":-85.82122,"minY":44.163349},"result":"Wexford, Michigan, United States"}