{"bounds":{"maxX":-83.666908,"maxY":42.78222,"minX":-84.1593329999999,"minY":42.423001},"result":"Livingston, Michigan, United States"}