{"bounds":{"maxX":-104.041351,"maxY":48.150612,"minX":-105.232643,"minY":47.35456},"result":"Richland, Montana, United States"}