{"bounds":{"maxX":-91.308868,"maxY":39.950439,"minX":-91.847122,"minY":39.659569},"result":"Marion, Missouri, United States"}