{"bounds":{"maxX":-94.061095,"maxY":37.058478,"minX":-94.6196199999999,"minY":36.747189},"result":"Newton, Missouri, United States"}