{"bounds":{"maxX":-104.043083,"maxY":47.400669,"minX":-104.603561,"minY":46.63924},"result":"Wibaux, Montana, United States"}