{"bounds":{"maxX":-66.9488919999999,"maxY":45.689171,"minX":-68.10608,"minY":44.364446},"result":"Washington, Maine, United States"}