{"bounds":{"maxX":-93.761872,"maxY":39.788169,"minX":-94.212487,"minY":39.52394},"result":"Caldwell, Missouri, United States"}