{"bounds":{"maxX":-92.499001,"maxY":39.06427,"minX":-93.063262,"minY":38.68515},"result":"Cooper, Missouri, United States"}