{"bounds":{"maxX":-94.109101,"maxY":39.237079,"minX":-94.608245,"minY":38.832291},"result":"Jackson, Missouri, United States"}