{"bounds":{"maxX":-93.363846,"maxY":40.26609,"minX":-93.76442,"minY":39.959412},"result":"Grundy, Missouri, United States"}