{"bounds":{"maxX":-90.95629,"maxY":38.995089,"minX":-91.4180069999999,"minY":38.54741},"result":"Warren, Missouri, United States"}