{"bounds":{"maxX":-91.6398619999999,"maxY":38.708012,"minX":-92.195251,"minY":38.29111},"result":"Osage, Missouri, United States"}