{"bounds":{"maxX":-88.2480459999999,"maxY":33.74456,"minX":-88.6748959999999,"minY":33.290278},"result":"Lowndes, Mississippi, United States"}