{"bounds":{"maxX":-92.379738,"maxY":38.92543,"minX":-92.8428719999999,"minY":38.4314},"result":"Moniteau, Missouri, United States"}