{"bounds":{"maxX":-84.369828,"maxY":45.201951,"minX":-84.860642,"minY":44.856049},"result":"Otsego, Michigan, United States"}