{"bounds":{"maxX":-85.3109509999999,"maxY":43.294022,"minX":-85.791657,"minY":42.767392},"result":"Kent, Michigan, United States"}