{"bounds":{"maxX":-93.4969179999999,"maxY":38.221049,"minX":-94.0663079999999,"minY":37.828429},"result":"St. Clair, Missouri, United States"}