{"bounds":{"maxX":-109.421462,"maxY":46.22276,"minX":-110.291611,"minY":45.175839},"result":"Sweet Grass, Montana, United States"}