{"bounds":{"maxX":-88.943207,"maxY":31.822162,"minX":-89.403611,"minY":31.433861},"result":"Jones, Mississippi, United States"}