{"bounds":{"maxX":-84.73185,"maxY":45.84626,"minX":-85.8450089999999,"minY":45.114281},"result":"Charlevoix, Michigan, United States"}