{"bounds":{"maxX":-76.3199999999999,"maxY":38.514192,"minX":-76.901054,"minY":38.037499},"result":"St. Mary's, Maryland, United States"}