{"bounds":{"maxX":-92.114021,"maxY":36.806062,"minX":-92.774323,"minY":36.496491},"result":"Ozark, Missouri, United States"}