{"bounds":{"maxX":-104.046647,"maxY":49.000499,"minX":-105.057533,"minY":48.38921},"result":"Sheridan, Montana, United States"}