{"bounds":{"maxX":-90.4003519999999,"maxY":34.526329,"minX":-90.959998,"minY":33.984722},"result":"Coahoma, Mississippi, United States"}