{"bounds":{"maxX":-107.175301,"maxY":49.001461,"minX":-108.892356,"minY":47.450619},"result":"Phillips, Montana, United States"}