{"bounds":{"maxX":-90.16671,"maxY":38.774147,"minX":-90.3209229999999,"minY":38.532513},"result":"St. Louis City, Missouri, United States"}