{"bounds":{"maxX":-90.3304899999999,"maxY":33.329849,"minX":-90.7347169999999,"minY":32.920249},"result":"Humphreys, Mississippi, United States"}