{"bounds":{"maxX":-93.7640919999999,"maxY":46.346309,"minX":-94.6518629999999,"minY":45.77583},"result":"Morrison, Minnesota, United States"}