{"bounds":{"maxX":-91.409758,"maxY":39.349092,"minX":-92.3142309999999,"minY":39.062012},"result":"Audrain, Missouri, United States"}