{"bounds":{"maxX":-111.463044,"maxY":45.942519,"minX":-113.933608,"minY":44.357688},"result":"Beaverhead, Montana, United States"}