{"bounds":{"maxX":-77.4674219999999,"maxY":39.724009,"minX":-78.360711,"minY":39.321391},"result":"Washington, Maryland, United States"}