{"bounds":{"maxX":-93.573966,"maxY":36.933639,"minX":-94.0760119999999,"minY":36.49754},"result":"Barry, Missouri, United States"}