{"bounds":{"maxX":-112.172951,"maxY":46.185619,"minX":-113.083238,"minY":45.625979},"result":"Silver Bow, Montana, United States"}