{"bounds":{"maxX":-84.6025999999999,"maxY":42.771159,"minX":-85.0745019999999,"minY":42.42086},"result":"Eaton, Michigan, United States"}