{"bounds":{"maxX":-96.253549,"maxY":46.02282,"minX":-96.854554,"minY":45.585851},"result":"Traverse, Minnesota, United States"}