{"bounds":{"maxX":-104.304397,"maxY":47.791099,"minX":-105.406386,"minY":46.859359},"result":"Dawson, Montana, United States"}