{"bounds":{"maxX":-93.368468,"maxY":40.579829,"minX":-93.778359,"minY":40.263661},"result":"Mercer, Missouri, United States"}