{"bounds":{"maxX":-93.2594589999999,"maxY":39.967763,"minX":-93.764687,"minY":39.611869},"result":"Livingston, Missouri, United States"}