{"bounds":{"maxX":-76.788695,"maxY":39.720748,"minX":-77.310966,"minY":39.349411},"result":"Carroll, Maryland, United States"}