{"bounds":{"maxX":-106.087196,"maxY":46.859669,"minX":-107.897302,"minY":45.178471},"result":"Rosebud, Montana, United States"}