{"bounds":{"maxX":-95.24556,"maxY":45.153679,"minX":-96.0371699999999,"minY":44.753139},"result":"Chippewa, Minnesota, United States"}