{"bounds":{"maxX":-89.7195359999999,"maxY":34.556919,"minX":-90.202079,"minY":34.161498},"result":"Panola, Mississippi, United States"}