{"bounds":{"maxX":-82.868714,"maxY":42.453671,"minX":-83.552985,"minY":42.030862},"result":"Wayne, Michigan, United States"}