{"bounds":{"maxX":-95.145408,"maxY":46.719903,"minX":-96.282708,"minY":46.107251},"result":"Otter Tail, Minnesota, United States"}