{"bounds":{"maxX":-94.8550569999999,"maxY":43.850781,"minX":-95.4547959999999,"minY":43.503639},"result":"Jackson, Minnesota, United States"}