{"bounds":{"maxX":-90.1113119999999,"maxY":37.317491,"minX":-90.7800379999999,"minY":36.920812},"result":"Wayne, Missouri, United States"}