{"bounds":{"maxX":-70.816109,"maxY":42.09568,"minX":-71.3823619999999,"minY":41.48079},"result":"Bristol, Massachusetts, United States"}