{"bounds":{"maxX":-94.6044459999999,"maxY":39.53281,"minX":-95.101051,"minY":39.154449},"result":"Platte, Missouri, United States"}