{"bounds":{"maxX":-96.1033399999999,"maxY":45.586391,"minX":-96.8362959999999,"minY":45.179989},"result":"Big Stone, Minnesota, United States"}