{"bounds":{"maxX":-95.169373,"maxY":48.021882,"minX":-95.5825189999999,"minY":47.149638},"result":"Clearwater, Minnesota, United States"}