{"bounds":{"maxX":-94.862298,"maxY":44.69928,"minX":-95.5938409999999,"minY":44.196442},"result":"Redwood, Minnesota, United States"}