{"bounds":{"maxX":-94.008454,"maxY":44.981153,"minX":-94.4999089999999,"minY":44.630031},"result":"McLeod, Minnesota, United States"}