{"bounds":{"maxX":-68.776107,"maxY":46.573619,"minX":-69.8247009999999,"minY":45.011009},"result":"Piscataquis, Maine, United States"}