{"bounds":{"maxX":-94.6044689999999,"maxY":39.820788,"minX":-95.11567,"minY":39.529579},"result":"Buchanan, Missouri, United States"}