{"bounds":{"maxX":-92.18058,"maxY":38.43496,"minX":-92.6970279999999,"minY":38.021283},"result":"Miller, Missouri, United States"}