{"bounds":{"maxX":-76.673553,"maxY":38.690556,"minX":-77.273613,"minY":38.254724},"result":"Charles, Maryland, United States"}