{"bounds":{"maxX":-87.2676319999999,"maxY":45.985242,"minX":-87.891037,"minY":45.099399},"result":"Menominee, Michigan, United States"}