{"bounds":{"maxX":-107.4618,"maxY":46.495071,"minX":-108.923959,"minY":45.461312},"result":"Yellowstone, Montana, United States"}