{"bounds":{"maxX":-90.654214,"maxY":33.09768,"minX":-90.9620199999999,"minY":32.662041},"result":"Sharkey, Mississippi, United States"}