{"bounds":{"maxX":-90.249321,"maxY":38.506381,"minX":-90.778764,"minY":38.00896},"result":"Jefferson, Missouri, United States"}