{"bounds":{"maxX":-90.5744319999999,"maxY":36.8247,"minX":-91.126991,"minY":36.496471},"result":"Ripley, Missouri, United States"}