{"bounds":{"maxX":-88.5430679999999,"maxY":34.511811,"minX":-88.8282379999999,"minY":34.077191},"result":"Lee, Mississippi, United States"}