{"bounds":{"maxX":-95.1387779999999,"maxY":46.107971,"minX":-95.76931,"minY":45.75999},"result":"Douglas, Minnesota, United States"}