{"bounds":{"maxX":-75.5427779999999,"maxY":38.299148,"minX":-76.056388,"minY":37.912224},"result":"Somerset, Maryland, United States"}