{"bounds":{"maxX":-93.064263,"maxY":38.073318,"minX":-93.576218,"minY":37.805809},"result":"Hickory, Missouri, United States"}