{"bounds":{"maxX":-91.52568,"maxY":38.157311,"minX":-92.0307769999999,"minY":37.60181},"result":"Phelps, Missouri, United States"}