{"bounds":{"maxX":-94.8583369999999,"maxY":44.197041,"minX":-95.4632789999999,"minY":43.849639},"result":"Cottonwood, Minnesota, United States"}