{"bounds":{"maxX":-89.641587,"maxY":33.677312,"minX":-90.175873,"minY":33.215352},"result":"Carroll, Mississippi, United States"}