{"bounds":{"maxX":-89.7230979999999,"maxY":34.996608,"minX":-90.309768,"minY":34.711219},"result":"DeSoto, Mississippi, United States"}