{"bounds":{"maxX":-109.796868,"maxY":46.193329,"minX":-111.042862,"minY":44.992061},"result":"Park, Montana, United States"}