{"bounds":{"maxX":-92.845787,"maxY":37.907821,"minX":-93.191482,"minY":37.417941},"result":"Dallas, Missouri, United States"}