{"bounds":{"maxX":-70.76635,"maxY":42.351559,"minX":-71.5025869999999,"minY":41.985019},"result":"Norfolk, Massachusetts, United States"}