{"bounds":{"maxX":-67.952773,"maxY":45.255292,"minX":-68.866096,"minY":43.9665},"result":"Hancock, Maine, United States"}