{"bounds":{"maxX":-90.111351,"maxY":38.081008,"minX":-90.648263,"minY":37.642299},"result":"St. Francois, Missouri, United States"}