{"bounds":{"maxX":-95.162681,"maxY":47.154208,"minX":-96.195549,"minY":46.717788},"result":"Becker, Minnesota, United States"}