{"bounds":{"maxX":-92.764541,"maxY":36.816799,"minX":-93.315232,"minY":36.496509},"result":"Taney, Missouri, United States"}