{"bounds":{"maxX":-92.677521,"maxY":44.198459,"minX":-93.046303,"minY":43.851422},"result":"Dodge, Minnesota, United States"}