{"bounds":{"maxX":-94.415961,"maxY":48.542339,"minX":-95.602678,"minY":47.410271},"result":"Beltrami, Minnesota, United States"}