{"bounds":{"maxX":-90.1351769999999,"maxY":34.513919,"minX":-90.4515,"minY":34.076421},"result":"Quitman, Mississippi, United States"}