{"bounds":{"maxX":-90.736618,"maxY":37.607472,"minX":-91.3137359999999,"minY":37.050282},"result":"Reynolds, Missouri, United States"}