{"bounds":{"maxX":-84.368141,"maxY":43.46596,"minX":-84.847222,"minY":43.117161},"result":"Gratiot, Michigan, United States"}