{"bounds":{"maxX":-93.051217,"maxY":46.161141,"minX":-93.5211859999999,"minY":45.731221},"result":"Kanabec, Minnesota, United States"}