{"bounds":{"maxX":-95.1771929999999,"maxY":40.585559,"minX":-95.7744059999999,"minY":40.261471},"result":"Atchison, Missouri, United States"}