{"bounds":{"maxX":-106.934836,"maxY":46.481318,"minX":-107.738373,"minY":45.870868},"result":"Treasure, Montana, United States"}