{"bounds":{"maxX":-83.5399169999999,"maxY":42.435071,"minX":-84.136047,"minY":42.072991},"result":"Washtenaw, Michigan, United States"}