{"bounds":{"maxX":-92.741508,"maxY":45.298431,"minX":-93.0293579999999,"minY":44.73814},"result":"Washington, Minnesota, United States"}