{"bounds":{"maxX":-89.6848899999999,"maxY":37.127319,"minX":-90.2595059999999,"minY":36.625098},"result":"Stoddard, Missouri, United States"}