{"bounds":{"maxX":-88.818055,"maxY":30.677329,"minX":-89.341087,"minY":30.204721},"result":"Harrison, Mississippi, United States"}