{"bounds":{"maxX":-95.745087,"maxY":45.760911,"minX":-96.254241,"minY":45.412219},"result":"Stevens, Minnesota, United States"}