{"bounds":{"maxX":-85.5629499999999,"maxY":43.81429,"minX":-86.040963,"minY":43.291012},"result":"Newaygo, Michigan, United States"}