{"bounds":{"maxX":-92.624153,"maxY":38.697521,"minX":-93.0774999999999,"minY":38.18928},"result":"Morgan, Missouri, United States"}