{"bounds":{"maxX":-84.853348,"maxY":44.51202,"minX":-85.3378059999999,"minY":44.160481},"result":"Missaukee, Michigan, United States"}