{"bounds":{"maxX":-105.194167,"maxY":48.098251,"minX":-106.429039,"minY":47.093699},"result":"McCone, Montana, United States"}