{"bounds":{"maxX":-83.4727159999999,"maxY":46.77452,"minX":-85.241563,"minY":45.907781},"result":"Chippewa, Michigan, United States"}