{"bounds":{"maxX":-94.369316,"maxY":44.109809,"minX":-94.861421,"minY":43.849252},"result":"Watonwan, Minnesota, United States"}