{"bounds":{"maxX":-93.173438,"maxY":37.830182,"minX":-93.631631,"minY":37.421009},"result":"Polk, Missouri, United States"}