{"bounds":{"maxX":-92.352997,"maxY":40.59687,"minX":-92.719888,"minY":40.343319},"result":"Schuyler, Missouri, United States"}