{"bounds":{"maxX":-89.653267,"maxY":31.433291,"minX":-90.0434799999999,"minY":30.995831},"result":"Marion, Mississippi, United States"}