{"bounds":{"maxX":-75.747178,"maxY":39.26165,"minX":-76.3766639999999,"minY":38.836113},"result":"Queen Anne's, Maryland, United States"}