{"bounds":{"maxX":-85.292763,"maxY":42.419899,"minX":-85.7663499999999,"minY":42.069801},"result":"Kalamazoo, Michigan, United States"}