{"bounds":{"maxX":-87.618683,"maxY":46.247552,"minX":-88.136466,"minY":45.721698},"result":"Dickinson, Michigan, United States"}