{"bounds":{"maxX":-85.084662,"maxY":43.814301,"minX":-85.564361,"minY":43.466031},"result":"Mecosta, Michigan, United States"}