{"bounds":{"maxX":-70.239159,"maxY":45.346179,"minX":-71.0817939999999,"minY":43.784992},"result":"Oxford, Maine, United States"}