{"bounds":{"maxX":-88.3021929999999,"maxY":33.290853,"minX":-88.8161699999999,"minY":32.924069},"result":"Noxubee, Mississippi, United States"}