{"bounds":{"maxX":-95.1318899999999,"maxY":45.76022,"minX":-95.759452,"minY":45.41216},"result":"Pope, Minnesota, United States"}