{"bounds":{"maxX":-89.747781,"maxY":33.374882,"minX":-90.433297,"minY":32.876522},"result":"Holmes, Mississippi, United States"}