{"bounds":{"maxX":-92.664407,"maxY":40.590229,"minX":-93.382576,"minY":40.343319},"result":"Putnam, Missouri, United States"}