{"bounds":{"maxX":-89.6532579999999,"maxY":32.051671,"minX":-90.2497559999999,"minY":31.750419},"result":"Simpson, Mississippi, United States"}