{"bounds":{"maxX":-88.330147,"maxY":34.758869,"minX":-88.736367,"minY":34.467151},"result":"Prentiss, Mississippi, United States"}