{"bounds":{"maxX":-95.3566969999999,"maxY":44.936791,"minX":-96.453347,"minY":44.54328},"result":"Yellow Medicine, Minnesota, United States"}