{"bounds":{"maxX":-84.607361,"maxY":43.815769,"minX":-85.089401,"minY":43.46563},"result":"Isabella, Michigan, United States"}