{"bounds":{"maxX":-86.0385219999999,"maxY":43.818939,"minX":-86.538651,"minY":43.466722},"result":"Oceana, Michigan, United States"}