{"bounds":{"maxX":-100.775588,"maxY":40.700161,"minX":-101.343193,"minY":40.348759},"result":"Hayes, Nebraska, United States"}