{"bounds":{"maxX":-82.9200969999999,"maxY":35.52771,"minX":-83.364068,"minY":35.002041},"result":"Jackson, North Carolina, United States"}