{"bounds":{"maxX":-101.244637,"maxY":41.005002,"minX":-102.050423,"minY":40.697342},"result":"Perkins, Nebraska, United States"}