{"bounds":{"maxX":-99.4476089999999,"maxY":47.327511,"minX":-100.116219,"minY":46.63163},"result":"Kidder, North Dakota, United States"}