{"bounds":{"maxX":-80.052787,"maxY":35.506722,"minX":-80.5100859999999,"minY":35.145641},"result":"Stanly, North Carolina, United States"}