{"bounds":{"maxX":-102.772378,"maxY":43.001233,"minX":-103.506317,"minY":42.43758},"result":"Dawes, Nebraska, United States"}