{"bounds":{"maxX":-104.006705,"maxY":36.996632,"minX":-105.376792,"minY":36.217479},"result":"Colfax, New Mexico, United States"}