{"bounds":{"maxX":-80.0295419999999,"maxY":36.55011,"minX":-80.4573809999999,"minY":36.254299},"result":"Stokes, North Carolina, United States"}