{"bounds":{"maxX":-103.608834,"maxY":47.329923,"minX":-104.045487,"minY":46.541481},"result":"Golden Valley, North Dakota, United States"}