{"bounds":{"maxX":-96.619156,"maxY":42.762519,"minX":-97.018967,"minY":42.265521},"result":"Dixon, Nebraska, United States"}