{"bounds":{"maxX":-77.667999,"maxY":35.868412,"minX":-78.192192,"minY":35.572871},"result":"Wilson, North Carolina, United States"}