{"bounds":{"maxX":-75.2415149999999,"maxY":43.186839,"minX":-75.990218,"minY":42.723812},"result":"Madison, New York, United States"}