{"bounds":{"maxX":-81.455886,"maxY":36.390302,"minX":-81.9204339999999,"minY":36.11173},"result":"Watauga, North Carolina, United States"}