{"bounds":{"maxX":-106.241569,"maxY":36.220761,"minX":-107.624703,"minY":35.21466},"result":"Sandoval, New Mexico, United States"}