{"bounds":{"maxX":-96.462677,"maxY":40.523318,"minX":-97.001235,"minY":40.002171},"result":"Gage, Nebraska, United States"}