{"bounds":{"maxX":-83.691611,"maxY":35.292431,"minX":-84.3209699999999,"minY":34.987899},"result":"Cherokee, North Carolina, United States"}