{"bounds":{"maxX":-105.918556,"maxY":34.58447,"minX":-107.724359,"minY":33.475732},"result":"Socorro, New Mexico, United States"}