{"bounds":{"maxX":-75.757607,"maxY":43.707321,"minX":-76.6177509999999,"minY":43.157169},"result":"Oswego, New York, United States"}