{"bounds":{"maxX":-74.109544,"maxY":41.203282,"minX":-74.503258,"minY":40.818851},"result":"Passaic, New Jersey, United States"}