{"bounds":{"maxX":-97.018379,"maxY":42.09238,"minX":-97.369858,"minY":41.745571},"result":"Stanton, Nebraska, United States"}