{"bounds":{"maxX":-74.310425,"maxY":39.732219,"minX":-74.9855889999999,"minY":39.289166},"result":"Atlantic, New Jersey, United States"}