{"bounds":{"maxX":-103.000656,"maxY":36.998988,"minX":-104.009003,"minY":35.73983},"result":"Union, New Mexico, United States"}