{"bounds":{"maxX":-96.266084,"maxY":42.27996,"minX":-96.8248659999999,"minY":42.016141},"result":"Thurston, Nebraska, United States"}