{"bounds":{"maxX":-98.971238,"maxY":49.000092,"minX":-99.5288169999999,"minY":48.368832},"result":"Towner, North Dakota, United States"}