{"bounds":{"maxX":-73.4838319999999,"maxY":41.363788,"minX":-73.9828879999999,"minY":40.87611},"result":"Westchester, New York, United States"}