{"bounds":{"maxX":-79.6184469999999,"maxY":35.511829,"minX":-80.182251,"minY":35.13987},"result":"Montgomery, North Carolina, United States"}