{"bounds":{"maxX":-100.543212,"maxY":46.982571,"minX":-102.096993,"minY":46.275613},"result":"Morton, North Dakota, United States"}