{"bounds":{"maxX":-119.172448,"maxY":41.996059,"minX":-120.005349,"minY":39.16489},"result":"Washoe, Nevada, United States"}