{"bounds":{"maxX":-78.2835459999999,"maxY":36.54456,"minX":-78.515236,"minY":36.16505},"result":"Vance, North Carolina, United States"}