{"bounds":{"maxX":-71.856354,"maxY":41.292718,"minX":-73.496949,"minY":40.610046},"result":"Suffolk, New York, United States"}