{"bounds":{"maxX":-74.4278179999999,"maxY":42.517503,"minX":-75.4223719999999,"minY":41.8513},"result":"Delaware, New York, United States"}