{"bounds":{"maxX":-95.809318,"maxY":41.065281,"minX":-96.465301,"minY":40.783131},"result":"Cass, Nebraska, United States"}