{"bounds":{"maxX":-114.047966,"maxY":36.854092,"minX":-115.894996,"minY":35.002078},"result":"Clark, Nevada, United States"}