{"bounds":{"maxX":-101.057374,"maxY":49.000176,"minX":-102.024056,"minY":48.457821},"result":"Renville, North Dakota, United States"}