{"bounds":{"maxX":-76.408469,"maxY":36.354043,"minX":-76.7224429999999,"minY":36.006443},"result":"Chowan, North Carolina, United States"}