{"bounds":{"maxX":-96.904328,"maxY":41.745899,"minX":-97.253159,"minY":41.376868},"result":"Colfax, Nebraska, United States"}