{"bounds":{"maxX":-73.889931,"maxY":41.321152,"minX":-74.233848,"minY":40.996501},"result":"Rockland, New York, United States"}