{"bounds":{"maxX":-98.274353,"maxY":40.352643,"minX":-98.728829,"minY":40.003219},"result":"Webster, Nebraska, United States"}