{"bounds":{"maxX":-76.5344459999999,"maxY":42.295428,"minX":-76.9657359999999,"minY":42.000918},"result":"Chemung, New York, United States"}