{"bounds":{"maxX":-74.052627,"maxY":44.120922,"minX":-74.8713059999999,"minY":43.214321},"result":"Hamilton, New York, United States"}