{"bounds":{"maxX":-100.145706,"maxY":49.00122,"minX":-101.824414,"minY":48.543022},"result":"Bottineau, North Dakota, United States"}