{"bounds":{"maxX":-97.3675759999999,"maxY":41.395359,"minX":-97.828292,"minY":41.046681},"result":"Polk, Nebraska, United States"}