{"bounds":{"maxX":-97.882606,"maxY":48.195012,"minX":-98.526132,"minY":47.67342},"result":"Nelson, North Dakota, United States"}