{"bounds":{"maxX":-107.290306,"maxY":32.607399,"minX":-108.226609,"minY":31.783929},"result":"Luna, New Mexico, United States"}