{"bounds":{"maxX":-102.549369,"maxY":48.14669,"minX":-104.044671,"minY":47.327999},"result":"McKenzie, North Dakota, United States"}