{"bounds":{"maxX":-74.697488,"maxY":44.094181,"minX":-75.2199869999999,"minY":42.82352},"result":"Herkimer, New York, United States"}