{"bounds":{"maxX":-76.23822,"maxY":42.626769,"minX":-76.695868,"minY":42.263092},"result":"Tompkins, New York, United States"}