{"bounds":{"maxX":-78.6984859999999,"maxY":36.23927,"minX":-79.0160989999999,"minY":35.863252},"result":"Durham, North Carolina, United States"}