{"bounds":{"maxX":-76.963386,"maxY":43.039612,"minX":-77.6150509999999,"minY":42.576013},"result":"Ontario, New York, United States"}