{"bounds":{"maxX":-76.701926,"maxY":43.34541,"minX":-77.379151,"minY":43.011982},"result":"Wayne, New York, United States"}