{"bounds":{"maxX":-73.2947159999999,"maxY":44.54803,"minX":-74.33764,"minY":43.74381},"result":"Essex, New York, United States"}