{"bounds":{"maxX":-99.4941719999999,"maxY":49.000192,"minX":-100.182801,"minY":48.542309},"result":"Rolette, North Dakota, United States"}