{"bounds":{"maxX":-77.098892,"maxY":34.9873,"minX":-77.6852269999999,"minY":34.433388},"result":"Onslow, North Carolina, United States"}