{"bounds":{"maxX":-98.009003,"maxY":46.282181,"minX":-99.007346,"minY":45.935459},"result":"Dickey, North Dakota, United States"}