{"bounds":{"maxX":-100.26619,"maxY":42.089581,"minX":-100.845811,"minY":41.740372},"result":"Thomas, Nebraska, United States"}