{"bounds":{"maxX":-76.079148,"maxY":42.41067,"minX":-76.567512,"minY":41.99892},"result":"Tioga, New York, United States"}