{"bounds":{"maxX":-76.9651029999999,"maxY":42.579201,"minX":-77.751265,"minY":41.999038},"result":"Steuben, New York, United States"}