{"bounds":{"maxX":-78.4562069999999,"maxY":36.544139,"minX":-78.8059469999999,"minY":36.021832},"result":"Granville, North Carolina, United States"}