{"bounds":{"maxX":-97.367836,"maxY":40.698951,"minX":-97.825981,"minY":40.350539},"result":"Fillmore, Nebraska, United States"}