{"bounds":{"maxX":-75.894982,"maxY":43.2723,"minX":-76.4996869999999,"minY":42.77118},"result":"Onondaga, New York, United States"}