{"bounds":{"maxX":-76.0597519999999,"maxY":36.510522,"minX":-76.491637,"minY":36.123638},"result":"Pasquotank, North Carolina, United States"}