{"bounds":{"maxX":-98.525407,"maxY":48.36966,"minX":-99.8493799999999,"minY":47.847678},"result":"Benson, North Dakota, United States"}