{"bounds":{"maxX":-100.166733,"maxY":42.997872,"minX":-102.08461,"minY":42.087058},"result":"Cherry, Nebraska, United States"}