{"bounds":{"maxX":-83.1051879999999,"maxY":35.333649,"minX":-83.7387459999999,"minY":34.994591},"result":"Macon, North Carolina, United States"}