{"bounds":{"maxX":-74.8531189999999,"maxY":39.569789,"minX":-75.4192419999999,"minY":39.181224},"result":"Cumberland, New Jersey, United States"}