{"bounds":{"maxX":-98.499069,"maxY":47.588748,"minX":-99.268052,"minY":47.326839},"result":"Foster, North Dakota, United States"}