{"bounds":{"maxX":-106.337188,"maxY":33.48277,"minX":-108.000252,"minY":32.60569},"result":"Sierra, New Mexico, United States"}