{"bounds":{"maxX":-78.30603,"maxY":42.5391,"minX":-79.0634459999999,"minY":41.998562},"result":"Cattaraugus, New York, United States"}