{"bounds":{"maxX":-97.366731,"maxY":41.048438,"minX":-97.827636,"minY":40.698331},"result":"York, Nebraska, United States"}