{"bounds":{"maxX":-76.619408,"maxY":42.54697,"minX":-77.1071019999999,"minY":42.236333},"result":"Schuyler, New York, United States"}