{"bounds":{"maxX":-97.70498,"maxY":41.527432,"minX":-98.2910229999999,"minY":41.262921},"result":"Nance, Nebraska, United States"}