{"bounds":{"maxX":-102.050423,"maxY":41.22144,"minX":-102.620483,"minY":41.001868},"result":"Deuel, Nebraska, United States"}