{"bounds":{"maxX":-98.7218159999999,"maxY":41.047852,"minX":-99.426903,"minY":40.652962},"result":"Buffalo, Nebraska, United States"}