{"bounds":{"maxX":-74.367654,"maxY":41.357639,"minX":-74.991547,"minY":40.899059},"result":"Sussex, New Jersey, United States"}