{"bounds":{"maxX":-74.033332,"maxY":40.171281,"minX":-74.553093,"minY":39.505882},"result":"Ocean, New Jersey, United States"}