{"bounds":{"maxX":-75.461112,"maxY":36.230161,"minX":-76.013634,"minY":35.189999},"result":"Dare, North Carolina, United States"}