{"bounds":{"maxX":-73.704193,"maxY":40.801049,"minX":-73.9697189999999,"minY":40.542167},"result":"Queens, New York, United States"}