{"bounds":{"maxX":-73.246116,"maxY":43.809823,"minX":-73.639923,"minY":42.941169},"result":"Washington, New York, United States"}