{"bounds":{"maxX":-98.290786,"maxY":41.742309,"minX":-98.752694,"minY":41.393558},"result":"Greeley, Nebraska, United States"}