{"bounds":{"maxX":-101.342118,"maxY":40.69904,"minX":-102.050133,"minY":40.348862},"result":"Chase, Nebraska, United States"}