{"bounds":{"maxX":-73.9865569999999,"maxY":40.818471,"minX":-74.165962,"minY":40.644443},"result":"Hudson, New Jersey, United States"}