{"bounds":{"maxX":-80.941246,"maxY":35.57116,"minX":-81.5337529999999,"minY":35.40063},"result":"Lincoln, North Carolina, United States"}