{"bounds":{"maxX":-99.0048689999999,"maxY":46.282452,"minX":-99.8819579999999,"minY":45.939313},"result":"McIntosh, North Dakota, United States"}