{"bounds":{"maxX":-74.13861,"maxY":40.737671,"minX":-74.4687269999999,"minY":40.589249},"result":"Union, New Jersey, United States"}