{"bounds":{"maxX":-76.4721529999999,"maxY":35.739581,"minX":-77.195054,"minY":35.217689},"result":"Beaufort, North Carolina, United States"}