{"bounds":{"maxX":-78.4616400000002,"maxY":43.375449,"minX":-79.0753854923002,"minY":43.020569},"result":"Niagara, New York, United States"}