{"bounds":{"maxX":-78.8054729999999,"maxY":34.954781,"minX":-79.461426,"minY":34.303521},"result":"Robeson, North Carolina, United States"}