{"bounds":{"maxX":-79.5319969999999,"maxY":36.254299,"minX":-80.046913,"minY":35.900051},"result":"Guilford, North Carolina, United States"}