{"bounds":{"maxX":-114.049058,"maxY":38.67849,"minX":-115.898246,"minY":36.842473},"result":"Lincoln, Nevada, United States"}