{"bounds":{"maxX":-99.179337,"maxY":40.35089,"minX":-99.6306079999999,"minY":40.002431},"result":"Harlan, Nebraska, United States"}