{"bounds":{"maxX":-73.267456,"maxY":42.958171,"minX":-73.7785499999999,"minY":42.465272},"result":"Rensselaer, New York, United States"}