{"bounds":{"maxX":-97.9280019999999,"maxY":49.001019,"minX":-99.004014,"minY":48.542671},"result":"Cavalier, North Dakota, United States"}