{"bounds":{"maxX":-102.608109,"maxY":41.437728,"minX":-103.384948,"minY":41.002921},"result":"Cheyenne, Nebraska, United States"}