{"bounds":{"maxX":-75.446717,"maxY":44.393131,"minX":-76.449081,"minY":43.669079},"result":"Jefferson, New York, United States"}