{"bounds":{"maxX":-103.042412,"maxY":34.606789,"minX":-103.947518,"minY":33.571339},"result":"Roosevelt, New Mexico, United States"}