{"bounds":{"maxX":-99.627586,"maxY":40.351569,"minX":-100.196458,"minY":40.002761},"result":"Furnas, Nebraska, United States"}