{"bounds":{"maxX":-97.2503809999999,"maxY":41.745739,"minX":-97.830207,"minY":41.33343},"result":"Platte, Nebraska, United States"}