{"bounds":{"maxX":-115.795081,"maxY":41.001442,"minX":-116.600571,"minY":39.16148},"result":"Eureka, Nevada, United States"}