{"bounds":{"maxX":-77.6508719999999,"maxY":35.194161,"minX":-78.1974269999999,"minY":34.709072},"result":"Duplin, North Carolina, United States"}