{"bounds":{"maxX":-95.3079989999999,"maxY":40.261799,"minX":-96.0100639999999,"minY":39.99989},"result":"Richardson, Nebraska, United States"}