{"bounds":{"maxX":-76.193116,"maxY":36.37688,"minX":-76.5908889999999,"minY":36.077454},"result":"Perquimans, North Carolina, United States"}