{"bounds":{"maxX":-101.985335,"maxY":42.009472,"minX":-102.679207,"minY":41.221051},"result":"Garden, Nebraska, United States"}