{"bounds":{"maxX":-76.0117949999999,"maxY":35.995555,"minX":-76.406288,"minY":35.59819},"result":"Tyrrell, North Carolina, United States"}