{"bounds":{"maxX":-114.998993,"maxY":39.16336,"minX":-118.197213,"minY":36.001529},"result":"Nye, Nevada, United States"}