{"bounds":{"maxX":-73.335632,"maxY":45.01025,"minX":-74.031356,"minY":44.430623},"result":"Clinton, New York, United States"}