{"bounds":{"maxX":-96.75463,"maxY":47.24017,"minX":-97.7071379999999,"minY":46.628639},"result":"Cass, North Dakota, United States"}