{"bounds":{"maxX":-101.424766,"maxY":42.09623,"minX":-102.068421,"minY":41.74163},"result":"Grant, Nebraska, United States"}