{"bounds":{"maxX":-79.036598,"maxY":35.211022,"minX":-79.4629669999999,"minY":34.83556},"result":"Hoke, North Carolina, United States"}