{"bounds":{"maxX":-78.971351,"maxY":35.627739,"minX":-79.359948,"minY":35.307282},"result":"Lee, North Carolina, United States"}