{"bounds":{"maxX":-76.623458,"maxY":35.419239,"minX":-77.4737459999999,"minY":34.831409},"result":"Craven, North Carolina, United States"}