{"bounds":{"maxX":-98.501763,"maxY":47.848073,"minX":-99.297448,"minY":47.58664},"result":"Eddy, North Dakota, United States"}