{"bounds":{"maxX":-71.246888,"maxY":43.206939,"minX":-72.0628819999999,"minY":42.69778},"result":"Hillsborough, New Hampshire, United States"}