{"bounds":{"maxX":-97.3686069999999,"maxY":40.35141,"minX":-97.821541,"minY":40.003529},"result":"Thayer, Nebraska, United States"}