{"bounds":{"maxX":-102.995553,"maxY":46.28085,"minX":-104.04522,"minY":45.943828},"result":"Bowman, North Dakota, United States"}