{"bounds":{"maxX":-73.35463,"maxY":42.509471,"minX":-73.931099,"minY":41.979672},"result":"Columbia, New York, United States"}