{"bounds":{"maxX":-107.064141,"maxY":35.348869,"minX":-109.045867,"minY":34.579952},"result":"Cibola, New Mexico, United States"}