{"bounds":{"maxX":-78.161346,"maxY":34.484958,"minX":-79.0695489999999,"minY":33.94344},"result":"Columbus, North Carolina, United States"}