{"bounds":{"maxX":-102.886695,"maxY":49.000809,"minX":-104.049592,"minY":48.632759},"result":"Divide, North Dakota, United States"}