{"bounds":{"maxX":-99.6834039999999,"maxY":42.088139,"minX":-100.267501,"minY":41.739429},"result":"Blaine, Nebraska, United States"}