{"bounds":{"maxX":-75.1102529999999,"maxY":44.21944,"minX":-75.851998,"minY":43.42115},"result":"Lewis, New York, United States"}