{"bounds":{"maxX":-100.505638,"maxY":46.42736,"minX":-102.001283,"minY":45.94344},"result":"Sioux, North Dakota, United States"}