{"bounds":{"maxX":-107.301583,"maxY":36.00634,"minX":-109.045838,"minY":34.95951},"result":"McKinley, New Mexico, United States"}