{"bounds":{"maxX":-73.490059,"maxY":42.081971,"minX":-74.000237,"minY":41.440071},"result":"Dutchess, New York, United States"}