{"bounds":{"maxX":-98.2826469999999,"maxY":41.04831,"minX":-98.7228459999999,"minY":40.699113},"result":"Hall, Nebraska, United States"}