{"bounds":{"maxX":-96.0082629999999,"maxY":40.262612,"minX":-96.4636,"minY":40.0013},"result":"Pawnee, Nebraska, United States"}