{"bounds":{"maxX":-70.953292,"maxY":44.28448,"minX":-71.5648889999999,"minY":43.48248},"result":"Carroll, New Hampshire, United States"}