{"bounds":{"maxX":-71.3468099999999,"maxY":44.404659,"minX":-72.33329,"minY":43.528122},"result":"Grafton, New Hampshire, United States"}