{"bounds":{"maxX":-99.179337,"maxY":40.684891,"minX":-99.64537,"minY":40.34932},"result":"Phelps, Nebraska, United States"}