{"bounds":{"maxX":-100.709778,"maxY":41.744233,"minX":-101.405487,"minY":41.393902},"result":"McPherson, Nebraska, United States"}