{"bounds":{"maxX":-74.265519,"maxY":41.085681,"minX":-74.885034,"minY":40.64883},"result":"Morris, New Jersey, United States"}