{"bounds":{"maxX":-105.712989,"maxY":36.00449,"minX":-106.247367,"minY":35.040582},"result":"Santa Fe, New Mexico, United States"}