{"bounds":{"maxX":-78.4612890000001,"maxY":43.09816,"minX":-79.1382060000002,"minY":42.440429},"result":"Erie, New York, United States"}