{"bounds":{"maxX":-98.744744,"maxY":41.39431,"minX":-99.2078099999999,"minY":41.04625},"result":"Sherman, Nebraska, United States"}