{"bounds":{"maxX":-78.112878,"maxY":35.318771,"minX":-78.6748899999999,"minY":34.54969},"result":"Sampson, North Carolina, United States"}