{"bounds":{"maxX":-100.584611,"maxY":47.849479,"minX":-102.386513,"minY":47.157903},"result":"McLean, North Dakota, United States"}