{"bounds":{"maxX":-73.764442,"maxY":40.920102,"minX":-73.9358369999999,"minY":40.781665},"result":"Bronx, New York, United States"}