{"bounds":{"maxX":-74.7358389999999,"maxY":39.995591,"minX":-75.140992,"minY":39.609471},"result":"Camden, New Jersey, United States"}