{"bounds":{"maxX":-77.7072209999999,"maxY":34.388359,"minX":-78.037247,"minY":33.919723},"result":"New Hanover, North Carolina, United States"}