{"bounds":{"maxX":-71.9351119999999,"maxY":43.600051,"minX":-72.4517509999999,"minY":43.128712},"result":"Sullivan, New Hampshire, United States"}