{"bounds":{"maxX":-103.715432,"maxY":32.966523,"minX":-104.849603,"minY":32.00098},"result":"Eddy, New Mexico, United States"}