{"bounds":{"maxX":-75.06173,"maxY":39.788101,"minX":-75.567596,"minY":39.37225},"result":"Salem, New Jersey, United States"}