{"bounds":{"maxX":-99.0379409999999,"maxY":46.63194,"minX":-99.917068,"minY":46.281632},"result":"Logan, North Dakota, United States"}