{"bounds":{"maxX":-98.286011,"maxY":41.394939,"minX":-98.748436,"minY":41.046772},"result":"Howard, Nebraska, United States"}