{"bounds":{"maxX":-95.8724819999999,"maxY":41.394169,"minX":-96.473328,"minY":41.18909},"result":"Douglas, Nebraska, United States"}