{"bounds":{"maxX":-100.032891,"maxY":47.84766,"minX":-100.673706,"minY":47.326119},"result":"Sheridan, North Dakota, United States"}