{"bounds":{"maxX":-100.221542,"maxY":41.39594,"minX":-101.270179,"minY":40.697139},"result":"Lincoln, Nebraska, United States"}