{"bounds":{"maxX":-96.823449,"maxY":42.35366,"minX":-97.369087,"minY":42.091309},"result":"Wayne, Nebraska, United States"}