{"bounds":{"maxX":-75.07032,"maxY":43.615378,"minX":-75.8861009999999,"minY":42.86121},"result":"Oneida, New York, United States"}