{"bounds":{"maxX":-96.903877,"maxY":41.455211,"minX":-97.368308,"minY":41.04689},"result":"Butler, Nebraska, United States"}