{"bounds":{"maxX":-98.2995539999999,"maxY":42.896728,"minX":-99.255127,"minY":42.086589},"result":"Holt, Nebraska, United States"}