{"bounds":{"maxX":-76.7626109999999,"maxY":36.068372,"minX":-77.405297,"minY":35.652801},"result":"Martin, North Carolina, United States"}