{"bounds":{"maxX":-102.144225,"maxY":47.826439,"minX":-103.106666,"minY":46.981491},"result":"Dunn, North Dakota, United States"}