{"bounds":{"maxX":-77.952057,"maxY":42.871391,"minX":-78.486451,"minY":42.518811},"result":"Wyoming, New York, United States"}