{"bounds":{"maxX":-74.4050819999999,"maxY":40.75904,"minX":-74.797699,"minY":40.37349},"result":"Somerset, New Jersey, United States"}