{"bounds":{"maxX":-103.368057,"maxY":41.6986,"minX":-104.052247,"minY":41.392879},"result":"Banner, Nebraska, United States"}