{"bounds":{"maxX":-96.555153,"maxY":46.629613,"minX":-97.283791,"minY":45.935349},"result":"Richland, North Dakota, United States"}