{"bounds":{"maxX":-96.028108,"maxY":36.16438,"minX":-96.624512,"minY":35.636471},"result":"Creek, Oklahoma, United States"}