{"bounds":{"maxX":-97.1436239999999,"maxY":35.725341,"minX":-97.675668,"minY":35.374179},"result":"Oklahoma, Oklahoma, United States"}