{"bounds":{"maxX":-82.33654,"maxY":40.996059,"minX":-82.727257,"minY":40.55029},"result":"Richland, Ohio, United States"}