{"bounds":{"maxX":-94.618683,"maxY":36.999961,"minX":-95.03894,"minY":36.669411},"result":"Ottawa, Oklahoma, United States"}