{"bounds":{"maxX":-98.608627,"maxY":34.638291,"minX":-99.2376639999999,"minY":34.125541},"result":"Tillman, Oklahoma, United States"}