{"bounds":{"maxX":-118.225823,"maxY":44.99715,"minX":-119.671089,"minY":43.957723},"result":"Grant, Oregon, United States"}