{"bounds":{"maxX":-95.155876,"maxY":34.158581,"minX":-95.9925919999999,"minY":33.866711},"result":"Choctaw, Oklahoma, United States"}