{"bounds":{"maxX":-120.358749,"maxY":45.73874,"minX":-121.029214,"minY":45.083413},"result":"Sherman, Oregon, United States"}