{"bounds":{"maxX":-119.356903,"maxY":43.617081,"minX":-121.349341,"minY":41.992463},"result":"Lake, Oregon, United States"}