{"bounds":{"maxX":-80.517746,"maxY":40.93034,"minX":-81.087348,"minY":40.58289},"result":"Columbiana, Ohio, United States"}