{"bounds":{"maxX":-97.140504,"maxY":36.16634,"minX":-97.676461,"minY":35.724571},"result":"Logan, Oklahoma, United States"}