{"bounds":{"maxX":-98.619927,"maxY":35.812012,"minX":-99.37629,"minY":35.463931},"result":"Custer, Oklahoma, United States"}