{"bounds":{"maxX":-83.4203029999999,"maxY":41.168391,"minX":-83.880912,"minY":40.817981},"result":"Hancock, Ohio, United States"}