{"bounds":{"maxX":-95.999612,"maxY":37.000789,"minX":-97.067009,"minY":36.160079},"result":"Osage, Oklahoma, United States"}