{"bounds":{"maxX":-83.5198829999999,"maxY":40.538741,"minX":-84.0143209999999,"minY":40.229431},"result":"Logan, Ohio, United States"}