{"bounds":{"maxX":-121.651076,"maxY":45.463021,"minX":-122.867287,"minY":44.885479},"result":"Clackamas, Oregon, United States"}