{"bounds":{"maxX":-83.993622,"maxY":39.270252,"minX":-84.320863,"minY":38.772548},"result":"Clermont, Ohio, United States"}