{"bounds":{"maxX":-84.434197,"maxY":40.728142,"minX":-84.805892,"minY":40.351941},"result":"Mercer, Ohio, United States"}