{"bounds":{"maxX":-123.302223,"maxY":45.784119,"minX":-124.017516,"minY":45.045422},"result":"Tillamook, Oregon, United States"}