{"bounds":{"maxX":-94.9288329999999,"maxY":35.0583,"minX":-95.5142289999999,"minY":34.680061},"result":"Latimer, Oklahoma, United States"}