{"bounds":{"maxX":-82.7447969999999,"maxY":40.443829,"minX":-83.250084,"minY":40.12563},"result":"Delaware, Ohio, United States"}