{"bounds":{"maxX":-96.933296,"maxY":34.856553,"minX":-97.6704549999999,"minY":34.50761},"result":"Garvin, Oklahoma, United States"}