{"bounds":{"maxX":-81.3917769999999,"maxY":41.351009,"minX":-81.6884699999999,"minY":40.906379},"result":"Summit, Ohio, United States"}