{"bounds":{"maxX":-84.3417669999999,"maxY":41.707402,"minX":-84.8066719999999,"minY":41.426102},"result":"Williams, Ohio, United States"}