{"bounds":{"maxX":-94.559952,"maxY":36.672311,"minX":-95.0119319999999,"minY":36.16185},"result":"Delaware, Oklahoma, United States"}