{"bounds":{"maxX":-121.768882,"maxY":44.29077,"minX":-124.156838,"minY":43.438062},"result":"Lane, Oregon, United States"}