{"bounds":{"maxX":-80.860649,"maxY":40.729199,"minX":-81.321716,"minY":40.424659},"result":"Carroll, Ohio, United States"}