{"bounds":{"maxX":-123.07518,"maxY":44.720531,"minX":-123.816428,"minY":44.281301},"result":"Benton, Oregon, United States"}