{"bounds":{"maxX":-96.93261,"maxY":35.336762,"minX":-97.672851,"minY":34.855258},"result":"McClain, Oklahoma, United States"}