{"bounds":{"maxX":-95.0505679999999,"maxY":35.857663,"minX":-95.767646,"minY":35.2621},"result":"Muskogee, Oklahoma, United States"}