{"bounds":{"maxX":-121.820525,"maxY":45.727891,"minX":-122.930701,"minY":45.43179},"result":"Multnomah, Oregon, United States"}