{"bounds":{"maxX":-83.646553,"maxY":39.850139,"minX":-84.113716,"minY":39.550091},"result":"Greene, Ohio, United States"}