{"bounds":{"maxX":-123.228126,"maxY":42.783081,"minX":-124.041313,"minY":41.995861},"result":"Josephine, Oregon, United States"}