{"bounds":{"maxX":-84.340477,"maxY":40.990261,"minX":-84.803276,"minY":40.684941},"result":"Van Wert, Ohio, United States"}