{"bounds":{"maxX":-80.595588,"maxY":40.599651,"minX":-80.9417569999999,"minY":40.1548},"result":"Jefferson, Ohio, United States"}