{"bounds":{"maxX":-81.034187,"maxY":39.64566,"minX":-81.85347,"minY":39.215901},"result":"Washington, Ohio, United States"}