{"bounds":{"maxX":-82.649964,"maxY":39.016053,"minX":-83.270926,"minY":38.57071},"result":"Scioto, Ohio, United States"}