{"bounds":{"maxX":-82.0244529999999,"maxY":39.930032,"minX":-82.472923,"minY":39.550203},"result":"Perry, Ohio, United States"}