{"bounds":{"maxX":-97.1405109999999,"maxY":35.37711,"minX":-97.673256,"minY":34.929481},"result":"Cleveland, Oklahoma, United States"}