{"bounds":{"maxX":-82.342185,"maxY":41.62505,"minX":-82.9029389999999,"minY":41.283891},"result":"Erie, Ohio, United States"}