{"bounds":{"maxX":-82.731377,"maxY":39.81313,"minX":-83.267325,"minY":39.46785},"result":"Pickaway, Ohio, United States"}