{"bounds":{"maxX":-81.264259,"maxY":40.665721,"minX":-81.7123799999999,"minY":40.21442},"result":"Tuscarawas, Ohio, United States"}