{"bounds":{"maxX":-83.8803559999999,"maxY":41.167541,"minX":-84.399192,"minY":40.859069},"result":"Putnam, Ohio, United States"}