{"bounds":{"maxX":-82.17855,"maxY":40.573069,"minX":-82.7505879999999,"minY":40.239071},"result":"Knox, Ohio, United States"}