{"bounds":{"maxX":-119.757691,"maxY":45.81479,"minX":-120.655709,"minY":45.063591},"result":"Gilliam, Oregon, United States"}