{"bounds":{"maxX":-81.684541,"maxY":41.277229,"minX":-82.1736069999999,"minY":40.987979},"result":"Medina, Ohio, United States"}