{"bounds":{"maxX":-81.002022,"maxY":41.34855,"minX":-81.393226,"minY":40.987781},"result":"Portage, Ohio, United States"}