{"bounds":{"maxX":-95.3284219999999,"maxY":36.598813,"minX":-95.8180399999999,"minY":36.076629},"result":"Rogers, Oklahoma, United States"}