{"bounds":{"maxX":-82.740631,"maxY":39.516041,"minX":-83.394303,"minY":39.167283},"result":"Ross, Ohio, United States"}