{"bounds":{"maxX":-82.4245529999999,"maxY":39.208079,"minX":-82.806947,"minY":38.844379},"result":"Jackson, Ohio, United States"}