{"bounds":{"maxX":-81.739648,"maxY":39.20549,"minX":-82.324014,"minY":38.873878},"result":"Meigs, Ohio, United States"}