{"bounds":{"maxX":-121.982216,"maxY":43.945782,"minX":-124.220834,"minY":42.701741},"result":"Douglas, Oregon, United States"}