{"bounds":{"maxX":-82.7071299999999,"maxY":41.729241,"minX":-83.416253,"minY":41.456939},"result":"Ottawa, Ohio, United States"}