{"bounds":{"maxX":-94.4316479999999,"maxY":35.380852,"minX":-95.0623469999999,"minY":34.506471},"result":"Le Flore, Oklahoma, United States"}