{"bounds":{"maxX":-81.234024,"maxY":39.95378,"minX":-81.6975869999999,"minY":39.583111},"result":"Noble, Ohio, United States"}