{"bounds":{"maxX":-83.206329,"maxY":40.111018,"minX":-83.653365,"minY":39.695201},"result":"Madison, Ohio, United States"}