{"bounds":{"maxX":-81.002402,"maxY":41.853069,"minX":-81.4887629999999,"minY":41.569932},"result":"Lake, Ohio, United States"}