{"bounds":{"maxX":-82.336579,"maxY":41.28981,"minX":-82.8416149999999,"minY":40.99305},"result":"Huron, Ohio, United States"}