{"bounds":{"maxX":-83.5760569999999,"maxY":39.569069,"minX":-84.006706,"minY":39.222759},"result":"Clinton, Ohio, United States"}