{"bounds":{"maxX":-82.365891,"maxY":39.940979,"minX":-82.842971,"minY":39.554909},"result":"Fairfield, Ohio, United States"}