{"bounds":{"maxX":-121.793846,"maxY":44.792363,"minX":-123.257461,"minY":44.200359},"result":"Linn, Oregon, United States"}