{"bounds":{"maxX":-82.762077,"maxY":40.142712,"minX":-83.265976,"minY":39.79451},"result":"Franklin, Ohio, United States"}