{"bounds":{"maxX":-84.332008,"maxY":39.58978,"minX":-84.819091,"minY":39.291568},"result":"Butler, Ohio, United States"}