{"bounds":{"maxX":-95.348777,"maxY":35.300629,"minX":-96.094353,"minY":34.593071},"result":"Pittsburg, Oklahoma, United States"}