{"bounds":{"maxX":-99.380577,"maxY":36.591732,"minX":-100.004463,"minY":35.839961},"result":"Ellis, Oklahoma, United States"}