{"bounds":{"maxX":-119.1482,"maxY":45.925629,"minX":-120.008332,"minY":44.993382},"result":"Morrow, Oregon, United States"}