{"bounds":{"maxX":-83.2525019999999,"maxY":39.71663,"minX":-83.6703879999999,"minY":39.377091},"result":"Fayette, Ohio, United States"}