{"bounds":{"maxX":-117.972474,"maxY":46.003769,"minX":-119.435485,"minY":44.99503},"result":"Umatilla, Oregon, United States"}