{"bounds":{"maxX":-120.373101,"maxY":45.706551,"minX":-121.805185,"minY":44.81834},"result":"Wasco, Oregon, United States"}