{"bounds":{"maxX":-95.98085,"maxY":35.290211,"minX":-96.496101,"minY":34.768428},"result":"Hughes, Oklahoma, United States"}