{"bounds":{"maxX":-84.050988,"maxY":39.92265,"minX":-84.485421,"minY":39.577801},"result":"Montgomery, Ohio, United States"}