{"bounds":{"maxX":-97.6689759999999,"maxY":35.3777,"minX":-98.0985269999999,"minY":34.682431},"result":"Grady, Oklahoma, United States"}