{"bounds":{"maxX":-99.0405959999999,"maxY":34.85926,"minX":-99.8457789999999,"minY":34.33466},"result":"Jackson, Oklahoma, United States"}