{"bounds":{"maxX":-82.7244259999999,"maxY":40.997169,"minX":-83.1129,"minY":40.702732},"result":"Crawford, Ohio, United States"}