{"bounds":{"maxX":-119.897988,"maxY":44.39495,"minX":-122.000764,"minY":43.606681},"result":"Deschutes, Oregon, United States"}