{"bounds":{"maxX":-83.414703,"maxY":41.619678,"minX":-83.883743,"minY":41.166278},"result":"Wood, Ohio, United States"}