{"bounds":{"maxX":-94.9377509999999,"maxY":34.68126,"minX":-95.779671,"minY":34.156607},"result":"Pushmataha, Oklahoma, United States"}