{"bounds":{"maxX":-95.712593,"maxY":35.85888,"minX":-96.194428,"minY":35.374641},"result":"Okmulgee, Oklahoma, United States"}