{"bounds":{"maxX":-120.881813,"maxY":43.618141,"minX":-122.288658,"minY":41.99334},"result":"Klamath, Oregon, United States"}