{"bounds":{"maxX":-96.935662,"maxY":34.509842,"minX":-97.5643459999999,"minY":34.072491},"result":"Carter, Oklahoma, United States"}