{"bounds":{"maxX":-81.225938,"maxY":40.22247,"minX":-81.728576,"minY":39.839181},"result":"Guernsey, Ohio, United States"}