{"bounds":{"maxX":-77.2923959999999,"maxY":40.848581,"minX":-77.89644,"minY":40.3625},"result":"Mifflin, Pennsylvania, United States"}