{"bounds":{"maxX":-76.240775,"maxY":40.226632,"minX":-77.138559,"minY":39.719681},"result":"York, Pennsylvania, United States"}