{"bounds":{"maxX":-78.117203,"maxY":40.744091,"minX":-78.622002,"minY":40.244801},"result":"Blair, Pennsylvania, United States"}