{"bounds":{"maxX":-75.5278479999999,"maxY":40.67608,"minX":-76.441207,"minY":40.137082},"result":"Berks, Pennsylvania, United States"}