{"bounds":{"maxX":-79.293953,"maxY":40.144088,"minX":-80.0106959999999,"minY":39.721612},"result":"Fayette, Pennsylvania, United States"}