{"bounds":{"maxX":-78.9577869999999,"maxY":41.626491,"minX":-79.520928,"minY":41.32476},"result":"Forest, Pennsylvania, United States"}