{"bounds":{"maxX":-79.611093,"maxY":42.26788,"minX":-80.519333,"minY":41.848209},"result":"Erie, Pennsylvania, United States"}