{"bounds":{"maxX":-75.598198,"maxY":41.428181,"minX":-76.319877,"minY":40.901871},"result":"Luzerne, Pennsylvania, United States"}