{"bounds":{"maxX":-75.044564,"maxY":41.999191,"minX":-75.505913,"minY":41.232392},"result":"Wayne, Pennsylvania, United States"}