{"bounds":{"maxX":-75.212892,"maxY":40.066821,"minX":-75.6015389999999,"minY":39.80333},"result":"Delaware, Pennsylvania, United States"}