{"bounds":{"maxX":-75.361008,"maxY":40.24664,"minX":-76.1391599999999,"minY":39.72228},"result":"Chester, Pennsylvania, United States"}