{"bounds":{"maxX":-78.9725789999999,"maxY":40.680419,"minX":-79.905265,"minY":40.039971},"result":"Westmoreland, Pennsylvania, United States"}