{"bounds":{"maxX":-77.863221,"maxY":40.166321,"minX":-78.382379,"minY":39.722772},"result":"Fulton, Pennsylvania, United States"}