{"bounds":{"maxX":-78.656853,"maxY":40.285727,"minX":-79.416917,"minY":39.721951},"result":"Somerset, Pennsylvania, United States"}