{"bounds":{"maxX":-75.0536739999999,"maxY":40.96437,"minX":-75.6107029999999,"minY":40.537189},"result":"Northampton, Pennsylvania, United States"}