{"bounds":{"maxX":-75.442779,"maxY":41.644088,"minX":-75.8348379999999,"minY":41.162541},"result":"Lackawanna, Pennsylvania, United States"}