{"bounds":{"maxX":-80.146133,"maxY":40.856289,"minX":-80.519066,"minY":40.479832},"result":"Beaver, Pennsylvania, United States"}