{"bounds":{"maxX":-77.9875019999999,"maxY":41.619172,"minX":-78.4218049999999,"minY":41.2184},"result":"Cameron, Pennsylvania, United States"}