{"bounds":{"maxX":-79.8387529999999,"maxY":40.480338,"minX":-80.5195629999999,"minY":39.95314},"result":"Washington, Pennsylvania, United States"}