{"bounds":{"maxX":-76.3799979999999,"maxY":41.17563,"minX":-76.949821,"minY":40.60376},"result":"Northumberland, Pennsylvania, United States"}