{"bounds":{"maxX":-74.72293,"maxY":40.610981,"minX":-75.483307,"minY":40.050621},"result":"Bucks, Pennsylvania, United States"}