{"bounds":{"maxX":-77.59777,"maxY":41.999982,"minX":-78.2086169999999,"minY":41.475391},"result":"Potter, Pennsylvania, United States"}