{"bounds":{"maxX":-76.915923,"maxY":40.628423,"minX":-77.671409,"minY":40.177849},"result":"Perry, Pennsylvania, United States"}