{"bounds":{"maxX":-71.3488159999999,"maxY":41.771129,"minX":-71.790444,"minY":41.599022},"result":"Kent, Rhode Island, United States"}