{"bounds":{"maxX":-71.3179919999999,"maxY":42.019101,"minX":-71.797942,"minY":41.723171},"result":"Providence, Rhode Island, United States"}