{"bounds":{"maxX":-71.2276679999999,"maxY":41.775872,"minX":-71.3536769999999,"minY":41.646572},"result":"Bristol, Rhode Island, United States"}