{"bounds":{"maxX":-99.709573,"maxY":45.595822,"minX":-100.486489,"minY":45.246159},"result":"Walworth, South Dakota, United States"}