{"bounds":{"maxX":-97.2268829999999,"maxY":45.936031,"minX":-97.980156,"minY":45.56026},"result":"Marshall, South Dakota, United States"}