{"bounds":{"maxX":-81.8699579999999,"maxY":34.41113,"minX":-82.334268,"minY":33.953129},"result":"Greenwood, South Carolina, United States"}