{"bounds":{"maxX":-100.338357,"maxY":44.169751,"minX":-101.069282,"minY":43.710621},"result":"Jones, South Dakota, United States"}