{"bounds":{"maxX":-96.8039029999999,"maxY":43.084062,"minX":-97.1591109999999,"minY":42.69548},"result":"Clay, South Dakota, United States"}