{"bounds":{"maxX":-100.298287,"maxY":45.94432,"minX":-102.000184,"minY":45.470902},"result":"Corson, South Dakota, United States"}