{"bounds":{"maxX":-102.999008,"maxY":43.477162,"minX":-104.0541,"minY":42.999679},"result":"Fall River, South Dakota, United States"}