{"bounds":{"maxX":-96.453162,"maxY":44.198331,"minX":-96.889899,"minY":43.848012},"result":"Moody, South Dakota, United States"}