{"bounds":{"maxX":-98.3218909999999,"maxY":43.938548,"minX":-98.8074799999999,"minY":43.499279},"result":"Aurora, South Dakota, United States"}