{"bounds":{"maxX":-97.8494269999999,"maxY":44.197399,"minX":-98.332031,"minY":43.850152},"result":"Sanborn, South Dakota, United States"}