{"bounds":{"maxX":-80.000848,"maxY":34.373212,"minX":-80.481613,"minY":33.952283},"result":"Lee, South Carolina, United States"}