{"bounds":{"maxX":-96.4365769999999,"maxY":43.502071,"minX":-96.9234779999999,"minY":43.083043},"result":"Lincoln, South Dakota, United States"}