{"bounds":{"maxX":-96.4533759999999,"maxY":44.544972,"minX":-97.12857,"minY":44.19646},"result":"Brookings, South Dakota, United States"}