{"bounds":{"maxX":-102.687608,"maxY":43.857051,"minX":-104.054916,"minY":43.475959},"result":"Custer, South Dakota, United States"}