{"bounds":{"maxX":-100.214661,"maxY":43.860401,"minX":-101.233551,"minY":43.388278},"result":"Mellette, South Dakota, United States"}