{"bounds":{"maxX":-99.5719379999999,"maxY":45.246898,"minX":-100.426277,"minY":44.898251},"result":"Potter, South Dakota, United States"}