{"bounds":{"maxX":-97.367813,"maxY":44.196412,"minX":-97.850587,"minY":43.849979},"result":"Miner, South Dakota, United States"}