{"bounds":{"maxX":-80.3601829999999,"maxY":33.177231,"minX":-81.078072,"minY":32.470403},"result":"Colleton, South Carolina, United States"}