{"bounds":{"maxX":-97.4906769999999,"maxY":45.154522,"minX":-97.9829569999999,"minY":44.54362},"result":"Clark, South Dakota, United States"}