{"bounds":{"maxX":-98.718429,"maxY":45.246471,"minX":-99.575127,"minY":44.896469},"result":"Faulk, South Dakota, United States"}