{"bounds":{"maxX":-98.109048,"maxY":43.49981,"minX":-98.7094269999999,"minY":43.195721},"result":"Douglas, South Dakota, United States"}