{"bounds":{"maxX":-81.366501,"maxY":35.184071,"minX":-81.8746179999999,"minY":34.83979},"result":"Cherokee, South Carolina, United States"}