{"bounds":{"maxX":-99.298683,"maxY":44.898621,"minX":-99.6750029999999,"minY":44.193069},"result":"Hyde, South Dakota, United States"}