{"bounds":{"maxX":-103.45195,"maxY":44.604819,"minX":-104.056388,"minY":44.139001},"result":"Lawrence, South Dakota, United States"}