{"bounds":{"maxX":-100.260873,"maxY":45.47268,"minX":-101.500771,"minY":44.725632},"result":"Dewey, South Dakota, United States"}