{"bounds":{"maxX":-80.0789559999999,"maxY":33.334229,"minX":-80.798073,"minY":32.81782},"result":"Dorchester, South Carolina, United States"}