{"bounds":{"maxX":-79.2799909999999,"maxY":33.215019,"minX":-80.4519109999999,"minY":32.477463},"result":"Charleston, South Carolina, United States"}