{"bounds":{"maxX":-79.068077,"maxY":34.621052,"minX":-79.631028,"minY":34.245282},"result":"Dillon, South Carolina, United States"}