{"bounds":{"maxX":-96.885033,"maxY":45.15413,"minX":-97.4951399999999,"minY":44.80354},"result":"Codington, South Dakota, United States"}