{"bounds":{"maxX":-98.925666,"maxY":44.198231,"minX":-99.573502,"minY":43.933491},"result":"Buffalo, South Dakota, United States"}