{"bounds":{"maxX":-97.9766319999999,"maxY":45.245122,"minX":-98.7209159999999,"minY":44.632142},"result":"Spink, South Dakota, United States"}