{"bounds":{"maxX":-99.7196739999999,"maxY":45.943882,"minX":-100.512177,"minY":45.594878},"result":"Campbell, South Dakota, United States"}