{"bounds":{"maxX":-97.962144,"maxY":43.850991,"minX":-98.3265519999999,"minY":43.498219},"result":"Davison, South Dakota, United States"}