{"bounds":{"maxX":-80.412247,"maxY":35.071639,"minX":-80.9060059999999,"minY":34.45818},"result":"Lancaster, South Carolina, United States"}