{"bounds":{"maxX":-81.4164959999999,"maxY":34.912991,"minX":-81.853981,"minY":34.445629},"result":"Union, South Carolina, United States"}