{"bounds":{"maxX":-102.082862,"maxY":43.705921,"minX":-103.001609,"minY":42.997872},"result":"Oglala Lakota, South Dakota, United States"}