{"bounds":{"maxX":-100.197891,"maxY":43.389131,"minX":-101.228081,"minY":42.994651},"result":"Todd, South Dakota, United States"}