{"bounds":{"maxX":-101.999977,"maxY":45.039489,"minX":-103.574691,"minY":44.139001},"result":"Meade, South Dakota, United States"}