{"bounds":{"maxX":-96.8857189999999,"maxY":44.804672,"minX":-97.4920969999999,"minY":44.54362},"result":"Hamlin, South Dakota, United States"}