{"bounds":{"maxX":-101.998816,"maxY":45.944359,"minX":-102.960486,"minY":45.03817},"result":"Perkins, South Dakota, United States"}