{"bounds":{"maxX":-98.0668039999999,"maxY":43.50043,"minX":-99.309502,"minY":42.83644},"result":"Charles Mix, South Dakota, United States"}