{"bounds":{"maxX":-96.922493,"maxY":43.500209,"minX":-97.4014809999999,"minY":43.083939},"result":"Turner, South Dakota, United States"}