{"bounds":{"maxX":-97.12857,"maxY":43.84999,"minX":-97.6083209999999,"minY":43.498741},"result":"McCook, South Dakota, United States"}