{"bounds":{"maxX":-84.4011,"maxY":35.644951,"minX":-84.8599619999999,"minY":35.237868},"result":"McMinn, Tennessee, United States"}