{"bounds":{"maxX":-96.64969,"maxY":30.5563,"minX":-97.337936,"minY":30.03562},"result":"Lee, Texas, United States"}