{"bounds":{"maxX":-97.9487379999999,"maxY":34.15578,"minX":-98.423172,"minY":33.465172},"result":"Clay, Texas, United States"}