{"bounds":{"maxX":-89.340112,"maxY":36.503978,"minX":-89.702346,"minY":36.184491},"result":"Lake, Tennessee, United States"}