{"bounds":{"maxX":-95.8010849999999,"maxY":30.241422,"minX":-96.1922759999999,"minY":29.72919},"result":"Waller, Texas, United States"}