{"bounds":{"maxX":-98.413811,"maxY":30.138981,"minX":-98.9252769999999,"minY":29.716781},"result":"Kendall, Texas, United States"}