{"bounds":{"maxX":-87.916573,"maxY":36.360889,"minX":-88.225083,"minY":35.810371},"result":"Benton, Tennessee, United States"}