{"bounds":{"maxX":-95.860306,"maxY":33.408679,"minX":-96.301857,"minY":32.83965},"result":"Hunt, Texas, United States"}