{"bounds":{"maxX":-98.95231,"maxY":34.457752,"minX":-99.4784999999999,"minY":33.831792},"result":"Wilbarger, Texas, United States"}