{"bounds":{"maxX":-93.6892309999999,"maxY":30.2452,"minX":-94.11889,"minY":29.868512},"result":"Orange, Texas, United States"}