{"bounds":{"maxX":-85.558053,"maxY":35.854721,"minX":-85.9909289999999,"minY":35.513518},"result":"Warren, Tennessee, United States"}