{"bounds":{"maxX":-96.1750479999999,"maxY":29.956831,"minX":-96.8734279999999,"minY":29.24695},"result":"Colorado, Texas, United States"}