{"bounds":{"maxX":-89.341828,"maxY":35.948719,"minX":-89.958337,"minY":35.538213},"result":"Lauderdale, Tennessee, United States"}