{"bounds":{"maxX":-96.277612,"maxY":30.730691,"minX":-96.9655759999999,"minY":30.296369},"result":"Burleson, Texas, United States"}