{"bounds":{"maxX":-95.631288,"maxY":32.982139,"minX":-95.9759819999999,"minY":32.711793},"result":"Rains, Texas, United States"}