{"bounds":{"maxX":-98.786942,"maxY":29.90676,"minX":-99.603333,"minY":29.553271},"result":"Bandera, Texas, United States"}