{"bounds":{"maxX":-102.161827,"maxY":36.501289,"minX":-103.040787,"minY":36.054938},"result":"Dallam, Texas, United States"}