{"bounds":{"maxX":-84.262818,"maxY":36.049332,"minX":-84.788888,"minY":35.644539},"result":"Roane, Tennessee, United States"}