{"bounds":{"maxX":-96.299179,"maxY":32.984731,"minX":-96.521058,"minY":32.815343},"result":"Rockwall, Texas, United States"}