{"bounds":{"maxX":-84.711472,"maxY":35.825229,"minX":-85.146507,"minY":35.411098},"result":"Rhea, Tennessee, United States"}