{"bounds":{"maxX":-94.7245789999999,"maxY":33.077079,"minX":-95.1526029999999,"minY":32.90569},"result":"Camp, Texas, United States"}