{"bounds":{"maxX":-86.909591,"maxY":36.45502,"minX":-87.2893819999999,"minY":36.044042},"result":"Cheatham, Tennessee, United States"}