{"bounds":{"maxX":-95.426498,"maxY":32.360143,"minX":-96.4518649999999,"minY":32.004762},"result":"Henderson, Texas, United States"}