{"bounds":{"maxX":-100.698052,"maxY":30.29025,"minX":-101.759339,"minY":29.23684},"result":"Val Verde, Texas, United States"}