{"bounds":{"maxX":-97.6319129999999,"maxY":29.859101,"minX":-98.3123689999999,"minY":29.36934},"result":"Guadalupe, Texas, United States"}