{"bounds":{"maxX":-95.7811429999999,"maxY":32.00988,"minX":-96.4997569999999,"minY":31.411521},"result":"Freestone, Texas, United States"}