{"bounds":{"maxX":-87.1979909999999,"maxY":35.458062,"minX":-87.6138759999999,"minY":35.00023},"result":"Lawrence, Tennessee, United States"}