{"bounds":{"maxX":-83.2543479999999,"maxY":36.043269,"minX":-83.7945329999999,"minY":35.562729},"result":"Sevier, Tennessee, United States"}