{"bounds":{"maxX":-101.774789,"maxY":31.65331,"minX":-102.317132,"minY":31.07979},"result":"Upton, Texas, United States"}