{"bounds":{"maxX":-97.613823,"maxY":32.555542,"minX":-98.06749,"minY":32.23304},"result":"Hood, Texas, United States"}