{"bounds":{"maxX":-101.173767,"maxY":32.96273,"minX":-101.691514,"minY":32.525218},"result":"Borden, Texas, United States"}