{"bounds":{"maxX":-86.51413,"maxY":36.420471,"minX":-87.0548699999999,"minY":35.969872},"result":"Davidson, Tennessee, United States"}