{"bounds":{"maxX":-86.597138,"maxY":35.710841,"minX":-86.959876,"minY":35.252621},"result":"Marshall, Tennessee, United States"}