{"bounds":{"maxX":-94.8404159999999,"maxY":31.387701,"minX":-95.437057,"minY":30.823891},"result":"Trinity, Texas, United States"}