{"bounds":{"maxX":-100.000846,"maxY":35.183689,"minX":-100.539643,"minY":34.74583},"result":"Collingsworth, Texas, United States"}