{"bounds":{"maxX":-97.3840339999999,"maxY":33.436211,"minX":-97.9206149999999,"minY":32.992179},"result":"Wise, Texas, United States"}