{"bounds":{"maxX":-100.113586,"maxY":31.701691,"minX":-101.266633,"minY":31.08658},"result":"Tom Green, Texas, United States"}