{"bounds":{"maxX":-85.485428,"maxY":35.531601,"minX":-85.913787,"minY":35.215179},"result":"Grundy, Tennessee, United States"}