{"bounds":{"maxX":-98.2337869999999,"maxY":28.060672,"minX":-98.802468,"minY":27.264392},"result":"Duval, Texas, United States"}