{"bounds":{"maxX":-95.422494,"maxY":29.789341,"minX":-96.0919259999999,"minY":29.261302},"result":"Fort Bend, Texas, United States"}