{"bounds":{"maxX":-96.5691219999999,"maxY":30.162491,"minX":-97.317337,"minY":29.629191},"result":"Fayette, Texas, United States"}