{"bounds":{"maxX":-96.323272,"maxY":28.718731,"minX":-96.9299619999999,"minY":28.064455},"result":"Calhoun, Texas, United States"}