{"bounds":{"maxX":-87.271607,"maxY":35.659401,"minX":-87.7198559999999,"minY":35.397652},"result":"Lewis, Tennessee, United States"}