{"bounds":{"maxX":-86.243462,"maxY":35.412632,"minX":-86.531098,"minY":35.12276},"result":"Moore, Tennessee, United States"}