{"bounds":{"maxX":-87.202278,"maxY":35.993782,"minX":-87.7448489999999,"minY":35.60913},"result":"Hickman, Tennessee, United States"}