{"bounds":{"maxX":-85.493735,"maxY":36.52266,"minX":-85.846443,"minY":36.212212},"result":"Jackson, Tennessee, United States"}