{"bounds":{"maxX":-94.573632,"maxY":32.662602,"minX":-94.989501,"minY":32.362399},"result":"Gregg, Texas, United States"}