{"bounds":{"maxX":-94.069106,"maxY":30.527731,"minX":-94.739409,"minY":30.100719},"result":"Hardin, Texas, United States"}