{"bounds":{"maxX":-97.3702929999999,"maxY":30.62691,"minX":-98.1731569999999,"minY":30.022921},"result":"Travis, Texas, United States"}