{"bounds":{"maxX":-102.288971,"maxY":32.088508,"minX":-102.798638,"minY":31.65116},"result":"Ector, Texas, United States"}