{"bounds":{"maxX":-98.3342509999999,"maxY":28.644992,"minX":-98.8034519999999,"minY":28.057091},"result":"McMullen, Texas, United States"}