{"bounds":{"maxX":-99.114158,"maxY":32.516282,"minX":-99.633744,"minY":32.083711},"result":"Callahan, Texas, United States"}