{"bounds":{"maxX":-99.4837419999999,"maxY":31.087182,"minX":-100.116791,"minY":30.710661},"result":"Menard, Texas, United States"}