{"bounds":{"maxX":-105.949548,"maxY":32.00225,"minX":-106.645783,"minY":31.38875},"result":"El Paso, Texas, United States"}