{"bounds":{"maxX":-97.613823,"maxY":32.318829,"minX":-97.9463949999999,"minY":32.08924},"result":"Somervell, Texas, United States"}