{"bounds":{"maxX":-98.1192629999999,"maxY":29.76064,"minX":-98.8056109999999,"minY":29.110389},"result":"Bexar, Texas, United States"}