{"bounds":{"maxX":-95.096329,"maxY":30.628549,"minX":-95.829743,"minY":30.027602},"result":"Montgomery, Texas, United States"}