{"bounds":{"maxX":-94.372605,"maxY":29.60191,"minX":-95.233307,"minY":29.085902},"result":"Galveston, Texas, United States"}