{"bounds":{"maxX":-100.146636,"maxY":32.525861,"minX":-100.669807,"minY":32.082038},"result":"Nolan, Texas, United States"}