{"bounds":{"maxX":-84.659531,"maxY":36.581421,"minX":-85.122466,"minY":36.133078},"result":"Fentress, Tennessee, United States"}