{"bounds":{"maxX":-87.970718,"maxY":35.850751,"minX":-88.244445,"minY":35.383813},"result":"Decatur, Tennessee, United States"}