{"bounds":{"maxX":-100.415451,"maxY":34.747779,"minX":-100.947159,"minY":34.31317},"result":"Hall, Texas, United States"}