{"bounds":{"maxX":-85.86477,"maxY":35.362892,"minX":-86.330598,"minY":34.989041},"result":"Franklin, Tennessee, United States"}