{"bounds":{"maxX":-101.082688,"maxY":36.50246,"minX":-101.626182,"minY":36.054722},"result":"Hansford, Texas, United States"}