{"bounds":{"maxX":-82.8953769999999,"maxY":36.182511,"minX":-83.3161469999999,"minY":35.71328},"result":"Cocke, Tennessee, United States"}