{"bounds":{"maxX":-98.416893,"maxY":27.360991,"minX":-98.957909,"minY":26.78343},"result":"Jim Hogg, Texas, United States"}