{"bounds":{"maxX":-97.984429,"maxY":27.267031,"minX":-98.5350109999999,"minY":26.78331},"result":"Brooks, Texas, United States"}