{"bounds":{"maxX":-96.834938,"maxY":33.430753,"minX":-97.395439,"minY":32.984311},"result":"Denton, Texas, United States"}