{"bounds":{"maxX":-95.308984,"maxY":33.493869,"minX":-95.864318,"minY":33.217551},"result":"Delta, Texas, United States"}