{"bounds":{"maxX":-100.519218,"maxY":33.396561,"minX":-101.040558,"minY":32.963323},"result":"Kent, Texas, United States"}