{"bounds":{"maxX":-99.998727,"maxY":33.837971,"minX":-100.520608,"minY":33.395},"result":"King, Texas, United States"}