{"bounds":{"maxX":-85.8696899999999,"maxY":35.704551,"minX":-86.279761,"minY":35.288971},"result":"Coffee, Tennessee, United States"}