{"bounds":{"maxX":-94.7465129999999,"maxY":33.96049,"minX":-95.3114019999999,"minY":33.317651},"result":"Red River, Texas, United States"}