{"bounds":{"maxX":-88.3557509999999,"maxY":35.590569,"minX":-88.842057,"minY":35.247491},"result":"Chester, Tennessee, United States"}