{"bounds":{"maxX":-94.054497,"maxY":31.060051,"minX":-94.6575149999999,"minY":30.525671},"result":"Tyler, Texas, United States"}