{"bounds":{"maxX":-97.569266,"maxY":29.22397,"minX":-98.1879259999999,"minY":28.664551},"result":"Karnes, Texas, United States"}