{"bounds":{"maxX":-83.255189,"maxY":36.42081,"minX":-83.7328639999999,"minY":36.080711},"result":"Grainger, Tennessee, United States"}