{"bounds":{"maxX":-93.865304,"maxY":31.156941,"minX":-94.4536669999999,"minY":30.243081},"result":"Jasper, Texas, United States"}