{"bounds":{"maxX":-84.9052119999999,"maxY":35.77362,"minX":-85.433639,"minY":35.354542},"result":"Bledsoe, Tennessee, United States"}