{"bounds":{"maxX":-99.998711,"maxY":34.31498,"minX":-100.520608,"minY":33.83498},"result":"Cottle, Texas, United States"}