{"bounds":{"maxX":-94.0172489999999,"maxY":32.39069,"minX":-94.6023329999999,"minY":31.97168},"result":"Panola, Texas, United States"}