{"bounds":{"maxX":-87.9906769999999,"maxY":36.50275,"minX":-88.529975,"minY":36.120621},"result":"Henry, Tennessee, United States"}