{"bounds":{"maxX":-101.042268,"maxY":34.312721,"minX":-101.564377,"minY":33.829652},"result":"Floyd, Texas, United States"}