{"bounds":{"maxX":-96.594817,"maxY":31.519162,"minX":-97.2781229999999,"minY":30.988041},"result":"Falls, Texas, United States"}