{"bounds":{"maxX":-94.831001,"maxY":30.905961,"minX":-95.362183,"minY":30.32151},"result":"San Jacinto, Texas, United States"}