{"bounds":{"maxX":-102.203788,"maxY":32.96098,"minX":-103.063651,"minY":32.521519},"result":"Gaines, Texas, United States"}