{"bounds":{"maxX":-101.691514,"maxY":32.525218,"minX":-102.21087,"minY":32.088089},"result":"Martin, Texas, United States"}