{"bounds":{"maxX":-96.007126,"maxY":30.096981,"minX":-96.61911,"minY":29.59964},"result":"Austin, Texas, United States"}