{"bounds":{"maxX":-103.79248,"maxY":30.629301,"minX":-104.980888,"minY":29.259992},"result":"Presidio, Texas, United States"}