{"bounds":{"maxX":-95.4468459999999,"maxY":32.84114,"minX":-96.0774759999999,"minY":32.35516},"result":"Van Zandt, Texas, United States"}