{"bounds":{"maxX":-102.595421,"maxY":33.825661,"minX":-103.055916,"minY":33.390259},"result":"Cochran, Texas, United States"}