{"bounds":{"maxX":-98.125558,"maxY":30.49888,"minX":-98.5896079999999,"minY":29.9442},"result":"Blanco, Texas, United States"}