{"bounds":{"maxX":-100.111045,"maxY":29.623639,"minX":-100.799339,"minY":29.083352},"result":"Kinney, Texas, United States"}