{"bounds":{"maxX":-97.027352,"maxY":30.41893,"minX":-97.6526259999999,"minY":29.784902},"result":"Bastrop, Texas, United States"}