{"bounds":{"maxX":-100.519363,"maxY":33.83498,"minX":-101.042525,"minY":33.39621},"result":"Dickens, Texas, United States"}