{"bounds":{"maxX":-84.1333309999999,"maxY":35.903253,"minX":-84.584998,"minY":35.61055},"result":"Loudon, Tennessee, United States"}