{"bounds":{"maxX":-85.6316689999999,"maxY":36.131912,"minX":-86.058036,"minY":35.825828},"result":"DeKalb, Tennessee, United States"}