{"bounds":{"maxX":-86.5995169999999,"maxY":36.052689,"minX":-87.215028,"minY":35.70631},"result":"Williamson, Tennessee, United States"}