{"bounds":{"maxX":-99.998711,"maxY":34.74738,"minX":-100.418685,"minY":34.312019},"result":"Childress, Texas, United States"}