{"bounds":{"maxX":-93.7951659999999,"maxY":31.978301,"minX":-94.5124959999999,"minY":31.567699},"result":"Shelby, Texas, United States"}