{"bounds":{"maxX":-83.899528,"maxY":36.594879,"minX":-84.3767769999999,"minY":36.17764},"result":"Campbell, Tennessee, United States"}