{"bounds":{"maxX":-87.5338829999999,"maxY":36.24464,"minX":-88.025253,"minY":35.8037},"result":"Humphreys, Tennessee, United States"}