{"bounds":{"maxX":-96.309829,"maxY":29.264552,"minX":-96.938857,"minY":28.673121},"result":"Jackson, Texas, United States"}