{"bounds":{"maxX":-97.205001,"maxY":27.638179,"minX":-98.058868,"minY":27.212409},"result":"Kleberg, Texas, United States"}