{"bounds":{"maxX":-101.471748,"maxY":34.74841,"minX":-101.996307,"minY":34.309902},"result":"Swisher, Texas, United States"}