{"bounds":{"maxX":-102.299842,"maxY":31.652669,"minX":-102.772453,"minY":31.084841},"result":"Crane, Texas, United States"}