{"bounds":{"maxX":-99.410737,"maxY":29.62574,"minX":-100.1119,"minY":29.08445},"result":"Uvalde, Texas, United States"}