{"bounds":{"maxX":-99.992676,"maxY":33.396561,"minX":-100.519363,"minY":32.958598},"result":"Stonewall, Texas, United States"}