{"bounds":{"maxX":-101.691514,"maxY":32.961071,"minX":-102.20395,"minY":32.5237},"result":"Dawson, Texas, United States"}