{"bounds":{"maxX":-96.7184369999999,"maxY":32.268891,"minX":-97.494431,"minY":31.711421},"result":"Hill, Texas, United States"}