{"bounds":{"maxX":-93.5968329999999,"maxY":31.60922,"minX":-94.04892,"minY":31.133651},"result":"Sabine, Texas, United States"}