{"bounds":{"maxX":-87.1480099999999,"maxY":36.335151,"minX":-87.566292,"minY":35.960831},"result":"Dickson, Tennessee, United States"}