{"bounds":{"maxX":-95.308984,"maxY":33.377448,"minX":-95.867317,"minY":32.96273},"result":"Hopkins, Texas, United States"}