{"bounds":{"maxX":-104.90216,"maxY":32.003029,"minX":-105.998497,"minY":30.629301},"result":"Hudspeth, Texas, United States"}