{"bounds":{"maxX":-96.518539,"maxY":32.990219,"minX":-97.0377119999999,"minY":32.545441},"result":"Dallas, Texas, United States"}