{"bounds":{"maxX":-100.234435,"maxY":32.08511,"minX":-100.825362,"minY":31.691989},"result":"Coke, Texas, United States"}