{"bounds":{"maxX":-88.3637919999999,"maxY":35.38634,"minX":-88.7867419999999,"minY":34.997189},"result":"McNairy, Tennessee, United States"}