{"bounds":{"maxX":-98.1586599999999,"maxY":32.259332,"minX":-98.9253699999999,"minY":31.68581},"result":"Comanche, Texas, United States"}