{"bounds":{"maxX":-95.1245259999999,"maxY":33.38752,"minX":-95.3104789999999,"minY":32.964421},"result":"Franklin, Texas, United States"}