{"bounds":{"maxX":-88.517196,"maxY":36.504311,"minX":-88.962723,"minY":36.064431},"result":"Weakley, Tennessee, United States"}