{"bounds":{"maxX":-86.2069999999999,"maxY":36.65395,"minX":-86.746749,"minY":36.244893},"result":"Sumner, Tennessee, United States"}