{"bounds":{"maxX":-86.1453789999999,"maxY":36.10056,"minX":-86.7002189999999,"minY":35.620079},"result":"Rutherford, Tennessee, United States"}