{"bounds":{"maxX":-98.4157329999999,"maxY":31.48964,"minX":-99.0940919999999,"minY":30.921092},"result":"San Saba, Texas, United States"}