{"bounds":{"maxX":-100.110733,"maxY":29.08445,"minX":-100.66864,"minY":28.198972},"result":"Maverick, Texas, United States"}