{"bounds":{"maxX":-98.4225079999999,"maxY":33.835701,"minX":-98.954147,"minY":33.394649},"result":"Archer, Texas, United States"}