{"bounds":{"maxX":-93.8302389999999,"maxY":30.189462,"minX":-94.4425879999999,"minY":29.5614},"result":"Jefferson, Texas, United States"}