{"bounds":{"maxX":-97.729232,"maxY":29.436759,"minX":-98.4082569999999,"minY":28.880661},"result":"Wilson, Texas, United States"}