{"bounds":{"maxX":-86.786194,"maxY":35.850951,"minX":-87.3527829999999,"minY":35.41095},"result":"Maury, Tennessee, United States"}