{"bounds":{"maxX":-101.040558,"maxY":33.834178,"minX":-101.56553,"minY":33.39397},"result":"Crosby, Texas, United States"}