{"bounds":{"maxX":-94.9586869999999,"maxY":31.593111,"minX":-95.7776029999999,"minY":30.926961},"result":"Houston, Texas, United States"}