{"bounds":{"maxX":-95.151283,"maxY":33.012299,"minX":-95.663651,"minY":32.540662},"result":"Wood, Texas, United States"}