{"bounds":{"maxX":-96.233262,"maxY":31.81945,"minX":-96.932877,"minY":31.22351},"result":"Limestone, Texas, United States"}