{"bounds":{"maxX":-101.262596,"maxY":32.08965,"minX":-101.776993,"minY":31.652129},"result":"Glasscock, Texas, United States"}