{"bounds":{"maxX":-98.5855329999999,"maxY":30.500258,"minX":-99.303422,"minY":30.1375},"result":"Gillespie, Texas, United States"}