{"bounds":{"maxX":-97.713066,"maxY":30.355962,"minX":-98.298576,"minY":29.75373},"result":"Hays, Texas, United States"}