{"bounds":{"maxX":-84.249703,"maxY":36.606289,"minX":-84.784172,"minY":36.163639},"result":"Scott, Tennessee, United States"}