{"bounds":{"maxX":-96.2387459999999,"maxY":31.35926,"minX":-96.8306959999999,"minY":30.697461},"result":"Robertson, Texas, United States"}