{"bounds":{"maxX":-99.0940469999999,"maxY":32.957488,"minX":-99.6197979999999,"minY":32.515541},"result":"Shackelford, Texas, United States"}