{"bounds":{"maxX":-98.8034519999999,"maxY":29.08843,"minX":-99.410737,"minY":28.64168},"result":"Frio, Texas, United States"}