{"bounds":{"maxX":-96.29615,"maxY":33.406001,"minX":-96.846199,"minY":32.982381},"result":"Collin, Texas, United States"}