{"bounds":{"maxX":-96.7900779999999,"maxY":28.342776,"minX":-97.257843,"minY":27.839167},"result":"Aransas, Texas, United States"}