{"bounds":{"maxX":-86.2354119999999,"maxY":35.703078,"minX":-86.6656189999999,"minY":35.320899},"result":"Bedford, Tennessee, United States"}