{"bounds":{"maxX":-88.60556,"maxY":35.796359,"minX":-89.0787129999999,"minY":35.42749},"result":"Madison, Tennessee, United States"}