{"bounds":{"maxX":-99.4753479999999,"maxY":33.837971,"minX":-99.999832,"minY":33.39449},"result":"Knox, Texas, United States"}