{"bounds":{"maxX":-97.224861,"maxY":26.637092,"minX":-98.002717,"minY":26.300311},"result":"Willacy, Texas, United States"}