{"bounds":{"maxX":-84.697036,"maxY":35.35765,"minX":-85.0268179999999,"minY":34.98838},"result":"Bradley, Tennessee, United States"}