{"bounds":{"maxX":-94.044877,"maxY":32.882482,"minX":-94.7082379999999,"minY":32.687889},"result":"Marion, Texas, United States"}