{"bounds":{"maxX":-94.0443569999999,"maxY":32.79298,"minX":-94.702011,"minY":32.326931},"result":"Harrison, Texas, United States"}