{"bounds":{"maxX":-100.664298,"maxY":32.52718,"minX":-101.177589,"minY":32.083791},"result":"Mitchell, Texas, United States"}