{"bounds":{"maxX":-96.075142,"maxY":32.84306,"minX":-96.5323319999999,"minY":32.357269},"result":"Kaufman, Texas, United States"}