{"bounds":{"maxX":-100.001008,"maxY":36.057682,"minX":-100.543846,"minY":35.619733},"result":"Hemphill, Texas, United States"}