{"bounds":{"maxX":-94.354012,"maxY":29.888839,"minX":-94.984612,"minY":29.524323},"result":"Chambers, Texas, United States"}