{"bounds":{"maxX":-97.374206,"maxY":28.718749,"minX":-98.089447,"minY":28.125579},"result":"Bee, Texas, United States"}