{"bounds":{"maxX":-97.035698,"maxY":27.999169,"minX":-97.942712,"minY":27.559932},"result":"Nueces, Texas, United States"}