{"bounds":{"maxX":-94.453681,"maxY":32.406842,"minX":-94.987297,"minY":31.84591},"result":"Rusk, Texas, United States"}