{"bounds":{"maxX":-101.564087,"maxY":34.312421,"minX":-102.090882,"minY":33.82368},"result":"Hale, Texas, United States"}