{"bounds":{"maxX":-95.8425589999999,"maxY":29.632521,"minX":-96.637863,"minY":28.963551},"result":"Wharton, Texas, United States"}