{"bounds":{"maxX":-94.044608,"maxY":33.310791,"minX":-94.660264,"minY":32.879182},"result":"Cass, Texas, United States"}