{"bounds":{"maxX":-102.594079,"maxY":33.390319,"minX":-103.063216,"minY":32.958931},"result":"Yoakum, Texas, United States"}