{"bounds":{"maxX":-99.0923759999999,"maxY":31.49431,"minX":-99.6052999999999,"minY":30.938721},"result":"McCulloch, Texas, United States"}