{"bounds":{"maxX":-97.8283769999999,"maxY":31.037161,"minX":-98.460297,"minY":30.425719},"result":"Burnet, Texas, United States"}