{"bounds":{"maxX":-97.482003,"maxY":33.990119,"minX":-97.98024,"minY":33.430482},"result":"Montague, Texas, United States"}