{"bounds":{"maxX":-95.8097069999999,"maxY":30.86407,"minX":-96.1892769999999,"minY":30.22676},"result":"Grimes, Texas, United States"}