{"bounds":{"maxX":-99.613847,"maxY":32.958949,"minX":-100.146636,"minY":32.516238},"result":"Jones, Texas, United States"}