{"bounds":{"maxX":-111.765838,"maxY":38.511391,"minX":-112.520433,"minY":38.146549},"result":"Piute, Utah, United States"}