{"bounds":{"maxX":-111.549689,"maxY":40.920139,"minX":-112.261101,"minY":40.414859},"result":"Salt Lake, Utah, United States"}