{"bounds":{"maxX":-111.296699,"maxY":39.04647,"minX":-112.521285,"minY":38.500519},"result":"Sevier, Utah, United States"}