{"bounds":{"maxX":-109.884377,"maxY":38.509941,"minX":-111.848632,"minY":38.149231},"result":"Wayne, Utah, United States"}