{"bounds":{"maxX":-112.145203,"maxY":41.076161,"minX":-114.048684,"minY":39.90358},"result":"Tooele, Utah, United States"}