{"bounds":{"maxX":-111.219741,"maxY":41.378299,"minX":-111.87445,"minY":40.780102},"result":"Morgan, Utah, United States"}