{"bounds":{"maxX":-109.040947,"maxY":38.49919,"minX":-111.404297,"minY":36.99863},"result":"San Juan, Utah, United States"}