{"bounds":{"maxX":-111.418831,"maxY":41.43412,"minX":-112.493828,"minY":41.076161},"result":"Weber, Utah, United States"}