{"bounds":{"maxX":-110.855857,"maxY":40.578861,"minX":-112.212829,"minY":39.777359},"result":"Utah, Utah, United States"}