{"bounds":{"maxX":-109.999916,"maxY":41.253761,"minX":-111.646972,"minY":40.55077},"result":"Summit, Utah, United States"}