{"bounds":{"maxX":-111.045836,"maxY":42.002751,"minX":-111.510513,"minY":41.143799},"result":"Rich, Utah, United States"}