{"bounds":{"maxX":-111.583001,"maxY":40.01118,"minX":-114.047401,"minY":39.313179},"result":"Juab, Utah, United States"}