{"bounds":{"maxX":-111.735236,"maxY":41.152419,"minX":-112.493828,"minY":40.77063},"result":"Davis, Utah, United States"}