{"bounds":{"maxX":-112.015572,"maxY":39.553241,"minX":-114.052016,"minY":38.56998},"result":"Millard, Utah, United States"}