{"bounds":{"maxX":-110.888106,"maxY":40.690089,"minX":-111.616516,"minY":39.901151},"result":"Wasatch, Utah, United States"}