{"bounds":{"maxX":-72.819587,"maxY":43.314589,"minX":-73.291626,"minY":42.73803},"result":"Bennington, Vermont, United States"}