{"bounds":{"maxX":-76.351669,"maxY":37.600689,"minX":-76.704604,"minY":37.245835},"result":"Gloucester, Virginia, United States"}