{"bounds":{"maxX":-79.640746,"maxY":36.855571,"minX":-80.095703,"minY":36.541098},"result":"Henry, Virginia, United States"}