{"bounds":{"maxX":-77.6576229999999,"maxY":37.02626,"minX":-78.0489269999999,"minY":36.545711},"result":"Brunswick, Virginia, United States"}