{"bounds":{"maxX":-82.136398,"maxY":37.306548,"minX":-82.5522989999999,"minY":36.956052},"result":"Dickenson, Virginia, United States"}