{"bounds":{"maxX":-81.778314,"maxY":37.14174,"minX":-82.407708,"minY":36.711961},"result":"Russell, Virginia, United States"}