{"bounds":{"maxX":-79.829529,"maxY":36.71437,"minX":-79.9054179999999,"minY":36.646},"result":"Martinsville, Virginia, United States"}