{"bounds":{"maxX":-80.0411999999999,"maxY":36.872081,"minX":-80.6258089999999,"minY":36.542801},"result":"Patrick, Virginia, United States"}