{"bounds":{"maxX":-77.656196,"maxY":37.692632,"minX":-78.1321799999999,"minY":37.417839},"result":"Powhatan, Virginia, United States"}