{"bounds":{"maxX":-79.843086,"maxY":37.41764,"minX":-80.262711,"minY":37.111229},"result":"Roanoke, Virginia, United States"}