{"bounds":{"maxX":-79.302108,"maxY":36.643491,"minX":-79.518737,"minY":36.53992},"result":"Danville, Virginia, United States"}