{"bounds":{"maxX":-77.9307019999999,"maxY":38.863251,"minX":-78.339303,"minY":38.522442},"result":"Rappahannock, Virginia, United States"}