{"bounds":{"maxX":-77.385856,"maxY":37.602599,"minX":-77.601547,"minY":37.447511},"result":"Richmond City, Virginia, United States"}