{"bounds":{"maxX":-78.283494,"maxY":38.829109,"minX":-78.685752,"minY":38.42157},"result":"Page, Virginia, United States"}