{"bounds":{"maxX":-72.803756,"maxY":44.722949,"minX":-73.364242,"minY":44.16153},"result":"Chittenden, Vermont, United States"}