{"bounds":{"maxX":-80.737298,"maxY":37.07438,"minX":-81.3800659999999,"minY":36.75969},"result":"Wythe, Virginia, United States"}