{"bounds":{"maxX":-77.829941,"maxY":39.264401,"minX":-78.1514979999999,"minY":38.9819},"result":"Clarke, Virginia, United States"}