{"bounds":{"maxX":-77.3666449999999,"maxY":38.377842,"minX":-77.960023,"minY":37.991748},"result":"Spotsylvania, Virginia, United States"}