{"bounds":{"maxX":-80.176216,"maxY":37.361332,"minX":-80.614785,"minY":36.977131},"result":"Montgomery, Virginia, United States"}