{"bounds":{"maxX":-79.304841,"maxY":38.591981,"minX":-79.808251,"minY":38.180289},"result":"Highland, Virginia, United States"}