{"bounds":{"maxX":-81.740607,"maxY":37.537701,"minX":-82.2977059999999,"minY":37.039361},"result":"Buchanan, Virginia, United States"}