{"bounds":{"maxX":-79.435052,"maxY":38.268581,"minX":-80.0566019999999,"minY":37.837742},"result":"Bath, Virginia, United States"}