{"bounds":{"maxX":-80.8768699999999,"maxY":36.69662,"minX":-80.950012,"minY":36.624209},"result":"Galax, Virginia, United States"}