{"bounds":{"maxX":-77.5091619999999,"maxY":36.72136,"minX":-77.5635379999999,"minY":36.671909},"result":"Emporia, Virginia, United States"}