{"bounds":{"maxX":-76.511384,"maxY":38.125419,"minX":-76.985588,"minY":37.796013},"result":"Richmond, Virginia, United States"}