{"bounds":{"maxX":-80.514877,"maxY":37.246712,"minX":-80.932809,"minY":36.879479},"result":"Pulaski, Virginia, United States"}