{"bounds":{"maxX":-77.287224,"maxY":38.5906,"minX":-77.6341629999999,"minY":38.242172},"result":"Stafford, Virginia, United States"}