{"bounds":{"maxX":-72.53302,"maxY":45.016263,"minX":-73.258927,"minY":44.633031},"result":"Franklin, Vermont, United States"}