{"bounds":{"maxX":-75.6594469999999,"maxY":37.55711,"minX":-76.026039,"minY":37.083056},"result":"Northampton, Virginia, United States"}