{"bounds":{"maxX":-76.368035,"maxY":37.220322,"minX":-76.6283329999999,"minY":36.959167},"result":"Newport News, Virginia, United States"}