{"bounds":{"maxX":-76.6637509999999,"maxY":37.240834,"minX":-77.154952,"minY":36.944303},"result":"Surry, Virginia, United States"}