{"bounds":{"maxX":-76.4075329999999,"maxY":36.921855,"minX":-76.9324789999999,"minY":36.549659},"result":"Suffolk, Virginia, United States"}