{"bounds":{"maxX":-78.298126,"maxY":39.101502,"minX":-78.8659519999999,"minY":38.604949},"result":"Shenandoah, Virginia, United States"}