{"bounds":{"maxX":-76.909706,"maxY":36.709641,"minX":-76.9669489999999,"minY":36.646481},"result":"Franklin City, Virginia, United States"}