{"bounds":{"maxX":-71.874915,"maxY":45.008808,"minX":-72.578651,"minY":44.54274},"result":"Orleans, Vermont, United States"}