{"bounds":{"maxX":-80.013367,"maxY":37.32359,"minX":-80.120422,"minY":37.251892},"result":"Salem, Virginia, United States"}