{"bounds":{"maxX":-79.500342,"maxY":37.801207,"minX":-80.085586,"minY":37.309762},"result":"Botetourt, Virginia, United States"}