{"bounds":{"maxX":-77.7042759999999,"maxY":38.392791,"minX":-78.369119,"minY":38.11922},"result":"Orange, Virginia, United States"}