{"bounds":{"maxX":-77.0727229999999,"maxY":38.252688,"minX":-77.6428989999999,"minY":37.775089},"result":"Caroline, Virginia, United States"}