{"bounds":{"maxX":-77.431503,"maxY":38.788039,"minX":-77.479027,"minY":38.757123},"result":"Manassas Park, Virginia, United States"}