{"bounds":{"maxX":-77.687766,"maxY":38.152229,"minX":-78.305847,"minY":37.73315},"result":"Louisa, Virginia, United States"}