{"bounds":{"maxX":-78.0904619999999,"maxY":38.627861,"minX":-78.4504019999999,"minY":38.23154},"result":"Madison, Virginia, United States"}