{"bounds":{"maxX":-79.414727,"maxY":37.80116,"minX":-79.4619069999999,"minY":37.765812},"result":"Lexington, Virginia, United States"}