{"bounds":{"maxX":-77.617492,"maxY":37.90561,"minX":-78.162811,"minY":37.565579},"result":"Goochland, Virginia, United States"}