{"bounds":{"maxX":-76.383889,"maxY":37.371602,"minX":-76.755661,"minY":37.093559},"result":"York, Virginia, United States"}