{"bounds":{"maxX":-78.447006,"maxY":37.252232,"minX":-78.9090179999999,"minY":36.699699},"result":"Charlotte, Virginia, United States"}