{"bounds":{"maxX":-76.5209359999999,"maxY":38.274723,"minX":-77.0673669999999,"minY":37.967288},"result":"Westmoreland, Virginia, United States"}