{"bounds":{"maxX":-82.298843,"maxY":37.204311,"minX":-82.877534,"minY":36.798691},"result":"Wise, Virginia, United States"}