{"bounds":{"maxX":-81.227563,"maxY":37.33641,"minX":-81.903992,"minY":36.931861},"result":"Tazewell, Virginia, United States"}