{"bounds":{"maxX":-77.1083369999999,"maxY":38.00806,"minX":-77.800438,"minY":37.539121},"result":"Hanover, Virginia, United States"}