{"bounds":{"maxX":-76.4853219999999,"maxY":37.142159,"minX":-76.930359,"minY":36.64383},"result":"Isle of Wight, Virginia, United States"}