{"bounds":{"maxX":-80.105583,"maxY":37.128072,"minX":-80.633912,"minY":36.709611},"result":"Floyd, Virginia, United States"}