{"bounds":{"maxX":-77.2445289999999,"maxY":37.565579,"minX":-77.878906,"minY":37.216609},"result":"Chesterfield, Virginia, United States"}