{"bounds":{"maxX":-78.542182,"maxY":37.06112,"minX":-79.218536,"minY":36.541741},"result":"Halifax, Virginia, United States"}