{"bounds":{"maxX":-79.011748,"maxY":38.197159,"minX":-79.1126639999999,"minY":38.120708},"result":"Staunton, Virginia, United States"}