{"bounds":{"maxX":-88.773719,"maxY":42.848388,"minX":-89.368859,"minY":42.495751},"result":"Rock, Wisconsin, United States"}