{"bounds":{"maxX":-89.837303,"maxY":42.814232,"minX":-90.4285429999999,"minY":42.507402},"result":"Lafayette, Wisconsin, United States"}