{"bounds":{"maxX":-79.3493569999999,"maxY":39.116581,"minX":-80.279846,"minY":38.388119},"result":"Randolph, West Virginia, United States"}