{"bounds":{"maxX":-87.761001,"maxY":45.378661,"minX":-88.6802289999999,"minY":44.672512},"result":"Oconto, Wisconsin, United States"}