{"bounds":{"maxX":-77.719727,"maxY":39.501001,"minX":-78.0349429999999,"minY":39.134251},"result":"Jefferson, West Virginia, United States"}