{"bounds":{"maxX":-120.652778,"maxY":49.00359,"minX":-123.091941,"minY":48.638883},"result":"Whatcom, Washington, United States"}