{"bounds":{"maxX":-79.6163549999999,"maxY":38.741679,"minX":-80.364791,"minY":38.036542},"result":"Pocahontas, West Virginia, United States"}