{"bounds":{"maxX":-79.7617729999999,"maxY":39.722332,"minX":-80.42437,"minY":39.435749},"result":"Monongalia, West Virginia, United States"}