{"bounds":{"maxX":-116.912507,"maxY":46.46141,"minX":-117.480012,"minY":45.996843},"result":"Asotin, Washington, United States"}