{"bounds":{"maxX":-104.052117,"maxY":42.6128,"minX":-104.654557,"minY":41.565442},"result":"Goshen, Wyoming, United States"}