{"bounds":{"maxX":-89.223106,"maxY":44.685829,"minX":-89.845132,"minY":44.24326},"result":"Portage, Wisconsin, United States"}