{"bounds":{"maxX":-109.043297,"maxY":43.466599,"minX":-110.626136,"minY":42.263279},"result":"Sublette, Wyoming, United States"}