{"bounds":{"maxX":-106.007606,"maxY":44.565331,"minX":-107.371956,"minY":43.493709},"result":"Johnson, Wyoming, United States"}