{"bounds":{"maxX":-88.0401229999999,"maxY":43.543499,"minX":-88.418733,"minY":43.193962},"result":"Washington, Wisconsin, United States"}