{"bounds":{"maxX":-90.3109959999999,"maxY":43.7313,"minX":-91.2741389999999,"minY":43.421811},"result":"Vernon, Wisconsin, United States"}