{"bounds":{"maxX":-122.611923,"maxY":48.144723,"minX":-124.611115,"minY":47.515289},"result":"Jefferson, Washington, United States"}