{"bounds":{"maxX":-122.914178,"maxY":48.394443,"minX":-124.76278,"minY":47.866821},"result":"Clallam, Washington, United States"}