{"bounds":{"maxX":-123.357376,"maxY":46.795055,"minX":-124.098893,"minY":46.240555},"result":"Pacific, Washington, United States"}