{"bounds":{"maxX":-87.762772,"maxY":44.684601,"minX":-88.25283,"minY":44.240151},"result":"Brown, Wisconsin, United States"}