{"bounds":{"maxX":-107.499396,"maxY":42.270549,"minX":-110.053918,"minY":40.998828},"result":"Sweetwater, Wyoming, United States"}