{"bounds":{"maxX":-90.910523,"maxY":44.09058,"minX":-91.4239729999999,"minY":43.725312},"result":"La Crosse, Wisconsin, United States"}