{"bounds":{"maxX":-122.243346,"maxY":46.060348,"minX":-122.788331,"minY":45.5445262566546},"result":"Clark, Washington, United States"}