{"bounds":{"maxX":-119.864058,"maxY":47.08926,"minX":-121.521134,"minY":46.03876},"result":"Yakima, Washington, United States"}