{"bounds":{"maxX":-87.4880679999999,"maxY":45.796691,"minX":-88.4283369999999,"minY":44.963471},"result":"Marinette, Wisconsin, United States"}