{"bounds":{"maxX":-92.134879,"maxY":44.86264,"minX":-92.807313,"minY":44.539411},"result":"Pierce, Wisconsin, United States"}