{"bounds":{"maxX":-89.785972,"maxY":44.24971,"minX":-90.3128199999999,"minY":43.640702},"result":"Juneau, Wisconsin, United States"}