{"bounds":{"maxX":-88.4254079999999,"maxY":46.07457,"minX":-89.0477529999999,"minY":45.376911},"result":"Forest, Wisconsin, United States"}