{"bounds":{"maxX":-121.371643,"maxY":47.403172,"minX":-122.841781,"minY":46.728871},"result":"Pierce, Washington, United States"}