{"bounds":{"maxX":-107.10772,"maxY":44.168511,"minX":-108.55243,"minY":43.49878},"result":"Washakie, Wyoming, United States"}