{"bounds":{"maxX":-89.364517,"maxY":42.85984,"minX":-89.837882,"minY":42.502948},"result":"Green, Wisconsin, United States"}