{"bounds":{"maxX":-78.661103,"maxY":39.649151,"minX":-79.2731009999999,"minY":39.240842},"result":"Mineral, West Virginia, United States"}