{"bounds":{"maxX":-118.952721,"maxY":48.150193,"minX":-120.321068,"minY":47.22379},"result":"Douglas, Washington, United States"}