{"bounds":{"maxX":-86.809387,"maxY":45.42614,"minX":-87.738891,"minY":44.675258},"result":"Door, Wisconsin, United States"}