{"bounds":{"maxX":-81.7984769999999,"maxY":37.975819,"minX":-82.417832,"minY":37.514061},"result":"Mingo, West Virginia, United States"}