{"bounds":{"maxX":-89.003778,"maxY":43.643589,"minX":-89.7865669999999,"minY":43.2827},"result":"Columbia, Wisconsin, United States"}