{"bounds":{"maxX":-88.041618,"maxY":44.244269,"minX":-88.404121,"minY":43.89145},"result":"Calumet, Wisconsin, United States"}