{"bounds":{"maxX":-87.697242,"maxY":43.892781,"minX":-88.1622159999999,"minY":43.54227},"result":"Sheboygan, Wisconsin, United States"}