{"bounds":{"maxX":-90.041892,"maxY":45.381911,"minX":-90.92714,"minY":45.030799},"result":"Taylor, Wisconsin, United States"}