{"bounds":{"maxX":-122.349189,"maxY":48.411336,"minX":-122.770164,"minY":47.904445},"result":"Island, Washington, United States"}