{"bounds":{"maxX":-90.6783839999999,"maxY":45.639228,"minX":-91.541299,"minY":45.291822},"result":"Rusk, Wisconsin, United States"}