{"bounds":{"maxX":-118.102332,"maxY":49.000741,"minX":-118.869498,"minY":47.828183},"result":"Ferry, Washington, United States"}