{"bounds":{"maxX":-81.1945489999999,"maxY":38.627301,"minX":-81.9158409999999,"minY":37.967208},"result":"Kanawha, West Virginia, United States"}