{"bounds":{"maxX":-90.311448,"maxY":44.160942,"minX":-90.9739079999999,"minY":43.725219},"result":"Monroe, Wisconsin, United States"}