{"bounds":{"maxX":-117.226982,"maxY":46.701889,"minX":-117.864564,"minY":45.998878},"result":"Garfield, Washington, United States"}