{"bounds":{"maxX":-107.143607,"maxY":45.001751,"minX":-108.620658,"minY":44.165591},"result":"Big Horn, Wyoming, United States"}