{"bounds":{"maxX":-77.824332,"maxY":39.624142,"minX":-78.229911,"minY":39.266881},"result":"Berkeley, West Virginia, United States"}