{"bounds":{"maxX":-80.8186719999999,"maxY":38.667309,"minX":-81.282989,"minY":38.264321},"result":"Clay, West Virginia, United States"}