{"bounds":{"maxX":-104.055123,"maxY":45.000081,"minX":-105.087358,"minY":44.179132},"result":"Crook, Wyoming, United States"}