{"bounds":{"maxX":-104.891548,"maxY":43.500758,"minX":-106.076523,"minY":42.290211},"result":"Converse, Wyoming, United States"}