{"bounds":{"maxX":-110.04744,"maxY":41.57944,"minX":-111.04631,"minY":40.996268},"result":"Uinta, Wyoming, United States"}