{"bounds":{"maxX":-88.605072,"maxY":44.681451,"minX":-89.224532,"minY":44.242469},"result":"Waupaca, Wisconsin, United States"}