{"bounds":{"maxX":-120.682373,"maxY":48.65976,"minX":-122.740754,"minY":48.2951},"result":"Skagit, Washington, United States"}