{"bounds":{"maxX":-91.650077,"maxY":44.684509,"minX":-92.3154299999999,"minY":44.409099},"result":"Pepin, Wisconsin, United States"}