{"bounds":{"maxX":-90.426902,"maxY":43.208049,"minX":-91.158532,"minY":42.50811},"result":"Grant, Wisconsin, United States"}