{"bounds":{"maxX":-89.724349,"maxY":44.685371,"minX":-90.317191,"minY":44.247909},"result":"Wood, Wisconsin, United States"}