{"bounds":{"maxX":-79.4774169999999,"maxY":39.72214,"minX":-79.900253,"minY":39.194981},"result":"Preston, West Virginia, United States"}