{"bounds":{"maxX":-120.905266,"maxY":48.299018,"minX":-122.399392,"minY":47.776038},"result":"Snohomish, Washington, United States"}