{"bounds":{"maxX":-89.837485,"maxY":43.210023,"minX":-90.432472,"minY":42.813469},"result":"Iowa, Wisconsin, United States"}