{"bounds":{"maxX":-87.793267,"maxY":43.54364,"minX":-88.0639419999999,"minY":43.193962},"result":"Ozaukee, Wisconsin, United States"}