{"bounds":{"maxX":-104.650598,"maxY":42.61136,"minX":-105.282096,"minY":41.651009},"result":"Platte, Wyoming, United States"}