{"bounds":{"maxX":-104.052482,"maxY":43.50365,"minX":-104.901916,"minY":42.60978},"result":"Niobrara, Wyoming, United States"}