{"bounds":{"maxX":-80.809699,"maxY":39.38832,"minX":-81.3322909999999,"minY":39.001339},"result":"Ritchie, West Virginia, United States"}