{"bounds":{"maxX":-81.0100169999999,"maxY":39.474843,"minX":-81.371568,"minY":39.268219},"result":"Pleasants, West Virginia, United States"}