{"bounds":{"maxX":-80.3916619999999,"maxY":39.721352,"minX":-80.9460989999999,"minY":39.430069},"result":"Wetzel, West Virginia, United States"}