{"bounds":{"maxX":-117.029427,"maxY":49.000659,"minX":-117.632187,"minY":48.045879},"result":"Pend Oreille, Washington, United States"}