{"bounds":{"maxX":-80.5187309999999,"maxY":40.401321,"minX":-80.6811059999999,"minY":40.1619},"result":"Brooke, West Virginia, United States"}