{"bounds":{"maxX":-92.154106,"maxY":45.7286,"minX":-92.885392,"minY":45.209098},"result":"Polk, Wisconsin, United States"}