{"bounds":{"maxX":-119.859017,"maxY":48.550461,"minX":-121.180688,"minY":47.258622},"result":"Chelan, Washington, United States"}