{"bounds":{"maxX":-88.403289,"maxY":44.244319,"minX":-88.8882209999999,"minY":43.8923},"result":"Winnebago, Wisconsin, United States"}