{"bounds":{"maxX":-91.550987,"maxY":46.754828,"minX":-92.289436,"minY":46.157032},"result":"Douglas, Wisconsin, United States"}