{"bounds":{"maxX":-90.041892,"maxY":45.982331,"minX":-90.67945,"minY":45.377041},"result":"Price, Wisconsin, United States"}