{"bounds":{"maxX":-80.662528,"maxY":37.86856,"minX":-81.0923069999999,"minY":37.430381},"result":"Summers, West Virginia, United States"}