{"bounds":{"maxX":-88.2432029999999,"maxY":45.029851,"minX":-89.224532,"minY":44.584629},"result":"Shawano, Wisconsin, United States"}