{"bounds":{"maxX":-118.835106,"maxY":49.000965,"minX":-120.882301,"minY":47.94072},"result":"Okanogan, Washington, United States"}