{"bounds":{"maxX":-91.539482,"maxY":45.63998,"minX":-92.156517,"minY":45.206691},"result":"Barron, Wisconsin, United States"}