{"bounds":{"maxX":-80.165542,"maxY":39.468379,"minX":-80.603752,"minY":39.100132},"result":"Harrison, West Virginia, United States"}