{"bounds":{"maxX":-117.432549,"maxY":49.000942,"minX":-118.399117,"minY":47.790871},"result":"Stevens, Washington, United States"}