{"bounds":{"maxX":-81.2424159999999,"maxY":39.409692,"minX":-81.752486,"minY":39.024591},"result":"Wood, West Virginia, United States"}