{"bounds":{"maxX":-122.217056,"maxY":47.186668,"minX":-123.20276,"minY":46.762589},"result":"Thurston, Washington, United States"}