{"bounds":{"maxX":-88.483551,"maxY":45.118222,"minX":-88.9818109999999,"minY":44.855431},"result":"Menominee, Wisconsin, United States"}