{"bounds":{"maxX":-54.1523789999999,"maxY":-33.220787,"minX":-55.6566769999999,"minY":-34.6769629999999},"result":"Lavalleja, Uruguay"}