{"bounds":{"maxX":-56.305214,"maxY":-31.443909,"minX":-58.205719,"minY":-32.616094},"result":"Paysandú, Uruguay"}