{"bounds":{"maxX":-53.374027,"maxY":-33.145831,"minX":-54.580451,"minY":-34.826249},"result":"Rocha, Uruguay"}