{"bounds":{"maxX":-57.134113,"maxY":-32.955097,"minX":-58.4427219999999,"minY":-33.917549},"result":"Soriano, Uruguay"}