{"bounds":{"maxX":-56.0531989999999,"maxY":-30.677436,"minX":-58.086425,"minY":-31.779015},"result":"Salto, Uruguay"}