{"bounds":{"maxX":-53.305202,"maxY":-32.658643,"minX":-55.200485,"minY":-33.419906},"result":"Treinta y Tres, Uruguay"}