{"bounds":{"maxX":72.225755,"maxY":40.774133,"minX":70.331506,"minY":40.148453},"result":"Farg‘ona, Uzbekistan"}