{"bounds":{"maxX":72.228362,"maxY":41.55465,"minX":70.393874,"minY":40.613273},"result":"Namangan, Uzbekistan"}