{"bounds":{"maxX":68.402641,"maxY":39.033488,"minX":66.517776,"minY":37.177166},"result":"Surxondaryo, Uzbekistan"}