{"bounds":{"maxX":71.261138,"maxY":42.288174,"minX":68.653939,"minY":40.194881},"result":"Toshkent, Uzbekistan"}