{"bounds":{"maxX":-60.146157,"maxY":8.39713,"minX":-67.490852,"minY":3.60764700000004},"result":"Bolívar, Venezuela"}