{"bounds":{"maxX":-67.728288,"maxY":10.135338,"minX":-68.974923,"minY":8.44763399999999},"result":"Cojedes, Venezuela"}