{"bounds":{"maxX":-67.9998629999999,"maxY":12.196527,"minX":-71.25486,"minY":10.301779},"result":"Falcón, Venezuela"}