{"bounds":{"maxX":-68.8619619999999,"maxY":10.782656,"minX":-70.861144,"minY":9.468479},"result":"Lara, Venezuela"}