{"bounds":{"maxX":-63.057083,"maxY":11.988193,"minX":-67.680419,"minY":10.889306},"result":"Dependencias Federales, Venezuela"}