{"bounds":{"maxX":-66.338058,"maxY":11.00014,"minX":-67.364586,"minY":10.401452},"result":"Vargas, Venezuela"}