{"bounds":{"maxX":-63.3722759999999,"maxY":6.15660500000001,"minX":-67.8777919999999,"minY":0.648760000000038},"result":"Amazonas, Venezuela"}