{"bounds":{"maxX":-64.270417,"maxY":18.749584,"minX":-64.850136,"minY":18.305973},"result":"Virgin Islands (British)"}