{"bounds":{"maxX":-64.797921,"maxY":18.415695,"minX":-65.086526,"minY":18.23014},"result":"Saint Thomas, Virgin Islands (U.S.)"}