{"bounds":{"maxX":-64.648749,"maxY":18.373194,"minX":-64.8001409999999,"minY":18.297917},"result":"Saint John, Virgin Islands (U.S.)"}