{"bounds":{"maxX":105.591957,"maxY":23.392731,"minX":104.334457,"minY":22.165707},"result":"Ha Giang, Vietnam"}