{"bounds":{"maxX":106.839462,"maxY":23.118378,"minX":105.270693,"minY":22.357077},"result":"Cao Bang, Vietnam"}