{"bounds":{"maxX":103.984666,"maxY":22.817351,"minX":102.324941,"minY":21.6846},"result":"Lai Chau, Vietnam"}