{"bounds":{"maxX":104.627813,"maxY":22.844441,"minX":103.531598,"minY":21.875255},"result":"Lao Cai, Vietnam"}