{"bounds":{"maxX":105.86143,"maxY":21.112904,"minX":104.835706,"minY":20.305492},"result":"Hoa Binh, Vietnam"}