{"bounds":{"maxX":109.144165,"maxY":15.433891,"minX":108.235067,"minY":14.53278},"result":"Quang Ngai, Vietnam"}