{"bounds":{"maxX":108.194328,"maxY":16.74237,"minX":107.015698,"minY":15.994475},"result":"Thua Thien-Hue, Vietnam"}