{"bounds":{"maxX":108.738053,"maxY":16.067147,"minX":107.210428,"minY":14.951411},"result":"Quang Nam, Vietnam"}