{"bounds":{"maxX":106.075162,"maxY":20.6708,"minX":104.375178,"minY":19.286893},"result":"Thanh Hoa, Vietnam"}