{"bounds":{"maxX":106.648888,"maxY":20.729123,"minX":106.108947,"minY":20.251391},"result":"Thai Binh, Vietnam"}