{"bounds":{"maxX":108.546499,"maxY":15.417597,"minX":107.466223,"minY":14.202184},"result":"Kon Tum, Vietnam"}