{"bounds":{"maxX":109.46943,"maxY":12.868547,"minX":108.670709,"minY":11.804438},"result":"Khanh Hoa, Vietnam"}