{"bounds":{"maxX":109.233085,"maxY":12.164548,"minX":108.551384,"minY":11.30691},"result":"Ninh Thuan, Vietnam"}