{"bounds":{"maxX":108.994997,"maxY":13.416621,"minX":107.48459,"minY":12.160808},"result":"Dak Lak, Vietnam"}