{"bounds":{"maxX":109.459075,"maxY":13.695185,"minX":108.672783,"minY":12.7065},"result":"Phu Yen, Vietnam"}