{"bounds":{"maxX":109.36358,"maxY":14.703255,"minX":108.600868,"minY":13.515251},"result":"Binh Dinh, Vietnam"}