{"bounds":{"maxX":107.582169,"maxY":10.803907,"minX":106.141502,"minY":8.60594200000003},"result":"Ba Ria-Vung Tau, Vietnam"}