{"bounds":{"maxX":106.289564,"maxY":10.330639,"minX":105.68249,"minY":9.88284300000004},"result":"Vinh Long, Vietnam"}