{"bounds":{"maxX":105.941791,"maxY":10.974042,"minX":105.162044,"minY":10.13411},"result":"Dong Thap, Vietnam"}