{"bounds":{"maxX":105.418855,"maxY":9.56200100000001,"minX":104.712281,"minY":8.563332},"result":"Ca Mau, Vietnam"}