{"bounds":{"maxX":106.579513,"maxY":10.081751,"minX":105.954417,"minY":9.52889000000005},"result":"Tra Vinh, Vietnam"}