{"bounds":{"maxX":105.859846,"maxY":9.63743700000003,"minX":105.232171,"minY":9.01833400000004},"result":"Bac Lieu, Vietnam"}