{"bounds":{"maxX":106.311197,"maxY":21.264437,"minX":105.903394,"minY":20.969255},"result":"Bac Ninh, Vietnam"}