{"bounds":{"maxX":107.741533,"maxY":21.021354,"minX":106.399833,"minY":20.125416},"result":"Hai Phong, thanh pho, Vietnam"}