{"bounds":{"maxX":106.268809,"maxY":21.007345,"minX":105.894583,"minY":20.603228},"result":"Hung Yen, Vietnam"}