{"bounds":{"maxX":106.1826,"maxY":20.704515,"minX":105.76785,"minY":20.363046},"result":"Ha Nam, Vietnam"}