{"bounds":{"maxX":106.01933,"maxY":21.385419,"minX":105.716335,"minY":20.895562},"result":"Ha Noi, thanh pho, Vietnam"}