{"bounds":{"maxX":105.896514,"maxY":9.99410399999999,"minX":105.328202,"minY":9.582134},"result":"Hau Giang, Vietnam"}