{"bounds":{"maxX":108.116072,"maxY":12.812443,"minX":107.205613,"minY":11.748837},"result":"Dak Nong, Vietnam"}