{"bounds":{"maxX":103.598754,"maxY":22.558616,"minX":102.145,"minY":20.89372},"result":"Dien Bien, Vietnam"}