{"bounds":{"maxX":168.283341,"maxY":-14.891112,"minX":167.672501,"minY":-16.016201},"result":"Pénama, Vanuatu"}