{"bounds":{"maxX":168.649446,"maxY":-16.564246,"minX":168.117691,"minY":-17.82639},"result":"Shéfa, Vanuatu"}