{"bounds":{"maxX":45.09875,"maxY":12.942591,"minX":43.386807,"minY":12.631527},"result":"'Adan, Yemen"}