{"bounds":{"maxX":44.836506,"maxY":15.018107,"minX":43.47585,"minY":14.066291},"result":"Dhamar, Yemen"}