{"bounds":{"maxX":54.535416,"maxY":18.999999,"minX":46.306017,"minY":12.108194},"result":"Hadramawt, Yemen"}