{"bounds":{"maxX":43.754038,"maxY":16.679726,"minX":42.58514,"minY":15.507989},"result":"Hajjah, Yemen"}