{"bounds":{"maxX":44.681486,"maxY":14.465595,"minX":43.651656,"minY":13.704937},"result":"Ibb, Yemen"}