{"bounds":{"maxX":47.0,"maxY":17.433496,"minX":44.048784,"minY":15.761459},"result":"Al Jawf, Yemen"}