{"bounds":{"maxX":53.107024,"maxY":18.999999,"minX":50.128649,"minY":15.083196},"result":"Al Mahrah, Yemen"}