{"bounds":{"maxX":48.578029,"maxY":15.722499,"minX":45.474566,"minY":13.599583},"result":"Shabwah, Yemen"}