{"bounds":{"maxX":44.888588,"maxY":17.588711,"minX":43.139979,"minY":16.609037},"result":"Sa'dah, Yemen"}