{"bounds":{"maxX":30.418261,"maxY":-14.657256,"minX":27.754115,"minY":-15.947197},"result":"Lusaka, Zambia"}