{"bounds":{"maxX":27.605665,"maxY":-10.885153,"minX":21.9999,"minY":-14.714403},"result":"North-Western, Zambia"}