{"bounds":{"maxX":30.462111,"maxY":-8.37868699999996,"minX":28.35818,"minY":-12.4719669999999},"result":"Luapula, Zambia"}