{"bounds":{"maxX":28.70287,"maxY":-20.02876,"minX":28.388941,"minY":-20.25942},"result":"Bulawayo, Zimbabwe"}