{"bounds":{"maxX":30.982001,"maxY":-15.608835,"minX":28.015277,"minY":-18.88574},"result":"Mashonaland West, Zimbabwe"}