{"bounds":{"maxX":123.555634,"maxY":-12.237127,"minX":122.961669,"minY":-12.532129},"result":"Ashmore and Cartier Islands"}