{"bounds":{"maxX":1.72444899999999,"maxY":42.553727,"minX":1.54922200000004,"minY":42.481387},"result":"Encamp, Andorra"}