{"bounds":{"maxX":1.795143,"maxY":42.625782,"minX":1.56697400000002,"minY":42.520766},"result":"Canillo, Andorra"}