{"bounds":{"maxX":1.610681,"maxY":42.652318,"minX":1.47191400000003,"minY":42.547387},"result":"Ordino, Andorra"}