{"bounds":{"maxX":1.66325900000004,"maxY":42.524673,"minX":1.520555,"minY":42.450004},"result":"Escaldes-Engordany, Andorra"}