{"bounds":{"maxX":1.566149,"maxY":42.60612,"minX":1.41371600000002,"minY":42.506383},"result":"La Massana, Andorra"}