{"bounds":{"maxX":1.56372900000002,"maxY":42.508213,"minX":1.41915,"minY":42.428844},"result":"Sant Julià de Lòria, Andorra"}