{"bounds":{"maxX":1.54944800000004,"maxY":42.525482,"minX":1.49520200000001,"minY":42.483327},"result":"Andorra la Vella, Andorra"}