{"bounds":{"maxX":1.795143,"maxY":42.652318,"minX":1.41371600000002,"minY":42.428844},"result":"Andorra"}