{"bounds":{"maxX":56.008332,"maxY":25.481527,"minX":55.421806,"minY":25.281945},"result":"Ajman, United Arab Emirates"}