{"bounds":{"maxX":56.023933,"maxY":25.684028,"minX":51.112099,"minY":22.497065},"result":"Abu Dhabi, United Arab Emirates"}