{"bounds":{"maxX":56.193774,"maxY":25.311665,"minX":55.006805,"minY":24.593609},"result":"Dubai, United Arab Emirates"}