{"bounds":{"maxX":56.376251,"maxY":25.659078,"minX":55.964439,"minY":24.85378},"result":"Fujairah, United Arab Emirates"}