{"bounds":{"maxX":56.281936,"maxY":26.078847,"minX":55.747638,"minY":24.820274},"result":"Ra's al-Khaimah, United Arab Emirates"}