{"bounds":{"maxX":56.381805,"maxY":25.513195,"minX":55.334027,"minY":24.686386},"result":"Sharjah, United Arab Emirates"}