{"bounds":{"maxX":55.928054,"maxY":25.658472,"minX":55.516251,"minY":25.275554},"result":"Umm al-Qaiwain, United Arab Emirates"}