{"bounds":{"maxX":56.381805,"maxY":26.078847,"minX":51.112099,"minY":22.497065},"result":"United Arab Emirates"}