{"bounds":{"maxX":68.204774,"maxY":37.391084,"minX":66.408569,"minY":35.590735},"result":"Balkh, Afghanistan"}