{"bounds":{"maxX":69.978249,"maxY":36.575299,"minX":67.283187,"minY":34.879677},"result":"Baghlan, Afghanistan"}