{"bounds":{"maxX":65.086807,"maxY":35.999879,"minX":62.627856,"minY":34.516968},"result":"Badghis, Afghanistan"}