{"bounds":{"maxX":74.894128,"maxY":38.490924,"minX":69.961456,"minY":35.446354},"result":"Badakhshan, Afghanistan"}