{"bounds":{"maxX":68.254646,"maxY":35.45316,"minX":66.388724,"minY":33.967446},"result":"Bamian, Afghanistan"}