{"bounds":{"maxX":64.715378,"maxY":33.548397,"minX":60.584126,"minY":31.384873},"result":"Farah, Afghanistan"}