{"bounds":{"maxX":65.840989,"maxY":37.251355,"minX":63.882949,"minY":35.196224},"result":"Faryab, Afghanistan"}