{"bounds":{"maxX":68.793602,"maxY":34.239627,"minX":66.741929,"minY":32.068589},"result":"Ghazni, Afghanistan"}