{"bounds":{"maxX":66.786538,"maxY":35.276593,"minX":63.053483,"minY":33.177425},"result":"Ghowr, Afghanistan"}