{"bounds":{"maxX":65.358017,"maxY":33.378925,"minX":62.638507,"minY":29.361573},"result":"Helmand, Afghanistan"}