{"bounds":{"maxX":64.474845,"maxY":35.623828,"minX":60.504867,"minY":32.75808},"result":"Herat, Afghanistan"}