{"bounds":{"maxX":66.569603,"maxY":37.551663,"minX":65.094451,"minY":35.915847},"result":"Jowzjan, Afghanistan"}