{"bounds":{"maxX":67.789848,"maxY":32.483499,"minX":64.446556,"minY":29.534559},"result":"Kandahar, Afghanistan"}