{"bounds":{"maxX":70.341988,"maxY":33.741894,"minX":69.351455,"minY":33.01304},"result":"Khowst, Afghanistan"}