{"bounds":{"maxX":69.941689,"maxY":34.908547,"minX":68.82969,"minY":34.203209},"result":"Kabol, Afghanistan"}