{"bounds":{"maxX":71.690292,"maxY":35.497535,"minX":70.595482,"minY":34.536927},"result":"Konar, Afghanistan"}