{"bounds":{"maxX":69.356118,"maxY":37.335464,"minX":68.033706,"minY":36.302715},"result":"Kondoz, Afghanistan"}