{"bounds":{"maxX":69.914237,"maxY":35.185539,"minX":69.272056,"minY":34.63369},"result":"Kapisa, Afghanistan"}