{"bounds":{"maxX":70.629699,"maxY":35.22031,"minX":69.787269,"minY":34.395985},"result":"Laghman, Afghanistan"}