{"bounds":{"maxX":69.500695,"maxY":34.366379,"minX":68.681252,"minY":33.599644},"result":"Lowgar, Afghanistan"}