{"bounds":{"maxX":71.171258,"maxY":34.804062,"minX":69.479866,"minY":33.927718},"result":"Nangarhar, Afghanistan"}