{"bounds":{"maxX":63.521685,"maxY":32.240322,"minX":60.865784,"minY":29.376364},"result":"Nimruz, Afghanistan"}