{"bounds":{"maxX":71.645737,"maxY":36.038756,"minX":69.918953,"minY":34.89224},"result":"Nurestan, Afghanistan"}