{"bounds":{"maxX":67.422843,"maxY":34.432164,"minX":65.184921,"minY":32.246437},"result":"Oruzgan, Afghanistan"}