{"bounds":{"maxX":70.277641,"maxY":35.902642,"minX":68.170074,"minY":34.590154},"result":"Parwan, Afghanistan"}