{"bounds":{"maxX":70.027328,"maxY":34.253849,"minX":68.755096,"minY":33.142909},"result":"Paktia, Afghanistan"}