{"bounds":{"maxX":69.534576,"maxY":33.402065,"minX":67.859863,"minY":31.597418},"result":"Paktika, Afghanistan"}