{"bounds":{"maxX":68.52272,"maxY":36.595447,"minX":66.89933,"minY":35.374341},"result":"Samangan, Afghanistan"}