{"bounds":{"maxX":67.153839,"maxY":36.573437,"minX":65.372733,"minY":34.88723},"result":"Sar-e Pol, Afghanistan"}