{"bounds":{"maxX":70.49257,"maxY":37.615718,"minX":69.169327,"minY":35.782582},"result":"Takhar, Afghanistan"}