{"bounds":{"maxX":68.953606,"maxY":34.805733,"minX":67.296249,"minY":33.67411},"result":"Wardak, Afghanistan"}