{"bounds":{"maxX":68.121658,"maxY":33.125171,"minX":66.176598,"minY":31.500065},"result":"Zabol, Afghanistan"}