{"bounds":{"maxX":74.894128,"maxY":38.490924,"minX":60.504867,"minY":29.361573},"result":"Afghanistan"}