{"bounds":{"maxX":-61.656529,"maxY":17.107916,"minX":-61.746537,"minY":17.029862},"result":"Saint Philip, Antigua and Barbuda"}