{"bounds":{"maxX":-61.79263,"maxY":17.173195,"minX":-61.905693,"minY":17.049971},"result":"Saint John’s, Antigua and Barbuda"}