{"bounds":{"maxX":-61.729584,"maxY":17.064471,"minX":-61.817712,"minY":16.997084},"result":"Saint Paul, Antigua and Barbuda"}