{"bounds":{"maxX":-61.712361,"maxY":17.149305,"minX":-61.794841,"minY":17.059899},"result":"Saint Peter, Antigua and Barbuda"}