{"bounds":{"maxX":-61.809028,"maxY":17.109254,"minX":-61.906527,"minY":17.003472},"result":"Saint Mary, Antigua and Barbuda"}