{"bounds":{"maxX":-61.745418,"maxY":17.170139,"minX":-61.816604,"minY":17.078873},"result":"Saint George, Antigua and Barbuda"}