{"bounds":{"maxX":-61.730694,"maxY":17.729584,"minX":-62.000138,"minY":16.99986},"result":"Barbuda, Antigua and Barbuda"}