{"bounds":{"maxX":-62.340974,"maxY":16.945138,"minX":-62.349028,"minY":16.931529},"result":"Redonda, Antigua and Barbuda"}