{"bounds":{"maxX":-61.656529,"maxY":17.729584,"minX":-62.349028,"minY":16.931529},"result":"Antigua and Barbuda"}