{"bounds":{"maxX":-62.924027,"maxY":18.595417,"minX":-63.429585,"minY":18.154306},"result":"Anguilla"}