{"bounds":{"maxX":20.628412,"maxY":42.559757,"minX":19.792634,"minY":41.815139},"result":"Kukës, Albania"}