{"bounds":{"maxX":20.574103,"maxY":41.902368,"minX":19.806666,"minY":41.266033},"result":"Dibër, Albania"}