{"bounds":{"maxX":21.049665,"maxY":41.090324,"minX":20.292324,"minY":40.074693},"result":"Korçë, Albania"}