{"bounds":{"maxX":20.607142,"maxY":40.529007,"minX":19.75547,"minY":39.779726},"result":"Gjirokastër, Albania"}