{"bounds":{"maxX":19.912838,"maxY":41.590614,"minX":19.390693,"minY":41.245358},"result":"Durrës, Albania"}