{"bounds":{"maxX":20.27588,"maxY":42.025591,"minX":19.448925,"minY":41.551521},"result":"Lezhë, Albania"}