{"bounds":{"maxX":20.440823,"maxY":40.881036,"minX":19.730742,"minY":40.348174},"result":"Berat, Albania"}