{"bounds":{"maxX":19.908543,"maxY":41.071876,"minX":19.306529,"minY":40.419198},"result":"Fier, Albania"}