{"bounds":{"maxX":20.606796,"maxY":41.373569,"minX":19.672309,"minY":40.711759},"result":"Elbasan, Albania"}