{"bounds":{"maxX":20.245014,"maxY":42.660715,"minX":19.284422,"minY":41.837917},"result":"Shkodër, Albania"}