{"bounds":{"maxX":20.236078,"maxY":41.511063,"minX":19.436526,"minY":41.006287},"result":"Tiranë, Albania"}