{"bounds":{"maxX":20.315469,"maxY":40.665281,"minX":19.263196,"minY":39.649573},"result":"Vlorë, Albania"}