{"bounds":{"maxX":21.049665,"maxY":42.660715,"minX":19.263196,"minY":39.649573},"result":"Albania"}