{"bounds":{"maxX":44.4382291609115,"maxY":40.2844809208072,"minX":43.649111817463,"minY":40.0177356914381},"result":"Armavir, Armenia"}