{"bounds":{"maxX":45.1207225561779,"maxY":40.1917948788845,"minX":44.3142412478604,"minY":39.7121434309138},"result":"Ararat, Armenia"}