{"bounds":{"maxX":44.5948330049883,"maxY":40.7664109028191,"minX":43.5909156996424,"minY":40.1938439073977},"result":"Aragatsotn, Armenia"}