{"bounds":{"maxX":44.667005,"maxY":40.26241,"minX":44.418552,"minY":40.08376},"result":"Erevan, Armenia"}