{"bounds":{"maxX":45.977214,"maxY":40.740246,"minX":44.810157,"minY":39.86517},"result":"Gegark'unik', Armenia"}