{"bounds":{"maxX":45.038497,"maxY":40.719085,"minX":44.399623,"minY":40.096183},"result":"Kotayk', Armenia"}