{"bounds":{"maxX":44.956637,"maxY":41.301201,"minX":44.020496,"minY":40.67022},"result":"Lorri, Armenia"}