{"bounds":{"maxX":44.1958772982844,"maxY":41.180891906868,"minX":43.4466853861269,"minY":40.4403799741042},"result":"Širak, Armenia"}