{"bounds":{"maxX":46.630036,"maxY":39.865742,"minX":45.719188,"minY":38.83052},"result":"Syunik', Armenia"}