{"bounds":{"maxX":45.59568,"maxY":41.301839,"minX":44.767398,"minY":40.649186},"result":"Tavuš, Armenia"}