{"bounds":{"maxX":45.822709,"maxY":40.012183,"minX":45.06586,"minY":39.502243},"result":"Vayoc Jor, Armenia"}