{"bounds":{"maxX":46.630036,"maxY":41.301839,"minX":43.4466853861269,"minY":38.83052},"result":"Armenia"}