{"bounds":{"maxX":14.728785,"maxY":-7.61982999999998,"minX":13.087916,"minY":-10.440388},"result":"Bengo, Angola"}