{"bounds":{"maxX":19.247321,"maxY":-10.569918,"minX":15.754293,"minY":-14.314504},"result":"Bié, Angola"}