{"bounds":{"maxX":15.116545,"maxY":-11.763143,"minX":12.520972,"minY":-13.875305},"result":"Benguela, Angola"}