{"bounds":{"maxX":13.109678,"maxY":-4.372591,"minX":12.00986,"minY":-5.79347300000001},"result":"Cabinda, Angola"}