{"bounds":{"maxX":15.830588,"maxY":-7.93371099999996,"minX":14.062442,"minY":-9.78384299999999},"result":"Cuanza Norte, Angola"}