{"bounds":{"maxX":16.608689,"maxY":-9.67720499999996,"minX":13.499305,"minY":-12.206982},"result":"Cuanza Sul, Angola"}