{"bounds":{"maxX":17.42044,"maxY":-15.145675,"minX":13.135041,"minY":-17.44247},"result":"Cunene, Angola"}