{"bounds":{"maxX":23.428154,"maxY":-13.566352,"minX":16.465227,"minY":-18.042081},"result":"Cuando-Cubango, Angola"}