{"bounds":{"maxX":16.588112,"maxY":-11.434677,"minX":14.79939,"minY":-13.767398},"result":"Huambo, Angola"}