{"bounds":{"maxX":16.748421,"maxY":-13.332906,"minX":13.212644,"minY":-16.372517},"result":"Huíla, Angola"}