{"bounds":{"maxX":21.9296,"maxY":-6.91137699999996,"minX":17.329423,"minY":-10.670823},"result":"Lunda Norte, Angola"}