{"bounds":{"maxX":22.329242,"maxY":-8.31413699999996,"minX":18.471521,"minY":-11.479977},"result":"Lunda Sul, Angola"}