{"bounds":{"maxX":13.634741,"maxY":-8.62808699999999,"minX":12.992361,"minY":-9.345417},"result":"Luanda, Angola"}