{"bounds":{"maxX":24.082118,"maxY":-10.58612,"minX":17.936841,"minY":-16.173296},"result":"Moxico, Angola"}