{"bounds":{"maxX":18.847756,"maxY":-7.31960599999996,"minX":15.109125,"minY":-11.73582},"result":"Malange, Angola"}