{"bounds":{"maxX":13.6866,"maxY":-13.512573,"minX":11.668473,"minY":-17.269212},"result":"Namibe, Angola"}