{"bounds":{"maxX":17.116681,"maxY":-5.86469299999999,"minX":13.803742,"minY":-8.41229899999996},"result":"Uíge, Angola"}