{"bounds":{"maxX":14.985383,"maxY":-5.84162899999995,"minX":12.272916,"minY":-7.80114599999996},"result":"Zaire, Angola"}