{"bounds":{"maxX":24.082118,"maxY":-4.372591,"minX":11.668473,"minY":-18.042081},"result":"Angola"}