{"bounds":{"maxX":179.999986,"maxY":-60.515777,"minX":-180.000015,"minY":-89.9999999999999},"result":"Antarctica"}