{"bounds":{"maxX":-65.497354,"maxY":-23.972374,"minX":-66.196387,"minY":-25.099944},"result":"Rosario de Lerma, Salta, Argentina"}