{"bounds":{"maxX":-64.2040489999999,"maxY":-25.513502,"minX":-65.2935649999999,"minY":-26.2829139999999},"result":"Rosario de la Frontera, Salta, Argentina"}