{"bounds":{"maxX":-65.029686,"maxY":-24.654754,"minX":-65.5823359999999,"minY":-25.281208},"result":"Capital, Salta, Argentina"}