{"bounds":{"maxX":-63.118709,"maxY":-22.00259,"minX":-64.3285509999999,"minY":-23.58779},"result":"General José de San Martín, Salta, Argentina"}