{"bounds":{"maxX":-64.87535,"maxY":-25.917283,"minX":-65.536263,"minY":-26.244376},"result":"La Candelaria, Salta, Argentina"}