{"bounds":{"maxX":-65.134269,"maxY":-25.279887,"minX":-65.75589,"minY":-26.1254709999999},"result":"Guachipas, Salta, Argentina"}