{"bounds":{"maxX":-66.002305,"maxY":-25.107317,"minX":-66.817055,"minY":-26.007088},"result":"Molinos, Salta, Argentina"}