{"bounds":{"maxX":-62.329777,"maxY":-22.00259,"minX":-68.577241,"minY":-26.398268},"result":"Salta, Argentina"}