{"bounds":{"maxX":-63.391922,"maxY":-22.44236,"minX":-65.0361569999999,"minY":-24.198922},"result":"Orán, Salta, Argentina"}