{"bounds":{"maxX":-65.265563,"maxY":-25.021932,"minX":-65.885727,"minY":-25.319986},"result":"Chicoana, Salta, Argentina"}