{"bounds":{"maxX":-62.329777,"maxY":-22.00313,"minX":-63.525033,"minY":-25.293302},"result":"Rivadavia, Salta, Argentina"}