{"bounds":{"maxX":-63.877731,"maxY":-25.058366,"minX":-65.232705,"minY":-25.7623359999999},"result":"Metán, Salta, Argentina"}