{"bounds":{"maxX":-64.4907229999999,"maxY":-22.082891,"minX":-65.3407809999999,"minY":-22.72119},"result":"Santa Victoria, Salta, Argentina"}