{"bounds":{"maxX":-65.17726,"maxY":-24.374862,"minX":-65.7188189999999,"minY":-24.729359},"result":"La Caldera, Salta, Argentina"}