{"bounds":{"maxX":-65.8417449999999,"maxY":-24.7517309999999,"minX":-66.599418,"minY":-25.312815},"result":"Cachi, Salta, Argentina"}