{"bounds":{"maxX":-65.975892,"maxY":-23.367917,"minX":-66.518425,"minY":-24.932553},"result":"La Poma, Salta, Argentina"}