{"bounds":{"maxX":-65.7490539999999,"maxY":-25.182061,"minX":-66.7100379999999,"minY":-26.398268},"result":"San Carlos, Salta, Argentina"}