{"bounds":{"maxX":-64.505738,"maxY":-22.465147,"minX":-65.339592,"minY":-23.071349},"result":"Iruya, Salta, Argentina"}