{"bounds":{"maxX":-66.153854,"maxY":-23.700657,"minX":-68.577241,"minY":-25.291444},"result":"Los Andes, Salta, Argentina"}