{"bounds":{"maxX":-65.612564,"maxY":-25.87377,"minX":-66.161277,"minY":-26.356511},"result":"Cafayate, Salta, Argentina"}