{"bounds":{"maxX":-62.94345,"maxY":-24.09869,"minX":-64.962577,"minY":-25.709681},"result":"Anta, Salta, Argentina"}