{"bounds":{"maxX":-65.1610879999999,"maxY":-25.172984,"minX":-65.864098,"minY":-25.889211},"result":"La Viña, Salta, Argentina"}