{"bounds":{"maxX":-64.6676409999999,"maxY":-24.466246,"minX":-65.301567,"minY":-25.148036},"result":"General Güemes, Salta, Argentina"}