{"bounds":{"maxX":-65.235314,"maxY":-24.854531,"minX":-65.5306399999999,"minY":-25.165082},"result":"Cerrillos, Salta, Argentina"}