{"bounds":{"maxX":-61.700623,"maxY":-37.931264,"minX":-62.897744,"minY":-38.5907319999999},"result":"Tornquist, Buenos Aires, Argentina"}