{"bounds":{"maxX":-59.6411439999999,"maxY":-37.602188,"minX":-60.849209,"minY":-38.280548},"result":"Adolfo Gonzales Chaves, Buenos Aires, Argentina"}