{"bounds":{"maxX":-60.339859,"maxY":-37.058856,"minX":-61.176404,"minY":-37.937691},"result":"Laprida, Buenos Aires, Argentina"}