{"bounds":{"maxX":-59.8181759999999,"maxY":-33.347794,"minX":-60.312744,"minY":-33.833275},"result":"Ramallo, Buenos Aires, Argentina"}