{"bounds":{"maxX":-59.171932,"maxY":-33.649666,"minX":-59.761195,"minY":-34.173958},"result":"Baradero, Buenos Aires, Argentina"}