{"bounds":{"maxX":-61.850971,"maxY":-38.456058,"minX":-63.390179,"minY":-39.859027},"result":"Villarino, Buenos Aires, Argentina"}