{"bounds":{"maxX":-60.683441,"maxY":-37.68098,"minX":-61.7934959999999,"minY":-38.666549},"result":"Coronel Pringles, Buenos Aires, Argentina"}