{"bounds":{"maxX":-60.8759909999999,"maxY":-36.871331,"minX":-61.7472,"minY":-37.93631},"result":"General La Madrid, Buenos Aires, Argentina"}