{"bounds":{"maxX":-60.032365,"maxY":-34.759491,"minX":-60.487248,"minY":-35.294792},"result":"Alberti, Buenos Aires, Argentina"}