{"bounds":{"maxX":-56.667362,"maxY":-36.295697,"minX":-56.836075,"minY":-37.0373959999999},"result":"La Costa, Buenos Aires, Argentina"}