{"bounds":{"maxX":-62.0443759999999,"maxY":-37.351502,"minX":-62.897461,"minY":-38.124635},"result":"Saavedra, Buenos Aires, Argentina"}