{"bounds":{"maxX":-58.736733,"maxY":-34.319492,"minX":-59.058296,"minY":-34.582669},"result":"Pilar, Buenos Aires, Argentina"}