{"bounds":{"maxX":-57.737316,"maxY":-37.387355,"minX":-58.808384,"minY":-38.134358},"result":"Balcarce, Buenos Aires, Argentina"}