{"bounds":{"maxX":-58.452914,"maxY":-34.494462,"minX":-58.554311,"minY":-34.5744999999999},"result":"Vicente López, Buenos Aires, Argentina"}