{"bounds":{"maxX":-59.680512,"maxY":-33.998517,"minX":-60.0343999999999,"minY":-34.289178},"result":"Capitán Sarmiento, Buenos Aires, Argentina"}