{"bounds":{"maxX":-61.436235,"maxY":-35.487178,"minX":-62.4340329999999,"minY":-36.337109},"result":"Pehuajó, Buenos Aires, Argentina"}