{"bounds":{"maxX":-59.886035,"maxY":-34.407387,"minX":-60.763279,"minY":-34.863212},"result":"Chacabuco, Buenos Aires, Argentina"}