{"bounds":{"maxX":-60.534114,"maxY":-35.840968,"minX":-61.720899,"minY":-36.738086},"result":"Bolívar, Buenos Aires, Argentina"}