{"bounds":{"maxX":-59.1757239999999,"maxY":-34.514602,"minX":-59.721267,"minY":-34.891833},"result":"Mercedes, Buenos Aires, Argentina"}