{"bounds":{"maxX":-58.782906,"maxY":-34.720142,"minX":-59.2227129999999,"minY":-35.10364},"result":"General Las Heras, Buenos Aires, Argentina"}