{"bounds":{"maxX":-58.9610479999999,"maxY":-34.381875,"minX":-59.344879,"minY":-34.810058},"result":"Luján, Buenos Aires, Argentina"}