{"bounds":{"maxX":-57.345975,"maxY":-35.334825,"minX":-58.460907,"minY":-36.044098},"result":"Chascomús, Buenos Aires, Argentina"}