{"bounds":{"maxX":-59.522868,"maxY":-35.755036,"minX":-60.6951329999999,"minY":-36.32458},"result":"General Alvear, Buenos Aires, Argentina"}