{"bounds":{"maxX":-62.4233169999999,"maxY":-36.513409,"minX":-63.39267,"minY":-37.81488},"result":"Adolfo Alsina, Buenos Aires, Argentina"}