{"bounds":{"maxX":-59.974955,"maxY":-33.99918,"minX":-60.5799469999999,"minY":-34.4971849999999},"result":"Salto, Buenos Aires, Argentina"}