{"bounds":{"maxX":-62.610295,"maxY":-36.245957,"minX":-63.127244,"minY":-36.727196},"result":"Tres Lomas, Buenos Aires, Argentina"}