{"bounds":{"maxX":-62.621406,"maxY":-35.131138,"minX":-63.389828,"minY":-36.036969},"result":"Rivadavia, Buenos Aires, Argentina"}