{"bounds":{"maxX":-56.667362,"maxY":-33.260139,"minX":-63.393857,"minY":-41.0354149999999},"result":"Buenos Aires, Argentina"}