{"bounds":{"maxX":-58.4758649999999,"maxY":-35.246098,"minX":-59.1338929999999,"minY":-35.76149},"result":"Monte, Buenos Aires, Argentina"}