{"bounds":{"maxX":-57.1775919999999,"maxY":-36.57183,"minX":-58.0088039999999,"minY":-37.207299},"result":"Maipú, Buenos Aires, Argentina"}