{"bounds":{"maxX":-61.6733629999999,"maxY":-34.3801539999999,"minX":-62.346954,"minY":-34.9758419999999},"result":"General Pinto, Buenos Aires, Argentina"}