{"bounds":{"maxX":-58.8609729999999,"maxY":-34.521023,"minX":-59.145706,"minY":-34.768058},"result":"General Rodríguez, Buenos Aires, Argentina"}