{"bounds":{"maxX":-62.088161,"maxY":-34.614479,"minX":-62.637688,"minY":-35.161419},"result":"Ameghino, Buenos Aires, Argentina"}