{"bounds":{"maxX":-59.076985,"maxY":-34.798327,"minX":-59.828883,"minY":-35.252174},"result":"Navarro, Buenos Aires, Argentina"}