{"bounds":{"maxX":-58.191808,"maxY":-34.679676,"minX":-58.347794,"minY":-34.804474},"result":"Quilmes, Buenos Aires, Argentina"}