{"bounds":{"maxX":-57.7566859999999,"maxY":-34.8387959999999,"minX":-58.292511,"minY":-35.228772},"result":"La Plata, Buenos Aires, Argentina"}