{"bounds":{"maxX":-58.660785,"maxY":-34.231399,"minX":-58.902946,"minY":-34.461651},"result":"Escobar, Buenos Aires, Argentina"}