{"bounds":{"maxX":-62.93978,"maxY":-35.883902,"minX":-63.3899509999999,"minY":-36.612307},"result":"Pellegrini, Buenos Aires, Argentina"}