{"bounds":{"maxX":-58.472618,"maxY":-34.8931459999999,"minX":-58.939129,"minY":-35.423973},"result":"Cañuelas, Buenos Aires, Argentina"}