{"bounds":{"maxX":-58.157108,"maxY":-35.2196279999999,"minX":-58.587677,"minY":-35.732983},"result":"General Paz, Buenos Aires, Argentina"}