{"bounds":{"maxX":-57.1851379999999,"maxY":-35.742999,"minX":-58.097294,"minY":-36.302762},"result":"Castelli, Buenos Aires, Argentina"}