{"bounds":{"maxX":-58.241192,"maxY":-34.887553,"minX":-58.601735,"minY":-35.245669},"result":"San Vicente, Buenos Aires, Argentina"}