{"bounds":{"maxX":-57.883472,"maxY":-34.780418,"minX":-58.085358,"minY":-34.9004399999999},"result":"Ensenada, Buenos Aires, Argentina"}