{"bounds":{"maxX":-57.8909179999999,"maxY":-34.972943,"minX":-58.442437,"minY":-35.421623},"result":"Brandsen, Buenos Aires, Argentina"}