{"bounds":{"maxX":-58.397408,"maxY":-34.7246469999999,"minX":-58.6511599999999,"minY":-35.023182},"result":"Esteban Echeverría, Buenos Aires, Argentina"}