{"bounds":{"maxX":-59.502021,"maxY":-35.11172,"minX":-60.868297,"minY":-36.0007629999999},"result":"Veinticinco de Mayo, Buenos Aires, Argentina"}