{"bounds":{"maxX":-61.2583959999999,"maxY":-36.2412189999999,"minX":-62.46675,"minY":-36.99902},"result":"Daireaux, Buenos Aires, Argentina"}