{"bounds":{"maxX":-59.018092,"maxY":-35.289673,"minX":-59.8268889999999,"minY":-35.759633},"result":"Roque Pérez, Buenos Aires, Argentina"}