{"bounds":{"maxX":-58.461662,"maxY":-34.638824,"minX":-58.774526,"minY":-34.914306},"result":"La Matanza, Buenos Aires, Argentina"}