{"bounds":{"maxX":-61.858032,"maxY":-36.457791,"minX":-62.973286,"minY":-37.351502},"result":"Guaminí, Buenos Aires, Argentina"}