{"bounds":{"maxX":-59.623435,"maxY":-38.015599,"minX":-60.7500919999999,"minY":-38.929584},"result":"Tres Arroyos, Buenos Aires, Argentina"}