{"bounds":{"maxX":-58.2932969999999,"maxY":-34.758586,"minX":-58.448529,"minY":-34.912095},"result":"Almirante Brown, Buenos Aires, Argentina"}