{"bounds":{"maxX":-60.3209189999999,"maxY":-34.6455769999999,"minX":-60.874972,"minY":-35.410485},"result":"Bragado, Buenos Aires, Argentina"}