{"bounds":{"maxX":-58.667256,"maxY":-33.938865,"minX":-59.106862,"minY":-34.387028},"result":"Campana, Buenos Aires, Argentina"}