{"bounds":{"maxX":-58.714306,"maxY":-34.5133939999999,"minX":-58.890773,"minY":-34.690105},"result":"Moreno, Buenos Aires, Argentina"}