{"bounds":{"maxX":-59.199069,"maxY":-34.2432889999999,"minX":-59.772682,"minY":-34.616313},"result":"San Andrés de Giles, Buenos Aires, Argentina"}