{"bounds":{"maxX":-58.435974,"maxY":-34.269151,"minX":-58.735115,"minY":-34.540238},"result":"Tigre, Buenos Aires, Argentina"}