{"bounds":{"maxX":-59.184471,"maxY":-35.457305,"minX":-60.2243539999999,"minY":-35.911603},"result":"Saladillo, Buenos Aires, Argentina"}