{"bounds":{"maxX":-62.0312509999999,"maxY":-39.324376,"minX":-63.390846,"minY":-41.0354149999999},"result":"Patagones, Buenos Aires, Argentina"}