{"bounds":{"maxX":-62.077153,"maxY":-35.554515,"minX":-63.1967319999999,"minY":-36.568516},"result":"Trenque Lauquen, Buenos Aires, Argentina"}