{"bounds":{"maxX":-60.648404,"maxY":-34.281128,"minX":-61.359767,"minY":-34.8105619999999},"result":"Junín, Buenos Aires, Argentina"}