{"bounds":{"maxX":-58.831875,"maxY":-33.810596,"minX":-59.349823,"minY":-34.204624},"result":"Zárate, Buenos Aires, Argentina"}