{"bounds":{"maxX":-59.492713,"maxY":-33.574798,"minX":-60.073617,"minY":-34.012372},"result":"San Pedro, Buenos Aires, Argentina"}