{"bounds":{"maxX":-58.2770839999999,"maxY":-34.632363,"minX":-58.407348,"minY":-34.730553},"result":"Avellaneda, Buenos Aires, Argentina"}