{"bounds":{"maxX":-58.244027,"maxY":-37.579178,"minX":-59.167015,"minY":-38.563751},"result":"Lobería, Buenos Aires, Argentina"}