{"bounds":{"maxX":-62.579103,"maxY":-37.374138,"minX":-63.393151,"minY":-38.840199},"result":"Puán, Buenos Aires, Argentina"}