{"bounds":{"maxX":-58.811965,"maxY":-34.964203,"minX":-59.557823,"minY":-35.43747},"result":"Lobos, Buenos Aires, Argentina"}