{"bounds":{"maxX":-58.628615,"maxY":-37.6196399999999,"minX":-59.671817,"minY":-38.736252},"result":"Necochea, Buenos Aires, Argentina"}