{"bounds":{"maxX":-61.444089,"maxY":-36.906334,"minX":-62.4233169999999,"minY":-38.168636},"result":"Coronel Suárez, Buenos Aires, Argentina"}