{"bounds":{"maxX":-58.337257,"maxY":-34.693223,"minX":-58.5019569999999,"minY":-34.820442},"result":"Lomas de Zamora, Buenos Aires, Argentina"}