{"bounds":{"maxX":-60.727268,"maxY":-34.6915289999999,"minX":-61.423599,"minY":-35.266017},"result":"General Viamonte, Buenos Aires, Argentina"}