{"bounds":{"maxX":-60.162884,"maxY":-33.260139,"minX":-60.4589569999999,"minY":-33.6746},"result":"San Nicolás, Buenos Aires, Argentina"}