{"bounds":{"maxX":-57.3508859999999,"maxY":-36.108994,"minX":-57.994015,"minY":-36.729473},"result":"Dolores, Buenos Aires, Argentina"}