{"bounds":{"maxX":-58.636636,"maxY":-34.639355,"minX":-58.864857,"minY":-34.781792},"result":"Merlo, Buenos Aires, Argentina"}