{"bounds":{"maxX":-58.5229859999999,"maxY":-34.550492,"minX":-58.6467019999999,"minY":-34.6595349999999},"result":"Tres de Febrero, Buenos Aires, Argentina"}