{"bounds":{"maxX":-58.478473,"maxY":-34.4473609999999,"minX":-58.600716,"minY":-34.535222},"result":"San Isidro, Buenos Aires, Argentina"}