{"bounds":{"maxX":-58.1811529999999,"maxY":-34.772042,"minX":-58.343261,"minY":-35.01075},"result":"Florencio Varela, Buenos Aires, Argentina"}