{"bounds":{"maxX":-60.811296,"maxY":-33.583286,"minX":-61.334464,"minY":-34.129027},"result":"Colón, Buenos Aires, Argentina"}