{"bounds":{"maxX":-58.611125,"maxY":-36.847852,"minX":-59.7802579999999,"minY":-37.829662},"result":"Tandil, Buenos Aires, Argentina"}