{"bounds":{"maxX":-57.124862,"maxY":-34.930973,"minX":-58.0427539999999,"minY":-35.720906},"result":"Magdalena, Buenos Aires, Argentina"}