{"bounds":{"maxX":-60.472409,"maxY":-33.887131,"minX":-61.1162419999999,"minY":-34.5092509999999},"result":"Rojas, Buenos Aires, Argentina"}