{"bounds":{"maxX":-57.5212519999999,"maxY":-37.702552,"minX":-58.046937,"minY":-38.245971},"result":"General Pueyrredón, Buenos Aires, Argentina"}