{"bounds":{"maxX":-59.224846,"maxY":-37.180416,"minX":-60.499927,"minY":-38.0024299999999},"result":"Benito Juárez, Buenos Aires, Argentina"}