{"bounds":{"maxX":-57.778252,"maxY":-37.958073,"minX":-58.341939,"minY":-38.4481919999999},"result":"General Alvarado, Buenos Aires, Argentina"}