{"bounds":{"maxX":-60.003859,"maxY":-36.3407319999999,"minX":-61.433338,"minY":-37.369904},"result":"Olavarría, Buenos Aires, Argentina"}