{"bounds":{"maxX":-57.7065929999999,"maxY":-34.825973,"minX":-57.9359899999999,"minY":-34.9744909999999},"result":"Berisso, Buenos Aires, Argentina"}