{"bounds":{"maxX":-59.386772,"maxY":-36.009914,"minX":-60.923007,"minY":-36.728753},"result":"Tapalqué, Buenos Aires, Argentina"}