{"bounds":{"maxX":-57.025471,"maxY":-36.161205,"minX":-57.48224,"minY":-36.6701859999999},"result":"Tordillo, Buenos Aires, Argentina"}