{"bounds":{"maxX":-57.964892,"maxY":-35.820545,"minX":-58.8409809999999,"minY":-36.618251},"result":"Pila, Buenos Aires, Argentina"}