{"bounds":{"maxX":-59.142319,"maxY":-36.230942,"minX":-60.203541,"minY":-37.447009},"result":"Azul, Buenos Aires, Argentina"}