{"bounds":{"maxX":-61.132077,"maxY":-34.592708,"minX":-62.274578,"minY":-35.5856659999999},"result":"Lincoln, Buenos Aires, Argentina"}