{"bounds":{"maxX":-58.2426369999999,"maxY":-34.00427,"minX":-58.810559,"minY":-34.492709},"result":"San Fernando Partido, Buenos Aires, Argentina"}