{"bounds":{"maxX":-56.793471,"maxY":-37.023678,"minX":-56.951568,"minY":-37.196666},"result":"Pinamar, Buenos Aires, Argentina"}