{"bounds":{"maxX":-58.3341139999999,"maxY":-34.663532,"minX":-58.447242,"minY":-34.749328},"result":"Lanús, Buenos Aires, Argentina"}