{"bounds":{"maxX":-58.712159,"maxY":-35.663246,"minX":-59.706505,"minY":-36.381538},"result":"Las Flores, Buenos Aires, Argentina"}