{"bounds":{"maxX":-64.881096,"maxY":-32.429581,"minX":-65.5912079999999,"minY":-33.025196},"result":"Chacabuco, San Luis, Argentina"}