{"bounds":{"maxX":-65.02333,"maxY":-32.9959909999999,"minX":-66.1154779999999,"minY":-34.6667409999999},"result":"General Pedernera, San Luis, Argentina"}