{"bounds":{"maxX":-65.697929,"maxY":-31.868034,"minX":-67.387573,"minY":-32.738796},"result":"Ayacucho, San Luis, Argentina"}