{"bounds":{"maxX":-64.915016,"maxY":-31.884051,"minX":-65.69812,"minY":-32.504867},"result":"Junín, San Luis, Argentina"}