{"bounds":{"maxX":-66.142693,"maxY":-32.434811,"minX":-67.319764,"minY":-33.116925},"result":"Belgrano, San Luis, Argentina"}