{"bounds":{"maxX":-66.057517,"maxY":-33.089906,"minX":-67.197577,"minY":-34.67199},"result":"La Capital, San Luis, Argentina"}