{"bounds":{"maxX":-64.881096,"maxY":-31.868034,"minX":-67.387573,"minY":-35.999111},"result":"San Luis, Argentina"}