{"bounds":{"maxX":-58.2602199999999,"maxY":-30.162818,"minX":-59.172622,"minY":-30.676982},"result":"Feliciano, Entre Ríos, Argentina"}