{"bounds":{"maxX":-57.7974849999999,"maxY":-30.255039,"minX":-58.571824,"minY":-31.212495},"result":"Federación, Entre Ríos, Argentina"}