{"bounds":{"maxX":-58.1131139999999,"maxY":-31.971249,"minX":-59.114055,"minY":-33.03746},"result":"Uruguay, Entre Ríos, Argentina"}