{"bounds":{"maxX":-58.144256,"maxY":-32.448646,"minX":-59.296486,"minY":-33.474542},"result":"Gualeguaychú, Entre Ríos, Argentina"}