{"bounds":{"maxX":-57.916306,"maxY":-30.824976,"minX":-58.572129,"minY":-31.724646},"result":"Concordia, Entre Ríos, Argentina"}