{"bounds":{"maxX":-60.1449239999999,"maxY":-31.803411,"minX":-60.756767,"minY":-32.674588},"result":"Diamante, Entre Ríos, Argentina"}