{"bounds":{"maxX":-59.775319,"maxY":-32.196831,"minX":-60.717605,"minY":-33.277508},"result":"Victoria, Entre Ríos, Argentina"}