{"bounds":{"maxX":-59.513683,"maxY":-31.154429,"minX":-60.669479,"minY":-32.078475},"result":"Paraná, Entre Ríos, Argentina"}