{"bounds":{"maxX":-58.946682,"maxY":-30.319753,"minX":-59.9810449999999,"minY":-31.506116},"result":"La Paz, Entre Ríos, Argentina"}