{"bounds":{"maxX":-59.3147969999999,"maxY":-31.860088,"minX":-60.265885,"minY":-32.604201},"result":"Nogoyá, Entre Ríos, Argentina"}