{"bounds":{"maxX":-57.7974849999999,"maxY":-30.162818,"minX":-60.756767,"minY":-34.043831},"result":"Entre Ríos, Argentina"}