{"bounds":{"maxX":-58.3978049999999,"maxY":-30.5717069999999,"minX":-59.342302,"minY":-31.438836},"result":"Federal, Entre Ríos, Argentina"}