{"bounds":{"maxX":-59.110103,"maxY":-32.519577,"minX":-60.3101339999999,"minY":-33.807179},"result":"Gualeguay, Entre Ríos, Argentina"}