{"bounds":{"maxX":-58.244583,"maxY":-33.083355,"minX":-58.2794039999999,"minY":-33.101575},"result":"Isla, Entre Ríos, Argentina"}