{"bounds":{"maxX":-58.030857,"maxY":-31.551004,"minX":-58.722529,"minY":-32.369633},"result":"Colón, Entre Ríos, Argentina"}