{"bounds":{"maxX":-59.060176,"maxY":-31.9047,"minX":-59.535018,"minY":-32.706012},"result":"Tala, Entre Ríos, Argentina"}