{"bounds":{"maxX":-67.6125259999999,"maxY":-28.964308,"minX":-69.0309599999999,"minY":-29.977839},"result":"Coronel Felipe Varela, La Rioja, Argentina"}