{"bounds":{"maxX":-66.8617849999999,"maxY":-28.848174,"minX":-67.223152,"minY":-29.43329},"result":"Sanagasta, La Rioja, Argentina"}