{"bounds":{"maxX":-65.413712,"maxY":-27.710804,"minX":-69.641403,"minY":-32.002537},"result":"La Rioja, Argentina"}