{"bounds":{"maxX":-65.413712,"maxY":-29.827061,"minX":-66.501411,"minY":-30.526628},"result":"Chamical, La Rioja, Argentina"}