{"bounds":{"maxX":-66.2605129999999,"maxY":-31.08405,"minX":-67.100135,"minY":-31.826945},"result":"Rosario Vera Peñaloza, La Rioja, Argentina"}