{"bounds":{"maxX":-66.976212,"maxY":-29.008017,"minX":-67.858155,"minY":-29.818956},"result":"Chilecito, La Rioja, Argentina"}