{"bounds":{"maxX":-66.3694599999999,"maxY":-29.829661,"minX":-66.917075,"minY":-30.739526},"result":"General Angel Vicente Peñaloza, La Rioja, Argentina"}