{"bounds":{"maxX":-66.931183,"maxY":-28.242667,"minX":-67.449203,"minY":-28.9055289999999},"result":"San Blas de los Sauces, La Rioja, Argentina"}