{"bounds":{"maxX":-66.325699,"maxY":-30.515667,"minX":-67.4195559999999,"minY":-31.095748},"result":"General Juan Facundo Quiroga, La Rioja, Argentina"}