{"bounds":{"maxX":-65.4961929999999,"maxY":-30.37097,"minX":-66.420449,"minY":-30.753438},"result":"General Belgrano, La Rioja, Argentina"}