{"bounds":{"maxX":-66.339738,"maxY":-28.2543889999999,"minX":-67.0233469999999,"minY":-28.852306},"result":"Arauco, La Rioja, Argentina"}