{"bounds":{"maxX":-67.824707,"maxY":-27.710804,"minX":-69.425225,"minY":-29.008017},"result":"Vinchina, La Rioja, Argentina"}