{"bounds":{"maxX":-66.8472379999999,"maxY":-29.656039,"minX":-67.990639,"minY":-30.531257},"result":"Independencia, La Rioja, Argentina"}