{"bounds":{"maxX":-65.533104,"maxY":-28.72875,"minX":-67.101532,"minY":-30.186423},"result":"Capital, La Rioja, Argentina"}