{"bounds":{"maxX":-67.1748039999999,"maxY":-28.307021,"minX":-67.877129,"minY":-29.01464},"result":"Famatina, La Rioja, Argentina"}