{"bounds":{"maxX":-66.734619,"maxY":-28.603785,"minX":-67.1421809999999,"minY":-29.174888},"result":"Castro Barros, La Rioja, Argentina"}