{"bounds":{"maxX":-61.7098769999999,"maxY":-25.651905,"minX":-65.1874,"minY":-30.478985},"result":"Santiago del Estero, Argentina"}