{"bounds":{"maxX":-64.1259219999999,"maxY":-27.615729,"minX":-64.722495,"minY":-28.221726},"result":"Capital, Santiago del Estero, Argentina"}