{"bounds":{"maxX":-64.0827869999999,"maxY":-27.999919,"minX":-64.568528,"minY":-28.370618},"result":"Silípica, Santiago del Estero, Argentina"}