{"bounds":{"maxX":-61.861303,"maxY":-28.871011,"minX":-62.685417,"minY":-29.4513449999999},"result":"Belgrano, Santiago del Estero, Argentina"}