{"bounds":{"maxX":-61.7133249999999,"maxY":-26.790236,"minX":-63.271262,"minY":-27.840434},"result":"Moreno, Santiago del Estero, Argentina"}