{"bounds":{"maxX":-63.670754,"maxY":-25.6959859999999,"minX":-64.530052,"minY":-26.7728959999999},"result":"Pellegrini, Santiago del Estero, Argentina"}