{"bounds":{"maxX":-64.4374099999999,"maxY":-27.14592,"minX":-65.0426179999999,"minY":-27.746673},"result":"Rió Hondo, Santiago del Estero, Argentina"}