{"bounds":{"maxX":-63.893074,"maxY":-27.055142,"minX":-64.6279519999999,"minY":-27.815265},"result":"Banda, Santiago del Estero, Argentina"}