{"bounds":{"maxX":-64.5588529999999,"maxY":-27.668872,"minX":-65.1874,"minY":-28.269809},"result":"Guasayán, Santiago del Estero, Argentina"}