{"bounds":{"maxX":-63.669605,"maxY":-26.523659,"minX":-64.8009269999999,"minY":-27.383424},"result":"Jiménez, Santiago del Estero, Argentina"}