{"bounds":{"maxX":-61.7784149999999,"maxY":-28.335622,"minX":-63.121243,"minY":-28.878639},"result":"General Taboada, Santiago del Estero, Argentina"}