{"bounds":{"maxX":-62.835717,"maxY":-28.929273,"minX":-63.796451,"minY":-29.8110789999999},"result":"Quebrachos, Santiago del Estero, Argentina"}