{"bounds":{"maxX":-62.4458729999999,"maxY":-29.219331,"minX":-63.189423,"minY":-30.034585},"result":"Mitre, Santiago del Estero, Argentina"}