{"bounds":{"maxX":-61.7098769999999,"maxY":-25.651905,"minX":-63.9566149999999,"minY":-26.240287},"result":"Copo, Santiago del Estero, Argentina"}