{"bounds":{"maxX":-63.582317,"maxY":-27.9835,"minX":-64.138223,"minY":-28.4353819999999},"result":"San Martín, Santiago del Estero, Argentina"}