{"bounds":{"maxX":-63.5534469999999,"maxY":-28.410512,"minX":-64.2321479999999,"minY":-28.92909},"result":"Atamisqui, Santiago del Estero, Argentina"}