{"bounds":{"maxX":-61.710606,"maxY":-26.235305,"minX":-63.7863609999999,"minY":-26.928488},"result":"Alberdi, Santiago del Estero, Argentina"}