{"bounds":{"maxX":-61.9592279999999,"maxY":-28.858503,"minX":-63.094682,"minY":-29.6833999999999},"result":"Aguirre, Santiago del Estero, Argentina"}