{"bounds":{"maxX":-63.0049089999999,"maxY":-28.585294,"minX":-63.788818,"minY":-29.321412},"result":"Salavina, Santiago del Estero, Argentina"}