{"bounds":{"maxX":-59.028182,"maxY":-26.884437,"minX":-59.6105239999999,"minY":-27.408946},"result":"General Donovan, Chaco, Argentina"}