{"bounds":{"maxX":-59.819416,"maxY":-26.305545,"minX":-60.2830739999999,"minY":-27.280243},"result":"Veinticinco de Mayo, Chaco, Argentina"}