{"bounds":{"maxX":-59.5680359999999,"maxY":-26.696039,"minX":-60.065118,"minY":-27.282868},"result":"Presidencia de la Plaza, Chaco, Argentina"}