{"bounds":{"maxX":-58.3638569999999,"maxY":-26.601309,"minX":-58.951446,"minY":-27.382572},"result":"Bermejo, Chaco, Argentina"}