{"bounds":{"maxX":-60.835785,"maxY":-26.639282,"minX":-61.713138,"minY":-27.365576},"result":"Nueve de Julio, Chaco, Argentina"}