{"bounds":{"maxX":-58.986734,"maxY":-27.16026,"minX":-59.589645,"minY":-27.464509},"result":"Libertad, Chaco, Argentina"}