{"bounds":{"maxX":-60.794079,"maxY":-24.852581,"minX":-63.4276159999999,"minY":-26.6744399999999},"result":"Almirante Brown, Chaco, Argentina"}