{"bounds":{"maxX":-60.2230709999999,"maxY":-27.007642,"minX":-60.53944,"minY":-27.730707},"result":"San Lorenzo, Chaco, Argentina"}