{"bounds":{"maxX":-60.515835,"maxY":-26.428714,"minX":-61.0096579999999,"minY":-27.042502},"result":"Independencia, Chaco, Argentina"}