{"bounds":{"maxX":-60.0150609999999,"maxY":-26.307104,"minX":-60.4227099999999,"minY":-27.093},"result":"Quitilipi, Chaco, Argentina"}