{"bounds":{"maxX":-59.175754,"maxY":-26.525275,"minX":-59.874126,"minY":-27.015245},"result":"Sargento Cabral, Chaco, Argentina"}