{"bounds":{"maxX":-60.9247559999999,"maxY":-27.623542,"minX":-61.717168,"minY":-27.999422},"result":"Fray Justo Santa María de Oro, Chaco, Argentina"}