{"bounds":{"maxX":-60.117429,"maxY":-26.124279,"minX":-60.7985389999999,"minY":-26.636182},"result":"Maipú, Chaco, Argentina"}