{"bounds":{"maxX":-58.811076,"maxY":-27.331136,"minX":-59.414933,"minY":-27.999828},"result":"San Fernando, Chaco, Argentina"}