{"bounds":{"maxX":-58.3638569999999,"maxY":-24.093138,"minX":-63.4276159999999,"minY":-28.000026},"result":"Chaco, Argentina"}