{"bounds":{"maxX":-59.408577,"maxY":-27.27989,"minX":-60.225777,"minY":-27.999094},"result":"Tapenagá, Chaco, Argentina"}