{"bounds":{"maxX":-60.833645,"maxY":-26.644232,"minX":-61.3280329999999,"minY":-27.1254939999999},"result":"General Belgrano, Chaco, Argentina"}