{"bounds":{"maxX":-60.117196,"maxY":-24.093138,"minX":-62.736992,"minY":-26.125635},"result":"General Güemes, Chaco, Argentina"}