{"bounds":{"maxX":-60.526509,"maxY":-26.97255,"minX":-60.926046,"minY":-27.455244},"result":"O'Higgins, Chaco, Argentina"}