{"bounds":{"maxX":-58.7359739999999,"maxY":-26.856296,"minX":-59.194085,"minY":-27.4793759999999},"result":"Primero de Mayo, Chaco, Argentina"}