{"bounds":{"maxX":-61.006497,"maxY":-26.922373,"minX":-61.715896,"minY":-27.684199},"result":"Doce de Octubre, Chaco, Argentina"}