{"bounds":{"maxX":-58.688935,"maxY":-25.656605,"minX":-60.117814,"minY":-26.8574379999999},"result":"Libertador General San Martín, Chaco, Argentina"}