{"bounds":{"maxX":-60.839081,"maxY":-26.759668,"minX":-61.713811,"minY":-27.403558},"result":"Chacabuco, Chaco, Argentina"}