{"bounds":{"maxX":-66.715447,"maxY":-30.917408,"minX":-68.381408,"minY":-31.901801},"result":"Caucete, San Juan, Argentina"}