{"bounds":{"maxX":-67.287186,"maxY":-31.6868219999999,"minX":-68.3940049999999,"minY":-32.3593949999999},"result":"Veinticinco de Mayo, San Juan, Argentina"}