{"bounds":{"maxX":-69.1038829999999,"maxY":-30.283414,"minX":-70.5617819999999,"minY":-32.631927},"result":"Calingasta, San Juan, Argentina"}