{"bounds":{"maxX":-68.3769159999999,"maxY":-31.5359769999999,"minX":-68.608191,"minY":-31.83502},"result":"Rawson, San Juan, Argentina"}