{"bounds":{"maxX":-67.98436,"maxY":-31.446945,"minX":-68.464866,"minY":-31.6108149999999},"result":"San Martín, San Juan, Argentina"}