{"bounds":{"maxX":-68.4318709999999,"maxY":-31.448356,"minX":-68.6261279999999,"minY":-31.502761},"result":"Chimbas, San Juan, Argentina"}