{"bounds":{"maxX":-67.784676,"maxY":-30.920469,"minX":-68.4743809999999,"minY":-31.455631},"result":"Angaco, San Juan, Argentina"}