{"bounds":{"maxX":-68.43084,"maxY":-31.563457,"minX":-68.701264,"minY":-31.8913669999999},"result":"Pocito, San Juan, Argentina"}