{"bounds":{"maxX":-67.062286,"maxY":-29.740235,"minX":-68.353104,"minY":-31.449283},"result":"Valle Fértil, San Juan, Argentina"}