{"bounds":{"maxX":-68.546203,"maxY":-31.47661,"minX":-68.7018659999999,"minY":-31.6151359999999},"result":"Rivadavia, San Juan, Argentina"}