{"bounds":{"maxX":-66.715447,"maxY":-28.376968,"minX":-70.5617819999999,"minY":-32.631927},"result":"San Juan, Argentina"}