{"bounds":{"maxX":-68.903588,"maxY":-28.376968,"minX":-70.007439,"minY":-30.785681},"result":"Iglesia, San Juan, Argentina"}