{"bounds":{"maxX":-68.485009,"maxY":-30.535156,"minX":-69.248619,"minY":-31.512466},"result":"Ullum, San Juan, Argentina"}