{"bounds":{"maxX":-67.500648,"maxY":-29.593379,"minX":-69.054581,"minY":-31.016624},"result":"Jáchal, San Juan, Argentina"}