{"bounds":{"maxX":-68.4077,"maxY":-31.481909,"minX":-68.5109409999999,"minY":-31.565991},"result":"Santa Lucía, San Juan, Argentina"}