{"bounds":{"maxX":-68.6499249999999,"maxY":-31.239434,"minX":-69.239432,"minY":-31.896012},"result":"Zonda, San Juan, Argentina"}