{"bounds":{"maxX":-68.335267,"maxY":-30.922067,"minX":-68.632416,"minY":-31.502629},"result":"Albardón, San Juan, Argentina"}