{"bounds":{"maxX":-68.340737,"maxY":-31.496885,"minX":-68.5680399999999,"minY":-31.797002},"result":"Capital, San Juan, Argentina"}