{"bounds":{"maxX":-68.278786,"maxY":-31.823764,"minX":-69.1271369999999,"minY":-32.330978},"result":"Sarmiento, San Juan, Argentina"}