{"bounds":{"maxX":-65.8534549999999,"maxY":-26.1355809999999,"minX":-66.649871,"minY":-27.2549059999999},"result":"Santa María, Catamarca, Argentina"}