{"bounds":{"maxX":-65.517777,"maxY":-27.775572,"minX":-65.783127,"minY":-28.414325},"result":"Paclín, Catamarca, Argentina"}