{"bounds":{"maxX":-65.667183,"maxY":-28.1795279999999,"minX":-65.8006359999999,"minY":-28.436843},"result":"Fray Mamerto Esquiú, Catamarca, Argentina"}