{"bounds":{"maxX":-64.824616,"maxY":-28.600576,"minX":-65.546081,"minY":-30.122398},"result":"La Paz, Catamarca, Argentina"}