{"bounds":{"maxX":-65.0994029999999,"maxY":-28.138333,"minX":-65.633751,"minY":-28.666652},"result":"El Alto, Catamarca, Argentina"}