{"bounds":{"maxX":-66.78997,"maxY":-26.724658,"minX":-69.0859369999999,"minY":-28.386474},"result":"Tinogasta, Catamarca, Argentina"}