{"bounds":{"maxX":-66.428688,"maxY":-25.891354,"minX":-67.361046,"minY":-28.036526},"result":"Belén, Catamarca, Argentina"}