{"bounds":{"maxX":-65.234145,"maxY":-28.604557,"minX":-65.687912,"minY":-29.545462},"result":"Ancasti, Catamarca, Argentina"}