{"bounds":{"maxX":-65.5621169999999,"maxY":-28.413662,"minX":-65.837767,"minY":-28.776108},"result":"Valle Viejo, Catamarca, Argentina"}