{"bounds":{"maxX":-65.72596,"maxY":-28.1934419999999,"minX":-65.947036,"minY":-28.551834},"result":"Capital, Catamarca, Argentina"}