{"bounds":{"maxX":-65.931527,"maxY":-27.162678,"minX":-66.6963499999999,"minY":-28.019528},"result":"Andalgalá, Catamarca, Argentina"}