{"bounds":{"maxX":-64.824616,"maxY":-25.153613,"minX":-69.0859369999999,"minY":-30.122398},"result":"Catamarca, Argentina"}