{"bounds":{"maxX":-65.109176,"maxY":-27.841143,"minX":-65.543846,"minY":-28.33613},"result":"Santa Rosa, Catamarca, Argentina"}