{"bounds":{"maxX":-65.413712,"maxY":-28.323253,"minX":-66.403588,"minY":-30.122398},"result":"Capayán, Catamarca, Argentina"}