{"bounds":{"maxX":-65.718621,"maxY":-27.614613,"minX":-66.100609,"minY":-28.337844},"result":"Ambato, Catamarca, Argentina"}