{"bounds":{"maxX":-66.0228719999999,"maxY":-27.721231,"minX":-67.0437009999999,"minY":-28.716057},"result":"Pomán, Catamarca, Argentina"}