{"bounds":{"maxX":-63.3891599999999,"maxY":-37.715206,"minX":-64.512908,"minY":-38.257053},"result":"Hucal, La Pampa, Argentina"}