{"bounds":{"maxX":-64.1665409999999,"maxY":-36.953448,"minX":-65.977365,"minY":-37.717918},"result":"Utracán, La Pampa, Argentina"}