{"bounds":{"maxX":-64.4844899999999,"maxY":-34.9976809999999,"minX":-65.1067209999999,"minY":-35.814555},"result":"Rancul, La Pampa, Argentina"}