{"bounds":{"maxX":-65.956604,"maxY":-36.780628,"minX":-67.111007,"minY":-37.7108009999999},"result":"Limay Mahuida, La Pampa, Argentina"}