{"bounds":{"maxX":-65.982299,"maxY":-35.997775,"minX":-67.120246,"minY":-36.800696},"result":"Chalileo, La Pampa, Argentina"}