{"bounds":{"maxX":-64.508111,"maxY":-37.699473,"minX":-65.6626199999999,"minY":-38.853404},"result":"Lihuel Calel, La Pampa, Argentina"}