{"bounds":{"maxX":-63.39151,"maxY":-37.266087,"minX":-64.1678469999999,"minY":-37.720959},"result":"Guatraché, La Pampa, Argentina"}