{"bounds":{"maxX":-64.16552,"maxY":-36.2621569999999,"minX":-65.060256,"minY":-36.995868},"result":"Toay, La Pampa, Argentina"}