{"bounds":{"maxX":-63.936772,"maxY":-36.268085,"minX":-64.496957,"minY":-36.812039},"result":"Capital, La Pampa, Argentina"}