{"bounds":{"maxX":-63.3870879999999,"maxY":-35.91269,"minX":-63.936927,"minY":-36.3646859999999},"result":"Quemú Quemú, La Pampa, Argentina"}