{"bounds":{"maxX":-63.389351,"maxY":-34.99818,"minX":-63.938751,"minY":-35.460225},"result":"Chapaleufú, La Pampa, Argentina"}