{"bounds":{"maxX":-63.390552,"maxY":-36.811383,"minX":-64.167382,"minY":-37.269729},"result":"Atreucó, La Pampa, Argentina"}