{"bounds":{"maxX":-63.9357649999999,"maxY":-35.4587979999999,"minX":-64.488364,"minY":-35.81804},"result":"Trenel, La Pampa, Argentina"}