{"bounds":{"maxX":-63.388198,"maxY":-35.45914,"minX":-63.936973,"minY":-35.913415},"result":"Maracó, La Pampa, Argentina"}