{"bounds":{"maxX":-65.043739,"maxY":-35.9969359999999,"minX":-66.003404,"minY":-36.9868509999999},"result":"Loventué, La Pampa, Argentina"}