{"bounds":{"maxX":-67.111007,"maxY":-35.995487,"minX":-68.295806,"minY":-36.811039},"result":"Chical Có, La Pampa, Argentina"}