{"bounds":{"maxX":-63.389648,"maxY":-36.36428,"minX":-63.9376569999999,"minY":-36.813649},"result":"Catriló, La Pampa, Argentina"}