{"bounds":{"maxX":-65.6377639999999,"maxY":-37.681115,"minX":-67.096099,"minY":-38.830478},"result":"Curacó, La Pampa, Argentina"}