{"bounds":{"maxX":-63.388549,"maxY":-38.250721,"minX":-64.5150369999999,"minY":-39.32106},"result":"Caleu Caleu, La Pampa, Argentina"}