{"bounds":{"maxX":-63.935895,"maxY":-35.8076809999999,"minX":-65.103127,"minY":-36.271403},"result":"Conhelo, La Pampa, Argentina"}