{"bounds":{"maxX":-63.936973,"maxY":-34.997346,"minX":-64.48671,"minY":-35.460225},"result":"Realicó, La Pampa, Argentina"}