{"bounds":{"maxX":-67.0885939999999,"maxY":-36.800696,"minX":-68.2427979999999,"minY":-38.383793},"result":"Puelén, La Pampa, Argentina"}