{"bounds":{"maxX":-63.3870879999999,"maxY":-34.997346,"minX":-68.295806,"minY":-39.32106},"result":"La Pampa, Argentina"}