{"bounds":{"maxX":-67.958474,"maxY":-32.721588,"minX":-68.581466,"minY":-33.19117},"result":"San Martín, Mendoza, Argentina"}