{"bounds":{"maxX":-68.815757,"maxY":-32.858963,"minX":-68.965309,"minY":-32.91061},"result":"Capital, Mendoza, Argentina"}