{"bounds":{"maxX":-67.187898,"maxY":-32.068725,"minX":-68.729653,"minY":-33.1127289999999},"result":"Lavalle, Mendoza, Argentina"}