{"bounds":{"maxX":-68.795204,"maxY":-32.90509,"minX":-68.965699,"minY":-32.957442},"result":"Godoy Cruz, Mendoza, Argentina"}