{"bounds":{"maxX":-67.525344,"maxY":-32.835796,"minX":-68.3776549999999,"minY":-34.210422},"result":"Santa Rosa, Mendoza, Argentina"}