{"bounds":{"maxX":-66.726669,"maxY":-33.044583,"minX":-67.7100139999999,"minY":-34.262596},"result":"La Paz, Mendoza, Argentina"}