{"bounds":{"maxX":-68.805665,"maxY":-33.0093649999999,"minX":-69.772759,"minY":-33.546692},"result":"Tupungato, Mendoza, Argentina"}