{"bounds":{"maxX":-68.463585,"maxY":-32.81622,"minX":-68.857811,"minY":-33.126805},"result":"Maipú, Mendoza, Argentina"}