{"bounds":{"maxX":-68.61522,"maxY":-32.811696,"minX":-68.829575,"minY":-32.966648},"result":"Guaymallén, Mendoza, Argentina"}