{"bounds":{"maxX":-68.510407,"maxY":-31.967887,"minX":-70.169358,"minY":-33.048931},"result":"Las Heras, Mendoza, Argentina"}