{"bounds":{"maxX":-66.502311,"maxY":-31.967887,"minX":-70.579192,"minY":-37.577859},"result":"Mendoza, Argentina"}