{"bounds":{"maxX":-66.757392,"maxY":-34.093915,"minX":-70.227257,"minY":-35.998832},"result":"San Rafael, Mendoza, Argentina"}