{"bounds":{"maxX":-68.6285779999999,"maxY":-32.632791,"minX":-70.092902,"minY":-33.3966569999999},"result":"Luján de Cuyo, Mendoza, Argentina"}