{"bounds":{"maxX":-68.240731,"maxY":-34.667535,"minX":-70.579192,"minY":-37.577859},"result":"Malargüe, Mendoza, Argentina"}