{"bounds":{"maxX":-68.281578,"maxY":-33.478031,"minX":-69.984276,"minY":-34.695645},"result":"San Carlos, Mendoza, Argentina"}