{"bounds":{"maxX":-69.0027919999999,"maxY":-33.359279,"minX":-69.892028,"minY":-33.8662179999999},"result":"Tunuyán, Mendoza, Argentina"}