{"bounds":{"maxX":-68.286209,"maxY":-33.148263,"minX":-69.002876,"minY":-33.732993},"result":"Rivadavia, Mendoza, Argentina"}