{"bounds":{"maxX":-68.2780769999999,"maxY":-33.037431,"minX":-68.671059,"minY":-33.233662},"result":"Junín, Mendoza, Argentina"}