{"bounds":{"maxX":-66.502311,"maxY":-34.498546,"minX":-67.731773,"minY":-35.998933},"result":"General Alvear, Mendoza, Argentina"}