{"bounds":{"maxX":-54.489696,"maxY":-26.931339,"minX":-55.100472,"minY":-27.382321},"result":"Cainguás, Misiones, Argentina"}