{"bounds":{"maxX":-53.8796579999999,"maxY":-26.640022,"minX":-54.607288,"minY":-27.447117},"result":"Guaraní, Misiones, Argentina"}