{"bounds":{"maxX":-54.292767,"maxY":-27.162206,"minX":-54.9299129999999,"minY":-27.620144},"result":"Veinticinco de Mayo, Misiones, Argentina"}