{"bounds":{"maxX":-53.661155,"maxY":-26.325704,"minX":-54.270251,"minY":-27.174625},"result":"San Pedro, Misiones, Argentina"}