{"bounds":{"maxX":-54.267929,"maxY":-26.453543,"minX":-54.808324,"minY":-26.949244},"result":"Montecarlo, Misiones, Argentina"}