{"bounds":{"maxX":-55.28144,"maxY":-27.278436,"minX":-55.8104529999999,"minY":-27.619736},"result":"Candelaria, Misiones, Argentina"}