{"bounds":{"maxX":-55.0970129999999,"maxY":-26.9405149999999,"minX":-55.6228179999999,"minY":-27.401033},"result":"San Ignacio, Misiones, Argentina"}