{"bounds":{"maxX":-55.608658,"maxY":-27.320479,"minX":-56.059713,"minY":-27.75717},"result":"Capital, Misiones, Argentina"}