{"bounds":{"maxX":-55.4879299999999,"maxY":-27.69237,"minX":-55.853104,"minY":-28.13215},"result":"Apóstoles, Misiones, Argentina"}