{"bounds":{"maxX":-55.1654599999999,"maxY":-27.4533039999999,"minX":-55.660289,"minY":-27.783608},"result":"Leandro N. Alem, Misiones, Argentina"}