{"bounds":{"maxX":-53.5918349999999,"maxY":-25.501548,"minX":-54.200517,"minY":-26.463332},"result":"General Manuel Belgrano, Misiones, Argentina"}