{"bounds":{"maxX":-54.148356,"maxY":-25.547699,"minX":-54.6816669999999,"minY":-26.190529},"result":"Iguazú, Misiones, Argentina"}