{"bounds":{"maxX":-54.845963,"maxY":-27.179455,"minX":-55.366386,"minY":-27.780012},"result":"Oberá, Misiones, Argentina"}