{"bounds":{"maxX":-53.5918349999999,"maxY":-25.501548,"minX":-56.059713,"minY":-28.164235},"result":"Misiones, Argentina"}