{"bounds":{"maxX":-54.9736569999999,"maxY":-27.615251,"minX":-55.362671,"minY":-27.924696},"result":"San Javier, Misiones, Argentina"}