{"bounds":{"maxX":-57.796756,"maxY":-25.560407,"minX":-58.926068,"minY":-26.392178},"result":"Formosa, Formosa, Argentina"}