{"bounds":{"maxX":-57.554092,"maxY":-22.461599,"minX":-62.347561,"minY":-26.871861},"result":"Formosa, Argentina"}