{"bounds":{"maxX":-61.8337089999999,"maxY":-23.495025,"minX":-62.347561,"minY":-24.3154249999999},"result":"Matacos, Formosa, Argentina"}