{"bounds":{"maxX":-57.554092,"maxY":-24.930135,"minX":-58.605172,"minY":-25.79106},"result":"Pilcomayo, Formosa, Argentina"}