{"bounds":{"maxX":-58.6047389999999,"maxY":-25.174018,"minX":-59.636784,"minY":-26.382947},"result":"Pirané, Formosa, Argentina"}