{"bounds":{"maxX":-58.176742,"maxY":-26.157299,"minX":-58.974884,"minY":-26.871861},"result":"Laishi, Formosa, Argentina"}