{"bounds":{"maxX":-61.843849,"maxY":-22.461599,"minX":-62.345917,"minY":-23.495836},"result":"Ramón Lista, Formosa, Argentina"}