{"bounds":{"maxX":-60.3725459999999,"maxY":-23.108347,"minX":-61.8515159999999,"minY":-24.793325},"result":"Bermejo, Formosa, Argentina"}