{"bounds":{"maxX":-58.378346,"maxY":-24.714691,"minX":-59.053624,"minY":-25.470652},"result":"Pilagás, Formosa, Argentina"}