{"bounds":{"maxX":-58.891179,"maxY":-24.0121329999999,"minX":-61.139564,"minY":-26.145657},"result":"Patiño, Formosa, Argentina"}