{"bounds":{"maxX":-70.4701699999999,"maxY":-36.123848,"minX":-71.202598,"minY":-37.376789},"result":"Minas, Neuquén, Argentina"}