{"bounds":{"maxX":-68.012694,"maxY":-36.103119,"minX":-71.9466849999999,"minY":-41.096393},"result":"Neuquén, Argentina"}