{"bounds":{"maxX":-69.699936,"maxY":-37.633606,"minX":-71.0774,"minY":-38.350467},"result":"Loncopué, Neuquén, Argentina"}