{"bounds":{"maxX":-68.2430879999999,"maxY":-37.739089,"minX":-69.9029839999999,"minY":-38.689865},"result":"Añelo, Neuquén, Argentina"}