{"bounds":{"maxX":-70.820617,"maxY":-39.455693,"minX":-71.718972,"minY":-40.1192589999999},"result":"Huiliches, Neuquén, Argentina"}