{"bounds":{"maxX":-69.554062,"maxY":-38.122248,"minX":-71.042527,"minY":-39.112831},"result":"Picunches, Neuquén, Argentina"}