{"bounds":{"maxX":-69.863015,"maxY":-39.038586,"minX":-70.984901,"minY":-39.916642},"result":"Catán Lil, Neuquén, Argentina"}