{"bounds":{"maxX":-70.640816,"maxY":-38.713237,"minX":-71.472862,"minY":-39.551223},"result":"Aluminé, Neuquén, Argentina"}