{"bounds":{"maxX":-68.2427519999999,"maxY":-36.649601,"minX":-70.1066749999999,"minY":-37.751239},"result":"Pehuenches, Neuquén, Argentina"}