{"bounds":{"maxX":-68.855149,"maxY":-39.006309,"minX":-70.0414959999999,"minY":-39.813866},"result":"Picún Leufú, Neuquén, Argentina"}