{"bounds":{"maxX":-70.045205,"maxY":-37.251042,"minX":-71.2127829999999,"minY":-38.005935},"result":"Ñorquín, Neuquén, Argentina"}