{"bounds":{"maxX":-70.895409,"maxY":-40.406849,"minX":-71.9466849999999,"minY":-41.096393},"result":"Los Lagos, Neuquén, Argentina"}