{"bounds":{"maxX":-69.573234,"maxY":-39.584973,"minX":-70.857696,"minY":-40.536576},"result":"Collón Curá, Neuquén, Argentina"}