{"bounds":{"maxX":-69.3294059999999,"maxY":-38.481454,"minX":-70.5324409999999,"minY":-39.337452},"result":"Zapala, Neuquén, Argentina"}