{"bounds":{"maxX":-70.0143199999999,"maxY":-36.103119,"minX":-70.4764949999999,"minY":-37.507741},"result":"Chos Malal, Neuquén, Argentina"}