{"bounds":{"maxX":-68.012694,"maxY":-38.377083,"minX":-69.593781,"minY":-39.393714},"result":"Confluencia, Neuquén, Argentina"}