{"bounds":{"maxX":-70.5446929999999,"maxY":-40.0270159999999,"minX":-71.830857,"minY":-40.620327},"result":"Lacar, Neuquén, Argentina"}