{"bounds":{"maxX":-71.120644,"maxY":-41.022531,"minX":-71.892777,"minY":-41.9997049999999},"result":"Bariloche, Río Negro, Argentina"}