{"bounds":{"maxX":-62.790424,"maxY":-37.577859,"minX":-71.892777,"minY":-42.007302},"result":"Río Negro, Argentina"}