{"bounds":{"maxX":-69.385071,"maxY":-41.413669,"minX":-71.300628,"minY":-42.006743},"result":"Ñorquinco, Río Negro, Argentina"}