{"bounds":{"maxX":-64.6057739999999,"maxY":-39.925626,"minX":-65.789566,"minY":-42.002716},"result":"San Antonio, Río Negro, Argentina"}