{"bounds":{"maxX":-65.7264699999999,"maxY":-39.9163129999999,"minX":-66.882553,"minY":-42.003972},"result":"Valcheta, Río Negro, Argentina"}