{"bounds":{"maxX":-66.830926,"maxY":-39.811047,"minX":-68.221771,"minY":-42.003384},"result":"Nueve de Julio, Río Negro, Argentina"}