{"bounds":{"maxX":-69.776123,"maxY":-39.882863,"minX":-71.2293089999999,"minY":-41.550668},"result":"Pilcaniyeu, Río Negro, Argentina"}