{"bounds":{"maxX":-63.388549,"maxY":-38.800786,"minX":-65.246247,"minY":-39.864422},"result":"Pichi Mahuida, Río Negro, Argentina"}