{"bounds":{"maxX":-66.6407159999999,"maxY":-37.577859,"minX":-68.2453389999999,"minY":-39.181541},"result":"General Roca, Río Negro, Argentina"}