{"bounds":{"maxX":-65.220489,"maxY":-38.531048,"minX":-67.872505,"minY":-39.927014},"result":"Avellaneda, Río Negro, Argentina"}