{"bounds":{"maxX":-66.563554,"maxY":-38.9688149999999,"minX":-69.818633,"minY":-40.658783},"result":"El Cuy, Río Negro, Argentina"}