{"bounds":{"maxX":-62.790424,"maxY":-40.3962969999999,"minX":-64.606713,"minY":-41.16236},"result":"Adolfo Alsina, Río Negro, Argentina"}