{"bounds":{"maxX":-63.3851549999999,"maxY":-39.850971,"minX":-65.2839739999999,"minY":-40.504978},"result":"Conesa, Río Negro, Argentina"}