{"bounds":{"maxX":-60.673267,"maxY":-32.4574249999999,"minX":-61.223245,"minY":-33.412114},"result":"San Lorenzo, Santa Fe, Argentina"}