{"bounds":{"maxX":-61.096523,"maxY":-32.920491,"minX":-62.117753,"minY":-33.486977},"result":"Caseros, Santa Fe, Argentina"}