{"bounds":{"maxX":-60.657762,"maxY":-31.803903,"minX":-61.5111659999999,"minY":-32.500455},"result":"San Jerónimo, Santa Fe, Argentina"}