{"bounds":{"maxX":-60.608986,"maxY":-29.515131,"minX":-62.127743,"minY":-30.802013},"result":"San Cristóbal, Santa Fe, Argentina"}