{"bounds":{"maxX":-61.453693,"maxY":-32.308037,"minX":-62.009713,"minY":-33.086211},"result":"Belgrano, Santa Fe, Argentina"}