{"bounds":{"maxX":-61.220715,"maxY":-30.715017,"minX":-62.144936,"minY":-31.772499},"result":"Castellanos, Santa Fe, Argentina"}