{"bounds":{"maxX":-60.3126339999999,"maxY":-31.017487,"minX":-60.98582,"minY":-31.968436},"result":"La Capital, Santa Fe, Argentina"}