{"bounds":{"maxX":-60.133098,"maxY":-29.903437,"minX":-60.866225,"minY":-31.2171939999999},"result":"San Justo, Santa Fe, Argentina"}