{"bounds":{"maxX":-60.6515649999999,"maxY":-27.993929,"minX":-61.995915,"minY":-29.844936},"result":"Nueve de Julio, Santa Fe, Argentina"}