{"bounds":{"maxX":-59.754647,"maxY":-27.997909,"minX":-61.091529,"minY":-30.163484},"result":"Vera, Santa Fe, Argentina"}