{"bounds":{"maxX":-60.810085,"maxY":-32.395854,"minX":-61.731059,"minY":-33.091123},"result":"Iriondo, Santa Fe, Argentina"}