{"bounds":{"maxX":-60.780404,"maxY":-30.6138529999999,"minX":-61.568092,"minY":-31.884074},"result":"Las Colonias, Santa Fe, Argentina"}