{"bounds":{"maxX":-59.6342999999999,"maxY":-30.651148,"minX":-60.531254,"minY":-31.5373489999999},"result":"Garay, Santa Fe, Argentina"}