{"bounds":{"maxX":-59.562961,"maxY":-29.371498,"minX":-60.384133,"minY":-30.710759},"result":"San Javier, Santa Fe, Argentina"}