{"bounds":{"maxX":-60.305854,"maxY":-32.808084,"minX":-61.021377,"minY":-33.37242},"result":"Rosario, Santa Fe, Argentina"}