{"bounds":{"maxX":-61.3611989999999,"maxY":-31.618842,"minX":-62.249631,"minY":-32.385384},"result":"San Martín, Santa Fe, Argentina"}