{"bounds":{"maxX":-60.24989,"maxY":-33.193665,"minX":-61.510735,"minY":-33.8281019999999},"result":"Constitución, Santa Fe, Argentina"}