{"bounds":{"maxX":-58.870824,"maxY":-27.993929,"minX":-62.88922,"minY":-34.384293},"result":"Santa Fe, Argentina"}