{"bounds":{"maxX":-65.256921,"maxY":-26.737686,"minX":-65.435815,"minY":-26.84888},"result":"Yerba Buena, Tucumán, Argentina"}