{"bounds":{"maxX":-65.361884,"maxY":-26.888389,"minX":-65.975272,"minY":-27.296327},"result":"Monteros, Tucumán, Argentina"}