{"bounds":{"maxX":-65.2179179999999,"maxY":-26.740361,"minX":-65.655067,"minY":-27.019941},"result":"Lules, Tucumán, Argentina"}