{"bounds":{"maxX":-65.617927,"maxY":-26.2181179999999,"minX":-66.162346,"minY":-27.095535},"result":"Tafí del Valle, Tucumán, Argentina"}