{"bounds":{"maxX":-64.996078,"maxY":-26.073511,"minX":-65.72532,"minY":-26.626758},"result":"Trancas, Tucumán, Argentina"}