{"bounds":{"maxX":-64.734468,"maxY":-26.758186,"minX":-65.2508309999999,"minY":-27.069329},"result":"Cruz Alta, Tucumán, Argentina"}