{"bounds":{"maxX":-64.9595639999999,"maxY":-27.520395,"minX":-65.542581,"minY":-27.9354939999999},"result":"Graneros, Tucumán, Argentina"}