{"bounds":{"maxX":-65.164878,"maxY":-26.521569,"minX":-65.7440329999999,"minY":-26.810294},"result":"Tafí Viejo, Tucumán, Argentina"}