{"bounds":{"maxX":-64.9668569999999,"maxY":-27.172116,"minX":-65.5642319999999,"minY":-27.579015},"result":"Simoca, Tucumán, Argentina"}