{"bounds":{"maxX":-65.427024,"maxY":-27.596735,"minX":-65.76123,"minY":-28.003358},"result":"La Cocha, Tucumán, Argentina"}