{"bounds":{"maxX":-64.478256,"maxY":-26.073511,"minX":-66.162346,"minY":-28.003358},"result":"Tucumán, Argentina"}