{"bounds":{"maxX":-64.478256,"maxY":-26.203828,"minX":-65.194878,"minY":-26.874388},"result":"Burruyacú, Tucumán, Argentina"}