{"bounds":{"maxX":-64.7798769999999,"maxY":-26.925482,"minX":-65.421723,"minY":-27.472472},"result":"Leales, Tucumán, Argentina"}