{"bounds":{"maxX":-65.325698,"maxY":-26.839362,"minX":-65.634469,"minY":-27.128831},"result":"Famaillá, Tucumán, Argentina"}