{"bounds":{"maxX":-65.539497,"maxY":-27.3385019999999,"minX":-65.9712519999999,"minY":-27.536577},"result":"Rió Chico, Tucumán, Argentina"}