{"bounds":{"maxX":-65.524446,"maxY":-27.419751,"minX":-65.976861,"minY":-27.858792},"result":"Juan B. Alberdi, Tucumán, Argentina"}