{"bounds":{"maxX":-65.4634789999999,"maxY":-27.052058,"minX":-66.14672,"minY":-27.436956},"result":"Chicligasta, Tucumán, Argentina"}