{"bounds":{"maxX":-65.165336,"maxY":-26.792884,"minX":-65.276909,"minY":-26.912393},"result":"Capital, Tucumán, Argentina"}