{"bounds":{"maxX":-68.363075,"maxY":-44.681362,"minX":-69.6481469999999,"minY":-46.006898},"result":"Sarmiento, Chubut, Argentina"}