{"bounds":{"maxX":-69.505287,"maxY":-42.596012,"minX":-71.754875,"minY":-43.93995},"result":"Languiñeo, Chubut, Argentina"}