{"bounds":{"maxX":-67.7480839999999,"maxY":-43.331963,"minX":-69.918685,"minY":-44.687171},"result":"Paso de Indios, Chubut, Argentina"}