{"bounds":{"maxX":-65.404205,"maxY":-42.8519219999999,"minX":-67.153626,"minY":-43.783031},"result":"Gaiman, Chubut, Argentina"}