{"bounds":{"maxX":-70.564073,"maxY":-42.478465,"minX":-72.1378769999999,"minY":-43.633704},"result":"Futaleufú, Chubut, Argentina"}