{"bounds":{"maxX":-66.430878,"maxY":-42.878976,"minX":-67.773873,"minY":-44.721021},"result":"Mártires, Chubut, Argentina"}