{"bounds":{"maxX":-69.428414,"maxY":-41.9964189999999,"minX":-72.1249319999999,"minY":-42.946807},"result":"Cushamen, Chubut, Argentina"}