{"bounds":{"maxX":-67.767594,"maxY":-42.0055149999999,"minX":-69.558548,"minY":-43.338787},"result":"Gastre, Chubut, Argentina"}