{"bounds":{"maxX":-69.509109,"maxY":-43.760892,"minX":-71.8517229999999,"minY":-44.678032},"result":"Tehuelches, Chubut, Argentina"}