{"bounds":{"maxX":-65.942749,"maxY":-41.997112,"minX":-68.389381,"minY":-42.882827},"result":"Telsen, Chubut, Argentina"}