{"bounds":{"maxX":-66.339027,"maxY":-44.678927,"minX":-68.3711929999999,"minY":-46.00499},"result":"Escalante, Chubut, Argentina"}