{"bounds":{"maxX":-63.582638,"maxY":-41.997604,"minX":-65.973647,"minY":-42.879582},"result":"Biedma, Chubut, Argentina"}