{"bounds":{"maxX":-64.307358,"maxY":-42.8337509999999,"minX":-65.454574,"minY":-43.760048},"result":"Rawson, Chubut, Argentina"}