{"bounds":{"maxX":-63.582638,"maxY":-41.9964189999999,"minX":-72.1378769999999,"minY":-46.006898},"result":"Chubut, Argentina"}