{"bounds":{"maxX":-69.626785,"maxY":-44.653752,"minX":-72.069711,"minY":-46.005658},"result":"Rió Senguer, Chubut, Argentina"}