{"bounds":{"maxX":-63.794167,"maxY":-54.510139,"minX":-68.612877,"minY":-55.0615299999999},"result":"Ushuaia, Tierra del Fuego, Argentina"}