{"bounds":{"maxX":-63.794167,"maxY":-52.542085,"minX":-68.774169,"minY":-55.0615299999999},"result":"Tierra del Fuego, Argentina"}