{"bounds":{"maxX":-56.960299,"maxY":-27.442219,"minX":-57.777119,"minY":-28.387354},"result":"San Miguel, Corrientes, Argentina"}