{"bounds":{"maxX":-58.7910419999999,"maxY":-29.05883,"minX":-59.680202,"minY":-30.021136},"result":"Goya, Corrientes, Argentina"}