{"bounds":{"maxX":-57.232857,"maxY":-27.414058,"minX":-58.303098,"minY":-27.990545},"result":"General Paz, Corrientes, Argentina"}