{"bounds":{"maxX":-58.300258,"maxY":-27.269964,"minX":-58.714646,"minY":-27.508359},"result":"San Cosme, Corrientes, Argentina"}