{"bounds":{"maxX":-57.3334849999999,"maxY":-27.3249,"minX":-57.883912,"minY":-27.627834},"result":"Berón de Astrada, Corrientes, Argentina"}