{"bounds":{"maxX":-56.8546929999999,"maxY":-29.184721,"minX":-57.7196279999999,"minY":-30.18483},"result":"Paso de los Libres, Corrientes, Argentina"}