{"bounds":{"maxX":-56.535676,"maxY":-28.224058,"minX":-57.537429,"minY":-29.502683},"result":"San Martín, Corrientes, Argentina"}