{"bounds":{"maxX":-58.2925499999999,"maxY":-27.606725,"minX":-59.067932,"minY":-28.212676},"result":"Empedrado, Corrientes, Argentina"}