{"bounds":{"maxX":-55.616291,"maxY":-27.758431,"minX":-56.906667,"minY":-28.899703},"result":"Santo Tomé, Corrientes, Argentina"}