{"bounds":{"maxX":-57.914475,"maxY":-27.7948009999999,"minX":-58.412911,"minY":-28.199277},"result":"Mburucuyá, Corrientes, Argentina"}