{"bounds":{"maxX":-58.3038519999999,"maxY":-27.967215,"minX":-59.013821,"minY":-28.514529},"result":"Saladas, Corrientes, Argentina"}