{"bounds":{"maxX":-58.737724,"maxY":-29.467589,"minX":-59.6891859999999,"minY":-30.425662},"result":"Esquina, Corrientes, Argentina"}