{"bounds":{"maxX":-57.752395,"maxY":-27.247695,"minX":-58.338244,"minY":-27.432316},"result":"Itatí, Corrientes, Argentina"}