{"bounds":{"maxX":-58.4513689999999,"maxY":-29.654662,"minX":-59.132756,"minY":-30.299232},"result":"Sauce, Corrientes, Argentina"}