{"bounds":{"maxX":-58.607007,"maxY":-28.773043,"minX":-59.248994,"minY":-29.258469},"result":"Lavalle, Corrientes, Argentina"}