{"bounds":{"maxX":-58.308388,"maxY":-28.299153,"minX":-58.970367,"minY":-29.05442},"result":"San Roque, Corrientes, Argentina"}