{"bounds":{"maxX":-55.616291,"maxY":-27.247695,"minX":-59.6891859999999,"minY":-30.760453},"result":"Corrientes, Argentina"}