{"bounds":{"maxX":-58.6637459999999,"maxY":-28.163868,"minX":-59.1587509999999,"minY":-28.82515},"result":"Bella Vista, Corrientes, Argentina"}