{"bounds":{"maxX":-57.607335,"maxY":-27.9423159999999,"minX":-58.549609,"minY":-28.8249929999999},"result":"Concepción, Corrientes, Argentina"}