{"bounds":{"maxX":-57.176464,"maxY":-28.4971169999999,"minX":-58.607007,"minY":-29.7529479999999},"result":"Mercedes, Corrientes, Argentina"}