{"bounds":{"maxX":-61.832271,"maxY":-30.325097,"minX":-63.2858649999999,"minY":-32.071704},"result":"San Justo, Córdoba, Argentina"}