{"bounds":{"maxX":-63.892616,"maxY":-32.301847,"minX":-65.148292,"minY":-34.232343},"result":"Rió Cuarto, Córdoba, Argentina"}