{"bounds":{"maxX":-62.2872389999999,"maxY":-31.982159,"minX":-63.233937,"minY":-33.887753},"result":"Unión, Córdoba, Argentina"}