{"bounds":{"maxX":-62.827645,"maxY":-30.509099,"minX":-63.968136,"minY":-31.566629},"result":"Rió Primero, Córdoba, Argentina"}