{"bounds":{"maxX":-63.390903,"maxY":-33.960175,"minX":-65.1106339999999,"minY":-34.998734},"result":"General Roca, Córdoba, Argentina"}