{"bounds":{"maxX":-64.226441,"maxY":-31.7929999999999,"minX":-64.9567039999999,"minY":-32.624264},"result":"Calamuchita, Córdoba, Argentina"}