{"bounds":{"maxX":-64.057984,"maxY":-31.314103,"minX":-64.317618,"minY":-31.5278},"result":"Capital, Córdoba, Argentina"}