{"bounds":{"maxX":-61.7776719999999,"maxY":-29.503321,"minX":-65.778259,"minY":-34.998734},"result":"Córdoba, Argentina"}