{"bounds":{"maxX":-62.370145,"maxY":-29.522156,"minX":-65.008964,"minY":-30.679061},"result":"Tulumba, Córdoba, Argentina"}