{"bounds":{"maxX":-62.8422879999999,"maxY":-31.326844,"minX":-64.024964,"minY":-32.06411},"result":"Rió Segundo, Córdoba, Argentina"}