{"bounds":{"maxX":-64.913895,"maxY":-31.267203,"minX":-65.776855,"minY":-31.759111},"result":"Pocho, Córdoba, Argentina"}