{"bounds":{"maxX":-62.5219969999999,"maxY":-29.644858,"minX":-63.931865,"minY":-30.326319},"result":"Rió Seco, Córdoba, Argentina"}