{"bounds":{"maxX":-63.097476,"maxY":-31.938628,"minX":-64.285523,"minY":-32.816532},"result":"Tercero Arriba, Córdoba, Argentina"}