{"bounds":{"maxX":-61.7776719999999,"maxY":-32.052856,"minX":-62.808577,"minY":-33.939453},"result":"Marcos Juárez, Córdoba, Argentina"}