{"bounds":{"maxX":-63.921596,"maxY":-31.347016,"minX":-64.9095139999999,"minY":-32.012879},"result":"Santa María, Córdoba, Argentina"}