{"bounds":{"maxX":-63.841728,"maxY":-30.895143,"minX":-64.4517289999999,"minY":-31.4618819999999},"result":"Colón, Córdoba, Argentina"}