{"bounds":{"maxX":-63.574891,"maxY":-30.419843,"minX":-64.463791,"minY":-31.017212},"result":"Totoral, Córdoba, Argentina"}