{"bounds":{"maxX":-62.5327109999999,"maxY":-33.806666,"minX":-64.2223959999999,"minY":-34.558282},"result":"Presidente Roque Sáenz Peña, Córdoba, Argentina"}