{"bounds":{"maxX":-62.853989,"maxY":-32.008294,"minX":-63.5806439999999,"minY":-33.141154},"result":"General San Martín, Córdoba, Argentina"}