{"bounds":{"maxX":-63.7644539999999,"maxY":-29.503321,"minX":-64.477431,"minY":-30.098909},"result":"Sobremonte, Córdoba, Argentina"}