{"bounds":{"maxX":-64.1202699999999,"maxY":-30.0099729999999,"minX":-65.048546,"minY":-30.803992},"result":"Ischilín, Córdoba, Argentina"}