{"bounds":{"maxX":-64.9095139999999,"maxY":-31.8679969999999,"minX":-65.620308,"minY":-32.3222929999999},"result":"San Javier, Córdoba, Argentina"}