{"bounds":{"maxX":-64.728706,"maxY":-31.409348,"minX":-65.778259,"minY":-31.941818},"result":"San Alberto, Córdoba, Argentina"}