{"bounds":{"maxX":-64.921601,"maxY":-30.656566,"minX":-65.7720649999999,"minY":-31.269599},"result":"Minas, Córdoba, Argentina"}