{"bounds":{"maxX":-64.408677,"maxY":-30.688724,"minX":-64.8156959999999,"minY":-31.720544},"result":"Punilla, Córdoba, Argentina"}