{"bounds":{"maxX":-63.086441,"maxY":-32.702325,"minX":-64.065306,"minY":-33.818641},"result":"Juárez Celman, Córdoba, Argentina"}