{"bounds":{"maxX":-64.6319129999999,"maxY":-29.985559,"minX":-65.6078639999999,"minY":-31.429172},"result":"Cruz del Eje, Córdoba, Argentina"}