{"bounds":{"maxX":-66.253142,"maxY":-23.005434,"minX":-67.2159359999999,"minY":-24.208743},"result":"Susques, Jujuy, Argentina"}