{"bounds":{"maxX":-65.185303,"maxY":-22.070132,"minX":-65.9656219999999,"minY":-22.584631},"result":"Yavi, Jujuy, Argentina"}