{"bounds":{"maxX":-65.0693199999999,"maxY":-23.869856,"minX":-65.744836,"minY":-24.295197},"result":"Capital, Jujuy, Argentina"}