{"bounds":{"maxX":-64.443787,"maxY":-23.458139,"minX":-65.235221,"minY":-24.09423},"result":"Ledesma, Jujuy, Argentina"}