{"bounds":{"maxX":-64.841065,"maxY":-23.238576,"minX":-65.178475,"minY":-23.733819},"result":"Valle Grande, Jujuy, Argentina"}