{"bounds":{"maxX":-65.799476,"maxY":-22.250261,"minX":-67.177498,"minY":-23.010367},"result":"Rinconada, Jujuy, Argentina"}