{"bounds":{"maxX":-65.005441,"maxY":-22.595053,"minX":-65.707526,"minY":-23.473006},"result":"Humahuaca, Jujuy, Argentina"}