{"bounds":{"maxX":-65.336898,"maxY":-22.442581,"minX":-66.684127,"minY":-23.689506},"result":"Cochinoca, Jujuy, Argentina"}