{"bounds":{"maxX":-65.123826,"maxY":-24.23656,"minX":-65.7054199999999,"minY":-24.471767},"result":"San Antonio, Jujuy, Argentina"}