{"bounds":{"maxX":-64.155175,"maxY":-23.5054699999999,"minX":-64.743545,"minY":-24.503515},"result":"Santa Bárbara, Jujuy, Argentina"}