{"bounds":{"maxX":-64.490372,"maxY":-24.009025,"minX":-65.079551,"minY":-24.612692},"result":"San Pedro, Jujuy, Argentina"}