{"bounds":{"maxX":-65.803239,"maxY":-21.778548,"minX":-66.766472,"minY":-22.402911},"result":"Santa Catalina, Jujuy, Argentina"}