{"bounds":{"maxX":-65.212509,"maxY":-23.412955,"minX":-66.0252609999999,"minY":-24.1216},"result":"Tumbaya, Jujuy, Argentina"}