{"bounds":{"maxX":-64.832115,"maxY":-24.328076,"minX":-65.357109,"minY":-24.6045559999999},"result":"El Carmen, Jujuy, Argentina"}