{"bounds":{"maxX":-65.025841,"maxY":-23.288622,"minX":-65.578429,"minY":-23.820991},"result":"Tilcara, Jujuy, Argentina"}