{"bounds":{"maxX":-64.155175,"maxY":-21.778548,"minX":-67.2159359999999,"minY":-24.612692},"result":"Jujuy, Argentina"}