{"bounds":{"maxX":-64.994583,"maxY":-24.026271,"minX":-65.261344,"minY":-24.373549},"result":"Palpalá, Jujuy, Argentina"}