{"bounds":{"maxX":-66.8684699999999,"maxY":-48.09166,"minX":-69.761589,"minY":-49.454845},"result":"Magallanes, Santa Cruz, Argentina"}