{"bounds":{"maxX":-70.5807579999999,"maxY":-48.465999,"minX":-73.577781,"minY":-50.779437},"result":"Lago Argentino, Santa Cruz, Argentina"}