{"bounds":{"maxX":-68.3519439999999,"maxY":-50.682289,"minX":-72.4378139999999,"minY":-52.398194},"result":"Güer Aike, Santa Cruz, Argentina"}