{"bounds":{"maxX":-65.710136,"maxY":-45.996204,"minX":-73.577781,"minY":-52.398194},"result":"Santa Cruz, Argentina"}