{"bounds":{"maxX":-67.676246,"maxY":-49.203876,"minX":-70.646035,"minY":-50.765785},"result":"Corpen Aike, Santa Cruz, Argentina"}