{"bounds":{"maxX":-69.734406,"maxY":-47.200531,"minX":-72.583519,"minY":-49.208669},"result":"Rió Chico, Santa Cruz, Argentina"}