{"bounds":{"maxX":-65.710136,"maxY":-45.997925,"minX":-69.734406,"minY":-48.580386},"result":"Deseado, Santa Cruz, Argentina"}