{"bounds":{"maxX":-53.5918349999999,"maxY":-21.778548,"minX":-73.577781,"minY":-55.0615299999999},"result":"Argentina"}