{"bounds":{"maxX":-168.143051,"maxY":-11.047778,"minX":-171.090272,"minY":-14.548889},"result":"American Samoa"}