{"bounds":{"maxX":17.162361,"maxY":48.117824,"minX":15.99734,"minY":46.833062},"result":"Burgenland, Austria"}