{"bounds":{"maxX":15.062425,"maxY":47.138291,"minX":12.654477,"minY":46.374817},"result":"Kärnten, Austria"}