{"bounds":{"maxX":17.079269,"maxY":49.017044,"minX":14.433263,"minY":47.422848},"result":"Niederösterreich, Austria"}