{"bounds":{"maxX":14.976326,"maxY":48.772832,"minX":12.753029,"minY":47.448009},"result":"Oberösterreich, Austria"}