{"bounds":{"maxX":13.973901,"maxY":48.039383,"minX":12.078202,"minY":46.938675},"result":"Salzburg, Austria"}