{"bounds":{"maxX":16.178383,"maxY":47.823718,"minX":13.54058,"minY":46.611913},"result":"Steiermark, Austria"}