{"bounds":{"maxX":12.960731,"maxY":47.739989,"minX":10.099393,"minY":46.654339},"result":"Tirol, Austria"}