{"bounds":{"maxX":10.231779,"maxY":47.59716,"minX":9.531588,"minY":46.843295},"result":"Vorarlberg, Austria"}