{"bounds":{"maxX":16.584471,"maxY":48.331867,"minX":16.184817,"minY":48.126075},"result":"Wien, Austria"}