{"bounds":{"maxX":17.162361,"maxY":49.017044,"minX":9.531588,"minY":46.374817},"result":"Austria"}