{"bounds":{"maxX":149.398086,"maxY":-35.126067,"minX":148.761582,"minY":-35.92208},"result":"Australian Capital Territory, Australia"}