{"bounds":{"maxX":151.247099872,"maxY":-33.37924646,"minX":150.971946272,"minY":-33.7870439025},"result":"Hornsby, New South Wales, Australia"}