{"bounds":{"maxX":151.135811008,"maxY":-32.9960692245,"minX":150.430821184,"minY":-33.6854941095},"result":"Hawkesbury, New South Wales, Australia"}