{"bounds":{"maxX":152.149112192,"maxY":-31.5856158675,"minX":151.402863968,"minY":-32.190161328},"result":"Gloucester, New South Wales, Australia"}