{"bounds":{"maxX":143.671807264,"maxY":-32.7485369675,"minX":141.001717888,"minY":-34.593554714},"result":"Wentworth, New South Wales, Australia"}