{"bounds":{"maxX":151.91869568,"maxY":-32.041415556,"minX":151.303745248,"minY":-32.650962769},"result":"Dungog, New South Wales, Australia"}