{"bounds":{"maxX":131.01433776,"maxY":-12.4452186095,"minX":130.941597952,"minY":-12.547189074},"result":"Palmerston, Northern Territory, Australia"}