{"bounds":{"maxX":151.810110144,"maxY":-32.7895859885,"minX":151.606748864,"minY":-32.9629474165},"result":"Newcastle, New South Wales, Australia"}