{"bounds":{"maxX":136.796225696,"maxY":-12.1614424845,"minX":136.761770592,"minY":-12.1984156225},"result":"Nhulunbuy, Northern Territory, Australia"}