{"bounds":{"maxX":151.271619008,"maxY":-33.8896361705,"minX":151.208900992,"minY":-34.0018139915},"result":"Randwick, New South Wales, Australia"}