{"bounds":{"maxX":153.394829504,"maxY":-28.96997422,"minX":152.168298816,"minY":-30.4188967915},"result":"Clarence Valley, New South Wales, Australia"}