{"bounds":{"maxX":153.483539712,"maxY":-28.710690837,"minX":152.688961408,"minY":-29.3429897385},"result":"Richmond Valley, New South Wales, Australia"}