{"bounds":{"maxX":146.080916192,"maxY":-34.8574077635,"minX":145.48451776,"minY":-35.5885810435},"result":"Jerilderie, New South Wales, Australia"}