{"bounds":{"maxX":148.456849312,"maxY":-31.771370094,"minX":147.494915168,"minY":-32.692103994},"result":"Narromine, New South Wales, Australia"}