{"bounds":{"maxX":151.485006976,"maxY":-30.1822343575,"minX":150.145450048,"minY":-31.661852388},"result":"Tamworth Regional, New South Wales, Australia"}