{"bounds":{"maxX":147.784044128,"maxY":-33.5208580585,"minX":146.070299872,"minY":-34.317224247},"result":"Bland, New South Wales, Australia"}