{"bounds":{"maxX":147.527225952,"maxY":-30.6927652045,"minX":146.285102464,"minY":-32.447478568},"result":"Bogan, New South Wales, Australia"}