{"bounds":{"maxX":153.608810016,"maxY":-28.704203997,"minX":153.362499488,"minY":-29.001240996},"result":"Ballina, New South Wales, Australia"}