{"bounds":{"maxX":136.978917824,"maxY":-11.0009206865,"minX":134.666702272,"minY":-14.3225799245},"result":"East Arnhem, Northern Territory, Australia"}