{"bounds":{"maxX":147.949959968,"maxY":-34.5330541455,"minX":147.312662624,"minY":-35.097305422},"result":"Junee, New South Wales, Australia"}