{"bounds":{"maxX":148.808702464,"maxY":-35.080143194,"minX":147.843733824,"minY":-36.0033655475},"result":"Tumut Shire, New South Wales, Australia"}