{"bounds":{"maxX":151.743985088,"maxY":-32.605699226,"minX":151.399068,"minY":-32.8104930975},"result":"Maitland, New South Wales, Australia"}