{"bounds":{"maxX":151.08423552,"maxY":-33.768054892,"minX":150.947630336,"minY":-33.8784100005},"result":"Parramatta, New South Wales, Australia"}