{"bounds":{"maxX":150.599398944,"maxY":-30.5898522945,"minX":149.631554944,"minY":-31.458229918},"result":"Gunnedah, New South Wales, Australia"}