{"bounds":{"maxX":153.101203008,"maxY":-30.5005726635,"minX":152.269824672,"minY":-31.3104890845},"result":"Kempsey, New South Wales, Australia"}