{"bounds":{"maxX":130.767568256,"maxY":-12.427622649,"minX":130.732072576,"minY":-12.45711546},"result":"Wagait, Northern Territory, Australia"}