{"bounds":{"maxX":151.342920992,"maxY":-33.5718590435,"minX":151.210037824,"minY":-33.7147399825},"result":"Pittwater, New South Wales, Australia"}