{"bounds":{"maxX":150.745676992,"maxY":-34.212507846,"minX":149.96403952,"minY":-34.769315},"result":"Wingecarribee, New South Wales, Australia"}