{"bounds":{"maxX":151.196584,"maxY":-33.8455629915,"minX":151.144554432,"minY":-33.8900470185},"result":"Leichhardt, New South Wales, Australia"}