{"bounds":{"maxX":151.118861984,"maxY":-33.93912306,"minX":151.033325056,"minY":-33.9941892165},"result":"Hurstville, New South Wales, Australia"}