{"bounds":{"maxX":150.999117728,"maxY":-31.082245205,"minX":149.84088928,"minY":-31.858238398},"result":"Liverpool Plains, New South Wales, Australia"}