{"bounds":{"maxX":149.602602624,"maxY":-35.579379643,"minX":148.538689792,"minY":-36.689916698},"result":"Cooma-Monaro, New South Wales, Australia"}