{"bounds":{"maxX":146.710872736,"maxY":-35.5830187225,"minX":145.944082816,"minY":-36.051013981},"result":"Corowa Shire, New South Wales, Australia"}