{"bounds":{"maxX":151.307596,"maxY":-33.7778695675,"minX":151.232068,"minY":-33.823933994},"result":"Manly, New South Wales, Australia"}