{"bounds":{"maxX":151.231670656,"maxY":-33.919165075,"minX":151.16579584,"minY":-33.973999001},"result":"Botany Bay, New South Wales, Australia"}