{"bounds":{"maxX":150.865409152,"maxY":-34.5989492955,"minX":150.599607552,"minY":-34.792182739},"result":"Kiama, New South Wales, Australia"}