{"bounds":{"maxX":151.62355984,"maxY":-32.6488261485,"minX":150.801118176,"minY":-33.138988995},"result":"Cessnock, New South Wales, Australia"}