{"bounds":{"maxX":146.911568416,"maxY":-34.083742518,"minX":146.152383488,"minY":-35.0984051915},"result":"Narrandera, New South Wales, Australia"}