{"bounds":{"maxX":151.198259776,"maxY":-33.802991994,"minX":151.142288992,"minY":-33.843429997},"result":"Lane Cove, New South Wales, Australia"}