{"bounds":{"maxX":146.691256096,"maxY":-34.8734314275,"minX":145.956931584,"minY":-35.670043629},"result":"Urana, New South Wales, Australia"}