{"bounds":{"maxX":152.570864256,"maxY":-32.0652133085,"minX":151.649808288,"minY":-32.7103208145},"result":"Great Lakes, New South Wales, Australia"}