{"bounds":{"maxX":159.483981670096,"maxY":-28.157019914,"minX":140.999474528,"minY":-37.505059998},"result":"New South Wales, Australia"}