{"bounds":{"maxX":151.155240832,"maxY":-33.8943608115,"minX":151.03849392,"minY":-33.9502505695},"result":"Canterbury, New South Wales, Australia"}