{"bounds":{"maxX":150.940791264,"maxY":-33.95818953,"minX":150.736750688,"minY":-34.189605549},"result":"Campbelltown, New South Wales, Australia"}