{"bounds":{"maxX":152.976418176,"maxY":-31.113999937,"minX":152.061895264,"minY":-31.7281198875},"result":"Port Macquarie-Hastings, New South Wales, Australia"}