{"bounds":{"maxX":147.931406784,"maxY":-34.8081096665,"minX":146.778784928,"minY":-35.5636240625},"result":"Wagga Wagga, New South Wales, Australia"}