{"bounds":{"maxX":145.59836432,"maxY":-34.7403372475,"minX":144.048617568,"minY":-35.7273581645},"result":"Conargo, New South Wales, Australia"}