{"bounds":{"maxX":147.897578144,"maxY":-35.4484771765,"minX":146.497045696,"minY":-36.068189233},"result":"Greater Hume Shire, New South Wales, Australia"}