{"bounds":{"maxX":149.131031104,"maxY":-33.9241836625,"minX":148.553621888,"minY":-34.6516399965},"result":"Boorowa, New South Wales, Australia"}