{"bounds":{"maxX":131.279458496,"maxY":-12.8158312555,"minX":130.889081152,"minY":-13.270601197},"result":"Coomalie, Northern Territory, Australia"}