{"bounds":{"maxX":131.009643424,"maxY":-25.148568007,"minX":130.930466016,"minY":-25.2652480065},"result":"Yulara, Northern Territory, Australia"}