{"bounds":{"maxX":153.060199264,"maxY":-30.180789082,"minX":152.389645248,"minY":-30.5670959995},"result":"Bellingen, New South Wales, Australia"}