{"bounds":{"maxX":149.257770848,"maxY":-33.5255125475,"minX":148.309146624,"minY":-34.0972461675},"result":"Cowra, New South Wales, Australia"}