{"bounds":{"maxX":150.910740896,"maxY":-33.801757378,"minX":150.01455568,"minY":-34.337416109},"result":"Wollondilly, New South Wales, Australia"}