{"bounds":{"maxX":148.670473024,"maxY":-34.011946534,"minX":147.710784128,"minY":-34.4667673505},"result":"Young, New South Wales, Australia"}