{"bounds":{"maxX":153.586296,"maxY":-28.157019914,"minX":153.106737504,"minY":-28.542770333},"result":"Tweed, New South Wales, Australia"}