{"bounds":{"maxX":145.36372352,"maxY":-35.286275559,"minX":144.303534016,"minY":-36.129919552},"result":"Murray, New South Wales, Australia"}