{"bounds":{"maxX":150.33353008,"maxY":-34.548699392,"minX":149.470465984,"minY":-35.2562919985},"result":"Goulburn Mulwaree, New South Wales, Australia"}