{"bounds":{"maxX":151.231926016,"maxY":-33.971700376,"minX":150.922288928,"minY":-34.1723292685},"result":"Sutherland Shire, New South Wales, Australia"}