{"bounds":{"maxX":149.922173408,"maxY":-32.9486398495,"minX":149.116949088,"minY":-33.997564893},"result":"Bathurst Regional, New South Wales, Australia"}