{"bounds":{"maxX":150.312584,"maxY":-35.500581002,"minX":149.54302368,"minY":-36.365604298},"result":"Eurobodalla, New South Wales, Australia"}