{"bounds":{"maxX":130.938562816,"maxY":-12.330059717,"minX":130.815116992,"minY":-12.469385918},"result":"Darwin, Northern Territory, Australia"}