{"bounds":{"maxX":147.23280432,"maxY":-35.067992949,"minX":146.35422576,"minY":-35.575860388},"result":"Lockhart, New South Wales, Australia"}