{"bounds":{"maxX":131.543132992,"maxY":-11.1660352585,"minX":130.020444192,"minY":-11.940449754},"result":"Tiwi Islands, Northern Territory, Australia"}