{"bounds":{"maxX":151.737944,"maxY":-32.8722754755,"minX":151.331452992,"minY":-33.2028430215},"result":"Lake Macquarie, New South Wales, Australia"}