{"bounds":{"maxX":152.349605632,"maxY":-30.757125761,"minX":151.287838144,"minY":-31.6381421035},"result":"Walcha, New South Wales, Australia"}