{"bounds":{"maxX":132.11246304,"maxY":-12.0009610525,"minX":130.016766848,"minY":-14.2428519915},"result":"Northeast Top End, Northern Territory, Australia"}