{"bounds":{"maxX":149.067239328,"maxY":-30.3181571505,"minX":147.513831392,"minY":-31.416120958},"result":"Coonamble, New South Wales, Australia"}