{"bounds":{"maxX":151.186039584,"maxY":-33.9261932435,"minX":151.100782912,"minY":-34.0060069795},"result":"Rockdale, New South Wales, Australia"}