{"bounds":{"maxX":151.120625696,"maxY":-33.867220923,"minX":151.088973312,"minY":-33.9036190255},"result":"Burwood, New South Wales, Australia"}