{"bounds":{"maxX":153.269532992,"maxY":-29.897125992,"minX":152.795668192,"minY":-30.4487533495},"result":"Coffs Harbour, New South Wales, Australia"}