{"bounds":{"maxX":147.945490432,"maxY":-28.9987814395,"minX":146.349712384,"minY":-30.9023096355},"result":"Brewarrina, New South Wales, Australia"}