{"bounds":{"maxX":151.233715456,"maxY":-33.8509199995,"minX":151.174983008,"minY":-33.924332162},"result":"Sydney, New South Wales, Australia"}