{"bounds":{"maxX":150.659825152,"maxY":-33.363487161,"minX":150.166036096,"minY":-33.900589262},"result":"Blue Mountains, New South Wales, Australia"}