{"bounds":{"maxX":151.287840992,"maxY":-33.8326869915,"minX":151.219204576,"minY":-33.8907773615},"result":"Woollahra, New South Wales, Australia"}