{"bounds":{"maxX":151.05235104,"maxY":-33.378060129,"minX":150.869656512,"minY":-33.8042939315},"result":"The Hills Shire, New South Wales, Australia"}