{"bounds":{"maxX":147.6970984,"maxY":-31.9928530745,"minX":146.0539624,"minY":-33.607151068},"result":"Lachlan, New South Wales, Australia"}