{"bounds":{"maxX":151.2075,"maxY":-33.659581585,"minX":151.090015328,"minY":-33.794277384},"result":"Ku-ring-gai, New South Wales, Australia"}