{"bounds":{"maxX":149.236434176,"maxY":-33.217418524,"minX":149.009446816,"minY":-33.439272411},"result":"Orange, New South Wales, Australia"}