{"bounds":{"maxX":149.30320912,"maxY":-32.08697188,"minX":148.64467424,"minY":-33.063075022},"result":"Wellington, New South Wales, Australia"}