{"bounds":{"maxX":151.159079072,"maxY":-33.761184658,"minX":151.065020896,"minY":-33.841702578},"result":"Ryde, New South Wales, Australia"}