{"bounds":{"maxX":152.805709984,"maxY":-31.4425330565,"minX":151.753343296,"minY":-32.1672793625},"result":"Greater Taree, New South Wales, Australia"}