{"bounds":{"maxX":150.084691008,"maxY":-36.1278567835,"minX":149.356436416,"minY":-37.505059998},"result":"Bega Valley, New South Wales, Australia"}