{"bounds":{"maxX":137.998488608,"maxY":-17.945241692,"minX":129.000483264,"minY":-24.198815488},"result":"Central Desert, Northern Territory, Australia"}