{"bounds":{"maxX":150.823499392,"maxY":-33.6122813955,"minX":150.588042144,"minY":-33.883173769},"result":"Penrith, New South Wales, Australia"}