{"bounds":{"maxX":147.875456896,"maxY":-34.106550391,"minX":147.08289856,"minY":-34.659750378},"result":"Temora, New South Wales, Australia"}