{"bounds":{"maxX":146.311587552,"maxY":-34.0988896705,"minX":145.734305856,"minY":-34.5700617305},"result":"Griffith, New South Wales, Australia"}