{"bounds":{"maxX":150.362638592,"maxY":-32.0580899945,"minX":149.172327072,"minY":-33.145900928},"result":"Mid-Western Regional, New South Wales, Australia"}