{"bounds":{"maxX":150.393759392,"maxY":-29.7492663515,"minX":148.81109488,"minY":-30.9063197695},"result":"Narrabri, New South Wales, Australia"}