{"bounds":{"maxX":132.68850352,"maxY":-14.185774885,"minX":131.659775264,"minY":-15.1144569955},"result":"Katherine, Northern Territory, Australia"}