{"bounds":{"maxX":152.452338496,"maxY":-29.240092868,"minX":151.426796768,"minY":-30.0222042515},"result":"Glen Innes Severn, New South Wales, Australia"}