{"bounds":{"maxX":145.259452832,"maxY":-33.4623131435,"minX":143.901104064,"minY":-34.8522987665},"result":"Hay, New South Wales, Australia"}