{"bounds":{"maxX":151.268932992,"maxY":-33.8033429945,"minX":151.228376992,"minY":-33.853526002},"result":"Mosman, New South Wales, Australia"}