{"bounds":{"maxX":153.183773664,"maxY":-28.269654019,"minX":152.373705056,"minY":-29.023303615},"result":"Kyogle, New South Wales, Australia"}