{"bounds":{"maxX":144.48070576,"maxY":-28.997795704,"minX":140.999474528,"minY":-33.366658172},"result":"Northwestern NSW, New South Wales, Australia"}