{"bounds":{"maxX":152.428078176,"maxY":-30.2316211435,"minX":151.32162608,"minY":-30.9310320325},"result":"Armidale Dumaresq, New South Wales, Australia"}