{"bounds":{"maxX":149.094301312,"maxY":-28.9990429,"minX":147.173615296,"minY":-30.581572046},"result":"Walgett, New South Wales, Australia"}