{"bounds":{"maxX":151.502072416,"maxY":-32.1389097975,"minX":150.33537632,"minY":-33.072023139},"result":"Singleton, New South Wales, Australia"}