{"bounds":{"maxX":150.96542432,"maxY":-33.6463169925,"minX":150.75962992,"minY":-33.8340020455},"result":"Blacktown, New South Wales, Australia"}