{"bounds":{"maxX":149.422572128,"maxY":-34.535666845,"minX":148.5222392,"minY":-35.3169280055},"result":"Yass Valley, New South Wales, Australia"}