{"bounds":{"maxX":135.0,"maxY":-10.965914265,"minX":131.758701632,"minY":-13.8085363345},"result":"West Arnhem, Northern Territory, Australia"}