{"bounds":{"maxX":146.007644352,"maxY":-35.5119948175,"minX":145.3320392,"minY":-35.9918382715},"result":"Berrigan, New South Wales, Australia"}