{"bounds":{"maxX":148.507256,"maxY":-32.3689524135,"minX":147.543019552,"minY":-33.2774042745},"result":"Parkes, New South Wales, Australia"}