{"bounds":{"maxX":151.484956512,"maxY":-33.1099599975,"minX":150.984145568,"minY":-33.5706390055},"result":"Gosford, New South Wales, Australia"}