{"bounds":{"maxX":150.6197408,"maxY":-32.879845879,"minX":149.751919936,"minY":-33.7606540225},"result":"Lithgow, New South Wales, Australia"}