{"bounds":{"maxX":153.450324,"maxY":-28.5157841425,"minX":153.073514368,"minY":-29.0713285605},"result":"Lismore, New South Wales, Australia"}