{"bounds":{"maxX":150.904334912,"maxY":-34.5373282375,"minX":150.63793696,"minY":-34.643238166},"result":"Shellharbour, New South Wales, Australia"}