{"bounds":{"maxX":146.705554784,"maxY":-30.6562980045,"minX":144.015716544,"minY":-33.2759597205},"result":"Cobar, New South Wales, Australia"}