{"bounds":{"maxX":151.002353472,"maxY":-28.6730205265,"minX":150.073885504,"minY":-30.323103995},"result":"Gwydir, New South Wales, Australia"}