{"bounds":{"maxX":131.396727232,"maxY":-12.1426791,"minX":130.858978304,"minY":-12.861890576},"result":"Litchfield, Northern Territory, Australia"}