{"bounds":{"maxX":148.570366016,"maxY":-35.540659809,"minX":147.687408,"minY":-36.806079419},"result":"Tumbarumba, New South Wales, Australia"}