{"bounds":{"maxX":150.21566112,"maxY":-34.902197207,"minX":149.131376448,"minY":-36.0092173565},"result":"Palerang, New South Wales, Australia"}