{"bounds":{"maxX":144.499177024,"maxY":-34.3304236085,"minX":143.317639744,"minY":-35.7704188385},"result":"Wakool, New South Wales, Australia"}