{"bounds":{"maxX":150.241200384,"maxY":-33.484878685,"minX":149.394689472,"minY":-34.2057330165},"result":"Oberon, New South Wales, Australia"}