{"bounds":{"maxX":151.150520032,"maxY":-33.8696569845,"minX":151.112328128,"minY":-33.9075605985},"result":"Ashfield, New South Wales, Australia"}