{"bounds":{"maxX":149.363663872,"maxY":-32.6072101395,"minX":148.290217952,"minY":-33.6142409895},"result":"Cabonne, New South Wales, Australia"}