{"bounds":{"maxX":138.001197856,"maxY":-10.965914265,"minX":129.000439712,"minY":-25.9994823335},"result":"Northern Territory, Australia"}