{"bounds":{"maxX":147.099206048,"maxY":-35.9138939975,"minX":146.814481888,"minY":-36.1159894405},"result":"Albury, New South Wales, Australia"}