{"bounds":{"maxX":145.159549792,"maxY":-30.2426341935,"minX":142.091828,"minY":-33.300463248},"result":"Central Darling, New South Wales, Australia"}