{"bounds":{"maxX":149.031644256,"maxY":-31.8860215685,"minX":148.359836512,"minY":-32.6535745435},"result":"Dubbo, New South Wales, Australia"}