{"bounds":{"maxX":146.2296736,"maxY":-34.4348477095,"minX":145.177957984,"minY":-34.9078187095},"result":"Murrumbidgee, New South Wales, Australia"}