{"bounds":{"maxX":151.233047008,"maxY":-33.778527002,"minX":151.142625376,"minY":-33.824809525},"result":"Willoughby, New South Wales, Australia"}