{"bounds":{"maxX":151.137947168,"maxY":-33.9562000585,"minX":151.071551008,"minY":-34.005996268},"result":"Kogarah, New South Wales, Australia"}