{"bounds":{"maxX":151.170315136,"maxY":-32.130034219,"minX":150.226440256,"minY":-32.8486594115},"result":"Muswellbrook, New South Wales, Australia"}