{"bounds":{"maxX":151.286333184,"maxY":-33.8570281815,"minX":151.240776832,"minY":-33.9111659895},"result":"Waverley, New South Wales, Australia"}