{"bounds":{"maxX":151.181554336,"maxY":-33.88682097,"minX":151.128584,"minY":-33.933998153},"result":"Marrickville, New South Wales, Australia"}