{"bounds":{"maxX":151.075483552,"maxY":-33.8640737215,"minX":150.966024416,"minY":-33.9836002235},"result":"Bankstown, New South Wales, Australia"}