{"bounds":{"maxX":137.999053824,"maxY":-22.853946111,"minX":129.000567776,"minY":-25.9994823335},"result":"MacDonnell, Northern Territory, Australia"}