{"bounds":{"maxX":146.516722912,"maxY":-34.334333528,"minX":146.021650496,"minY":-34.724998805},"result":"Leeton, New South Wales, Australia"}