{"bounds":{"maxX":149.321206016,"maxY":-35.330127219,"minX":149.135550208,"minY":-35.509170996},"result":"Queanbeyan, New South Wales, Australia"}