{"bounds":{"maxX":148.432134688,"maxY":-33.037354398,"minX":147.296816512,"minY":-33.7206127705},"result":"Forbes, New South Wales, Australia"}