{"bounds":{"maxX":130.712794208,"maxY":-12.509095058,"minX":130.6535616,"minY":-12.567289768},"result":"Belyuen, Northern Territory, Australia"}