{"bounds":{"maxX":151.180284288,"maxY":-33.8147684095,"minX":151.126707616,"minY":-33.8449220035},"result":"Hunters Hill, New South Wales, Australia"}