{"bounds":{"maxX":146.492732544,"maxY":-32.6712537355,"minX":144.357739008,"minY":-34.58015583},"result":"Carrathool, New South Wales, Australia"}