{"bounds":{"maxX":141.56572032,"maxY":-31.8837885445,"minX":141.390652768,"minY":-32.0191457},"result":"Broken Hill, New South Wales, Australia"}