{"bounds":{"maxX":148.583094592,"maxY":-34.7707695255,"minX":147.686054048,"minY":-35.281654222},"result":"Gundagai, New South Wales, Australia"}