{"bounds":{"maxX":145.051203616,"maxY":-35.4706800255,"minX":144.895128224,"minY":-35.587481607},"result":"Deniliquin, New South Wales, Australia"}