{"bounds":{"maxX":153.638596,"maxY":-28.461214415,"minX":153.329437312,"minY":-28.7654813805},"result":"Byron, New South Wales, Australia"}