{"bounds":{"maxX":153.020228992,"maxY":-30.488732645,"minX":152.400131008,"minY":-30.9278479975},"result":"Nambucca, New South Wales, Australia"}