{"bounds":{"maxX":149.170851744,"maxY":-35.716835087,"minX":148.200677568,"minY":-36.888647805},"result":"Snowy River, New South Wales, Australia"}