{"bounds":{"maxX":151.08402096,"maxY":-33.8203844175,"minX":151.012139008,"minY":-33.888222567},"result":"Auburn, New South Wales, Australia"}