{"bounds":{"maxX":149.139096224,"maxY":-31.248715679,"minX":148.268002976,"minY":-32.017230802},"result":"Gilgandra, New South Wales, Australia"}