{"bounds":{"maxX":151.066158368,"maxY":-34.13000865,"minX":150.635072608,"minY":-34.554723214},"result":"Wollongong, New South Wales, Australia"}