{"bounds":{"maxX":150.990520832,"maxY":-33.820659938,"minX":150.81170512,"minY":-33.9141844865},"result":"Fairfield, New South Wales, Australia"}