{"bounds":{"maxX":150.12321264,"maxY":-33.8878283875,"minX":148.938000992,"minY":-34.9495224825},"result":"Upper Lachlan Shire, New South Wales, Australia"}