{"bounds":{"maxX":144.689153568,"maxY":-33.1157076515,"minX":142.45232672,"minY":-34.9724159735},"result":"Balranald, New South Wales, Australia"}