{"bounds":{"maxX":152.205394016,"maxY":-32.578850398,"minX":151.593524512,"minY":-32.878220136},"result":"Port Stephens, New South Wales, Australia"}