{"bounds":{"maxX":150.486247808,"maxY":-28.5371570815,"minX":148.676178976,"minY":-30.105464149},"result":"Moree Plains, New South Wales, Australia"}