{"bounds":{"maxX":148.357358048,"maxY":-30.4024064465,"minX":147.0995968,"minY":-32.1886658435},"result":"Warren, New South Wales, Australia"}