{"bounds":{"maxX":159.483981670096,"maxY":-31.410242028797,"minX":158.919707915838,"minY":-32.0723228069077},"result":"Lord Howe Island, New South Wales, Australia"}