{"bounds":{"maxX":150.994010368,"maxY":-33.8640474515,"minX":150.617739584,"minY":-34.0410771335},"result":"Liverpool, New South Wales, Australia"}