{"bounds":{"maxX":152.631388768,"maxY":-28.249248556,"minX":151.365372992,"minY":-29.427472042},"result":"Tenterfield, New South Wales, Australia"}