{"bounds":{"maxX":151.164848896,"maxY":-33.822844011,"minX":151.078015968,"minY":-33.8742895695},"result":"Canada Bay, New South Wales, Australia"}