{"bounds":{"maxX":151.630547008,"maxY":-33.043633002,"minX":151.199233568,"minY":-33.402486123},"result":"Wyong, New South Wales, Australia"}