{"bounds":{"maxX":151.774737888,"maxY":-30.073936375,"minX":150.934865504,"minY":-30.8970279225},"result":"Uralla, New South Wales, Australia"}