{"bounds":{"maxX":136.427174368,"maxY":-13.8397870155,"minX":136.408731872,"minY":-13.857992995},"result":"Alyangula, Northern Territory, Australia"}