{"bounds":{"maxX":150.849836,"maxY":-34.6386319805,"minX":149.976254784,"minY":-35.6445965645},"result":"Shoalhaven, New South Wales, Australia"}