{"bounds":{"maxX":151.232907232,"maxY":-33.815751296,"minX":151.187353568,"minY":-33.852659758},"result":"North Sydney, New South Wales, Australia"}