{"bounds":{"maxX":149.510247136,"maxY":-36.559086733,"minX":148.395227392,"minY":-37.262929334},"result":"Bombala, New South Wales, Australia"}