{"bounds":{"maxX":151.60431888,"maxY":-28.6334239035,"minX":150.47911296,"minY":-29.997092444},"result":"Inverell, New South Wales, Australia"}