{"bounds":{"maxX":149.422057728,"maxY":-33.420676766,"minX":148.838868448,"minY":-33.812385739},"result":"Blayney, New South Wales, Australia"}