{"bounds":{"maxX":148.515899808,"maxY":-33.6148783145,"minX":147.506587488,"minY":-34.143191195},"result":"Weddin, New South Wales, Australia"}