{"bounds":{"maxX":151.00868016,"maxY":-33.7850659935,"minX":150.912416992,"minY":-33.869922996},"result":"Holroyd, New South Wales, Australia"}