{"bounds":{"maxX":148.275242656,"maxY":-34.3365112925,"minX":147.765537696,"minY":-34.8386278215},"result":"Cootamundra, New South Wales, Australia"}