{"bounds":{"maxX":150.822614016,"maxY":-33.938800642,"minX":150.627817824,"minY":-34.093409027},"result":"Camden, New South Wales, Australia"}