{"bounds":{"maxX":146.657991968,"maxY":-28.9986153835,"minX":144.065192672,"minY":-30.993071098},"result":"Bourke, New South Wales, Australia"}