{"bounds":{"maxX":138.001197856,"maxY":-12.999816623,"minX":131.945910112,"minY":-17.611452815},"result":"Roper Gulf, Northern Territory, Australia"}