{"bounds":{"maxX":152.381919616,"maxY":-29.8941247555,"minX":150.975956864,"minY":-30.457509603},"result":"Guyra, New South Wales, Australia"}