{"bounds":{"maxX":150.110637888,"maxY":-30.605625968,"minX":148.79692,"minY":-32.304746443},"result":"Warrumbungle Shire, New South Wales, Australia"}