{"bounds":{"maxX":151.594022176,"maxY":-31.5537525775,"minX":149.791608,"minY":-32.4087954195},"result":"Upper Hunter Shire, New South Wales, Australia"}