{"bounds":{"maxX":148.669807648,"maxY":-34.3501002085,"minX":148.14163296,"minY":-34.9073849585},"result":"Harden, New South Wales, Australia"}