{"bounds":{"maxX":138.00119696,"maxY":-16.502220269,"minX":131.646074112,"minY":-22.5808533845},"result":"Barkly, Northern Territory, Australia"}