{"bounds":{"maxX":151.317652,"maxY":-33.6144567735,"minX":151.160774048,"minY":-33.792379654},"result":"Warringah, New South Wales, Australia"}