{"bounds":{"maxX":151.094502432,"maxY":-33.8499880065,"minX":151.056728,"minY":-33.9095718815},"result":"Strathfield, New South Wales, Australia"}