{"bounds":{"maxX":132.5228832,"maxY":-13.1757272215,"minX":129.000439712,"minY":-18.6826765745},"result":"Victoria-Daly, Northern Territory, Australia"}