{"bounds":{"maxX":147.482391136,"maxY":-34.2934677495,"minX":146.7917512,"minY":-34.907458755},"result":"Coolamon, New South Wales, Australia"}