{"bounds":{"maxX":133.940458368,"maxY":-23.6305059035,"minX":133.725976128,"minY":-23.831498876},"result":"Alice Springs, Northern Territory, Australia"}