{"bounds":{"maxX":152.492636512,"maxY":-27.936741006,"minX":151.350648032,"minY":-29.0685564835},"result":"Southern Downs, Queensland, Australia"}