{"bounds":{"maxX":143.513151712,"maxY":-17.330751464,"minX":141.131830816,"minY":-19.696452247},"result":"Croydon, Queensland, Australia"}