{"bounds":{"maxX":147.347724,"maxY":-18.313716996,"minX":144.285181312,"minY":-22.104813993},"result":"Charters Towers, Queensland, Australia"}