{"bounds":{"maxX":145.964665504,"maxY":-16.8642936665,"minX":145.837519008,"minY":-17.170469499},"result":"Yarrabah, Queensland, Australia"}