{"bounds":{"maxX":153.238876512,"maxY":-27.7164613765,"minX":152.374892512,"minY":-28.363962912},"result":"Scenic Rim, Queensland, Australia"}