{"bounds":{"maxX":142.961830144,"maxY":-15.1892187515,"minX":139.744383328,"minY":-19.4550949755},"result":"Carpentaria, Queensland, Australia"}