{"bounds":{"maxX":142.141475168,"maxY":-14.16282804,"minX":141.525609696,"minY":-15.1512630045},"result":"Pormpuraaw, Queensland, Australia"}