{"bounds":{"maxX":144.063808928,"maxY":-9.229597024,"minX":142.085126176,"minY":-10.574864003},"result":"Torres Strait Island, Queensland, Australia"}