{"bounds":{"maxX":153.552171232,"maxY":-27.691833825,"minX":153.168920192,"minY":-28.265189858},"result":"Gold Coast, Queensland, Australia"}