{"bounds":{"maxX":142.571245504,"maxY":-12.232657661,"minX":141.591438336,"minY":-12.9428101495},"result":"Napranum, Queensland, Australia"}