{"bounds":{"maxX":142.609273344,"maxY":-10.719678821,"minX":142.098005536,"minY":-11.2241089415},"result":"Northern Peninsula Area, Queensland, Australia"}