{"bounds":{"maxX":147.663327968,"maxY":-19.3018889645,"minX":146.881464288,"minY":-20.3967999945},"result":"Burdekin, Queensland, Australia"}