{"bounds":{"maxX":153.552171232,"maxY":-9.142175977,"minX":137.99595744,"minY":-29.1778726875},"result":"Queensland, Australia"}