{"bounds":{"maxX":147.95530976,"maxY":-24.72833159,"minX":145.252882112,"minY":-27.5438474965},"result":"Murweh, Queensland, Australia"}