{"bounds":{"maxX":147.290592896,"maxY":-23.8211854775,"minX":144.654986016,"minY":-25.754713662},"result":"Blackall Tambo, Queensland, Australia"}