{"bounds":{"maxX":144.83242784,"maxY":-17.4884719375,"minX":142.244229536,"minY":-19.6370475815},"result":"Etheridge, Queensland, Australia"}