{"bounds":{"maxX":152.251428704,"maxY":-26.766807,"minX":150.702671808,"minY":-28.192347144},"result":"Toowoomba, Queensland, Australia"}