{"bounds":{"maxX":144.9254696,"maxY":-22.4965770045,"minX":142.808700416,"minY":-25.2554288725},"result":"Longreach, Queensland, Australia"}