{"bounds":{"maxX":143.790080992,"maxY":-19.471847669,"minX":142.037605696,"minY":-21.667494121},"result":"Richmond, Queensland, Australia"}