{"bounds":{"maxX":146.358659424,"maxY":-17.4023878485,"minX":145.572554816,"minY":-18.5333200065},"result":"Cassowary Coast, Queensland, Australia"}