{"bounds":{"maxX":141.253487104,"maxY":-20.8645069675,"minX":137.99720352,"minY":-23.6936439985},"result":"Boulia, Queensland, Australia"}