{"bounds":{"maxX":152.757022016,"maxY":-26.4519227365,"minX":152.073392768,"minY":-27.5707368765},"result":"Somerset, Queensland, Australia"}