{"bounds":{"maxX":146.694227552,"maxY":-18.6519758985,"minX":146.505849632,"minY":-18.8486852515},"result":"Palm Island, Queensland, Australia"}