{"bounds":{"maxX":146.096163872,"maxY":-15.902768654,"minX":144.984307776,"minY":-17.506081995},"result":"Cairns, Queensland, Australia"}