{"bounds":{"maxX":152.276367296,"maxY":-24.3920918885,"minX":150.369648992,"minY":-26.0967949975},"result":"North Burnett, Queensland, Australia"}