{"bounds":{"maxX":152.940978016,"maxY":-27.4903269965,"minX":152.382786304,"minY":-27.865468979},"result":"Ipswich, Queensland, Australia"}