{"bounds":{"maxX":147.14279888,"maxY":-26.9757405055,"minX":144.292303808,"minY":-28.9991030065},"result":"Paroo, Queensland, Australia"}