{"bounds":{"maxX":151.979141216,"maxY":-26.256303607,"minX":151.886447168,"minY":-26.318701961},"result":"Cherbourg, Queensland, Australia"}