{"bounds":{"maxX":141.309670304,"maxY":-19.0236141475,"minX":139.232628288,"minY":-22.374174178},"result":"Cloncurry, Queensland, Australia"}