{"bounds":{"maxX":142.609552416,"maxY":-19.1353500035,"minX":140.739424704,"minY":-22.0529079695},"result":"McKinlay, Queensland, Australia"}