{"bounds":{"maxX":143.877467872,"maxY":-9.142175977,"minX":141.418946176,"minY":-11.0037286535},"result":"Torres, Queensland, Australia"}