{"bounds":{"maxX":153.360295936,"maxY":-24.696996031,"minX":151.980124704,"minY":-25.985905498},"result":"Fraser Coast, Queensland, Australia"}