{"bounds":{"maxX":140.032887104,"maxY":-18.1816354505,"minX":137.99595744,"minY":-21.3149793035},"result":"Mount Isa, Queensland, Australia"}