{"bounds":{"maxX":151.086690016,"maxY":-21.915186033,"minX":149.367615008,"minY":-23.853687591},"result":"Rockhampton, Queensland, Australia"}