{"bounds":{"maxX":145.539631072,"maxY":-19.5686844945,"minX":143.236640416,"minY":-22.211921408},"result":"Flinders, Queensland, Australia"}