{"bounds":{"maxX":140.073760992,"maxY":-16.5445094745,"minX":138.001180288,"minY":-19.5847126355},"result":"Burke, Queensland, Australia"}