{"bounds":{"maxX":141.9348504,"maxY":-12.601950036,"minX":141.845719456,"minY":-12.687361613},"result":"Weipa, Queensland, Australia"}