{"bounds":{"maxX":153.207557664,"maxY":-26.7922499945,"minX":152.651188992,"minY":-27.422374998},"result":"Moreton Bay, Queensland, Australia"}