{"bounds":{"maxX":153.192310912,"maxY":-25.757006996,"minX":151.75276,"minY":-26.5977089525},"result":"Gympie, Queensland, Australia"}