{"bounds":{"maxX":152.718351136,"maxY":-23.245454803,"minX":150.598015008,"minY":-24.7919221395},"result":"Gladstone, Queensland, Australia"}