{"bounds":{"maxX":150.066708,"maxY":-22.654254188,"minX":146.5724584,"minY":-25.472468634},"result":"Central Highlands, Queensland, Australia"}