{"bounds":{"maxX":142.221302784,"maxY":-11.952362237,"minX":141.727279232,"minY":-12.3919749435},"result":"Mapoon, Queensland, Australia"}