{"bounds":{"maxX":152.63304192,"maxY":-24.513761005,"minX":151.335786944,"minY":-25.4323420045},"result":"Bundaberg, Queensland, Australia"}