{"bounds":{"maxX":149.495520992,"maxY":-27.570552006,"minX":146.863143584,"minY":-28.9991489975},"result":"Balonne, Queensland, Australia"}