{"bounds":{"maxX":153.151382176,"maxY":-26.137120798,"minX":152.550871008,"minY":-26.98483727},"result":"Sunshine Coast, Queensland, Australia"}