{"bounds":{"maxX":153.546707552,"maxY":-27.3879066305,"minX":153.171548992,"minY":-27.7407767775},"result":"Redland, Queensland, Australia"}