{"bounds":{"maxX":142.145018592,"maxY":-23.1566583735,"minX":137.998245696,"minY":-25.99686697},"result":"Diamantina, Queensland, Australia"}