{"bounds":{"maxX":145.462548,"maxY":-24.6494580055,"minX":141.6961728,"minY":-27.6516865125},"result":"Quilpie, Queensland, Australia"}