{"bounds":{"maxX":151.707370208,"maxY":-27.746523562,"minX":148.919517472,"minY":-29.1778726875},"result":"Goondiwindi, Queensland, Australia"}