{"bounds":{"maxX":146.50809408,"maxY":-18.3643183255,"minX":145.73782,"minY":-18.9524793905},"result":"Hinchinbrook, Queensland, Australia"}