{"bounds":{"maxX":145.839912192,"maxY":-16.042535747,"minX":142.17439872,"minY":-18.5782859955},"result":"Tablelands, Queensland, Australia"}