{"bounds":{"maxX":142.133883008,"maxY":-14.989111855,"minX":141.491860704,"minY":-15.5685253245},"result":"Kowanyama, Queensland, Australia"}