{"bounds":{"maxX":153.290513888,"maxY":-27.587311008,"minX":152.799324992,"minY":-27.9385700085},"result":"Logan, Queensland, Australia"}