{"bounds":{"maxX":151.674504,"maxY":-25.5988413385,"minX":149.097295008,"minY":-28.0144612635},"result":"Western Downs, Queensland, Australia"}