{"bounds":{"maxX":139.887546528,"maxY":-16.229243704,"minX":139.046096192,"minY":-17.1394797975},"result":"Mornington, Queensland, Australia"}