{"bounds":{"maxX":145.479938048,"maxY":-10.9985232715,"minX":141.58316192,"minY":-16.364462276},"result":"Cook, Queensland, Australia"}