{"bounds":{"maxX":149.774755008,"maxY":-23.4270054225,"minX":149.320028768,"minY":-24.640298304},"result":"Woorabinda, Queensland, Australia"}