{"bounds":{"maxX":152.190081184,"maxY":-25.8536233385,"minX":151.013243008,"minY":-26.947919558},"result":"South Burnett, Queensland, Australia"}