{"bounds":{"maxX":142.182215008,"maxY":-12.5603526935,"minX":141.466482016,"minY":-14.464899999},"result":"Aurukun, Queensland, Australia"}