{"bounds":{"maxX":145.356755552,"maxY":-14.8302942575,"minX":145.028206592,"minY":-15.4414733185},"result":"Hope Vale, Queensland, Australia"}