{"bounds":{"maxX":145.343439872,"maxY":-15.9425004195,"minX":145.28696896,"minY":-15.9955779},"result":"Wujal Wujal, Queensland, Australia"}