{"bounds":{"maxX":139.109647296,"maxY":-16.8749971005,"minX":138.576883712,"minY":-18.018715034},"result":"Doomadgee, Queensland, Australia"}