{"bounds":{"maxX":152.518658016,"maxY":-27.385227997,"minX":151.942075488,"minY":-27.977543015},"result":"Lockyer Valley, Queensland, Australia"}