{"bounds":{"maxX":149.831561312,"maxY":-24.8788759505,"minX":147.030393728,"minY":-27.906900173},"result":"Maranoa, Queensland, Australia"}