{"bounds":{"maxX":147.119863008,"maxY":-18.9190620635,"minX":146.144593536,"minY":-19.784937007},"result":"Townsville, Queensland, Australia"}