{"bounds":{"maxX":144.253342624,"maxY":-23.5707306645,"minX":140.676279904,"minY":-26.775118125},"result":"Barcoo, Queensland, Australia"}