{"bounds":{"maxX":147.286616736,"maxY":-21.658253926,"minX":143.583190016,"minY":-24.4458090065},"result":"Barcaldine, Queensland, Australia"}