{"bounds":{"maxX":153.46848864,"maxY":-27.021964587,"minX":152.67969312,"minY":-27.6603865815},"result":"Brisbane, Queensland, Australia"}