{"bounds":{"maxX":149.93636112,"maxY":-20.3927884175,"minX":148.148926016,"minY":-21.7710017505},"result":"Mackay, Queensland, Australia"}