{"bounds":{"maxX":150.98366,"maxY":-23.6469770085,"minX":148.81308,"minY":-25.966084006},"result":"Banana, Queensland, Australia"}