{"bounds":{"maxX":149.178165856,"maxY":-19.7054810055,"minX":146.848806208,"minY":-21.690129463},"result":"Whitsunday, Queensland, Australia"}