{"bounds":{"maxX":144.501776096,"maxY":-21.3086561885,"minX":140.8221896,"minY":-23.7063215305},"result":"Winton, Queensland, Australia"}