{"bounds":{"maxX":150.441977888,"maxY":-20.9308931445,"minX":146.031455008,"minY":-23.5560350045},"result":"Isaac, Queensland, Australia"}