{"bounds":{"maxX":144.829883168,"maxY":-26.662485241,"minX":140.99570208,"minY":-28.9991017485},"result":"Bulloo, Queensland, Australia"}