{"bounds":{"maxX":143.61744096,"maxY":-12.5517759825,"minX":142.883046144,"minY":-13.4858602965},"result":"Lockhart River, Queensland, Australia"}