{"bounds":{"maxX":141.002955616,"maxY":-25.9961464875,"minX":129.001340096,"minY":-35.735721034},"result":"Unincorporated SA, South Australia, Australia"}