{"bounds":{"maxX":138.700997728,"maxY":-34.9127055955,"minX":138.6156744,"minY":-34.976197022},"result":"Burnside, South Australia, Australia"}