{"bounds":{"maxX":140.966309376,"maxY":-33.9436215015,"minX":139.600614592,"minY":-35.0195943035},"result":"Loxton Waikerie, South Australia, Australia"}