{"bounds":{"maxX":138.848043616,"maxY":-34.6130151415,"minX":138.436150208,"minY":-34.7753926755},"result":"Playford, South Australia, Australia"}