{"bounds":{"maxX":140.520396096,"maxY":-35.1829420145,"minX":138.8861856,"minY":-36.253934709},"result":"The Coorong, South Australia, Australia"}