{"bounds":{"maxX":139.354288992,"maxY":-32.593968154,"minX":138.697874656,"minY":-33.101762222},"result":"Peterborough, South Australia, Australia"}