{"bounds":{"maxX":136.924535712,"maxY":-30.47430949,"minX":136.842996096,"minY":-30.6235376495},"result":"Roxby Downs, South Australia, Australia"}