{"bounds":{"maxX":138.654942016,"maxY":-35.3891359845,"minX":138.437251328,"minY":-35.642968028},"result":"Victor Harbor, South Australia, Australia"}