{"bounds":{"maxX":138.64407408,"maxY":-34.9405687785,"minX":138.57187392,"minY":-34.967266739},"result":"Unley, South Australia, Australia"}