{"bounds":{"maxX":139.857651008,"maxY":-33.8007767855,"minX":138.975121792,"minY":-35.0305426775},"result":"Mid Murray, South Australia, Australia"}