{"bounds":{"maxX":139.127389408,"maxY":-34.187562594,"minX":138.559954272,"minY":-34.6320469795},"result":"Light, South Australia, Australia"}