{"bounds":{"maxX":135.893377088,"maxY":-34.6874142605,"minX":135.821373856,"minY":-34.769666167},"result":"Port Lincoln, South Australia, Australia"}