{"bounds":{"maxX":138.635194976,"maxY":-34.879351853,"minX":138.5973288,"minY":-34.9095046885},"result":"Walkerville, South Australia, Australia"}