{"bounds":{"maxX":138.890194912,"maxY":-32.120298853,"minX":138.439194912,"minY":-32.943318232},"result":"Orroroo/Carrieton, South Australia, Australia"}