{"bounds":{"maxX":138.699286944,"maxY":-34.692160232,"minX":138.517339392,"minY":-34.844382117},"result":"Salisbury, South Australia, Australia"}