{"bounds":{"maxX":138.669467424,"maxY":-34.7630560245,"minX":138.475806176,"minY":-34.8895111835},"result":"Port Adelaide Enfield, South Australia, Australia"}