{"bounds":{"maxX":138.40329744,"maxY":-33.1039765425,"minX":137.81081088,"minY":-33.62627437},"result":"Port Pirie City and Dists, South Australia, Australia"}