{"bounds":{"maxX":138.619973536,"maxY":-34.869935168,"minX":138.580789184,"minY":-34.899198505},"result":"Prospect, South Australia, Australia"}