{"bounds":{"maxX":140.973567648,"maxY":-37.6102361055,"minX":140.296775328,"minY":-38.061487976},"result":"Grant, South Australia, Australia"}