{"bounds":{"maxX":138.590664512,"maxY":-35.322708238,"minX":138.093913088,"minY":-35.6650900135},"result":"Yankalilla, South Australia, Australia"}