{"bounds":{"maxX":139.358038336,"maxY":-33.097609009,"minX":138.675049792,"minY":-34.335200475},"result":"Goyder, South Australia, Australia"}