{"bounds":{"maxX":140.826196384,"maxY":-37.794292661,"minX":140.737611968,"minY":-37.85507948},"result":"Mount Gambier, South Australia, Australia"}