{"bounds":{"maxX":138.4401528,"maxY":-32.32311069,"minX":137.902454016,"minY":-33.113140166},"result":"Mount Remarkable, South Australia, Australia"}