{"bounds":{"maxX":138.780189824,"maxY":-34.7342530415,"minX":138.659687296,"minY":-34.8691732085},"result":"Tea Tree Gully, South Australia, Australia"}