{"bounds":{"maxX":138.630442368,"maxY":-34.3443793055,"minX":138.225222464,"minY":-34.676304733},"result":"Mallala, South Australia, Australia"}