{"bounds":{"maxX":140.966224704,"maxY":-34.986664433,"minX":140.07438144,"minY":-35.7479889945},"result":"Southern Mallee, South Australia, Australia"}