{"bounds":{"maxX":139.171926688,"maxY":-34.411686209,"minX":138.751440832,"minY":-34.8153378385},"result":"Barossa, South Australia, Australia"}