{"bounds":{"maxX":133.744936992,"maxY":-25.998562532,"minX":129.001336992,"minY":-28.117375006},"result":"Anangu Pitjantjatjara, South Australia, Australia"}