{"bounds":{"maxX":138.68131616,"maxY":-34.9633253695,"minX":138.562959136,"minY":-35.0504667335},"result":"Mitcham, South Australia, Australia"}