{"bounds":{"maxX":135.908102304,"maxY":-33.138352817,"minX":134.282179136,"minY":-33.9402685985},"result":"Elliston, South Australia, Australia"}