{"bounds":{"maxX":136.495632384,"maxY":-33.850098692,"minX":135.77735808,"minY":-34.5438359085},"result":"Tumby Bay, South Australia, Australia"}