{"bounds":{"maxX":140.96890496,"maxY":-35.7422113705,"minX":140.046047296,"minY":-36.7024293025},"result":"Tatiara, South Australia, Australia"}