{"bounds":{"maxX":138.754629408,"maxY":-31.739747637,"minX":137.923013632,"minY":-32.527063089},"result":"Flinders Ranges, South Australia, Australia"}