{"bounds":{"maxX":137.918640608,"maxY":-33.7881450225,"minX":137.50792944,"minY":-34.097587289},"result":"Copper Coast, South Australia, Australia"}