{"bounds":{"maxX":138.784537088,"maxY":-34.5716496965,"minX":138.680011808,"minY":-34.6705304575},"result":"Gawler, South Australia, Australia"}