{"bounds":{"maxX":139.62242448,"maxY":-34.9286873385,"minX":139.019372,"minY":-35.4717035195},"result":"Murray Bridge, South Australia, Australia"}