{"bounds":{"maxX":138.582884192,"maxY":-34.9091589605,"minX":138.503007008,"minY":-34.975938318},"result":"West Torrens, South Australia, Australia"}