{"bounds":{"maxX":141.002955616,"maxY":-25.9961464875,"minX":129.001336992,"minY":-38.061487976},"result":"South Australia, Australia"}