{"bounds":{"maxX":137.965233152,"maxY":-32.354799303,"minX":137.595867744,"minY":-32.877510994},"result":"Port Augusta, South Australia, Australia"}