{"bounds":{"maxX":138.704733184,"maxY":-33.625790595,"minX":138.084380512,"minY":-34.3890584705},"result":"Wakefield, South Australia, Australia"}