{"bounds":{"maxX":138.134891168,"maxY":-35.561193033,"minX":136.53294192,"minY":-36.0865290045},"result":"Kangaroo Island, South Australia, Australia"}