{"bounds":{"maxX":138.713357536,"maxY":-35.02329447,"minX":138.442172032,"minY":-35.35029603},"result":"Onkaparinga, South Australia, Australia"}