{"bounds":{"maxX":140.243654816,"maxY":-37.0324666755,"minX":139.739303168,"minY":-37.3398567},"result":"Robe, South Australia, Australia"}