{"bounds":{"maxX":140.973872256,"maxY":-37.1760372945,"minX":139.86841616,"minY":-37.840045233},"result":"Wattle Range, South Australia, Australia"}