{"bounds":{"maxX":140.971979328,"maxY":-36.6689636165,"minX":140.083842816,"minY":-37.321878511},"result":"Naracoorte and Lucindale, South Australia, Australia"}