{"bounds":{"maxX":138.144892896,"maxY":-33.4681128565,"minX":137.701314784,"minY":-34.121559663},"result":"Barunga West, South Australia, Australia"}