{"bounds":{"maxX":140.431818144,"maxY":-36.2487448115,"minX":139.670083008,"minY":-37.0329099355},"result":"Kingston, South Australia, Australia"}