{"bounds":{"maxX":134.513041376,"maxY":-31.7521048785,"minX":133.212711168,"minY":-32.542614818},"result":"Ceduna, South Australia, Australia"}