{"bounds":{"maxX":140.66697888,"maxY":-34.119427908,"minX":140.320189248,"minY":-34.456326561},"result":"Berri and Barmera, South Australia, Australia"}