{"bounds":{"maxX":134.809687328,"maxY":-28.9710283315,"minX":134.694102752,"minY":-29.0517079415},"result":"Coober Pedy, South Australia, Australia"}