{"bounds":{"maxX":138.975791008,"maxY":-33.658656511,"minX":138.531018208,"minY":-34.3705239865},"result":"Clare and Gilbert Valleys, South Australia, Australia"}