{"bounds":{"maxX":135.136750656,"maxY":-32.231003815,"minX":133.965573152,"minY":-33.2450860695},"result":"Streaky Bay, South Australia, Australia"}