{"bounds":{"maxX":140.964156032,"maxY":-33.9626972955,"minX":140.58644416,"minY":-34.323378938},"result":"Renmark Paringa, South Australia, Australia"}