{"bounds":{"maxX":136.67092992,"maxY":-33.3285755335,"minX":135.906908096,"minY":-33.9929860505},"result":"Cleve, South Australia, Australia"}