{"bounds":{"maxX":138.537780384,"maxY":-34.9626847515,"minX":138.508578368,"minY":-35.0422011925},"result":"Holdfast Bay, South Australia, Australia"}