{"bounds":{"maxX":139.044030112,"maxY":-34.894824476,"minX":138.694699552,"minY":-35.2433113995},"result":"Mount Barker, South Australia, Australia"}