{"bounds":{"maxX":138.723826432,"maxY":-34.856992975,"minX":138.64712112,"minY":-34.9139124985},"result":"Campbelltown, South Australia, Australia"}