{"bounds":{"maxX":136.37013296,"maxY":-33.9385746645,"minX":135.027952992,"minY":-35.0375516245},"result":"Lower Eyre Peninsula, South Australia, Australia"}