{"bounds":{"maxX":138.658292288,"maxY":-34.883024954,"minX":138.612825888,"minY":-34.9329854435},"result":"Norwood Payneham St Peters, South Australia, Australia"}