{"bounds":{"maxX":136.810932704,"maxY":-32.765090601,"minX":135.82499968,"minY":-33.3312495235},"result":"Kimba, South Australia, Australia"}