{"bounds":{"maxX":139.043965344,"maxY":-34.68053794,"minX":138.665170688,"minY":-35.121578199},"result":"Adelaide Hills, South Australia, Australia"}