{"bounds":{"maxX":138.576168736,"maxY":-34.9584653825,"minX":138.485687264,"minY":-35.093323741},"result":"Marion, South Australia, Australia"}