{"bounds":{"maxX":137.385578304,"maxY":-33.325867041,"minX":136.497384384,"minY":-33.8774221745},"result":"Franklin Harbour, South Australia, Australia"}