{"bounds":{"maxX":137.810556832,"maxY":-32.765226946,"minX":137.278805344,"minY":-33.3261507755},"result":"Whyalla, South Australia, Australia"}