{"bounds":{"maxX":133.006474944,"maxY":-28.1159120075,"minX":129.001362496,"minY":-30.764014236},"result":"Maralinga Tjarutja, South Australia, Australia"}