{"bounds":{"maxX":139.158312128,"maxY":-35.112830659,"minX":138.515750656,"minY":-35.5625534675},"result":"Alexandrina, South Australia, Australia"}