{"bounds":{"maxX":140.430071904,"maxY":-34.565108226,"minX":139.619600384,"minY":-35.291823931},"result":"Karoonda East Murray, South Australia, Australia"}