{"bounds":{"maxX":138.127839168,"maxY":-34.08495708,"minX":136.82192688,"minY":-35.3781872035},"result":"Yorke Peninsula, South Australia, Australia"}