{"bounds":{"maxX":138.624476768,"maxY":-34.898616902,"minX":138.576673088,"minY":-34.942384498},"result":"Adelaide, South Australia, Australia"}