{"bounds":{"maxX":135.962914688,"maxY":-32.621625321,"minX":134.820492864,"minY":-33.3333136425},"result":"Wudinna, South Australia, Australia"}