{"bounds":{"maxX":138.791160992,"maxY":-32.9423402665,"minX":138.163736896,"minY":-33.659147612},"result":"Northern Areas, South Australia, Australia"}