{"bounds":{"maxX":138.587921952,"maxY":-34.8499629195,"minX":138.475722752,"minY":-34.9513732225},"result":"Charles Sturt, South Australia, Australia"}