{"bounds":{"maxX":147.433270656,"maxY":-42.8979752215,"minX":147.091735456,"minY":-43.5294117825},"result":"Kingborough, Tasmania, Australia"}