{"bounds":{"maxX":147.392974976,"maxY":-42.655375527,"minX":147.091688128,"minY":-42.7980780335},"result":"Brighton, Tasmania, Australia"}