{"bounds":{"maxX":148.359105632,"maxY":-40.899202976,"minX":147.590413088,"minY":-41.882213241},"result":"Break O'Day, Tasmania, Australia"}