{"bounds":{"maxX":148.054591008,"maxY":-42.8422062685,"minX":147.618442208,"minY":-43.2465577715},"result":"Tasman, Tasmania, Australia"}