{"bounds":{"maxX":146.134305376,"maxY":-41.582314588,"minX":144.91114576,"minY":-43.322032166},"result":"West Coast, Tasmania, Australia"}