{"bounds":{"maxX":147.216017984,"maxY":-42.8471867645,"minX":145.915097088,"minY":-43.740481631},"result":"Huon Valley, Tasmania, Australia"}