{"bounds":{"maxX":146.406642016,"maxY":-41.154069003,"minX":146.241382688,"minY":-41.2718625545},"result":"Devonport, Tasmania, Australia"}