{"bounds":{"maxX":146.502464512,"maxY":-41.2421475585,"minX":145.852022944,"minY":-41.684662471},"result":"Kentish, Tasmania, Australia"}