{"bounds":{"maxX":147.613247232,"maxY":-42.675222142,"minX":147.281114752,"minY":-43.0653120875},"result":"Clarence, Tasmania, Australia"}