{"bounds":{"maxX":146.272996096,"maxY":-41.074187631,"minX":145.8452344,"minY":-41.4658631005},"result":"Central Coast, Tasmania, Australia"}