{"bounds":{"maxX":147.361953408,"maxY":-42.844587163,"minX":147.195749056,"minY":-42.943126451},"result":"Hobart, Tasmania, Australia"}