{"bounds":{"maxX":148.146228352,"maxY":-41.478488074,"minX":146.7693,"minY":-42.281277518},"result":"Northern Midlands, Tasmania, Australia"}