{"bounds":{"maxX":146.762059648,"maxY":-41.092613964,"minX":146.347820288,"minY":-41.377949417},"result":"Latrobe, Tasmania, Australia"}