{"bounds":{"maxX":147.140090976,"maxY":-41.324476536,"minX":145.951331456,"minY":-41.9745560465},"result":"Meander Valley, Tasmania, Australia"}