{"bounds":{"maxX":147.278931136,"maxY":-41.700485077,"minX":145.999753216,"minY":-42.692736869},"result":"Central Highlands, Tasmania, Australia"}