{"bounds":{"maxX":145.563251136,"maxY":-40.372187001,"minX":144.607602016,"minY":-41.667595999},"result":"Circular Head, Tasmania, Australia"}