{"bounds":{"maxX":147.93688544,"maxY":-42.6697935205,"minX":147.452914464,"minY":-42.908396068},"result":"Sorell, Tasmania, Australia"}