{"bounds":{"maxX":148.359246848,"maxY":-41.814053025,"minX":147.574249024,"minY":-42.7423412705},"result":"Glamorgan/Spring Bay, Tasmania, Australia"}