{"bounds":{"maxX":148.263782336,"maxY":-40.7213507285,"minX":147.199507648,"minY":-41.3807087475},"result":"Dorset, Tasmania, Australia"}