{"bounds":{"maxX":147.85653808,"maxY":-42.1170175165,"minX":147.011733376,"minY":-42.7187180655},"result":"Southern Midlands, Tasmania, Australia"}