{"bounds":{"maxX":147.124030304,"maxY":-41.063308003,"minX":146.658419328,"minY":-41.465504589},"result":"West Tamar, Tasmania, Australia"}