{"bounds":{"maxX":145.85396688,"maxY":-40.9065543395,"minX":145.062657568,"minY":-41.7076296845},"result":"Waratah/Wynyard, Tasmania, Australia"}