{"bounds":{"maxX":148.4986736,"maxY":-39.2037956545,"minX":146.38067568,"minY":-40.594103233},"result":"Flinders, Tasmania, Australia"}