{"bounds":{"maxX":147.323676,"maxY":-42.7504203315,"minX":147.135393312,"minY":-42.9133505715},"result":"Glenorchy, Tasmania, Australia"}