{"bounds":{"maxX":147.248136896,"maxY":-40.9802930455,"minX":146.786491072,"minY":-41.259377034},"result":"George Town, Tasmania, Australia"}