{"bounds":{"maxX":144.16414288,"maxY":-39.579260943,"minX":143.818948736,"minY":-40.161622998},"result":"King Island, Tasmania, Australia"}