{"bounds":{"maxX":147.22690352,"maxY":-42.488856805,"minX":145.832500768,"minY":-43.118804301},"result":"Derwent Valley, Tasmania, Australia"}