{"bounds":{"maxX":148.4986736,"maxY":-39.2037956545,"minX":143.818948736,"minY":-43.740481631},"result":"Tasmania, Australia"}