{"bounds":{"maxX":147.647933888,"maxY":-41.085826869,"minX":146.9766688,"minY":-41.556178454},"result":"Launceston, Tasmania, Australia"}