{"bounds":{"maxX":145.98497296,"maxY":-41.0367082405,"minX":145.637569312,"minY":-41.356302567},"result":"Burnie, Tasmania, Australia"}