{"bounds":{"maxX":144.88845984,"maxY":-37.6629101935,"minX":144.744412768,"minY":-37.822831575},"result":"Brimbank, Victoria, Australia"}