{"bounds":{"maxX":141.919008736,"maxY":-37.3487052685,"minX":140.965735136,"minY":-38.4327300475},"result":"Glenelg, Victoria, Australia"}