{"bounds":{"maxX":145.092201568,"maxY":-37.829622111,"minX":144.983321632,"minY":-37.892976434},"result":"Stonnington, Victoria, Australia"}