{"bounds":{"maxX":145.156253664,"maxY":-37.923997937,"minX":145.034373472,"minY":-38.0849999775},"result":"Kingston, Victoria, Australia"}