{"bounds":{"maxX":144.827414432,"maxY":-37.781012695,"minX":144.444052992,"minY":-38.0045805515},"result":"Wyndham, Victoria, Australia"}