{"bounds":{"maxX":144.286019648,"maxY":-37.5578780345,"minX":143.440553152,"minY":-38.1467339965},"result":"Golden Plains, Victoria, Australia"}