{"bounds":{"maxX":142.239033344,"maxY":-35.498412062,"minX":141.22660704,"minY":-36.567456799},"result":"Hindmarsh, Victoria, Australia"}