{"bounds":{"maxX":144.556225216,"maxY":-37.402517791,"minX":143.882693184,"minY":-37.864247044},"result":"Moorabool, Victoria, Australia"}