{"bounds":{"maxX":144.915524064,"maxY":-37.8138334525,"minX":144.751432032,"minY":-37.900034295},"result":"Hobsons Bay, Victoria, Australia"}