{"bounds":{"maxX":147.198057792,"maxY":-36.9580376605,"minX":147.061287488,"minY":-37.022526126},"result":"Mt Hotham, Victoria, Australia"}