{"bounds":{"maxX":143.291291872,"maxY":-37.1419114175,"minX":142.353480224,"minY":-37.8365833095},"result":"Ararat, Victoria, Australia"}