{"bounds":{"maxX":144.853563232,"maxY":-36.385183255,"minX":144.025899136,"minY":-37.060382972},"result":"Greater Bendigo, Victoria, Australia"}