{"bounds":{"maxX":142.014170624,"maxY":-38.4115484725,"minX":141.993491904,"minY":-38.4254848},"result":"Lady Julia Percy Island, Victoria, Australia"}