{"bounds":{"maxX":145.106720288,"maxY":-37.7769041965,"minX":144.99925792,"minY":-37.875932458},"result":"Boroondara, Victoria, Australia"}