{"bounds":{"maxX":145.220050336,"maxY":-37.8533495635,"minX":145.074166656,"minY":-37.940147808},"result":"Monash, Victoria, Australia"}