{"bounds":{"maxX":146.279426144,"maxY":-37.8318307705,"minX":146.231742496,"minY":-37.856191811},"result":"Mt Baw Baw, Victoria, Australia"}