{"bounds":{"maxX":145.318726784,"maxY":-37.7618446415,"minX":145.213346304,"minY":-37.8439188},"result":"Maroondah, Victoria, Australia"}