{"bounds":{"maxX":143.656247552,"maxY":-37.6589291415,"minX":142.814600992,"minY":-38.772910989},"result":"Corangamite, Victoria, Australia"}