{"bounds":{"maxX":146.528350272,"maxY":-38.261205355,"minX":145.60568352,"minY":-39.1366730295},"result":"South Gippsland, Victoria, Australia"}