{"bounds":{"maxX":147.392247744,"maxY":-36.392694588,"minX":146.566463104,"minY":-37.275538305},"result":"Alpine, Victoria, Australia"}