{"bounds":{"maxX":146.711954656,"maxY":-37.9711608195,"minX":146.210507936,"minY":-38.5364532575},"result":"Latrobe, Victoria, Australia"}