{"bounds":{"maxX":146.725781056,"maxY":-36.0693812805,"minX":146.130997664,"minY":-37.162591476},"result":"Wangaratta, Victoria, Australia"}