{"bounds":{"maxX":145.429491712,"maxY":-36.8353189835,"minX":144.53046,"minY":-37.515389991},"result":"Mitchell, Victoria, Australia"}