{"bounds":{"maxX":146.192502112,"maxY":-37.525090133,"minX":145.281665536,"minY":-37.9750278005},"result":"Yarra Ranges, Victoria, Australia"}