{"bounds":{"maxX":147.72266048,"maxY":-37.1199791495,"minX":146.311274176,"minY":-38.955324652},"result":"Wellington, Victoria, Australia"}