{"bounds":{"maxX":145.366411776,"maxY":-37.487739003,"minX":145.06769024,"minY":-37.7417408395},"result":"Nillumbik, Victoria, Australia"}