{"bounds":{"maxX":145.885276992,"maxY":-37.4921639995,"minX":145.836866176,"minY":-37.532169639},"result":"Lake Mountain, Victoria, Australia"}