{"bounds":{"maxX":142.62095408,"maxY":-38.30622825,"minX":142.42235616,"minY":-38.4501439495},"result":"Warrnambool, Victoria, Australia"}