{"bounds":{"maxX":143.568128896,"maxY":-35.1928267495,"minX":142.535284416,"minY":-36.4999386625},"result":"Buloke, Victoria, Australia"}