{"bounds":{"maxX":145.873985408,"maxY":-36.424608124,"minX":144.784766528,"minY":-37.0234090755},"result":"Strathbogie, Victoria, Australia"}