{"bounds":{"maxX":144.545852608,"maxY":-36.881901447,"minX":143.830638048,"minY":-37.2702414775},"result":"Mount Alexander, Victoria, Australia"}