{"bounds":{"maxX":148.220669696,"maxY":-35.9285448135,"minX":147.033666656,"minY":-36.803203002},"result":"Towong, Victoria, Australia"}