{"bounds":{"maxX":144.97767792,"maxY":-37.481995086,"minX":144.632409312,"minY":-37.712419468},"result":"Hume, Victoria, Australia"}