{"bounds":{"maxX":145.055267296,"maxY":-37.883273517,"minX":144.983394656,"minY":-37.996446786},"result":"Bayside, Victoria, Australia"}