{"bounds":{"maxX":144.418132256,"maxY":-35.445885974,"minX":143.288143552,"minY":-36.018344572},"result":"Gannawarra, Victoria, Australia"}