{"bounds":{"maxX":142.81681312,"maxY":-35.2908639845,"minX":141.992222048,"minY":-36.761498711},"result":"Yarriambiack, Victoria, Australia"}