{"bounds":{"maxX":144.921012128,"maxY":-37.0991296865,"minX":144.310399552,"minY":-37.5677216995},"result":"Macedon Ranges, Victoria, Australia"}