{"bounds":{"maxX":144.988666912,"maxY":-37.69093971,"minX":144.886226912,"minY":-37.7802081855},"result":"Merri-bek, Victoria, Australia"}