{"bounds":{"maxX":143.107207616,"maxY":-37.7655510055,"minX":141.817068704,"minY":-38.6099466905},"result":"Moyne, Victoria, Australia"}