{"bounds":{"maxX":146.513992928,"maxY":-38.7709665835,"minX":146.221066048,"minY":-39.1591895275},"result":"Wilsons Promontory Islands, Victoria, Australia"}