{"bounds":{"maxX":145.045165312,"maxY":-37.7753077575,"minX":144.961472896,"minY":-37.834450944},"result":"Yarra, Victoria, Australia"}