{"bounds":{"maxX":145.818347744,"maxY":-38.291336638,"minX":145.109447808,"minY":-38.678761973},"result":"Bass Coast, Victoria, Australia"}