{"bounds":{"maxX":145.29393216,"maxY":-37.7024431025,"minX":145.067112576,"minY":-37.811766096},"result":"Manningham, Victoria, Australia"}