{"bounds":{"maxX":145.502612992,"maxY":-38.281956028,"minX":145.266834944,"minY":-38.4200485195},"result":"French Island, Victoria, Australia"}