{"bounds":{"maxX":144.940362112,"maxY":-37.7091973415,"minX":144.846135488,"minY":-37.78962574},"result":"Moonee Valley, Victoria, Australia"}