{"bounds":{"maxX":144.991351072,"maxY":-37.7754480985,"minX":144.897092896,"minY":-37.850667378},"result":"Melbourne, Victoria, Australia"}