{"bounds":{"maxX":143.946105888,"maxY":-38.01976204,"minX":143.247298208,"minY":-38.8576929555},"result":"Colac-Otway, Victoria, Australia"}