{"bounds":{"maxX":146.18600496,"maxY":-36.937875417,"minX":145.162734016,"minY":-37.624195447},"result":"Murrindindi, Victoria, Australia"}