{"bounds":{"maxX":145.798527872,"maxY":-36.1542751905,"minX":145.031846624,"minY":-36.7005591005},"result":"Greater Shepparton, Victoria, Australia"}