{"bounds":{"maxX":144.720214912,"maxY":-37.801052931,"minX":144.202519872,"minY":-38.30259559},"result":"Greater Geelong, Victoria, Australia"}