{"bounds":{"maxX":146.587274848,"maxY":-37.579907594,"minX":145.700802368,"minY":-38.3600518355},"result":"Baw Baw, Victoria, Australia"}