{"bounds":{"maxX":143.819140544,"maxY":-34.546389112,"minX":142.51704432,"minY":-35.6548244375},"result":"Swan Hill, Victoria, Australia"}