{"bounds":{"maxX":141.837674848,"maxY":-35.748531396,"minX":140.963103424,"minY":-37.449881639},"result":"West Wimmera, Victoria, Australia"}