{"bounds":{"maxX":149.976679008,"maxY":-33.9804255865,"minX":140.961681984,"minY":-39.1591895275},"result":"Victoria, Australia"}