{"bounds":{"maxX":146.2464856,"maxY":-35.802004536,"minX":144.829764768,"minY":-36.299215716},"result":"Moira, Victoria, Australia"}