{"bounds":{"maxX":145.21353024,"maxY":-37.7921591115,"minX":145.095111008,"minY":-37.8651737645},"result":"Whitehorse, Victoria, Australia"}