{"bounds":{"maxX":146.280808992,"maxY":-36.255051628,"minX":145.775433952,"minY":-36.9257650025},"result":"Benalla, Victoria, Australia"}