{"bounds":{"maxX":144.41903136,"maxY":-37.1476597745,"minX":143.648056864,"minY":-37.486478746},"result":"Hepburn, Victoria, Australia"}