{"bounds":{"maxX":144.916489088,"maxY":-37.75583438,"minX":144.839223968,"minY":-37.827000291},"result":"Maribyrnong, Victoria, Australia"}