{"bounds":{"maxX":145.010521632,"maxY":-37.8257355015,"minX":144.912479776,"minY":-37.891736638},"result":"Port Phillip, Victoria, Australia"}