{"bounds":{"maxX":144.406059104,"maxY":-38.1005199975,"minX":143.824532384,"minY":-38.579417565},"result":"Surf Coast, Victoria, Australia"}