{"bounds":{"maxX":145.157557696,"maxY":-35.884138949,"minX":144.259311232,"minY":-36.762611856},"result":"Campaspe, Victoria, Australia"}