{"bounds":{"maxX":145.241035712,"maxY":-37.4017503555,"minX":144.946474912,"minY":-37.699982547},"result":"Whittlesea, Victoria, Australia"}