{"bounds":{"maxX":142.619143872,"maxY":-37.086973577,"minX":141.43150608,"minY":-37.972798125},"result":"Southern Grampians, Victoria, Australia"}