{"bounds":{"maxX":147.292503424,"maxY":-36.8364207695,"minX":147.234961856,"minY":-36.8840208995},"result":"Falls Creek, Victoria, Australia"}