{"bounds":{"maxX":147.073902784,"maxY":-36.02975441,"minX":146.702461472,"minY":-36.2596275105},"result":"Wodonga, Victoria, Australia"}