{"bounds":{"maxX":145.143703488,"maxY":-37.6826241635,"minX":145.027827712,"minY":-37.78507659},"result":"Banyule, Victoria, Australia"}