{"bounds":{"maxX":145.765023776,"maxY":-37.8577005785,"minX":145.364011552,"minY":-38.3324566435},"result":"Cardinia, Victoria, Australia"}