{"bounds":{"maxX":146.548061632,"maxY":-37.0977504375,"minX":146.39548,"minY":-37.1648950035},"result":"Mount Buller, Victoria, Australia"}