{"bounds":{"maxX":149.976679008,"maxY":-36.6124276535,"minX":147.18923312,"minY":-38.07884808},"result":"East Gippsland, Victoria, Australia"}