{"bounds":{"maxX":144.013783648,"maxY":-36.7211133035,"minX":143.463353792,"minY":-37.2366550975},"result":"Central Goldfields, Victoria, Australia"}