{"bounds":{"maxX":142.571291392,"maxY":-36.432667538,"minX":141.65766272,"minY":-37.2244726255},"result":"Horsham, Victoria, Australia"}