{"bounds":{"maxX":145.26173088,"maxY":-38.1624044215,"minX":144.651434816,"minY":-38.500786978},"result":"Mornington Peninsula, Victoria, Australia"}