{"bounds":{"maxX":143.511001568,"maxY":-36.405362611,"minX":142.235046016,"minY":-37.293865885},"result":"Northern Grampians, Victoria, Australia"}