{"bounds":{"maxX":144.702009472,"maxY":-38.2375677385,"minX":144.600744896,"minY":-38.292207877},"result":"Queenscliffe, Victoria, Australia"}