{"bounds":{"maxX":145.239583328,"maxY":-38.0673954145,"minX":145.09790496,"minY":-38.200652191},"result":"Frankston, Victoria, Australia"}