{"bounds":{"maxX":143.950695488,"maxY":-37.321687184,"minX":143.59499856,"minY":-37.7159864715},"result":"Ballarat, Victoria, Australia"}