{"bounds":{"maxX":145.430641792,"maxY":-37.941890286,"minX":145.214928736,"minY":-38.248493043},"result":"Casey, Victoria, Australia"}