{"bounds":{"maxX":145.085236608,"maxY":-37.8602252365,"minX":144.996745248,"minY":-37.93875202},"result":"Glen Eira, Victoria, Australia"}