{"bounds":{"maxX":146.647393568,"maxY":-36.8531838045,"minX":145.6486776,"minY":-37.629429911},"result":"Mansfield, Victoria, Australia"}