{"bounds":{"maxX":143.668558816,"maxY":-36.8976637615,"minX":143.060889984,"minY":-37.757446433},"result":"Pyrenees, Victoria, Australia"}