{"bounds":{"maxX":144.768151104,"maxY":-37.552416742,"minX":144.477677888,"minY":-37.810462956},"result":"Melton, Victoria, Australia"}