{"bounds":{"maxX":145.347619328,"maxY":-37.8330421505,"minX":145.190861344,"minY":-37.9648681185},"result":"Knox, Victoria, Australia"}