{"bounds":{"maxX":145.251853568,"maxY":-37.9245613545,"minX":145.129597888,"minY":-38.077676993},"result":"Greater Dandenong, Victoria, Australia"}