{"bounds":{"maxX":142.74296192,"maxY":-33.9804255865,"minX":140.961681984,"minY":-35.748582826},"result":"Mildura, Victoria, Australia"}