{"bounds":{"maxX":145.075397728,"maxY":-37.690999021,"minX":144.970350112,"minY":-37.785610981},"result":"Darebin, Victoria, Australia"}