{"bounds":{"maxX":147.197383552,"maxY":-35.9578647975,"minX":146.175168128,"minY":-36.459222956},"result":"Indigo, Victoria, Australia"}