{"bounds":{"maxX":144.34409376,"maxY":-35.905865312,"minX":143.3151936,"minY":-36.9022557205},"result":"Loddon, Victoria, Australia"}