{"bounds":{"maxX":116.247451296,"maxY":-31.088828171,"minX":115.855167584,"minY":-31.627743198},"result":"Chittering, Western Australia, Australia"}