{"bounds":{"maxX":117.687905248,"maxY":-33.031992765,"minX":117.083169504,"minY":-33.5180335895},"result":"Wagin, Western Australia, Australia"}