{"bounds":{"maxX":118.8044328,"maxY":-31.137697327,"minX":117.965741184,"minY":-31.7833840865},"result":"Merredin, Western Australia, Australia"}