{"bounds":{"maxX":116.17995312,"maxY":-32.755206569,"minX":115.628622304,"minY":-32.943110033},"result":"Waroona, Western Australia, Australia"}