{"bounds":{"maxX":116.625346208,"maxY":-31.2305702315,"minX":116.150727232,"minY":-31.709251534},"result":"Toodyay, Western Australia, Australia"}