{"bounds":{"maxX":119.511984064,"maxY":-19.58376501,"minX":117.75328992,"minY":-22.001396181},"result":"Port Hedland, Western Australia, Australia"}