{"bounds":{"maxX":115.7717952,"maxY":-31.981982086,"minX":115.750178432,"minY":-32.0161184895},"result":"Cottesloe, Western Australia, Australia"}