{"bounds":{"maxX":117.158314048,"maxY":-31.694124343,"minX":116.284923392,"minY":-32.1399174555},"result":"York, Western Australia, Australia"}