{"bounds":{"maxX":120.203321728,"maxY":-27.231051994,"minX":117.773603552,"minY":-29.612733484},"result":"Sandstone, Western Australia, Australia"}