{"bounds":{"maxX":115.933125952,"maxY":-31.9397840115,"minX":115.878707936,"minY":-32.013236467},"result":"Victoria Park, Western Australia, Australia"}