{"bounds":{"maxX":116.162982368,"maxY":-29.5155928145,"minX":114.87796416,"minY":-29.946918557},"result":"Carnamah, Western Australia, Australia"}