{"bounds":{"maxX":117.3596936,"maxY":-33.632958124,"minX":116.719952544,"minY":-34.2179655125},"result":"Kojonup, Western Australia, Australia"}