{"bounds":{"maxX":118.711624,"maxY":-27.574894289,"minX":117.221486016,"minY":-29.006747003},"result":"Mount Magnet, Western Australia, Australia"}