{"bounds":{"maxX":118.742437376,"maxY":-33.767518688,"minX":117.854208704,"minY":-34.405647735},"result":"Gnowangerup, Western Australia, Australia"}