{"bounds":{"maxX":116.490954496,"maxY":-28.7262330015,"minX":115.621904992,"minY":-29.3446590675},"result":"Morawa, Western Australia, Australia"}