{"bounds":{"maxX":117.671198048,"maxY":-29.7429793485,"minX":116.296815584,"minY":-30.516970194},"result":"Dalwallinu, Western Australia, Australia"}