{"bounds":{"maxX":123.550304864,"maxY":-16.347300307,"minX":120.064117696,"minY":-20.070017049},"result":"Broome, Western Australia, Australia"}