{"bounds":{"maxX":117.580421888,"maxY":-32.400999686,"minX":116.81964864,"minY":-32.662473691},"result":"Pingelly, Western Australia, Australia"}