{"bounds":{"maxX":116.991151232,"maxY":-30.9597069955,"minX":116.591697344,"minY":-31.5094316465},"result":"Goomalling, Western Australia, Australia"}