{"bounds":{"maxX":116.856803168,"maxY":-34.1268709945,"minX":115.674500192,"minY":-35.068909772},"result":"Manjimup, Western Australia, Australia"}