{"bounds":{"maxX":115.776260992,"maxY":-32.0257950255,"minX":115.757988224,"minY":-32.047290897},"result":"East Fremantle, Western Australia, Australia"}