{"bounds":{"maxX":116.209065056,"maxY":-32.9206777285,"minX":115.658459904,"minY":-33.3788340025},"result":"Harvey, Western Australia, Australia"}