{"bounds":{"maxX":117.402041504,"maxY":-32.5854401165,"minX":116.907905568,"minY":-32.8950816465},"result":"Cuballing, Western Australia, Australia"}