{"bounds":{"maxX":117.98910928,"maxY":-33.768497523,"minX":117.316818272,"minY":-34.2579116375},"result":"Broomehill-Tambellup, Western Australia, Australia"}