{"bounds":{"maxX":129.001618496,"maxY":-28.463695672,"minX":118.43595072,"minY":-30.3195277785},"result":"Menzies, Western Australia, Australia"}