{"bounds":{"maxX":115.792654656,"maxY":-31.969009627,"minX":115.766191808,"minY":-31.9934819635},"result":"Claremont, Western Australia, Australia"}