{"bounds":{"maxX":115.766938432,"maxY":-33.5299210235,"minX":114.97466656,"minY":-33.8397328275},"result":"Busselton, Western Australia, Australia"}