{"bounds":{"maxX":115.669598272,"maxY":-33.805144802,"minX":114.975977568,"minY":-34.4149549185},"result":"Augusta-Margaret River, Western Australia, Australia"}