{"bounds":{"maxX":120.013889408,"maxY":-29.61232345,"minX":118.503738048,"minY":-32.2064263985},"result":"Yilgarn, Western Australia, Australia"}