{"bounds":{"maxX":124.229263776,"maxY":-32.5647083135,"minX":120.08245392,"minY":-34.47470361},"result":"Esperance, Western Australia, Australia"}