{"bounds":{"maxX":115.84163376,"maxY":-31.9420161845,"minX":115.802002112,"minY":-31.990149281},"result":"Subiaco, Western Australia, Australia"}