{"bounds":{"maxX":122.474011328,"maxY":-27.290256656,"minX":120.04518592,"minY":-29.4982275675},"result":"Leonora, Western Australia, Australia"}