{"bounds":{"maxX":117.280217856,"maxY":-30.7996290855,"minX":116.931092032,"minY":-31.4269333755},"result":"Dowerin, Western Australia, Australia"}