{"bounds":{"maxX":115.843976992,"maxY":-31.9080868885,"minX":115.75377456,"minY":-31.9627514285},"result":"Cambridge, Western Australia, Australia"}