{"bounds":{"maxX":115.885200288,"maxY":-31.9130304215,"minX":115.823048384,"minY":-31.949908377},"result":"Vincent, Western Australia, Australia"}