{"bounds":{"maxX":117.603640384,"maxY":-30.2061410935,"minX":117.211068352,"minY":-31.002089811},"result":"Koorda, Western Australia, Australia"}