{"bounds":{"maxX":115.916173184,"maxY":-31.9873434045,"minX":115.44947344,"minY":-32.181388924},"result":"Cockburn, Western Australia, Australia"}