{"bounds":{"maxX":115.78292576,"maxY":-33.3812629415,"minX":115.453335264,"minY":-33.6728148755},"result":"Capel, Western Australia, Australia"}