{"bounds":{"maxX":118.50816528,"maxY":-29.61232345,"minX":117.493095232,"minY":-30.9751947885},"result":"Mount Marshall, Western Australia, Australia"}