{"bounds":{"maxX":116.057968128,"maxY":-33.290119972,"minX":115.690280064,"minY":-33.542089121},"result":"Dardanup, Western Australia, Australia"}