{"bounds":{"maxX":115.893374752,"maxY":-31.842271233,"minX":115.750805792,"minY":-31.9384790955},"result":"Stirling, Western Australia, Australia"}