{"bounds":{"maxX":116.842470048,"maxY":-33.5134951325,"minX":116.195225952,"minY":-34.2576032795},"result":"Boyup Brook, Western Australia, Australia"}