{"bounds":{"maxX":122.399639392,"maxY":-30.1607910075,"minX":120.009595008,"minY":-31.867978944},"result":"Coolgardie, Western Australia, Australia"}