{"bounds":{"maxX":117.87102096,"maxY":-23.509781397,"minX":114.806493984,"minY":-25.9289083115},"result":"Upper Gascoyne, Western Australia, Australia"}