{"bounds":{"maxX":127.564202496,"maxY":-15.510098976,"minX":122.995196992,"minY":-19.4988322315},"result":"Derby-West Kimberley, Western Australia, Australia"}