{"bounds":{"maxX":118.410259328,"maxY":-34.3989260005,"minX":116.784814464,"minY":-34.8512397525},"result":"Plantagenet, Western Australia, Australia"}