{"bounds":{"maxX":120.58147776,"maxY":-32.717827097,"minX":118.259347872,"minY":-33.5403619055},"result":"Lake Grace, Western Australia, Australia"}