{"bounds":{"maxX":114.75399536,"maxY":-21.624426565,"minX":113.654012032,"minY":-23.011266078},"result":"Exmouth, Western Australia, Australia"}