{"bounds":{"maxX":118.957479648,"maxY":-30.2133025915,"minX":118.501992704,"minY":-31.555424293},"result":"Westonia, Western Australia, Australia"}