{"bounds":{"maxX":115.781345984,"maxY":-32.0033640715,"minX":115.750871008,"minY":-32.025066329},"result":"Mosman Park, Western Australia, Australia"}