{"bounds":{"maxX":115.817499552,"maxY":-31.944246489,"minX":115.752806112,"minY":-32.00501392},"result":"Nedlands, Western Australia, Australia"}