{"bounds":{"maxX":118.914757696,"maxY":-34.284946298,"minX":117.332070592,"minY":-35.13484244},"result":"Albany, Western Australia, Australia"}