{"bounds":{"maxX":117.194667872,"maxY":-32.920118566,"minX":117.148675584,"minY":-32.9549871995},"result":"Narrogin, Western Australia, Australia"}