{"bounds":{"maxX":117.391113824,"maxY":-31.368961165,"minX":116.844939232,"minY":-31.8562225825},"result":"Cunderdin, Western Australia, Australia"}