{"bounds":{"maxX":117.6912968,"maxY":-33.3842802915,"minX":116.980293824,"minY":-33.654451757},"result":"Woodanilling, Western Australia, Australia"}