{"bounds":{"maxX":120.875844704,"maxY":-33.0790723235,"minX":119.430904896,"minY":-34.288434658},"result":"Ravensthorpe, Western Australia, Australia"}