{"bounds":{"maxX":117.952257824,"maxY":-33.46105087,"minX":117.326971232,"minY":-33.78846609},"result":"Katanning, Western Australia, Australia"}