{"bounds":{"maxX":116.943796352,"maxY":-32.235885299,"minX":116.1895544,"minY":-32.81589704},"result":"Wandering, Western Australia, Australia"}