{"bounds":{"maxX":115.403479328,"maxY":-27.112487085,"minX":113.588309152,"minY":-28.986641018},"result":"Northampton, Western Australia, Australia"}