{"bounds":{"maxX":119.185166304,"maxY":-31.757351756,"minX":118.194632288,"minY":-32.2867691605},"result":"Narembeen, Western Australia, Australia"}