{"bounds":{"maxX":115.140851328,"maxY":-28.634871547,"minX":114.576202592,"minY":-29.0617786015},"result":"Geraldton-Greenough, Western Australia, Australia"}