{"bounds":{"maxX":115.95222944,"maxY":-30.074322692,"minX":114.970430144,"minY":-31.0085102175},"result":"Dandaragan, Western Australia, Australia"}