{"bounds":{"maxX":118.50657168,"maxY":-30.9372027445,"minX":117.92878592,"minY":-31.33707512},"result":"Nungarin, Western Australia, Australia"}