{"bounds":{"maxX":129.0013384,"maxY":-13.689492035,"minX":124.174235872,"minY":-17.336321},"result":"Wyndham-East Kimberley, Western Australia, Australia"}