{"bounds":{"maxX":115.978347072,"maxY":-31.983936204,"minX":115.860533856,"minY":-32.114519194},"result":"Canning, Western Australia, Australia"}