{"bounds":{"maxX":115.774702368,"maxY":-31.993398362,"minX":115.759245152,"minY":-32.0042982105},"result":"Peppermint Grove, Western Australia, Australia"}