{"bounds":{"maxX":116.259693472,"maxY":-27.8179495645,"minX":115.050779584,"minY":-29.0107106095},"result":"Mullewa, Western Australia, Australia"}