{"bounds":{"maxX":118.354441312,"maxY":-32.950089898,"minX":117.620562112,"minY":-33.4855051135},"result":"Dumbleyung, Western Australia, Australia"}