{"bounds":{"maxX":115.752265568,"maxY":-28.917124419,"minX":115.250204864,"minY":-29.3731755225},"result":"Mingenew, Western Australia, Australia"}