{"bounds":{"maxX":115.887734624,"maxY":-31.941431196,"minX":115.817992544,"minY":-31.9768484285},"result":"Perth, Western Australia, Australia"}