{"bounds":{"maxX":117.153060576,"maxY":-28.8662233525,"minX":115.91781264,"minY":-29.9294492105},"result":"Perenjori, Western Australia, Australia"}