{"bounds":{"maxX":118.211863424,"maxY":-20.3518960175,"minX":115.502998432,"minY":-21.7275178335},"result":"Roebourne, Western Australia, Australia"}