{"bounds":{"maxX":116.504307616,"maxY":-33.780593267,"minX":115.945735904,"minY":-34.2040840745},"result":"Bridgetown-Greenbushes, Western Australia, Australia"}