{"bounds":{"maxX":119.426816704,"maxY":-20.6655981125,"minX":114.374319104,"minY":-23.887882769},"result":"Ashburton, Western Australia, Australia"}