{"bounds":{"maxX":115.714558144,"maxY":-33.3010618525,"minX":115.609714368,"minY":-33.4087764375},"result":"Bunbury, Western Australia, Australia"}