{"bounds":{"maxX":116.056157024,"maxY":-30.8916913755,"minX":115.262682208,"minY":-31.4770007765},"result":"Gingin, Western Australia, Australia"}