{"bounds":{"maxX":115.899616928,"maxY":-31.964165994,"minX":115.84482192,"minY":-32.033459557},"result":"South Perth, Western Australia, Australia"}