{"bounds":{"maxX":116.659442464,"maxY":-32.498077363,"minX":116.17822416,"minY":-33.085828394},"result":"Boddington, Western Australia, Australia"}