{"bounds":{"maxX":124.668028448,"maxY":-23.440312343,"minX":119.1968352,"minY":-27.2922785025},"result":"Wiluna, Western Australia, Australia"}