{"bounds":{"maxX":117.257760896,"maxY":-30.4504480975,"minX":116.439314528,"minY":-31.012313133},"result":"Wongan-Ballidu, Western Australia, Australia"}