{"bounds":{"maxX":116.264505184,"maxY":-32.444575622,"minX":115.666247328,"minY":-32.803244261},"result":"Murray, Western Australia, Australia"}