{"bounds":{"maxX":115.88347248,"maxY":-31.4551288185,"minX":115.56074496,"minY":-31.8507393675},"result":"Wanneroo, Western Australia, Australia"}