{"bounds":{"maxX":115.93872688,"maxY":-31.8715246725,"minX":115.878663808,"minY":-31.9521064175},"result":"Bayswater, Western Australia, Australia"}