{"bounds":{"maxX":115.964318976,"maxY":-31.887223754,"minX":115.925690688,"minY":-31.92445789},"result":"Bassendean, Western Australia, Australia"}