{"bounds":{"maxX":116.239769152,"maxY":-33.440355475,"minX":115.715795392,"minY":-33.9639907785},"result":"Donnybrook-Balingup, Western Australia, Australia"}