{"bounds":{"maxX":117.488366592,"maxY":-34.753289412,"minX":116.724809152,"minY":-35.0678427475},"result":"Denmark, Western Australia, Australia"}