{"bounds":{"maxX":118.04129616,"maxY":-31.323095373,"minX":117.569920576,"minY":-31.8310768275},"result":"Kellerberrin, Western Australia, Australia"}