{"bounds":{"maxX":118.283860768,"maxY":-27.1744160385,"minX":116.032501376,"minY":-29.8014051975},"result":"Yalgoo, Western Australia, Australia"}