{"bounds":{"maxX":117.626708864,"maxY":-31.369181574,"minX":117.33940512,"minY":-31.841060445},"result":"Tammin, Western Australia, Australia"}