{"bounds":{"maxX":119.698774944,"maxY":-32.486756584,"minX":117.846108544,"minY":-33.045561368},"result":"Kulin, Western Australia, Australia"}