{"bounds":{"maxX":116.543567616,"maxY":-30.163051652,"minX":115.87602672,"minY":-30.861315097},"result":"Moora, Western Australia, Australia"}