{"bounds":{"maxX":129.001289344,"maxY":-16.769348207,"minX":125.902785344,"minY":-21.2320339985},"result":"Halls Creek, Western Australia, Australia"}