{"bounds":{"maxX":120.009708,"maxY":-32.203338804,"minX":118.038692992,"minY":-32.765270754},"result":"Kondinin, Western Australia, Australia"}