{"bounds":{"maxX":116.011008064,"maxY":-33.783906136,"minX":115.336500608,"minY":-34.485408931},"result":"Nannup, Western Australia, Australia"}