{"bounds":{"maxX":116.018237152,"maxY":-29.2880824045,"minX":115.24491424,"minY":-29.739632902},"result":"Three Springs, Western Australia, Australia"}