{"bounds":{"maxX":118.378470592,"maxY":-31.6964178805,"minX":117.669220288,"minY":-32.236590297},"result":"Bruce Rock, Western Australia, Australia"}