{"bounds":{"maxX":117.4654992,"maxY":-32.218131182,"minX":116.534374912,"minY":-32.49252629},"result":"Brookton, Western Australia, Australia"}