{"bounds":{"maxX":119.620429184,"maxY":-33.5257443895,"minX":118.606937024,"minY":-34.5352225305},"result":"Jerramungup, Western Australia, Australia"}