{"bounds":{"maxX":117.922143328,"maxY":-32.541027444,"minX":117.357731264,"minY":-33.1031898855},"result":"Wickepin, Western Australia, Australia"}