{"bounds":{"maxX":117.62157456,"maxY":-25.58350075,"minX":115.202518784,"minY":-28.434355338},"result":"Murchison, Western Australia, Australia"}