{"bounds":{"maxX":117.247187968,"maxY":-31.961887571,"minX":116.280081952,"minY":-32.357747167},"result":"Beverley, Western Australia, Australia"}