{"bounds":{"maxX":116.415125056,"maxY":-31.706551089,"minX":116.015936288,"minY":-32.0625610375},"result":"Mundaring, Western Australia, Australia"}