{"bounds":{"maxX":115.803276224,"maxY":-32.021174151,"minX":115.724543712,"minY":-32.082132687},"result":"Fremantle, Western Australia, Australia"}