{"bounds":{"maxX":116.288879008,"maxY":-31.92247617,"minX":115.976964608,"minY":-32.0854795035},"result":"Kalamunda, Western Australia, Australia"}