{"bounds":{"maxX":117.106077824,"maxY":-33.1801909185,"minX":116.265868928,"minY":-33.70094703},"result":"West Arthur, Western Australia, Australia"}