{"bounds":{"maxX":117.709054912,"maxY":-31.795079213,"minX":117.087634688,"minY":-32.234148852},"result":"Quairading, Western Australia, Australia"}