{"bounds":{"maxX":115.604836544,"maxY":-22.789908805,"minX":113.068858496,"minY":-26.1436995275},"result":"Carnarvon, Western Australia, Australia"}