{"bounds":{"maxX":116.370776416,"maxY":-29.7486532985,"minX":114.941514944,"minY":-30.2086446245},"result":"Coorow, Western Australia, Australia"}