{"bounds":{"maxX":129.001442688,"maxY":-30.1421497415,"minX":120.845481984,"minY":-31.410498993},"result":"Kalgoorlie/Boulder, Western Australia, Australia"}