{"bounds":{"maxX":119.433038336,"maxY":-33.272706329,"minX":117.906816448,"minY":-33.804915735},"result":"Kent, Western Australia, Australia"}