{"bounds":{"maxX":116.298013664,"maxY":-31.5971956465,"minX":115.876898624,"minY":-31.9435908675},"result":"Swan, Western Australia, Australia"}