{"bounds":{"maxX":118.20840912,"maxY":-32.149623129,"minX":117.412061696,"minY":-32.6023580705},"result":"Corrigin, Western Australia, Australia"}