{"bounds":{"maxX":118.079891008,"maxY":-30.9416171405,"minX":117.596348288,"minY":-31.392010352},"result":"Trayning, Western Australia, Australia"}