{"bounds":{"maxX":117.029770784,"maxY":-32.760960883,"minX":116.389084896,"minY":-33.343376292},"result":"Williams, Western Australia, Australia"}