{"bounds":{"maxX":117.575746368,"maxY":-32.803979229,"minX":116.951565472,"minY":-33.189936811},"result":"Narrogin, Western Australia, Australia"}