{"bounds":{"maxX":120.791402624,"maxY":-23.2932868675,"minX":117.208090304,"minY":-27.3133172945},"result":"Meekatharra, Western Australia, Australia"}