{"bounds":{"maxX":115.495827104,"maxY":-27.8179501565,"minX":114.560036896,"minY":-28.7270329785},"result":"Chapman Valley, Western Australia, Australia"}