{"bounds":{"maxX":117.65405664,"maxY":-30.9513245715,"minX":117.239593088,"minY":-31.4392264405},"result":"Wyalkatchem, Western Australia, Australia"}