{"bounds":{"maxX":116.358079904,"maxY":-32.0702401655,"minX":115.89691408,"minY":-32.2875074215},"result":"Armadale, Western Australia, Australia"}