{"bounds":{"maxX":115.892108256,"maxY":-32.001649436,"minX":115.776046784,"minY":-32.0848410315},"result":"Melville, Western Australia, Australia"}