{"bounds":{"maxX":116.41258048,"maxY":-32.994577958,"minX":115.918585056,"minY":-33.5524897285},"result":"Collie, Western Australia, Australia"}