{"bounds":{"maxX":116.263556672,"maxY":-32.1795641765,"minX":115.826588448,"minY":-32.469473625},"result":"Serpentine-Jarrahdale, Western Australia, Australia"}