{"bounds":{"maxX":116.636915616,"maxY":-30.7209022245,"minX":115.934012992,"minY":-31.311745919},"result":"Victoria Plains, Western Australia, Australia"}