{"bounds":{"maxX":129.00184784,"maxY":-23.4319193925,"minX":124.668016864,"minY":-26.7455039355},"result":"Ngaanyatjarraku, Western Australia, Australia"}