{"bounds":{"maxX":118.843322048,"maxY":-26.626113982,"minX":117.166594016,"minY":-27.826545645},"result":"Cue, Western Australia, Australia"}