{"bounds":{"maxX":115.8233592,"maxY":-31.711940916,"minX":115.70661008,"minY":-31.8472807555},"result":"Joondalup, Western Australia, Australia"}