{"bounds":{"maxX":115.90079104,"maxY":-32.1802408695,"minX":115.754902496,"minY":-32.287580737},"result":"Kwinana, Western Australia, Australia"}