{"bounds":{"maxX":117.98894544,"maxY":-34.0885589005,"minX":116.669006624,"minY":-34.5797101465},"result":"Cranbrook, Western Australia, Australia"}