{"bounds":{"maxX":116.961451584,"maxY":-31.4845139965,"minX":116.337819232,"minY":-31.9134524435},"result":"Northam, Western Australia, Australia"}