{"bounds":{"maxX":129.001930016,"maxY":-31.2219078285,"minX":120.009691424,"minY":-33.028129743},"result":"Dundas, Western Australia, Australia"}