{"bounds":{"maxX":115.788152512,"maxY":-32.4556277625,"minX":115.606777376,"minY":-32.801873485},"result":"Mandurah, Western Australia, Australia"}