{"bounds":{"maxX":115.889644608,"maxY":-32.1555410015,"minX":115.660284544,"minY":-32.4581520505},"result":"Rockingham, Western Australia, Australia"}