{"bounds":{"maxX":118.520377568,"maxY":-30.2033066345,"minX":118.05258528,"minY":-31.0703643015},"result":"Mukinbudin, Western Australia, Australia"}