{"bounds":{"maxX":115.987471744,"maxY":-31.920367762,"minX":115.896986432,"minY":-31.988795784},"result":"Belmont, Western Australia, Australia"}