{"bounds":{"maxX":115.26464688,"maxY":-28.9787733565,"minX":114.826578144,"minY":-29.7050587885},"result":"Irwin, Western Australia, Australia"}