{"bounds":{"maxX":129.001930016,"maxY":-13.689492035,"minX":112.921113952,"minY":-35.13484244},"result":"Western Australia, Australia"}