{"bounds":{"maxX":129.001848608,"maxY":-26.654684013,"minX":121.540844192,"minY":-29.221180947},"result":"Laverton, Western Australia, Australia"}