{"bounds":{"maxX":116.089574432,"maxY":-32.0041796255,"minX":115.914485888,"minY":-32.131074437},"result":"Gosnells, Western Australia, Australia"}