{"bounds":{"maxX":115.515783232,"maxY":-25.4803879845,"minX":112.921113952,"minY":-27.297933305},"result":"Shark Bay, Western Australia, Australia"}