{"bounds":{"maxX":129.001306112,"maxY":-19.4985909915,"minX":118.426041344,"minY":-23.728038662},"result":"East Pilbara, Western Australia, Australia"}