{"bounds":{"maxX":159.483981670096,"maxY":-9.142175977,"minX":112.921113952,"minY":-43.740481631},"result":"Australia"}