{"bounds":{"maxX":-69.865417,"maxY":12.624029,"minX":-70.0634699999999,"minY":12.412361},"result":"Aruba"}