{"bounds":{"maxX":48.947251,"maxY":39.994613,"minX":48.881026,"minY":39.902828},"result":"Äli Bayramli, Azerbaijan"}