{"bounds":{"maxX":47.621375,"maxY":40.78886,"minX":47.172967,"minY":40.287808},"result":"Agdas, Azerbaijan"}