{"bounds":{"maxX":48.652367,"maxY":40.793858,"minX":48.079402,"minY":40.278434},"result":"Agsu, Azerbaijan"}