{"bounds":{"maxX":47.737392,"maxY":40.250358,"minX":47.058285,"minY":39.708008},"result":"Agcabädi, Azerbaijan"}