{"bounds":{"maxX":45.778603,"maxY":41.468113,"minX":45.121109,"minY":40.967811},"result":"Agstafa, Azerbaijan"}