{"bounds":{"maxX":47.286579,"maxY":40.221836,"minX":46.697899,"minY":39.795276},"result":"Agdam, Azerbaijan"}