{"bounds":{"maxX":49.89371,"maxY":40.637567,"minX":48.85057,"minY":39.953008},"result":"Abseron, Azerbaijan"}