{"bounds":{"maxX":48.880074,"maxY":38.604083,"minX":48.547058,"minY":38.397044},"result":"Astara, Azerbaijan"}