{"bounds":{"maxX":47.901073,"maxY":40.122794,"minX":47.431145,"minY":39.547714},"result":"Beyläqan, Azerbaijan"}