{"bounds":{"maxX":47.470013,"maxY":40.544026,"minX":46.969303,"minY":40.15248},"result":"Bärdä, Azerbaijan"}