{"bounds":{"maxX":48.778869,"maxY":39.720768,"minX":47.9365,"minY":39.299965},"result":"Biläsuvar, Azerbaijan"}