{"bounds":{"maxX":46.715569,"maxY":41.907483,"minX":46.247806,"minY":41.550794},"result":"Balakän, Azerbaijan"}