{"bounds":{"maxX":50.607827,"maxY":40.592903,"minX":49.291904,"minY":39.665044},"result":"Baki, Azerbaijan"}