{"bounds":{"maxX":47.273536,"maxY":39.478574,"minX":46.703483,"minY":39.132512},"result":"Cäbrayil, Azerbaijan"}