{"bounds":{"maxX":48.763772,"maxY":39.421525,"minX":48.129597,"minY":38.985736},"result":"Cälilabab, Azerbaijan"}