{"bounds":{"maxX":49.158126,"maxY":41.367642,"minX":48.638157,"minY":40.855053},"result":"Däväçi, Azerbaijan"}