{"bounds":{"maxX":46.23719,"maxY":40.669846,"minX":45.818593,"minY":40.296077},"result":"Daskäsän, Azerbaijan"}