{"bounds":{"maxX":47.6405,"maxY":39.73835,"minX":47.016502,"minY":39.353616},"result":"Füzuli, Azerbaijan"}