{"bounds":{"maxX":46.370426,"maxY":40.728356,"minX":46.275124,"minY":40.6348},"result":"Gäncä, Azerbaijan"}