{"bounds":{"maxX":48.051551,"maxY":40.674954,"minX":47.58529,"minY":40.439765},"result":"Göyçay, Azerbaijan"}