{"bounds":{"maxX":45.914989,"maxY":40.823227,"minX":45.355083,"minY":40.314891},"result":"Gädäbäy, Azerbaijan"}