{"bounds":{"maxX":46.963603,"maxY":40.965981,"minX":46.316342,"minY":40.256005},"result":"Goranboy, Azerbaijan"}