{"bounds":{"maxX":49.356839,"maxY":40.344727,"minX":48.440091,"minY":39.812112},"result":"Haciqabul, Azerbaijan"}