{"bounds":{"maxX":48.501801,"maxY":41.063134,"minX":47.732483,"minY":40.512909},"result":"Ismayilli, Azerbaijan"}