{"bounds":{"maxX":48.379432,"maxY":40.132697,"minX":47.741561,"minY":39.562355},"result":"Imisli, Azerbaijan"}