{"bounds":{"maxX":46.761551,"maxY":40.314472,"minX":45.578597,"minY":39.807588},"result":"Kälbäcär, Azerbaijan"}