{"bounds":{"maxX":48.467814,"maxY":40.532321,"minX":47.846062,"minY":39.979683},"result":"Kürdämir, Azerbaijan"}