{"bounds":{"maxX":48.733056,"maxY":38.939866,"minX":48.248619,"minY":38.494484},"result":"Lerik, Azerbaijan"}