{"bounds":{"maxX":49.233185,"maxY":39.958145,"minX":45.902244,"minY":38.574044},"result":"Länkäran, Azerbaijan"}