{"bounds":{"maxX":47.048665,"maxY":40.786761,"minX":46.91681,"minY":40.718048},"result":"Mingäçevir, Azerbaijan"}