{"bounds":{"maxX":48.922504,"maxY":39.15467,"minX":48.475067,"minY":38.826306},"result":"Masalli, Azerbaijan"}