{"bounds":{"maxX":49.439271,"maxY":39.548249,"minX":48.711322,"minY":38.951282},"result":"Neftçala, Azerbaijan"}