{"bounds":{"maxX":46.1509323120118,"maxY":39.7855258813317,"minX":44.7640704939802,"minY":38.8201942443849},"result":"Naxçivan, Azerbaijan"}