{"bounds":{"maxX":47.700439,"maxY":41.277284,"minX":47.270122,"minY":40.795586},"result":"Oguz, Azerbaijan"}