{"bounds":{"maxX":49.263112,"maxY":40.763535,"minX":48.65466,"minY":40.286885},"result":"Qobustan, Azerbaijan"}