{"bounds":{"maxX":48.752369,"maxY":41.483493,"minX":47.91457,"minY":40.895061},"result":"Quba, Azerbaijan"}