{"bounds":{"maxX":46.822933,"maxY":39.485156,"minX":46.38659,"minY":39.115172},"result":"Qubadli, Azerbaijan"}