{"bounds":{"maxX":47.176591,"maxY":41.587191,"minX":46.620014,"minY":40.910954},"result":"Qax, Azerbaijan"}