{"bounds":{"maxX":45.406226,"maxY":41.355663,"minX":45.004055,"minY":41.002099},"result":"Qazax, Azerbaijan"}