{"bounds":{"maxX":48.578469,"maxY":41.725353,"minX":47.801988,"minY":41.1577},"result":"Qusar, Azerbaijan"}