{"bounds":{"maxX":48.031116,"maxY":41.220864,"minX":47.525574,"minY":40.639458},"result":"Qäbälä, Azerbaijan"}