{"bounds":{"maxX":46.789361,"maxY":39.780789,"minX":46.52649,"minY":39.578648},"result":"Susa, Azerbaijan"}