{"bounds":{"maxX":47.57396,"maxY":41.48716,"minX":46.798751,"minY":40.751968},"result":"Säki, Azerbaijan"}