{"bounds":{"maxX":48.711659,"maxY":40.000339,"minX":48.214069,"minY":39.615623},"result":"Saatli, Azerbaijan"}