{"bounds":{"maxX":46.759842,"maxY":41.20535,"minX":46.092937,"minY":40.67429},"result":"Samux, Azerbaijan"}