{"bounds":{"maxX":49.367141,"maxY":41.186458,"minX":48.822459,"minY":40.871367},"result":"Siyäzän, Azerbaijan"}