{"bounds":{"maxX":49.359225,"maxY":39.921048,"minX":48.736793,"minY":39.343166},"result":"Salyan, Azerbaijan"}