{"bounds":{"maxX":48.808048,"maxY":40.948826,"minX":48.38923,"minY":40.264573},"result":"Samaxi, Azerbaijan"}