{"bounds":{"maxX":49.706734,"maxY":41.136659,"minX":45.718094,"minY":40.540528},"result":"Sumqayit, Azerbaijan"}