{"bounds":{"maxX":48.948231,"maxY":40.138821,"minX":48.24966,"minY":39.592141},"result":"Sabirabad, Azerbaijan"}