{"bounds":{"maxX":47.086291,"maxY":40.480019,"minX":46.501777,"minY":40.03299},"result":"Tärtär, Azerbaijan"}