{"bounds":{"maxX":46.204669,"maxY":41.235539,"minX":45.453956,"minY":40.594131},"result":"Tovuz, Azerbaijan"}