{"bounds":{"maxX":47.992621,"maxY":40.540692,"minX":47.463769,"minY":40.290149},"result":"Ucar, Azerbaijan"}