{"bounds":{"maxX":46.923736,"maxY":40.018157,"minX":46.434089,"minY":39.625489},"result":"Xocali, Azerbaijan"}