{"bounds":{"maxX":49.072914,"maxY":41.885024,"minX":48.439289,"minY":41.345393},"result":"Xaçmaz, Azerbaijan"}