{"bounds":{"maxX":49.525643,"maxY":40.980868,"minX":48.763177,"minY":40.505612},"result":"Xizi, Azerbaijan"}