{"bounds":{"maxX":46.513955,"maxY":40.832866,"minX":46.078986,"minY":40.27618},"result":"Xanlar, Azerbaijan"}