{"bounds":{"maxX":47.344989,"maxY":39.88312,"minX":46.640697,"minY":39.374142},"result":"Xocavänd, Azerbaijan"}