{"bounds":{"maxX":47.262849,"maxY":40.968762,"minX":46.729844,"minY":40.415718},"result":"Yevlax, Azerbaijan"}