{"bounds":{"maxX":48.547623,"maxY":39.031421,"minX":48.009061,"minY":38.722218},"result":"Yardimli, Azerbaijan"}