{"bounds":{"maxX":46.872417,"maxY":39.227985,"minX":46.43834,"minY":38.872734},"result":"Zängilan, Azerbaijan"}