{"bounds":{"maxX":47.029632,"maxY":41.863056,"minX":46.303948,"minY":41.372624},"result":"Zaqatala, Azerbaijan"}