{"bounds":{"maxX":47.944732,"maxY":40.390693,"minX":47.41402,"minY":40.079887},"result":"Zärdab, Azerbaijan"}