{"bounds":{"maxX":50.607827,"maxY":41.907483,"minX":44.7640704939802,"minY":38.397044},"result":"Azerbaijan"}