{"bounds":{"maxX":19.614709,"maxY":45.27468,"minX":15.727386,"minY":42.565308},"result":"Bosnia and Herzegovina"}