{"bounds":{"maxX":-59.506176,"maxY":13.179536,"minX":-59.582322,"minY":13.095997},"result":"Saint George, Barbados"}