{"bounds":{"maxX":-59.456805,"maxY":13.20986,"minX":-59.540146,"minY":13.13443},"result":"Saint John, Barbados"}