{"bounds":{"maxX":-59.57264,"maxY":13.297691,"minX":-59.646805,"minY":13.224861},"result":"Saint Peter, Barbados"}