{"bounds":{"maxX":-59.573472,"maxY":13.33514,"minX":-59.650696,"minY":13.273195},"result":"Saint Lucy, Barbados"}