{"bounds":{"maxX":-59.597717,"maxY":13.236086,"minX":-59.642662,"minY":13.136041},"result":"Saint James, Barbados"}