{"bounds":{"maxX":-59.567551,"maxY":13.156435,"minX":-59.636807,"minY":13.076804},"result":"Saint Michael, Barbados"}