{"bounds":{"maxX":-59.5088039999999,"maxY":13.23375,"minX":-59.574981,"minY":13.166994},"result":"Saint Joseph, Barbados"}