{"bounds":{"maxX":-59.473751,"maxY":13.122968,"minX":-59.608056,"minY":13.044584},"result":"Christ Church, Barbados"}