{"bounds":{"maxX":-59.5412469999999,"maxY":13.293751,"minX":-59.600555,"minY":13.203317},"result":"Saint Andrew, Barbados"}