{"bounds":{"maxX":-59.419304,"maxY":13.18169,"minX":-59.5115499999999,"minY":13.077046},"result":"Saint Philip, Barbados"}