{"bounds":{"maxX":-59.5529759999999,"maxY":13.215378,"minX":-59.6172749999999,"minY":13.144697},"result":"Saint Thomas, Barbados"}