{"bounds":{"maxX":-59.419304,"maxY":13.33514,"minX":-59.650696,"minY":13.044584},"result":"Barbados"}