{"bounds":{"maxX":91.001115,"maxY":23.071161,"minX":89.864068,"minY":21.737791},"result":"Barisal bibhag, Bangladesh"}