{"bounds":{"maxX":92.673661,"maxY":24.26925,"minX":90.5392,"minY":20.741111},"result":"Chittagong bibhag, Bangladesh"}