{"bounds":{"maxX":91.25563,"maxY":25.432042,"minX":89.298721,"minY":22.817939},"result":"Dhaka bibhag, Bangladesh"}