{"bounds":{"maxX":89.964997,"maxY":24.209739,"minX":88.559281,"minY":21.65073},"result":"Khulna bibhag, Bangladesh"}