{"bounds":{"maxX":89.8875421416832,"maxY":26.6299087374544,"minX":88.010567,"minY":23.798059},"result":"Rajshahi bibhag, Bangladesh"}