{"bounds":{"maxX":92.4972650562965,"maxY":25.204308,"minX":90.933242,"minY":23.97688},"result":"Sylhet bibhag, Bangladesh"}