{"bounds":{"maxX":92.673661,"maxY":26.6299087374544,"minX":88.010567,"minY":20.741111},"result":"Bangladesh"}