{"bounds":{"maxX":4.47976500000004,"maxY":50.914832,"minX":4.24557700000003,"minY":50.76466},"result":"Bruxelles-Capitale, Région de, Belgium"}