{"bounds":{"maxX":5.91017500000004,"maxY":51.503822,"minX":2.55814800000002,"minY":50.688735},"result":"Vlaamse Gewest, Belgium"}