{"bounds":{"maxX":6.40834000000001,"maxY":50.81161,"minX":2.84217800000005,"minY":49.49945},"result":"Wallonne, Région, Belgium"}