{"bounds":{"maxX":6.40834000000001,"maxY":51.503822,"minX":2.55814800000002,"minY":49.49945},"result":"Belgium"}