{"bounds":{"maxX":-3.57585599999999,"maxY":12.731419,"minX":-4.64515399999999,"minY":11.714481},"result":"Banwa, Burkina Faso"}