{"bounds":{"maxX":-3.052751,"maxY":11.196399,"minX":-3.794419,"minY":10.588699},"result":"Bougouriba, Burkina Faso"}