{"bounds":{"maxX":-2.51792,"maxY":12.102752,"minX":-3.614397,"minY":11.217301},"result":"Balé, Burkina Faso"}