{"bounds":{"maxX":0.0515700000000265,"maxY":11.993292,"minX":-0.926189999999963,"minY":10.902181},"result":"Boulgou, Burkina Faso"}