{"bounds":{"maxX":-1.27239599999996,"maxY":13.90643,"minX":-1.879366,"minY":12.971882},"result":"Bam, Burkina Faso"}