{"bounds":{"maxX":-1.78577799999999,"maxY":12.71134,"minX":-2.48634299999998,"minY":11.901939},"result":"Boulkiemdé, Burkina Faso"}