{"bounds":{"maxX":-0.884881000000007,"maxY":12.197641,"minX":-2.04173799999995,"minY":11.58416},"result":"Bazèga, Burkina Faso"}