{"bounds":{"maxX":-3.68837499999995,"maxY":10.892752,"minX":-5.16521599999999,"minY":9.59406799999999},"result":"Comoé, Burkina Faso"}