{"bounds":{"maxX":-0.415638999999999,"maxY":12.682461,"minX":-1.11114899999995,"minY":11.823781},"result":"Ganzourgou, Burkina Faso"}