{"bounds":{"maxX":0.602121000000011,"maxY":13.57828,"minX":-0.369984999999986,"minY":12.230732},"result":"Gnagna, Burkina Faso"}