{"bounds":{"maxX":1.34052600000001,"maxY":12.77377,"minX":-0.11796099999998,"minY":11.659761},"result":"Gourma, Burkina Faso"}