{"bounds":{"maxX":-3.586119,"maxY":12.084459,"minX":-4.79391799999996,"minY":10.684471},"result":"Houet, Burkina Faso"}