{"bounds":{"maxX":-2.63655799999998,"maxY":11.353632,"minX":-3.30267499999997,"minY":10.69506},"result":"Ioba, Burkina Faso"}