{"bounds":{"maxX":1.30919299999999,"maxY":13.09382,"minX":0.242443000000037,"minY":12.30993},"result":"Komondjari, Burkina Faso"}