{"bounds":{"maxX":0.0360360000000242,"maxY":12.560541,"minX":-0.613635999999985,"minY":11.788801},"result":"Kouritenga, Burkina Faso"}