{"bounds":{"maxX":-3.42589199999998,"maxY":13.5012,"minX":-4.35698499999995,"minY":12.371403},"result":"Kossi, Burkina Faso"}