{"bounds":{"maxX":-1.05876499999999,"maxY":12.67316,"minX":-1.87031099999996,"minY":12.052141},"result":"Kadiogo, Burkina Faso"}