{"bounds":{"maxX":-1.59545399999996,"maxY":12.90075,"minX":-2.077831,"minY":12.2655},"result":"Kourwéogo, Burkina Faso"}