{"bounds":{"maxX":1.42164500000001,"maxY":11.924368,"minX":0.377644000000032,"minY":10.931},"result":"Kompienga, Burkina Faso"}