{"bounds":{"maxX":-4.54477799999995,"maxY":12.03461,"minX":-5.496532,"minY":10.804372},"result":"Kénédougou, Burkina Faso"}