{"bounds":{"maxX":0.581303000000048,"maxY":11.786921,"minX":-0.171652999999992,"minY":11.033972},"result":"Koulpélogo, Burkina Faso"}