{"bounds":{"maxX":-4.94145099999997,"maxY":11.04851,"minX":-5.51891799999999,"minY":10.279161},"result":"Léraba, Burkina Faso"}