{"bounds":{"maxX":-1.72665499999999,"maxY":14.24544,"minX":-2.62236199999995,"minY":13.514259},"result":"Loroum, Burkina Faso"}