{"bounds":{"maxX":-2.795209,"maxY":12.742421,"minX":-3.98718099999996,"minY":11.718549},"result":"Mouhoun, Burkina Faso"}