{"bounds":{"maxX":-2.63703699999996,"maxY":13.002042,"minX":-3.42621699999995,"minY":12.34006},"result":"Nayala, Burkina Faso"}