{"bounds":{"maxX":-2.68992399999996,"maxY":10.181532,"minX":-3.28062599999998,"minY":9.40110800000002},"result":"Noumbiel, Burkina Faso"}