{"bounds":{"maxX":-0.686028999999962,"maxY":11.534839,"minX":-1.65238399999998,"minY":10.959091},"result":"Nahouri, Burkina Faso"}