{"bounds":{"maxX":-0.191179999999974,"maxY":13.922689,"minX":-0.814644999999985,"minY":12.459409},"result":"Namentenga, Burkina Faso"}