{"bounds":{"maxX":0.236101000000019,"maxY":15.082592,"minX":-1.05571799999996,"minY":14.140627},"result":"Oudalan, Burkina Faso"}