{"bounds":{"maxX":-0.839518999999996,"maxY":12.93547,"minX":-1.73148199999997,"minY":12.248961},"result":"Oubritenga, Burkina Faso"}