{"bounds":{"maxX":-2.76253299999996,"maxY":10.74866,"minX":-3.99359699999997,"minY":9.85162700000001},"result":"Poni, Burkina Faso"}