{"bounds":{"maxX":-1.52862299999998,"maxY":13.146559,"minX":-2.71276599999999,"minY":12.614411},"result":"Passoré, Burkina Faso"}