{"bounds":{"maxX":-0.60830999999996,"maxY":13.97098,"minX":-1.55254199999996,"minY":12.524239},"result":"Sanmatenga, Burkina Faso"}