{"bounds":{"maxX":-1.413365,"maxY":11.909579,"minX":-2.81598099999997,"minY":10.976141},"result":"Sissili, Burkina Faso"}