{"bounds":{"maxX":-0.549109999999985,"maxY":14.830877,"minX":-2.15305999999998,"minY":13.729319},"result":"Soum, Burkina Faso"}