{"bounds":{"maxX":-2.43559099999999,"maxY":13.71847,"minX":-3.47700099999997,"minY":12.78652},"result":"Sourou, Burkina Faso"}