{"bounds":{"maxX":-2.217758,"maxY":12.81461,"minX":-2.92435399999999,"minY":11.609991},"result":"Sanguié, Burkina Faso"}