{"bounds":{"maxX":0.513352999999995,"maxY":14.44945,"minX":-0.641986999999972,"minY":13.496621},"result":"Séno, Burkina Faso"}