{"bounds":{"maxX":2.405396,"maxY":12.846352,"minX":1.19690400000002,"minY":11.390401},"result":"Tapoa, Burkina Faso"}