{"bounds":{"maxX":-2.81161699999996,"maxY":11.851142,"minX":-3.99128099999996,"minY":10.967542},"result":"Tui, Burkina Faso"}