{"bounds":{"maxX":1.28295500000002,"maxY":13.879694,"minX":0.0615099999999984,"minY":12.94546},"result":"Yagha, Burkina Faso"}