{"bounds":{"maxX":-1.715665,"maxY":14.09298,"minX":-2.92980299999999,"minY":13.01524},"result":"Yatenga, Burkina Faso"}