{"bounds":{"maxX":-1.313714,"maxY":11.981809,"minX":-2.35092099999997,"minY":11.27951},"result":"Ziro, Burkina Faso"}