{"bounds":{"maxX":-2.056354,"maxY":13.389351,"minX":-2.70011399999999,"minY":12.953271},"result":"Zondoma, Burkina Faso"}