{"bounds":{"maxX":-0.537492999999984,"maxY":11.929749,"minX":-1.34767799999997,"minY":11.156901},"result":"Zoundwéogo, Burkina Faso"}