{"bounds":{"maxX":2.405396,"maxY":15.082592,"minX":-5.51891799999999,"minY":9.40110800000002},"result":"Burkina Faso"}