{"bounds":{"maxX":28.608094,"maxY":44.011893,"minX":27.218304,"minY":43.300696},"result":"Dobrich, Bulgaria"}