{"bounds":{"maxX":28.019347999724,"maxY":42.980211,"minX":26.57567,"minY":41.9049340290843},"result":"Burgas, Bulgaria"}