{"bounds":{"maxX":26.197254,"maxY":43.708538,"minX":25.107034,"minY":42.74989},"result":"Veliko Tarnovo, Bulgaria"}