{"bounds":{"maxX":23.057542,"maxY":44.215468,"minX":22.343748,"minY":43.380128},"result":"Vidin, Bulgaria"}