{"bounds":{"maxX":24.328164,"maxY":43.818568,"minX":23.321204,"minY":42.984472},"result":"Vratsa, Bulgaria"}