{"bounds":{"maxX":25.677397,"maxY":43.224887,"minX":24.872905,"minY":42.722376},"result":"Gabrovo, Bulgaria"}