{"bounds":{"maxX":25.944311,"maxY":41.892103,"minX":25.010704,"minY":41.23468},"result":"Kardzhali, Bulgaria"}