{"bounds":{"maxX":28.051415,"maxY":43.598608,"minX":27.088387,"minY":42.819593},"result":"Varna, Bulgaria"}