{"bounds":{"maxX":24.10978,"maxY":42.175885,"minX":22.831985,"minY":41.317301},"result":"Blagoevgrad, Bulgaria"}