{"bounds":{"maxX":25.173279,"maxY":43.397112,"minX":23.972749,"minY":42.70632},"result":"Lovech, Bulgaria"}