{"bounds":{"maxX":23.282053,"maxY":42.880934,"minX":22.422142,"minY":42.351438},"result":"Pernik, Bulgaria"}