{"bounds":{"maxX":25.376275,"maxY":42.792391,"minX":24.352022,"minY":41.670305},"result":"Plovdiv, Bulgaria"}