{"bounds":{"maxX":27.028199,"maxY":43.96147,"minX":26.053643,"minY":43.276651},"result":"Razgrad, Bulgaria"}