{"bounds":{"maxX":27.683813,"maxY":44.156787,"minX":26.331121,"minY":43.674558},"result":"Silistra, Bulgaria"}