{"bounds":{"maxX":23.512952,"maxY":42.628941,"minX":22.34572,"minY":42.004834},"result":"Kyustendil, Bulgaria"}