{"bounds":{"maxX":25.274776,"maxY":43.781632,"minX":23.968752,"minY":43.216274},"result":"Pleven, Bulgaria"}