{"bounds":{"maxX":24.530679,"maxY":42.621746,"minX":23.7541,"minY":41.663718},"result":"Pazardzhik, Bulgaria"}