{"bounds":{"maxX":23.635223,"maxY":43.865691,"minX":22.713809,"minY":43.106295},"result":"Montana, Bulgaria"}