{"bounds":{"maxX":26.554691,"maxY":44.050032,"minX":25.488621,"minY":43.326719},"result":"Ruse, Bulgaria"}