{"bounds":{"maxX":23.651981,"maxY":42.879375,"minX":23.037996,"minY":42.411156},"result":"Sofia-Grad, Bulgaria"}