{"bounds":{"maxX":26.198594,"maxY":42.787617,"minX":25.024739,"minY":42.009964},"result":"Stara Zagora, Bulgaria"}