{"bounds":{"maxX":26.709446,"maxY":43.052739,"minX":25.838874,"minY":42.239564},"result":"Sliven, Bulgaria"}