{"bounds":{"maxX":27.440042,"maxY":43.736348,"minX":26.535464,"minY":42.906818},"result":"Shumen, Bulgaria"}