{"bounds":{"maxX":26.5833658873452,"maxY":42.2278629927313,"minX":25.269272,"minY":41.3126629917698},"result":"Haskovo, Bulgaria"}