{"bounds":{"maxX":26.777832,"maxY":43.574456,"minX":25.955251,"minY":42.952897},"result":"Targovishte, Bulgaria"}