{"bounds":{"maxX":25.19009,"maxY":41.933242,"minX":24.067194,"minY":41.319019},"result":"Smolyan, Bulgaria"}