{"bounds":{"maxX":24.493167,"maxY":43.198579,"minX":22.740525,"minY":42.086598},"result":"Sofia, Bulgaria"}