{"bounds":{"maxX":27.0461890004191,"maxY":42.720193,"minX":26.17851,"minY":41.9369889947864},"result":"Yambol, Bulgaria"}