{"bounds":{"maxX":28.608094,"maxY":44.215468,"minX":22.343748,"minY":41.23468},"result":"Bulgaria"}