{"bounds":{"maxX":50.676529,"maxY":26.194094,"minX":50.510193,"minY":26.094995},"result":"Al Wustá, Bahrain"}