{"bounds":{"maxX":50.632084,"maxY":26.137836,"minX":50.452914,"minY":25.79875},"result":"Al Janubiyah, Bahrain"}