{"bounds":{"maxX":50.565139,"maxY":26.236805,"minX":50.229568,"minY":26.047242},"result":"Ash Shamaliyah, Bahrain"}