{"bounds":{"maxX":50.623471,"maxY":26.257638,"minX":50.513751,"minY":26.17625},"result":"Al Manamah, Bahrain"}