{"bounds":{"maxX":50.688752,"maxY":26.288751,"minX":50.600418,"minY":26.180973},"result":"Al Muharraq, Bahrain"}