{"bounds":{"maxX":50.688752,"maxY":26.288751,"minX":50.229568,"minY":25.79875},"result":"Bahrain"}