{"bounds":{"maxX":29.598558,"maxY":-3.24904799999996,"minX":29.200918,"minY":-3.73139399999997},"result":"Bujumbura, Burundi"}