{"bounds":{"maxX":29.916166,"maxY":-3.55798199999998,"minX":29.231802,"minY":-4.19135},"result":"Bururi, Burundi"}