{"bounds":{"maxX":29.569064,"maxY":-2.91501999999997,"minX":29.222179,"minY":-3.31921999999997},"result":"Bubanza, Burundi"}