{"bounds":{"maxX":30.850225,"maxY":-2.89283,"minX":30.316436,"minY":-3.396795},"result":"Cankuzo, Burundi"}