{"bounds":{"maxX":29.485196,"maxY":-2.59087899999997,"minX":29.000345,"minY":-3.10390999999998},"result":"Cibitoke, Burundi"}