{"bounds":{"maxX":30.104959,"maxY":-3.05868999999996,"minX":29.717616,"minY":-3.845078},"result":"Gitega, Burundi"}