{"bounds":{"maxX":30.349889,"maxY":-2.90414399999997,"minX":29.896781,"minY":-3.39387099999999},"result":"Karuzi, Burundi"}