{"bounds":{"maxX":30.41793,"maxY":-2.32712799999996,"minX":29.920284,"minY":-2.78419399999996},"result":"Kirundo, Burundi"}