{"bounds":{"maxX":29.879236,"maxY":-2.786472,"minX":29.430283,"minY":-3.22925999999995},"result":"Kayanza, Burundi"}