{"bounds":{"maxX":29.851808,"maxY":-3.10748999999998,"minX":29.502488,"minY":-3.42622299999999},"result":"Muramvya, Burundi"}