{"bounds":{"maxX":30.191719,"maxY":-4.00288399999999,"minX":29.379935,"minY":-4.47000099999997},"result":"Makamba, Burundi"}