{"bounds":{"maxX":29.875007,"maxY":-3.29783099999997,"minX":29.566116,"minY":-3.72020499999996},"result":"Mwaro, Burundi"}