{"bounds":{"maxX":30.543543,"maxY":-2.30907099999996,"minX":30.077131,"minY":-3.15870999999999},"result":"Muyinga, Burundi"}