{"bounds":{"maxX":30.193385,"maxY":-2.65506399999998,"minX":29.635974,"minY":-3.08759999999995},"result":"Ngozi, Burundi"}