{"bounds":{"maxX":30.411067,"maxY":-3.63263799999999,"minX":29.813434,"minY":-4.097801},"result":"Rutana, Burundi"}