{"bounds":{"maxX":30.678144,"maxY":-3.18793299999999,"minX":30.041065,"minY":-3.72775199999995},"result":"Ruyigi, Burundi"}