{"bounds":{"maxX":30.850225,"maxY":-2.30907099999996,"minX":29.000345,"minY":-4.47000099999997},"result":"Burundi"}