{"bounds":{"maxX":3.84900700000003,"maxY":12.418351,"minX":2.02512200000001,"minY":10.53441},"result":"Alibori, Benin"}