{"bounds":{"maxX":2.48880300000002,"maxY":6.93055700000002,"minX":1.957222,"minY":6.30125100000004},"result":"Atlantique, Benin"}