{"bounds":{"maxX":2.288476,"maxY":11.473831,"minX":0.77457400000003,"minY":9.96219200000002},"result":"Atakora, Benin"}