{"bounds":{"maxX":3.85170099999999,"maxY":10.649917,"minX":1.96972300000004,"minY":8.77027900000002},"result":"Borgou, Benin"}