{"bounds":{"maxX":2.76188400000001,"maxY":8.77678900000001,"minX":1.61973900000004,"minY":7.44156200000003},"result":"Collines, Benin"}