{"bounds":{"maxX":2.21833300000003,"maxY":10.07457,"minX":1.341588,"minY":8.47527700000001},"result":"Donga, Benin"}