{"bounds":{"maxX":2.09639000000004,"maxY":7.50385900000003,"minX":1.55783300000002,"minY":6.71401100000003},"result":"Kouffo, Benin"}