{"bounds":{"maxX":2.48388900000003,"maxY":6.38875400000001,"minX":2.36166800000001,"minY":6.34319400000004},"result":"Littoral, Benin"}