{"bounds":{"maxX":2.03063500000002,"maxY":6.84585200000004,"minX":1.57392100000004,"minY":6.23514},"result":"Mono, Benin"}