{"bounds":{"maxX":2.71951100000001,"maxY":6.994167,"minX":2.37751000000003,"minY":6.35791700000004},"result":"Ouémé, Benin"}