{"bounds":{"maxX":2.79968100000002,"maxY":7.66000100000002,"minX":2.41666600000002,"minY":6.48817600000001},"result":"Plateau, Benin"}