{"bounds":{"maxX":2.55999800000001,"maxY":7.643778,"minX":1.641999,"minY":6.90944500000001},"result":"Zou, Benin"}