{"bounds":{"maxX":3.85170099999999,"maxY":12.418351,"minX":0.77457400000003,"minY":6.23514},"result":"Benin"}