{"bounds":{"maxX":-62.787639,"maxY":17.961528,"minX":-62.9481929999999,"minY":17.870139},"result":"Saint Barthélemy"}