{"bounds":{"maxX":-64.646201,"maxY":32.477226,"minX":-64.887778,"minY":32.246667},"result":"Bermuda"}