{"bounds":{"maxX":115.132523,"maxY":5.046019,"minX":114.779093,"minY":4.74015800000001},"result":"Brunei-Muara, Brunei"}