{"bounds":{"maxX":114.871632,"maxY":4.715936,"minX":114.128051,"minY":4.022199},"result":"Belait, Brunei"}