{"bounds":{"maxX":114.889299,"maxY":4.91892300000001,"minX":114.529551,"minY":4.340349},"result":"Tutong, Brunei"}