{"bounds":{"maxX":115.375962,"maxY":4.9117,"minX":115.040802,"minY":4.311531},"result":"Temburong, Brunei"}