{"bounds":{"maxX":115.375962,"maxY":5.046019,"minX":114.128051,"minY":4.022199},"result":"Brunei"}