{"bounds":{"maxX":-61.532031,"maxY":-10.364954,"minX":-67.5565119999999,"minY":-16.48395},"result":"El Beni, Bolivia"}