{"bounds":{"maxX":-64.1870259999999,"maxY":-15.78575,"minX":-67.002586,"minY":-18.673438},"result":"Cochabamba, Bolivia"}