{"bounds":{"maxX":-62.199797,"maxY":-18.339991,"minX":-65.694558,"minY":-21.49279},"result":"Chuquisaca, Bolivia"}