{"bounds":{"maxX":-66.7315369999999,"maxY":-11.840309,"minX":-69.6390239999999,"minY":-18.048823},"result":"La Paz, Bolivia"}