{"bounds":{"maxX":-65.279954,"maxY":-9.66933,"minX":-69.565255,"minY":-12.493837},"result":"Pando, Bolivia"}