{"bounds":{"maxX":-66.07599,"maxY":-17.32654,"minX":-69.1379919999999,"minY":-19.867509},"result":"Oruro, Bolivia"}