{"bounds":{"maxX":-64.7144699999999,"maxY":-17.798268,"minX":-68.781998,"minY":-22.896129},"result":"Potosí, Bolivia"}