{"bounds":{"maxX":-57.453851,"maxY":-13.46343,"minX":-64.840974,"minY":-20.47267},"result":"Santa Cruz, Bolivia"}