{"bounds":{"maxX":-62.25769,"maxY":-20.876779,"minX":-65.41687,"minY":-22.865899},"result":"Tarija, Bolivia"}