{"bounds":{"maxX":-57.453851,"maxY":-9.66933,"minX":-69.6390239999999,"minY":-22.896129},"result":"Bolivia"}