{"bounds":{"maxX":-68.195137,"maxY":12.311806,"minX":-68.420691,"minY":12.024306},"result":"Bonaire, Caribbean Netherlands"}