{"bounds":{"maxX":-63.214307,"maxY":17.650694,"minX":-63.259304,"minY":17.613194},"result":"Saba, Caribbean Netherlands"}