{"bounds":{"maxX":-62.941807,"maxY":17.527361,"minX":-63.009303,"minY":17.463473},"result":"Sint Eustatius, Caribbean Netherlands"}