{"bounds":{"maxX":-62.941807,"maxY":17.650694,"minX":-68.420691,"minY":12.024306},"result":"Caribbean Netherlands"}