{"bounds":{"maxX":-53.519883,"maxY":2.24620100000004,"minX":-73.795677,"minY":-27.220878},"result":"Amazonas, Brazil"}