{"bounds":{"maxX":-49.8668059999999,"maxY":4.44236000000001,"minX":-54.876187,"minY":-1.23600799999997},"result":"Amapá, Brazil"}