{"bounds":{"maxX":-66.5887519999999,"maxY":-7.12131999999997,"minX":-73.989707,"minY":-11.145161},"result":"Acre, Brazil"}