{"bounds":{"maxX":-35.151825,"maxY":-8.81498699999997,"minX":-38.236341,"minY":-10.501529},"result":"Alagoas, Brazil"}