{"bounds":{"maxX":-37.34903,"maxY":-8.533636,"minX":-46.617046,"minY":-18.34986},"result":"Bahia, Brazil"}