{"bounds":{"maxX":-37.252082,"maxY":-2.784583,"minX":-41.42347,"minY":-7.85819599999996},"result":"Ceará, Brazil"}