{"bounds":{"maxX":-47.30854,"maxY":-15.50017,"minX":-48.287049,"minY":-16.051762},"result":"Distrito Federal, Brazil"}