{"bounds":{"maxX":-28.846944,"maxY":-17.891941,"minX":-41.8789149999999,"minY":-21.29719},"result":"Espírito Santo, Brazil"}