{"bounds":{"maxX":-45.906918,"maxY":-12.395935,"minX":-53.2511469999999,"minY":-19.499148},"result":"Goiás, Brazil"}