{"bounds":{"maxX":-41.796658,"maxY":-1.04819399999997,"minX":-48.755101,"minY":-10.260939},"result":"Maranhão, Brazil"}