{"bounds":{"maxX":-50.224752,"maxY":-7.34904899999998,"minX":-61.632771,"minY":-18.042049},"result":"Mato Grosso, Brazil"}