{"bounds":{"maxX":-50.92307,"maxY":-17.167198,"minX":-58.162831,"minY":-24.067475},"result":"Mato Grosso do Sul, Brazil"}