{"bounds":{"maxX":-39.8567629999999,"maxY":-14.2334269999999,"minX":-51.0458829999999,"minY":-22.922747},"result":"Minas Gerais, Brazil"}