{"bounds":{"maxX":-34.792915,"maxY":-6.02699099999995,"minX":-43.01453,"minY":-9.434009},"result":"Paraíba, Brazil"}