{"bounds":{"maxX":-48.0235029999999,"maxY":-22.516685,"minX":-54.616024,"minY":-26.717283},"result":"Paraná, Brazil"}