{"bounds":{"maxX":-34.806804,"maxY":-7.27417499999996,"minX":-41.358269,"minY":-9.48291699999999},"result":"Pernambuco, Brazil"}