{"bounds":{"maxX":-46.051454,"maxY":2.63248000000004,"minX":-58.898267,"minY":-9.84562999999997},"result":"Pará, Brazil"}