{"bounds":{"maxX":-40.370526,"maxY":-2.74374999999998,"minX":-45.994243,"minY":-10.928766},"result":"Piauí, Brazil"}