{"bounds":{"maxX":-59.774289,"maxY":-7.96930899999995,"minX":-66.806473,"minY":-13.557581},"result":"Rondônia, Brazil"}