{"bounds":{"maxX":-58.891801,"maxY":5.26487800000001,"minX":-64.8249739999999,"minY":-1.58065699999997},"result":"Roraima, Brazil"}