{"bounds":{"maxX":-49.691577,"maxY":-27.080584,"minX":-57.615211,"minY":-33.747081},"result":"Rio Grande do Sul, Brazil"}