{"bounds":{"maxX":-40.95736,"maxY":-20.764144,"minX":-44.888882,"minY":-23.369647},"result":"Rio de Janeiro, Brazil"}