{"bounds":{"maxX":-32.389583,"maxY":-3.81708399999997,"minX":-38.601976,"minY":-6.98273699999999},"result":"Rio Grande do Norte, Brazil"}