{"bounds":{"maxX":-43.859107,"maxY":-19.779651,"minX":-53.109604,"minY":-25.303193},"result":"São Paulo, Brazil"}