{"bounds":{"maxX":-36.39125,"maxY":-9.51500499999997,"minX":-38.245571,"minY":-11.705067},"result":"Sergipe, Brazil"}