{"bounds":{"maxX":-48.327362,"maxY":-25.955944,"minX":-53.753628,"minY":-29.351262},"result":"Santa Catarina, Brazil"}