{"bounds":{"maxX":-45.6960339999999,"maxY":-5.16839699999997,"minX":-50.742004,"minY":-13.467717},"result":"Tocantins, Brazil"}