{"bounds":{"maxX":-28.846944,"maxY":5.26487800000001,"minX":-73.989707,"minY":-33.747081},"result":"Brazil"}