{"bounds":{"maxX":-73.469863,"maxY":23.10375,"minX":-74.5354159999999,"minY":21.690971},"result":"Acklins and Crooked Islands, Bahamas"}