{"bounds":{"maxX":-78.1137459999999,"maxY":26.033194,"minX":-80.475974,"minY":22.748471},"result":"Bimini, Bahamas"}