{"bounds":{"maxX":-77.7106919999999,"maxY":25.828201,"minX":-78.0337529999999,"minY":25.390138},"result":"Berry Islands, Bahamas"}