{"bounds":{"maxX":-75.293197,"maxY":24.696528,"minX":-75.973198,"minY":24.114027},"result":"Cat Island, Bahamas"}