{"bounds":{"maxX":-75.431527,"maxY":25.129582,"minX":-76.841248,"minY":23.385973},"result":"Exuma and Black Point, Bahamas"}