{"bounds":{"maxX":-78.4012519999999,"maxY":26.92125,"minX":-79.019584,"minY":26.487918},"result":"Freeport and West Grand Bahama, Bahamas"}