{"bounds":{"maxX":-77.674857,"maxY":24.604486,"minX":-78.181525,"minY":24.145696},"result":"Central Andros, Bahamas"}