{"bounds":{"maxX":-76.109025,"maxY":25.215139,"minX":-76.252358,"minY":24.992985},"result":"Central Eleuthera, Bahamas"}