{"bounds":{"maxX":-77.310638,"maxY":27.271389,"minX":-78.418052,"minY":26.647637},"result":"North Abaco and Grand Cay, Bahamas"}