{"bounds":{"maxX":-77.744027,"maxY":27.033333,"minX":-78.456603,"minY":26.422917},"result":"East Grand Bahama, Bahamas"}