{"bounds":{"maxX":-72.912918,"maxY":21.560693,"minX":-73.702636,"minY":20.912083},"result":"Inagua, Bahamas"}