{"bounds":{"maxX":-76.886254,"maxY":24.312362,"minX":-77.930695,"minY":23.597085},"result":"South Andros and Mangrove Cay, Bahamas"}