{"bounds":{"maxX":-74.8265299999999,"maxY":23.686527,"minX":-75.3470849999999,"minY":22.849583},"result":"Long Island, Bahamas"}