{"bounds":{"maxX":-72.712083,"maxY":22.468751,"minX":-73.171249,"minY":21.99986},"result":"Mayaguana, Bahamas"}