{"bounds":{"maxX":-76.967088,"maxY":25.205694,"minX":-77.5731969999999,"minY":24.974027},"result":"New Providence, Bahamas"}