{"bounds":{"maxX":-77.692359,"maxY":25.330974,"minX":-78.5270849999999,"minY":24.433751},"result":"North Andros, Bahamas"}