{"bounds":{"maxX":-76.1334689999999,"maxY":24.996317,"minX":-76.395141,"minY":24.612638},"result":"South Eleuthera, Bahamas"}