{"bounds":{"maxX":-75.182358,"maxY":23.143195,"minX":-75.911529,"minY":21.717639},"result":"Ragged Island, Bahamas"}