{"bounds":{"maxX":-77.115738,"maxY":26.333194,"minX":-77.582917,"minY":25.844028},"result":"South Abaco and Moore's Island, Bahamas"}