{"bounds":{"maxX":-74.427916,"maxY":24.161807,"minX":-75.1298609999999,"minY":23.634861},"result":"San Salvador and Rum Cay, Bahamas"}