{"bounds":{"maxX":-72.712083,"maxY":27.271389,"minX":-80.475974,"minY":20.912083},"result":"Bahamas"}