{"bounds":{"maxX":89.39901,"maxY":27.618902,"minX":88.8970369460743,"minY":27.072238},"result":"Ha, Bhutan"}