{"bounds":{"maxX":89.377609,"maxY":27.2716922868392,"minX":88.7580276113841,"minY":26.808198062674},"result":"Samtse, Bhutan"}