{"bounds":{"maxX":89.791085,"maxY":27.295921,"minX":89.268304,"minY":26.7182669222691},"result":"Chhukha, Bhutan"}