{"bounds":{"maxX":89.902831,"maxY":27.980241,"minX":89.215065,"minY":27.134684},"result":"Thimphu, Bhutan"}