{"bounds":{"maxX":89.561111,"maxY":27.744995,"minX":89.130111,"minY":27.177839},"result":"Paro, Bhutan"}