{"bounds":{"maxX":90.082992,"maxY":27.265582,"minX":89.64672,"minY":26.8066},"result":"Dagana, Bhutan"}