{"bounds":{"maxX":90.539054,"maxY":28.041946,"minX":89.718864,"minY":27.105345},"result":"Wangdue Phodrang, Bhutan"}