{"bounds":{"maxX":90.077003,"maxY":27.819708,"minX":89.647233,"minY":27.49533},"result":"Punakha, Bhutan"}