{"bounds":{"maxX":90.355103,"maxY":27.179763,"minX":90.002694,"minY":26.815824},"result":"Tsirang, Bhutan"}