{"bounds":{"maxX":90.754647,"maxY":27.74802,"minX":90.269868,"minY":27.128587},"result":"Trongsa, Bhutan"}