{"bounds":{"maxX":90.970978,"maxY":27.208738,"minX":89.734916,"minY":26.7002866103799},"result":"Sarpang, Bhutan"}