{"bounds":{"maxX":91.176467,"maxY":27.370882,"minX":90.538544,"minY":26.785151},"result":"Zhemgang, Bhutan"}