{"bounds":{"maxX":91.015701,"maxY":28.09263,"minX":90.4794,"minY":27.319066},"result":"Bumthang, Bhutan"}