{"bounds":{"maxX":91.517127,"maxY":27.166824,"minX":91.176408,"minY":26.846294},"result":"Pemagatshel, Bhutan"}