{"bounds":{"maxX":92.120612,"maxY":27.4818435783282,"minX":91.379426,"minY":27.01734},"result":"Trashigang, Bhutan"}