{"bounds":{"maxX":91.500747,"maxY":27.565315,"minX":90.959992,"minY":26.944754},"result":"Monggar, Bhutan"}