{"bounds":{"maxX":91.482774,"maxY":28.09018,"minX":90.775161,"minY":27.372115},"result":"Lhuentse, Bhutan"}