{"bounds":{"maxX":92.117385,"maxY":27.247314,"minX":90.994157,"minY":26.7790782646527},"result":"Samdrup Jongkha, Bhutan"}