{"bounds":{"maxX":90.61943,"maxY":28.324992,"minX":89.438934,"minY":27.686454},"result":"Gasa, Bhutan"}