{"bounds":{"maxX":91.771157,"maxY":27.985734,"minX":91.337066,"minY":27.362654},"result":"Trashi Yangtse, Bhutan"}