{"bounds":{"maxX":92.120612,"maxY":28.324992,"minX":88.7580276113841,"minY":26.7002866103799},"result":"Bhutan"}