{"bounds":{"maxX":3.48748600000005,"maxY":-54.3863909999999,"minX":3.28444500000001,"minY":-54.4645829999999},"result":"Bouvet Island"}