{"bounds":{"maxX":29.360781,"maxY":-18.9991199999999,"minX":23.874719,"minY":-23.950831},"result":"Central, Botswana"}