{"bounds":{"maxX":25.43644,"maxY":-20.99278,"minX":19.999534,"minY":-23.3180589999999},"result":"Ghanzi, Botswana"}