{"bounds":{"maxX":24.50028,"maxY":-23.30889,"minX":19.999612,"minY":-26.907249},"result":"Kgalagadi, Botswana"}