{"bounds":{"maxX":26.01944,"maxY":-22.94243,"minX":22.954719,"minY":-24.770611},"result":"Kweneng, Botswana"}