{"bounds":{"maxX":26.96656,"maxY":-23.5586489999999,"minX":25.873061,"minY":-24.683719},"result":"Kgatleng, Botswana"}