{"bounds":{"maxX":28.00996,"maxY":-20.473379,"minX":27.20695,"minY":-21.566388},"result":"North-East, Botswana"}