{"bounds":{"maxX":25.987279,"maxY":-17.78081,"minX":20.99695,"minY":-21.00083},"result":"North-West, Botswana"}