{"bounds":{"maxX":26.182212,"maxY":-24.506571,"minX":25.535001,"minY":-25.462748},"result":"South-East, Botswana"}