{"bounds":{"maxX":25.68861,"maxY":-24.0001999999999,"minX":23.04889,"minY":-25.8257599999999},"result":"Southern, Botswana"}