{"bounds":{"maxX":29.360781,"maxY":-17.78081,"minX":19.999534,"minY":-26.907249},"result":"Botswana"}