{"bounds":{"maxX":27.617926,"maxY":53.412407,"minX":23.192348,"minY":51.507549},"result":"Brèsckaja voblasc', Belarus"}