{"bounds":{"maxX":26.709237,"maxY":54.998104,"minX":23.513549,"minY":52.753185},"result":"Hrodzenskaja voblasc', Belarus"}