{"bounds":{"maxX":31.801225,"maxY":53.349407,"minX":27.26321,"minY":51.26957},"result":"Homel'skaja voblasc', Belarus"}