{"bounds":{"maxX":32.794609,"maxY":54.475159,"minX":28.090131,"minY":52.683961},"result":"Mahilioúskaja voblasc', Belarus"}