{"bounds":{"maxX":29.507329,"maxY":55.017219,"minX":26.016256,"minY":52.405448},"result":"Minskaja voblasc', Belarus"}