{"bounds":{"maxX":31.21922,"maxY":56.168361,"minX":26.222272,"minY":54.226444},"result":"Vicebskaja voblasc', Belarus"}