{"bounds":{"maxX":32.794609,"maxY":56.168361,"minX":23.192348,"minY":51.26957},"result":"Belarus"}