{"bounds":{"maxX":-87.485969,"maxY":17.969593,"minX":-88.6187679999999,"minY":17.036326},"result":"Belize, Belize"}