{"bounds":{"maxX":-88.505729,"maxY":17.520993,"minX":-89.1710209999999,"minY":16.675024},"result":"Cayo, Belize"}