{"bounds":{"maxX":-87.8273629999999,"maxY":18.497289,"minX":-88.5637809999999,"minY":17.874305},"result":"Corozal, Belize"}