{"bounds":{"maxX":-88.262505,"maxY":18.335256,"minX":-89.1477819999999,"minY":17.510464},"result":"Orange Walk, Belize"}