{"bounds":{"maxX":-87.7695849999999,"maxY":17.169298,"minX":-88.6553499999999,"minY":16.441529},"result":"Stann Creek, Belize"}