{"bounds":{"maxX":-88.252082,"maxY":16.678609,"minX":-89.2241749999999,"minY":15.892658},"result":"Toledo, Belize"}