{"bounds":{"maxX":-87.485969,"maxY":18.497289,"minX":-89.2241749999999,"minY":15.892658},"result":"Belize"}