{"bounds":{"maxX":-109.999855,"maxY":60.000063,"minX":-120.000523,"minY":49.0},"result":"Alberta, Canada"}