{"bounds":{"maxX":-112.911874,"maxY":52.887325,"minX":-114.654162,"minY":51.88177},"result":"Red Deer, Alberta, Canada"}