{"bounds":{"maxX":-112.840685,"maxY":54.022078,"minX":-115.610995,"minY":52.755592},"result":"Edmonton, Alberta, Canada"}