{"bounds":{"maxX":-110.004637,"maxY":54.06279,"minX":-113.184103,"minY":52.489891},"result":"Camrose-Lloydminister, Alberta, Canada"}