{"bounds":{"maxX":-113.376499,"maxY":51.940598,"minX":-114.994478,"minY":50.309489},"result":"Calgary, Alberta, Canada"}