{"bounds":{"maxX":-112.311755,"maxY":55.46115,"minX":-116.69961,"minY":53.595527},"result":"Athabasca, Alberta, Canada"}