{"bounds":{"maxX":-116.767527,"maxY":56.315088,"minX":-120.000166,"minY":54.937793},"result":"Grande Prairie, Alberta, Canada"}