{"bounds":{"maxX":-114.873699,"maxY":54.119138,"minX":-120.000032,"minY":52.652589},"result":"Edson, Alberta, Canada"}