{"bounds":{"maxX":-114.428351,"maxY":53.065105,"minX":-117.100428,"minY":51.619103},"result":"Rocky Mountain House, Alberta, Canada"}