{"bounds":{"maxX":-111.341261,"maxY":51.217752,"minX":-113.277507,"minY":49.0},"result":"Lethbridge, Alberta, Canada"}