{"bounds":{"maxX":-112.514755,"maxY":60.000063,"minX":-120.000523,"minY":54.499296},"result":"Slave Lake, Alberta, Canada"}