{"bounds":{"maxX":-109.999855,"maxY":60.000063,"minX":-115.569283,"minY":55.330847},"result":"Fort McMurray, Alberta, Canada"}