{"bounds":{"maxX":-112.106014,"maxY":51.983431,"minX":-113.736028,"minY":50.048519},"result":"Drumheller, Alberta, Canada"}