{"bounds":{"maxX":-110.000114,"maxY":55.98827,"minX":-112.850897,"minY":53.71497},"result":"St. Paul, Alberta, Canada"}