{"bounds":{"maxX":-110.003007,"maxY":53.146755,"minX":-113.106647,"minY":51.852971},"result":"Stettler, Alberta, Canada"}