{"bounds":{"maxX":-113.999751,"maxY":53.481684,"minX":-119.541407,"minY":49.497038},"result":"Banff, Alberta, Canada"}