{"bounds":{"maxX":-115.962492,"maxY":55.672032,"minX":-120.000296,"minY":53.804895},"result":"Grande Cache, Alberta, Canada"}