{"bounds":{"maxX":-110.003007,"maxY":52.23087,"minX":-112.51316,"minY":50.61933},"result":"Hanna, Alberta, Canada"}