{"bounds":{"maxX":-123.272507,"maxY":50.366884,"minX":-124.22889,"minY":49.346527},"result":"Sunshine Coast, British Columbia, Canada"}