{"bounds":{"maxX":-123.044273,"maxY":49.013333,"minX":-124.500551,"minY":48.308613},"result":"Capital, British Columbia, Canada"}