{"bounds":{"maxX":-122.408264,"maxY":49.57455,"minX":-123.432442,"minY":49.001183},"result":"Metro Vancouver, British Columbia, Canada"}