{"bounds":{"maxX":-123.672654,"maxY":49.468559,"minX":-124.968087,"minY":48.98132},"result":"Nanaimo, British Columbia, Canada"}