{"bounds":{"maxX":-125.343201,"maxY":53.308921,"minX":-128.541671,"minY":51.158246},"result":"Central Coast, British Columbia, Canada"}