{"bounds":{"maxX":-123.727248,"maxY":50.863312,"minX":-125.012414,"minY":49.422855},"result":"Powell River, British Columbia, Canada"}