{"bounds":{"maxX":-124.438423,"maxY":60.000064,"minX":-139.052198,"minY":55.999999},"result":"Stikine, British Columbia, Canada"}