{"bounds":{"maxX":-123.713326,"maxY":51.399989,"minX":-127.943291,"minY":49.404832},"result":"Comox-Strathcona, British Columbia, Canada"}