{"bounds":{"maxX":-125.202284,"maxY":52.011949,"minX":-129.096114,"minY":49.907051},"result":"Mount Waddington, British Columbia, Canada"}