{"bounds":{"maxX":-124.539567,"maxY":49.642666,"minX":-126.590836,"minY":48.665553},"result":"Alberni-Clayoquot, British Columbia, Canada"}