{"bounds":{"maxX":-126.643678,"maxY":58.002076,"minX":-133.066177,"minY":52.250556},"result":"Kitimat-Stikine, British Columbia, Canada"}