{"bounds":{"maxX":-120.14132,"maxY":53.532227,"minX":-126.646915,"minY":50.876855},"result":"Cariboo, British Columbia, Canada"}