{"bounds":{"maxX":-114.054222,"maxY":51.331501,"minX":-116.795044,"minY":49.000012},"result":"East Kootenay, British Columbia, Canada"}