{"bounds":{"maxX":-119.999716,"maxY":58.024552,"minX":-127.736018,"minY":53.795352},"result":"Peace River, British Columbia, Canada"}