{"bounds":{"maxX":-123.514504,"maxY":49.148915,"minX":-124.850983,"minY":48.521221},"result":"Cowichan Valley, British Columbia, Canada"}