{"bounds":{"maxX":-118.798359,"maxY":50.235181,"minX":-120.057968,"minY":49.674777},"result":"Central Okanagan, British Columbia, Canada"}