{"bounds":{"maxX":-119.999846,"maxY":60.000063,"minX":-127.809177,"minY":57.999998},"result":"Northern Rockies, British Columbia, Canada"}