{"bounds":{"maxX":-114.054222,"maxY":60.000064,"minX":-139.052198,"minY":48.308613},"result":"British Columbia, Canada"}