{"bounds":{"maxX":-96.3532779999999,"maxY":50.283836,"minX":-97.0268569999999,"minY":49.795855},"result":"Beausejour Area, Manitoba, Canada"}