{"bounds":{"maxX":-96.3535009999999,"maxY":50.547885,"minX":-97.183859,"minY":49.930411},"result":"Selkirk Area, Manitoba, Canada"}