{"bounds":{"maxX":-99.096684,"maxY":50.06427,"minX":-100.485152,"minY":49.532269},"result":"Brandon Area, Manitoba, Canada"}