{"bounds":{"maxX":-97.113552,"maxY":50.507081,"minX":-98.01445,"minY":49.915938},"result":"South Interlake, Manitoba, Canada"}