{"bounds":{"maxX":-100.047752,"maxY":52.842235,"minX":-101.67095,"minY":51.361844},"result":"Swan River, Manitoba, Canada"}