{"bounds":{"maxX":-99.360266,"maxY":49.533834,"minX":-101.39368,"minY":49.000004},"result":"South West Westman, Manitoba, Canada"}