{"bounds":{"maxX":-97.15986,"maxY":49.621241,"minX":-98.4147869999999,"minY":49.0},"result":"Pembina Valley, Manitoba, Canada"}