{"bounds":{"maxX":-88.967225,"maxY":60.000129,"minX":-102.000005,"minY":48.99995},"result":"Manitoba, Canada"}