{"bounds":{"maxX":-98.648547,"maxY":52.050827,"minX":-100.97856,"minY":50.506871},"result":"Dauphin, Manitoba, Canada"}