{"bounds":{"maxX":-96.257776,"maxY":51.885781,"minX":-98.879249,"minY":50.178643},"result":"North Interlake Area, Manitoba, Canada"}