{"bounds":{"maxX":-97.3315459999999,"maxY":55.626012,"minX":-101.955369,"minY":53.0},"result":"Flin Flon and North West, Manitoba, Canada"}