{"bounds":{"maxX":-100.462123,"maxY":50.064062,"minX":-101.44924,"minY":49.531993},"result":"Virden Area, Manitoba, Canada"}