{"bounds":{"maxX":-98.2674019999999,"maxY":49.533491,"minX":-99.496325,"minY":49.000005},"result":"Pilot Mound Area, Manitoba, Canada"}