{"bounds":{"maxX":-96.9552019999999,"maxY":49.993878,"minX":-97.4538469999999,"minY":49.713681},"result":"Winnipeg, Manitoba, Canada"}