{"bounds":{"maxX":-96.3655459999999,"maxY":49.797536,"minX":-97.310152,"minY":49.00001},"result":"Steinbach Area, Manitoba, Canada"}