{"bounds":{"maxX":-88.985091,"maxY":73.733223,"minX":-121.049252,"minY":64.477392},"result":"Kitikmeot, Nunavut, Canada"}