{"bounds":{"maxX":-59.642502,"maxY":45.276777,"minX":-64.237198,"minY":43.925147},"result":"Halifax, Nova Scotia, Canada"}