{"bounds":{"maxX":-64.77324,"maxY":45.067291,"minX":-65.7605589999999,"minY":44.311578},"result":"Annapolis, Nova Scotia, Canada"}