{"bounds":{"maxX":-109.830563,"maxY":78.760955,"minX":-136.480729,"minY":63.92489},"result":"Inuvik, Northwest Territories, Canada"}