{"bounds":{"maxX":-63.387301,"maxY":45.336495,"minX":-64.4322069999999,"minY":44.760855},"result":"Hants, Nova Scotia, Canada"}