{"bounds":{"maxX":-66.164519,"maxY":46.927356,"minX":-67.808509,"minY":45.502644},"result":"York, New Brunswick, Canada"}