{"bounds":{"maxX":-63.771111,"maxY":48.072802,"minX":-69.0511549999999,"minY":44.483335},"result":"New Brunswick, Canada"}