{"bounds":{"maxX":-64.467925,"maxY":48.02139,"minX":-66.217162,"minY":47.232539},"result":"Gloucester, New Brunswick, Canada"}