{"bounds":{"maxX":-65.794395,"maxY":48.072802,"minX":-68.38274,"minY":47.362728},"result":"Restigouche, New Brunswick, Canada"}