{"bounds":{"maxX":-63.23238,"maxY":46.00528,"minX":-65.0189129999999,"minY":45.246982},"result":"Cumberland, Nova Scotia, Canada"}