{"bounds":{"maxX":-60.558259,"maxY":47.041958,"minX":-61.6018299999999,"minY":45.605585},"result":"Inverness, Nova Scotia, Canada"}