{"bounds":{"maxX":-62.091436,"maxY":45.829445,"minX":-63.154779,"minY":45.276101},"result":"Pictou, Nova Scotia, Canada"}