{"bounds":{"maxX":-65.8537679999999,"maxY":46.396486,"minX":-66.936291,"minY":45.498798},"result":"Sunbury, New Brunswick, Canada"}