{"bounds":{"maxX":-65.1193509999999,"maxY":46.098773,"minX":-66.460347,"minY":45.221997},"result":"Kings, New Brunswick, Canada"}