{"bounds":{"maxX":-60.228053,"maxY":45.82146,"minX":-61.373574,"minY":45.466668},"result":"Richmond, Nova Scotia, Canada"}