{"bounds":{"maxX":-61.134812,"maxY":83.110626,"minX":-109.83532,"minY":51.367115},"result":"Baffin, Nunavut, Canada"}