{"bounds":{"maxX":-61.134812,"maxY":83.110626,"minX":-121.049252,"minY":51.367115},"result":"Nunavut, Canada"}