{"bounds":{"maxX":-64.177034,"maxY":45.336112,"minX":-65.0194999999999,"minY":44.663586},"result":"Kings, Nova Scotia, Canada"}