{"bounds":{"maxX":-60.9416669999999,"maxY":45.64837,"minX":-62.714551,"minY":44.909168},"result":"Guysborough, Nova Scotia, Canada"}