{"bounds":{"maxX":-65.395822,"maxY":44.232317,"minX":-66.171745,"minY":43.392021},"result":"Yarmouth, Nova Scotia, Canada"}