{"bounds":{"maxX":-66.867259,"maxY":46.774066,"minX":-67.78392,"minY":45.936543},"result":"Carleton, New Brunswick, Canada"}