{"bounds":{"maxX":-56.87988,"maxY":60.431128,"minX":-64.9394349999999,"minY":53.535916},"result":"Nunatsiavut-Nain, Newfoundland and Labrador, Canada"}