{"bounds":{"maxX":-61.4362159999999,"maxY":45.887542,"minX":-62.2359279999999,"minY":45.383622},"result":"Antigonish, Nova Scotia, Canada"}