{"bounds":{"maxX":-80.147431,"maxY":67.000002,"minX":-105.017762,"minY":58.147779},"result":"Keewatin, Nunavut, Canada"}