{"bounds":{"maxX":-101.999995,"maxY":78.760955,"minX":-136.480729,"minY":59.999998},"result":"Northwest Territories, Canada"}