{"bounds":{"maxX":-66.744649,"maxY":47.56854,"minX":-67.7839279999999,"minY":46.592657},"result":"Victoria, New Brunswick, Canada"}