{"bounds":{"maxX":-59.675406,"maxY":46.33701,"minX":-60.801666,"minY":45.724723},"result":"Cape Breton, Nova Scotia, Canada"}