{"bounds":{"maxX":-64.5674979999999,"maxY":46.088215,"minX":-65.223875,"minY":45.526719},"result":"Albert, New Brunswick, Canada"}