{"bounds":{"maxX":-60.1368219999999,"maxY":47.227448,"minX":-61.05112,"minY":45.905438},"result":"Victoria, Nova Scotia, Canada"}