{"bounds":{"maxX":-64.510522,"maxY":47.056245,"minX":-65.85166,"minY":46.256765},"result":"Kent, New Brunswick, Canada"}