{"bounds":{"maxX":-52.618888,"maxY":60.431128,"minX":-67.821683,"minY":46.610251},"result":"Newfoundland and Labrador, Canada"}