{"bounds":{"maxX":-65.331491,"maxY":44.6925,"minX":-66.395837,"minY":44.001308},"result":"Digby, Nova Scotia, Canada"}