{"bounds":{"maxX":-59.642502,"maxY":47.227448,"minX":-66.395837,"minY":43.388889},"result":"Nova Scotia, Canada"}