{"bounds":{"maxX":-62.7140899999999,"maxY":45.768284,"minX":-64.133743,"minY":45.031585},"result":"Colchester, Nova Scotia, Canada"}