{"bounds":{"maxX":-64.796891,"maxY":47.550877,"minX":-67.048349,"minY":46.336184},"result":"Northumberland, New Brunswick, Canada"}