{"bounds":{"maxX":-65.082415,"maxY":45.615089,"minX":-66.461822,"minY":45.05713},"result":"Saint John, New Brunswick, Canada"}