{"bounds":{"maxX":-67.669499,"maxY":47.790795,"minX":-69.0511549999999,"minY":47.0581},"result":"Madawaska, New Brunswick, Canada"}