{"bounds":{"maxX":-64.924165,"maxY":44.232317,"minX":-65.804084,"minY":43.388889},"result":"Shelburne, Nova Scotia, Canada"}