{"bounds":{"maxX":-64.51722,"maxY":44.537117,"minX":-65.395822,"minY":43.786389},"result":"Queens, Nova Scotia, Canada"}