{"bounds":{"maxX":-63.771111,"maxY":46.279446,"minX":-65.416436,"minY":45.719672},"result":"Westmorland, New Brunswick, Canada"}