{"bounds":{"maxX":-66.4589589999999,"maxY":45.511109,"minX":-67.4932249999999,"minY":44.483335},"result":"Charlotte, New Brunswick, Canada"}