{"bounds":{"maxX":-65.3425809999999,"maxY":46.336581,"minX":-66.563459,"minY":45.31261},"result":"Queens, New Brunswick, Canada"}