{"bounds":{"maxX":-63.993236,"maxY":44.899311,"minX":-64.945476,"minY":44.132779},"result":"Lunenburg, Nova Scotia, Canada"}