{"bounds":{"maxX":-101.999995,"maxY":67.19918,"minX":-130.695413,"minY":59.999998},"result":"Fort Smith, Northwest Territories, Canada"}