{"bounds":{"maxX":-80.436456,"maxY":43.353361,"minX":-81.132221,"minY":42.823998},"result":"Oxford, Ontario, Canada"}