{"bounds":{"maxX":-77.640821,"maxY":44.436472,"minX":-78.509654,"minY":43.909924},"result":"Northumberland, Ontario, Canada"}