{"bounds":{"maxX":-79.1560949999999,"maxY":44.459783,"minX":-79.775515,"minY":43.749899},"result":"York, Ontario, Canada"}