{"bounds":{"maxX":-76.6185599999999,"maxY":45.237036,"minX":-77.541434,"minY":44.043288},"result":"Lennox and Addington, Ontario, Canada"}