{"bounds":{"maxX":-78.9059010000001,"maxY":43.258607,"minX":-79.754092,"minY":42.833961},"result":"Niagara, Ontario, Canada"}