{"bounds":{"maxX":-79.4352029999999,"maxY":43.132034,"minX":-80.1850929999999,"minY":42.783741},"result":"Haldimand, Ontario, Canada"}