{"bounds":{"maxX":-79.105512,"maxY":43.855448,"minX":-79.639218,"minY":43.577122},"result":"Toronto, Ontario, Canada"}