{"bounds":{"maxX":-79.539543,"maxY":43.989784,"minX":-80.144126,"minY":43.47646},"result":"Peel, Ontario, Canada"}