{"bounds":{"maxX":-78.842545,"maxY":45.533673,"minX":-80.0867229999999,"minY":44.766834},"result":"Muskoka, Ontario, Canada"}