{"bounds":{"maxX":-79.410195,"maxY":48.278607,"minX":-81.8568959999999,"minY":47.059391},"result":"Timiskaming, Ontario, Canada"}