{"bounds":{"maxX":-76.1859889999999,"maxY":45.222206,"minX":-77.2213609999999,"minY":44.098571},"result":"Frontenac, Ontario, Canada"}