{"bounds":{"maxX":-78.436026,"maxY":44.516725,"minX":-79.327996,"minY":43.79283},"result":"Durham, Ontario, Canada"}