{"bounds":{"maxX":-81.7429569999999,"maxY":43.315983,"minX":-82.8034529999999,"minY":42.33489},"result":"Lambton, Ontario, Canada"}