{"bounds":{"maxX":-79.9511439999999,"maxY":44.294853,"minX":-80.4383779999999,"minY":43.761453},"result":"Dufferin, Ontario, Canada"}