{"bounds":{"maxX":-80.717184,"maxY":42.912676,"minX":-81.830772,"minY":42.468789},"result":"Elgin, Ontario, Canada"}