{"bounds":{"maxX":-80.735738,"maxY":43.844658,"minX":-81.4430419999999,"minY":43.203356},"result":"Perth, Ontario, Canada"}