{"bounds":{"maxX":-81.9447539999999,"maxY":49.709863,"minX":-85.333658,"minY":46.033322},"result":"Algoma, Ontario, Canada"}