{"bounds":{"maxX":-80.554942,"maxY":46.202171,"minX":-83.484459,"minY":45.395101},"result":"Manitoulin, Ontario, Canada"}