{"bounds":{"maxX":-80.229073,"maxY":44.85588,"minX":-81.1403319999999,"minY":43.967916},"result":"Grey, Ontario, Canada"}