{"bounds":{"maxX":-80.187643,"maxY":43.689641,"minX":-80.868999,"minY":43.266857},"result":"Waterloo, Ontario, Canada"}