{"bounds":{"maxX":-80.9533079999999,"maxY":44.053378,"minX":-81.7731239999999,"minY":43.236915},"result":"Huron, Ontario, Canada"}