{"bounds":{"maxX":-75.246633,"maxY":45.536983,"minX":-76.353957,"minY":44.965633},"result":"Ottawa, Ontario, Canada"}