{"bounds":{"maxX":-80.139513,"maxY":48.450963,"minX":-84.016383,"minY":46.014253},"result":"Sudbury, Ontario, Canada"}