{"bounds":{"maxX":-78.928172,"maxY":46.241817,"minX":-80.729996,"minY":45.093016},"result":"Parry Sound, Ontario, Canada"}