{"bounds":{"maxX":-80.0371249999999,"maxY":43.032146,"minX":-80.744649,"minY":42.53543},"result":"Norfolk, Ontario, Canada"}