{"bounds":{"maxX":-75.362899,"maxY":45.126578,"minX":-76.525663,"minY":44.306373},"result":"Leeds and Grenville, Ontario, Canada"}