{"bounds":{"maxX":-79.623274,"maxY":43.471067,"minX":-80.248709,"minY":43.050572},"result":"Hamilton, Ontario, Canada"}