{"bounds":{"maxX":-80.898765,"maxY":43.292971,"minX":-81.8356239999999,"minY":42.604672},"result":"Middlesex, Ontario, Canada"}