{"bounds":{"maxX":-76.296218,"maxY":46.292742,"minX":-78.4124879999999,"minY":45.099259},"result":"Renfrew, Ontario, Canada"}