{"bounds":{"maxX":-74.381231,"maxY":45.645693,"minX":-75.4259719999999,"minY":45.182161},"result":"Prescott and Russell, Ontario, Canada"}