{"bounds":{"maxX":-79.984157,"maxY":43.306467,"minX":-80.608682,"minY":42.972743},"result":"Brant, Ontario, Canada"}