{"bounds":{"maxX":-78.4255449999999,"maxY":44.985642,"minX":-79.20924,"minY":44.05844},"result":"Kawartha Lakes, Ontario, Canada"}