{"bounds":{"maxX":-76.6050949999999,"maxY":44.168082,"minX":-77.599525,"minY":43.837562},"result":"Prince Edward, Ontario, Canada"}