{"bounds":{"maxX":-79.618431,"maxY":43.734414,"minX":-80.160365,"minY":43.276805},"result":"Halton, Ontario, Canada"}