{"bounds":{"maxX":-75.8237,"maxY":45.410595,"minX":-76.769803,"minY":44.705574},"result":"Lanark, Ontario, Canada"}