{"bounds":{"maxX":-79.9690419999999,"maxY":44.025975,"minX":-80.9916689999999,"minY":43.387218},"result":"Wellington, Ontario, Canada"}