{"bounds":{"maxX":-90.9649439999999,"maxY":49.366563,"minX":-94.821629,"minY":48.057099},"result":"Rainy River, Ontario, Canada"}