{"bounds":{"maxX":-77.960975,"maxY":45.561079,"minX":-79.0010329999999,"minY":44.754088},"result":"Haliburton, Ontario, Canada"}