{"bounds":{"maxX":-81.6637499999999,"maxY":42.651481,"minX":-82.4925049999999,"minY":42.044354},"result":"Chatham-Kent, Ontario, Canada"}