{"bounds":{"maxX":-82.429904,"maxY":42.398148,"minX":-83.146401,"minY":41.708293},"result":"Essex, Ontario, Canada"}