{"bounds":{"maxX":-77.72737,"maxY":44.914618,"minX":-78.654806,"minY":44.083494},"result":"Peterborough, Ontario, Canada"}