{"bounds":{"maxX":-80.560799,"maxY":46.973266,"minX":-81.597452,"minY":46.195307},"result":"Greater Sudbury, Ontario, Canada"}