{"bounds":{"maxX":-77.4982659999999,"maxY":47.234944,"minX":-80.357288,"minY":45.309882},"result":"Nipissing, Ontario, Canada"}