{"bounds":{"maxX":-79.515654,"maxY":52.305668,"minX":-86.549096,"minY":48.275319},"result":"Cochrane, Ontario, Canada"}