{"bounds":{"maxX":-79.0818629999999,"maxY":44.930419,"minX":-80.291781,"minY":43.951454},"result":"Simcoe, Ontario, Canada"}