{"bounds":{"maxX":-74.345974,"maxY":56.869721,"minX":-95.155986,"minY":41.708293},"result":"Ontario, Canada"}