{"bounds":{"maxX":-80.951019,"maxY":45.322075,"minX":-81.7694319999999,"minY":43.908001},"result":"Bruce, Ontario, Canada"}