{"bounds":{"maxX":-77.0354809999999,"maxY":45.438119,"minX":-78.178302,"minY":44.017361},"result":"Hastings, Ontario, Canada"}