{"bounds":{"maxX":-85.329507,"maxY":51.553219,"minX":-90.966015,"minY":47.340869},"result":"Thunder Bay, Ontario, Canada"}