{"bounds":{"maxX":-62.6687229999999,"maxY":46.560277,"minX":-63.623525,"minY":45.948892},"result":"Queens, Prince Edward Island, Canada"}