{"bounds":{"maxX":-63.49361,"maxY":47.058776,"minX":-64.4136129999999,"minY":46.203107},"result":"Prince, Prince Edward Island, Canada"}