{"bounds":{"maxX":-61.971389,"maxY":46.485002,"minX":-62.863892,"minY":45.958888},"result":"Kings, Prince Edward Island, Canada"}