{"bounds":{"maxX":-61.971389,"maxY":47.058776,"minX":-64.4136129999999,"minY":45.948892},"result":"Prince Edward Island, Canada"}