{"bounds":{"maxX":-72.994811,"maxY":45.413101,"minX":-73.412186,"minY":45.008915},"result":"Le Haut-Richelieu, Quebec, Canada"}