{"bounds":{"maxX":-70.688814,"maxY":46.64912,"minX":-71.228573,"minY":46.338778},"result":"La Nouvelle-Beauce, Quebec, Canada"}