{"bounds":{"maxX":-70.389495,"maxY":45.957201,"minX":-71.393717,"minY":45.230975},"result":"Le Granit, Quebec, Canada"}