{"bounds":{"maxX":-72.149276,"maxY":46.259718,"minX":-72.974686,"minY":46.009276},"result":"Nicolet-Yamaska, Quebec, Canada"}