{"bounds":{"maxX":-73.1648749999999,"maxY":45.976903,"minX":-73.4227339999999,"minY":45.553862},"result":"Marguerite-D'Youville, Quebec, Canada"}