{"bounds":{"maxX":-63.557535,"maxY":55.000397,"minX":-70.025965,"minY":49.58897},"result":"Caniapiscau, Quebec, Canada"}