{"bounds":{"maxX":-69.3044609999999,"maxY":47.930557,"minX":-70.0981619999999,"minY":47.066575},"result":"Kamouraska, Quebec, Canada"}