{"bounds":{"maxX":-63.319789,"maxY":62.585219,"minX":-79.154999,"minY":49.648198},"result":"Kativik, Quebec, Canada"}