{"bounds":{"maxX":-77.4165589999999,"maxY":47.908281,"minX":-79.5868809999999,"minY":46.207929},"result":"Témiscamingue, Quebec, Canada"}