{"bounds":{"maxX":-73.283197,"maxY":47.761773,"minX":-74.88863,"minY":45.977859},"result":"Matawinie, Quebec, Canada"}