{"bounds":{"maxX":-72.8172,"maxY":45.534629,"minX":-73.284846,"minY":45.264591},"result":"Rouville, Quebec, Canada"}