{"bounds":{"maxX":-57.105484,"maxY":62.585219,"minX":-79.760009,"minY":44.990798},"result":"Quebec, Canada"}