{"bounds":{"maxX":-71.8050929999999,"maxY":45.533255,"minX":-72.145807,"minY":45.263675},"result":"Sherbrooke, Quebec, Canada"}