{"bounds":{"maxX":-68.382423,"maxY":48.065772,"minX":-69.588602,"minY":47.297624},"result":"Témiscouata, Quebec, Canada"}