{"bounds":{"maxX":-71.3723679999999,"maxY":46.45257,"minX":-71.98614,"minY":46.024703},"result":"L'Érable, Quebec, Canada"}