{"bounds":{"maxX":-71.521377,"maxY":47.411689,"minX":-72.547566,"minY":46.576577},"result":"Portneuf, Quebec, Canada"}