{"bounds":{"maxX":-71.8925599999999,"maxY":49.000079,"minX":-75.5250609999999,"minY":47.061757},"result":"La Tuque, Quebec, Canada"}