{"bounds":{"maxX":-73.5249679999999,"maxY":45.701936,"minX":-73.91002,"minY":45.507488},"result":"Laval, Quebec, Canada"}