{"bounds":{"maxX":-70.238532,"maxY":46.262699,"minX":-71.1065149999999,"minY":45.778908},"result":"Beauce-Sartigan, Quebec, Canada"}