{"bounds":{"maxX":-68.659263,"maxY":48.272198,"minX":-69.275186,"minY":47.857623},"result":"Les Basques, Quebec, Canada"}