{"bounds":{"maxX":-65.498884,"maxY":52.310078,"minX":-67.9247579999999,"minY":49.589757},"result":"Sept-Rivières, Quebec, Canada"}