{"bounds":{"maxX":-73.338829,"maxY":45.63966,"minX":-73.5095679999999,"minY":45.413101},"result":"Longueuil, Quebec, Canada"}