{"bounds":{"maxX":-70.970051,"maxY":46.349188,"minX":-71.684872,"minY":45.769789},"result":"Les Appalaches, Quebec, Canada"}