{"bounds":{"maxX":-70.55754,"maxY":46.423805,"minX":-71.1463899999999,"minY":46.063392},"result":"Robert-Cliche, Quebec, Canada"}