{"bounds":{"maxX":-75.520278,"maxY":49.000589,"minX":-78.308554,"minY":47.144694},"result":"La Vallée-de-l'Or, Quebec, Canada"}