{"bounds":{"maxX":-73.9587999999999,"maxY":46.117857,"minX":-74.5366319999999,"minY":45.75246},"result":"Les Pays-d'en-Haut, Quebec, Canada"}