{"bounds":{"maxX":-75.345271,"maxY":45.599124,"minX":-75.908762,"minY":45.372699},"result":"Gatineau, Quebec, Canada"}