{"bounds":{"maxX":-67.585741,"maxY":48.692295,"minX":-68.425664,"minY":47.999865},"result":"La Mitis, Quebec, Canada"}