{"bounds":{"maxX":-73.6706339999999,"maxY":45.219555,"minX":-74.660202,"minY":44.990798},"result":"Le Haut-Saint-Laurent, Quebec, Canada"}