{"bounds":{"maxX":-74.6974719999999,"maxY":46.216124,"minX":-75.8281959999999,"minY":45.536805},"result":"Papineau, Quebec, Canada"}