{"bounds":{"maxX":-73.731667,"maxY":45.816915,"minX":-73.940059,"minY":45.583052},"result":"Thérèse-De Blainville, Quebec, Canada"}