{"bounds":{"maxX":-72.1689059999999,"maxY":47.496928,"minX":-74.028476,"minY":46.606117},"result":"Mékinac, Quebec, Canada"}