{"bounds":{"maxX":-70.993916,"maxY":46.832501,"minX":-71.5009039999999,"minY":46.528725},"result":"Lévis, Quebec, Canada"}