{"bounds":{"maxX":-78.642536,"maxY":49.010773,"minX":-79.517986,"minY":48.429497},"result":"Abitibi-Ouest, Quebec, Canada"}