{"bounds":{"maxX":-67.947919,"maxY":48.528534,"minX":-68.9739299999999,"minY":47.880049},"result":"Rimouski-Neigette, Quebec, Canada"}