{"bounds":{"maxX":-68.618614,"maxY":50.000077,"minX":-70.0735979999999,"minY":48.125777},"result":"La Haute-Côte-Nord, Quebec, Canada"}