{"bounds":{"maxX":-70.323876,"maxY":46.915833,"minX":-71.151043,"minY":46.394147},"result":"Bellechasse, Quebec, Canada"}