{"bounds":{"maxX":-69.9618589999999,"maxY":47.171491,"minX":-70.784164,"minY":46.463965},"result":"Montmagny, Quebec, Canada"}