{"bounds":{"maxX":-74.033385,"maxY":46.457016,"minX":-75.089284,"minY":45.907094},"result":"Les Laurentides, Quebec, Canada"}