{"bounds":{"maxX":-71.8842509999999,"maxY":50.026053,"minX":-74.443891,"minY":47.998643},"result":"Le Domaine-du-Roy, Quebec, Canada"}