{"bounds":{"maxX":-70.61986,"maxY":47.951014,"minX":-72.073929,"minY":46.883889},"result":"La Côte-de-Beaupré, Quebec, Canada"}