{"bounds":{"maxX":-64.9574269999999,"maxY":48.679233,"minX":-66.279842,"minY":48.000556},"result":"Bonaventure, Quebec, Canada"}