{"bounds":{"maxX":-71.131536,"maxY":45.798825,"minX":-71.8326749999999,"minY":45.233879},"result":"Le Haut-Saint-François, Quebec, Canada"}