{"bounds":{"maxX":-65.906285,"maxY":48.483232,"minX":-67.667928,"minY":47.844303},"result":"Avignon, Quebec, Canada"}