{"bounds":{"maxX":-72.448631,"maxY":45.538821,"minX":-72.876682,"minY":45.251168},"result":"La Haute-Yamaska, Quebec, Canada"}