{"bounds":{"maxX":-72.975631,"maxY":46.497925,"minX":-73.474732,"minY":45.853563},"result":"D'Autray, Quebec, Canada"}