{"bounds":{"maxX":-73.487106,"maxY":45.826807,"minX":-73.8595529999999,"minY":45.670219},"result":"Les Moulins, Quebec, Canada"}