{"bounds":{"maxX":-75.355263,"maxY":45.845967,"minX":-76.3252009999999,"minY":45.401946},"result":"Les Collines-de-l'Outaouais, Quebec, Canada"}