{"bounds":{"maxX":-73.843351,"maxY":45.621722,"minX":-74.279881,"minY":45.447172},"result":"Deux-Montagnes, Quebec, Canada"}