{"bounds":{"maxX":-71.3280149999999,"maxY":48.963099,"minX":-72.123206,"minY":47.949661},"result":"Lac-Saint-Jean-Est, Quebec, Canada"}