{"bounds":{"maxX":-78.220159,"maxY":48.575453,"minX":-79.517753,"minY":47.701528},"result":"Rouyn-Noranda, Quebec, Canada"}