{"bounds":{"maxX":-73.2318519999999,"maxY":46.205849,"minX":-73.6376969999999,"minY":45.905236},"result":"Joliette, Quebec, Canada"}