{"bounds":{"maxX":-73.472831,"maxY":45.696179,"minX":-73.972458,"minY":45.400135},"result":"Montréal, Quebec, Canada"}