{"bounds":{"maxX":-76.150545,"maxY":47.28968,"minX":-77.932986,"minY":45.456674},"result":"Pontiac, Quebec, Canada"}