{"bounds":{"maxX":-69.999996,"maxY":55.000842,"minX":-79.760009,"minY":48.926529},"result":"Jamésie, Quebec, Canada"}