{"bounds":{"maxX":-72.690668,"maxY":46.892041,"minX":-73.4627369999999,"minY":46.173857},"result":"Maskinongé, Quebec, Canada"}