{"bounds":{"maxX":-61.53165,"maxY":52.877529,"minX":-65.500758,"minY":49.062221},"result":"Minganie, Quebec, Canada"}