{"bounds":{"maxX":-65.187573,"maxY":49.257221,"minX":-66.9092649999999,"minY":48.56781},"result":"La Haute-Gaspésie, Quebec, Canada"}