{"bounds":{"maxX":-64.142777,"maxY":48.696696,"minX":-65.5011909999999,"minY":48.106461},"result":"Le Rocher-Percé, Quebec, Canada"}