{"bounds":{"maxX":-71.436678,"maxY":45.885534,"minX":-72.132752,"minY":45.602042},"result":"Les Sources, Quebec, Canada"}