{"bounds":{"maxX":-71.389609,"maxY":45.307238,"minX":-72.0980059999999,"minY":45.006563},"result":"Coaticook, Quebec, Canada"}