{"bounds":{"maxX":-70.046061,"maxY":46.676653,"minX":-70.673088,"minY":46.02858},"result":"Les Etchemins, Quebec, Canada"}