{"bounds":{"maxX":-72.399188,"maxY":45.341598,"minX":-73.1600779999999,"minY":45.008065},"result":"Brome-Missisquoi, Quebec, Canada"}