{"bounds":{"maxX":-72.615989,"maxY":45.908489,"minX":-73.140125,"minY":45.452373},"result":"Les Maskoutains, Quebec, Canada"}