{"bounds":{"maxX":-69.551879,"maxY":48.172035,"minX":-70.529491,"minY":47.508309},"result":"Charlevoix-Est, Quebec, Canada"}