{"bounds":{"maxX":-61.386611,"maxY":47.80321,"minX":-62.0213889999999,"minY":47.211777},"result":"Les Îles-de-la-Madeleine, Quebec, Canada"}