{"bounds":{"maxX":-64.1584779999999,"maxY":49.231278,"minX":-65.533527,"minY":48.679034},"result":"La Côte-de-Gaspé, Quebec, Canada"}