{"bounds":{"maxX":-71.6261959999999,"maxY":45.761516,"minX":-72.463023,"minY":45.37514},"result":"Le Val-Saint-François, Quebec, Canada"}