{"bounds":{"maxX":-71.455092,"maxY":46.326661,"minX":-72.3272029999999,"minY":45.787336},"result":"Arthabaska, Quebec, Canada"}