{"bounds":{"maxX":-75.3079999999999,"maxY":47.848014,"minX":-77.0038039999999,"minY":45.749395},"result":"La Vallée-de-la-Gatineau, Quebec, Canada"}