{"bounds":{"maxX":-72.090501,"maxY":46.717609,"minX":-72.61981,"minY":46.402759},"result":"Les Chenaux, Quebec, Canada"}