{"bounds":{"maxX":-65.949081,"maxY":48.794834,"minX":-67.980878,"minY":48.031921},"result":"La Matapédia, Quebec, Canada"}