{"bounds":{"maxX":-71.085968,"maxY":47.772566,"minX":-72.236682,"minY":46.784145},"result":"La Jacques-Cartier, Quebec, Canada"}