{"bounds":{"maxX":-73.8595529999999,"maxY":45.790124,"minX":-74.267623,"minY":45.516677},"result":"Mirabel, Quebec, Canada"}