{"bounds":{"maxX":-71.1408309999999,"maxY":46.981938,"minX":-71.606814,"minY":46.714688},"result":"Québec, Quebec, Canada"}