{"bounds":{"maxX":-69.625319,"maxY":47.341018,"minX":-70.440332,"minY":46.732652},"result":"L'Islet, Quebec, Canada"}