{"bounds":{"maxX":-69.877467,"maxY":52.696359,"minX":-71.646372,"minY":47.999842},"result":"Le Fjord-du-Saguenay, Quebec, Canada"}