{"bounds":{"maxX":-73.3813,"maxY":45.435268,"minX":-73.836619,"minY":45.229016},"result":"Roussillon, Quebec, Canada"}