{"bounds":{"maxX":-71.863411,"maxY":45.449694,"minX":-72.4857739999999,"minY":45.003684},"result":"Memphrémagog, Quebec, Canada"}