{"bounds":{"maxX":-72.314398,"maxY":45.792358,"minX":-72.731119,"minY":45.449683},"result":"Acton, Quebec, Canada"}