{"bounds":{"maxX":-73.45631,"maxY":46.05923,"minX":-73.977874,"minY":45.78674},"result":"Montcalm, Quebec, Canada"}