{"bounds":{"maxX":-70.8582469999999,"maxY":52.279823,"minX":-73.815325,"minY":48.677989},"result":"Maria-Chapdelaine, Quebec, Canada"}