{"bounds":{"maxX":-70.212746,"maxY":48.00027,"minX":-71.4057089999999,"minY":47.227586},"result":"Charlevoix, Quebec, Canada"}