{"bounds":{"maxX":-77.060733,"maxY":49.000458,"minX":-78.647214,"minY":48.240871},"result":"Abitibi, Quebec, Canada"}