{"bounds":{"maxX":-72.417294,"maxY":46.468269,"minX":-72.777885,"minY":46.270466},"result":"Trois-Rivières, Quebec, Canada"}