{"bounds":{"maxX":-72.535645,"maxY":46.919739,"minX":-73.179138,"minY":46.390115},"result":"Shawinigan, Quebec, Canada"}