{"bounds":{"maxX":-66.106661,"maxY":49.034138,"minX":-67.948334,"minY":48.542232},"result":"La Matanie, Quebec, Canada"}