{"bounds":{"maxX":-67.225556,"maxY":51.57176,"minX":-70.025636,"minY":48.928204},"result":"Manicouagan, Quebec, Canada"}