{"bounds":{"maxX":-74.344838,"maxY":47.764865,"minX":-76.151123,"minY":45.958111},"result":"Antoine-Labelle, Quebec, Canada"}