{"bounds":{"maxX":-74.103563,"maxY":45.929556,"minX":-74.807898,"minY":45.503423},"result":"Argenteuil, Quebec, Canada"}