{"bounds":{"maxX":-72.752606,"maxY":46.099262,"minX":-73.2039359999999,"minY":45.81798},"result":"Pierre-De Saurel, Quebec, Canada"}