{"bounds":{"maxX":-72.0932309999999,"maxY":46.089834,"minX":-72.8544009999999,"minY":45.58932},"result":"Drummond, Quebec, Canada"}