{"bounds":{"maxX":-68.850221,"maxY":48.11034,"minX":-69.6953129999999,"minY":47.645833},"result":"Rivière-du-Loup, Quebec, Canada"}