{"bounds":{"maxX":-70.710831,"maxY":47.026055,"minX":-71.1447209999999,"minY":46.844993},"result":"L'Île-d'Orléans, Quebec, Canada"}