{"bounds":{"maxX":-71.100576,"maxY":46.687027,"minX":-72.0386799999999,"minY":46.29001},"result":"Lotbinière, Quebec, Canada"}