{"bounds":{"maxX":-73.3200199999999,"maxY":45.94376,"minX":-73.578572,"minY":45.708738},"result":"L'Assomption, Quebec, Canada"}