{"bounds":{"maxX":-71.881626,"maxY":46.559814,"minX":-72.5784879999999,"minY":46.193611},"result":"Bécancour, Quebec, Canada"}