{"bounds":{"maxX":-104.798537,"maxY":52.435056,"minX":-107.299569,"minY":51.095308},"result":"Saskatoon, Saskatchewan, Canada"}