{"bounds":{"maxX":-101.768248,"maxY":60.000063,"minX":-110.005696,"minY":53.613852},"result":"La Ronge, Saskatchewan, Canada"}