{"bounds":{"maxX":-105.281634,"maxY":51.27181,"minX":-107.818426,"minY":50.04603},"result":"Moose Jaw, Saskatchewan, Canada"}