{"bounds":{"maxX":-101.636377,"maxY":53.802242,"minX":-105.130412,"minY":52.143383},"result":"Melfort, Saskatchewan, Canada"}