{"bounds":{"maxX":-108.16251,"maxY":53.045544,"minX":-110.00541,"minY":51.358013},"result":"Kindersley, Saskatchewan, Canada"}