{"bounds":{"maxX":-101.362337,"maxY":50.064008,"minX":-103.235272,"minY":49.000009},"result":"Estevan, Saskatchewan, Canada"}