{"bounds":{"maxX":-103.234084,"maxY":51.183136,"minX":-105.636404,"minY":50.046681},"result":"Regina, Saskatchewan, Canada"}