{"bounds":{"maxX":-101.538555,"maxY":52.318825,"minX":-103.292216,"minY":51.121129},"result":"Yorkton, Saskatchewan, Canada"}