{"bounds":{"maxX":-105.211284,"maxY":50.048356,"minX":-107.643621,"minY":49.00002},"result":"Assiniboia, Saskatchewan, Canada"}