{"bounds":{"maxX":-105.985483,"maxY":54.325457,"minX":-108.447114,"minY":52.341119},"result":"North Battleford, Saskatchewan, Canada"}