{"bounds":{"maxX":-107.343627,"maxY":54.674957,"minX":-110.006723,"minY":52.854842},"result":"Lloydminster, Saskatchewan, Canada"}