{"bounds":{"maxX":-107.205533,"maxY":50.310323,"minX":-110.005022,"minY":48.999999},"result":"Maple Creek, Saskatchewan, Canada"}