{"bounds":{"maxX":-103.269165,"maxY":52.144459,"minX":-105.00444,"minY":51.094851},"result":"Wynyard, Saskatchewan, Canada"}