{"bounds":{"maxX":-106.716949,"maxY":52.999192,"minX":-108.763835,"minY":51.270585},"result":"Battleford, Saskatchewan, Canada"}