{"bounds":{"maxX":-101.362337,"maxY":60.000063,"minX":-110.007756,"minY":48.999999},"result":"Saskatchewan, Canada"}