{"bounds":{"maxX":-107.642606,"maxY":51.359182,"minX":-110.007756,"minY":49.960069},"result":"Swift Current, Saskatchewan, Canada"}