{"bounds":{"maxX":-101.445357,"maxY":51.126231,"minX":-103.382925,"minY":50.045847},"result":"Melville, Saskatchewan, Canada"}