{"bounds":{"maxX":-123.789328,"maxY":69.647941,"minX":-141.006867,"minY":59.999998},"result":"Yukon Territory, Canada"}