{"bounds":{"maxX":-52.618888,"maxY":83.110626,"minX":-141.006867,"minY":41.708293},"result":"Canada"}