{"bounds":{"maxX":96.930275,"maxY":-11.819722,"minX":96.815247,"minY":-12.209445},"result":"Cocos (Keeling) Islands"}