{"bounds":{"maxX":16.2773,"maxY":-4.27923799999996,"minX":12.206629,"minY":-6.080243},"result":"Bas-Congo, DR Congo"}