{"bounds":{"maxX":21.010201,"maxY":-0.735279999999989,"minX":15.902289,"minY":-8.12906499999997},"result":"Bandundu, DR Congo"}