{"bounds":{"maxX":24.420298,"maxY":5.14574000000005,"minX":16.519625,"minY":-2.52916899999997},"result":"Équateur, DR Congo"}