{"bounds":{"maxX":16.549999,"maxY":-3.94982099999999,"minX":15.149999,"minY":-5.03360899999996},"result":"Kinshasa, DR Congo"}