{"bounds":{"maxX":26.266501,"maxY":-1.73277999999999,"minX":21.899,"minY":-7.939999},"result":"Kasai-Oriental, DR Congo"}