{"bounds":{"maxX":23.740601,"maxY":-2.33527899999996,"minX":19.688601,"minY":-7.90555899999998},"result":"Kasai-Occidental, DR Congo"}