{"bounds":{"maxX":30.774246,"maxY":-4.99899999999997,"minX":21.744753,"minY":-13.455676},"result":"Katanga, DR Congo"}