{"bounds":{"maxX":31.305723,"maxY":5.386098,"minX":22.286401,"minY":-2.11138999999997},"result":"Orientale, DR Congo"}