{"bounds":{"maxX":29.989595,"maxY":0.964171000000022,"minX":24.4507,"minY":-5.00082999999995},"result":"Sud-Kivu, DR Congo"}