{"bounds":{"maxX":31.305723,"maxY":5.386098,"minX":12.206629,"minY":-13.455676},"result":"DR Congo"}