{"bounds":{"maxX":19.076949,"maxY":8.57011199999999,"minX":16.67639,"minY":5.55972300000002},"result":"Ouham, Central African Republic"}