{"bounds":{"maxX":22.395002,"maxY":9.77472399999999,"minX":18.86246,"minY":7.017223},"result":"Bamingui-Bangoran, Central African Republic"}