{"bounds":{"maxX":18.667509,"maxY":4.42702400000002,"minX":18.54607,"minY":4.335398},"result":"Bangui, Central African Republic"}