{"bounds":{"maxX":22.151389,"maxY":5.73138900000004,"minX":20.452508,"minY":4.22163499999999},"result":"Basse-Kotto, Central African Republic"}