{"bounds":{"maxX":27.463421,"maxY":8.28228000000001,"minX":24.260709,"minY":4.90552600000001},"result":"Haut-Mbomou, Central African Republic"}