{"bounds":{"maxX":24.596109,"maxY":9.24194400000005,"minX":21.10167,"minY":5.47750000000002},"result":"Haute-Kotto, Central African Republic"}