{"bounds":{"maxX":20.01805,"maxY":6.55416600000001,"minX":18.60778,"minY":4.93389200000001},"result":"Kémo, Central African Republic"}