{"bounds":{"maxX":18.6351,"maxY":5.04083400000002,"minX":16.737439,"minY":3.47108800000001},"result":"Lobaye, Central African Republic"}