{"bounds":{"maxX":19.115879,"maxY":5.90750000000003,"minX":16.489442,"minY":3.85556500000001},"result":"Ombella-Mpoko, Central African Republic"}