{"bounds":{"maxX":25.189721,"maxY":6.75261499999999,"minX":21.73722,"minY":4.11209500000001},"result":"Mbomou, Central African Republic"}