{"bounds":{"maxX":16.524169,"maxY":6.75749999999999,"minX":14.420101,"minY":4.93972200000002},"result":"Nana-Mambéré, Central African Republic"}