{"bounds":{"maxX":17.10167,"maxY":7.88019000000003,"minX":14.942235,"minY":5.568333},"result":"Ouham-Pendé, Central African Republic"}