{"bounds":{"maxX":17.415061,"maxY":4.26521700000001,"minX":15.281037,"minY":2.22051500000003},"result":"Sangha-Mbaéré, Central African Republic"}