{"bounds":{"maxX":21.94528,"maxY":7.70333400000004,"minX":19.464999,"minY":4.53064499999999},"result":"Ouaka, Central African Republic"}