{"bounds":{"maxX":23.697869,"maxY":11.00757,"minX":20.804452,"minY":8.58166700000004},"result":"Vakaga, Central African Republic"}