{"bounds":{"maxX":27.463421,"maxY":11.00757,"minX":14.420101,"minY":2.22051500000003},"result":"Central African Republic"}