{"bounds":{"maxX":16.222396,"maxY":-2.71472299999999,"minX":13.86231,"minY":-4.92317599999996},"result":"Pool, Congo"}