{"bounds":{"maxX":16.66739,"maxY":-0.936666000000002,"minX":14.111308,"minY":-3.08527799999996},"result":"Plateaux, Congo"}