{"bounds":{"maxX":15.289167,"maxY":1.391389,"minX":13.88563,"minY":-1.17845299999999},"result":"Cuvette-Ouest, Congo"}