{"bounds":{"maxX":14.373889,"maxY":-3.44999899999999,"minX":12.594723,"minY":-4.82059399999997},"result":"Bouenza, Congo"}