{"bounds":{"maxX":17.04972,"maxY":2.71597000000003,"minX":13.130889,"minY":0.0383340000000203},"result":"Sangha, Congo"}