{"bounds":{"maxX":14.345555,"maxY":-2.11338000000001,"minX":12.598889,"minY":-4.05416599999995},"result":"Lékoumou, Congo"}