{"bounds":{"maxX":12.764769,"maxY":-3.51275799999996,"minX":11.200858,"minY":-5.030664},"result":"Kouilou, Congo"}