{"bounds":{"maxX":18.649839,"maxY":3.70308199999999,"minX":16.452757,"minY":-0.759301999999991},"result":"Likouala, Congo"}