{"bounds":{"maxX":17.553593,"maxY":0.46750000000003,"minX":14.371667,"minY":-2.02638999999999},"result":"Cuvette, Congo"}