{"bounds":{"maxX":13.578651,"maxY":-1.85825999999997,"minX":11.607123,"minY":-4.91986399999996},"result":"Niari, Congo"}