{"bounds":{"maxX":18.649839,"maxY":3.70308199999999,"minX":11.200858,"minY":-5.030664},"result":"Congo"}