{"bounds":{"maxX":9.63290900000004,"maxY":47.471161,"minX":9.193715,"minY":47.249321},"result":"Appenzell Ausserrhoden, Switzerland"}