{"bounds":{"maxX":9.62594100000001,"maxY":47.441411,"minX":9.312455,"minY":47.236827},"result":"Appenzell Innerrhoden, Switzerland"}