{"bounds":{"maxX":8.45757900000001,"maxY":47.625317,"minX":7.71261400000003,"minY":47.140761},"result":"Aargau, Switzerland"}