{"bounds":{"maxX":7.96033299999999,"maxY":47.569079,"minX":7.32920100000001,"minY":47.342041},"result":"Basel-Landschaft, Switzerland"}