{"bounds":{"maxX":8.45655500000004,"maxY":47.314523,"minX":6.85368500000004,"minY":46.328694},"result":"Bern, Switzerland"}