{"bounds":{"maxX":7.697585,"maxY":47.605427,"minX":7.37821400000001,"minY":47.413674},"result":"Basel-Stadt, Switzerland"}