{"bounds":{"maxX":7.379908,"maxY":47.010228,"minX":6.75298400000003,"minY":46.439701},"result":"Freiburg, Switzerland"}