{"bounds":{"maxX":10.49271,"maxY":47.067029,"minX":8.65198200000003,"minY":46.172568},"result":"Graubünden, Switzerland"}