{"bounds":{"maxX":6.31258400000002,"maxY":46.314342,"minX":5.95743100000004,"minY":46.130363},"result":"Genève, Switzerland"}