{"bounds":{"maxX":9.25375400000001,"maxY":47.175671,"minX":8.87316300000003,"minY":46.79998},"result":"Glarus, Switzerland"}