{"bounds":{"maxX":7.57229000000001,"maxY":47.506082,"minX":6.85381000000001,"minY":47.169686},"result":"Jura, Switzerland"}