{"bounds":{"maxX":8.48809900000003,"maxY":47.290676,"minX":7.83826200000004,"minY":46.779423},"result":"Luzern, Switzerland"}