{"bounds":{"maxX":8.57751100000002,"maxY":47.007293,"minX":8.28874500000001,"minY":46.775548},"result":"Nidwalden, Switzerland"}