{"bounds":{"maxX":7.089808,"maxY":47.168088,"minX":6.44609300000002,"minY":46.846848},"result":"Neuchâtel, Switzerland"}