{"bounds":{"maxX":8.50606500000004,"maxY":46.982984,"minX":8.04419799999999,"minY":46.756852},"result":"Obwalden, Switzerland"}