{"bounds":{"maxX":8.73796900000002,"maxY":47.811146,"minX":8.40325100000001,"minY":47.643668},"result":"Schaffhausen, Switzerland"}