{"bounds":{"maxX":9.67739499999999,"maxY":47.563573,"minX":8.776836,"minY":46.87691},"result":"Sankt Gallen, Switzerland"}