{"bounds":{"maxX":9.00571100000002,"maxY":47.221534,"minX":8.39106900000002,"minY":46.888718},"result":"Schwyz, Switzerland"}