{"bounds":{"maxX":8.03134400000005,"maxY":47.499413,"minX":7.34386800000004,"minY":47.077041},"result":"Solothurn, Switzerland"}