{"bounds":{"maxX":9.50460700000002,"maxY":47.741569,"minX":8.66864500000003,"minY":47.380481},"result":"Thurgau, Switzerland"}