{"bounds":{"maxX":9.19352500000002,"maxY":46.635611,"minX":8.38345900000002,"minY":45.821659},"result":"Ticino, Switzerland"}