{"bounds":{"maxX":8.95766700000001,"maxY":47.001935,"minX":8.40092900000002,"minY":46.531131},"result":"Uri, Switzerland"}