{"bounds":{"maxX":8.47854699999999,"maxY":46.656525,"minX":6.77848,"minY":45.860919},"result":"Wallis, Switzerland"}