{"bounds":{"maxX":7.251214,"maxY":47.002593,"minX":6.066665,"minY":46.192078},"result":"Vaud, Switzerland"}