{"bounds":{"maxX":8.70153100000005,"maxY":47.250415,"minX":8.39528300000001,"minY":47.084316},"result":"Zug, Switzerland"}