{"bounds":{"maxX":8.98505700000004,"maxY":47.695197,"minX":8.36057600000004,"minY":47.160802},"result":"Zürich, Switzerland"}