{"bounds":{"maxX":10.49271,"maxY":47.811146,"minX":5.95743100000004,"minY":45.821659},"result":"Switzerland"}