{"bounds":{"maxX":-4.657691,"maxY":7.58337600000004,"minX":-5.66956799999997,"minY":6.23381600000005},"result":"Lacs (Région des), Côte d'Ivoire"}