{"bounds":{"maxX":-3.07114199999995,"maxY":7.35476800000004,"minX":-3.799105,"minY":5.76806700000003},"result":"Moyen-Comoé (Région du), Côte d'Ivoire"}