{"bounds":{"maxX":-3.90335199999998,"maxY":9.42453700000004,"minX":-5.73402199999998,"minY":7.23342200000002},"result":"Vallée du Bandama (Région de la), Côte d'Ivoire"}