{"bounds":{"maxX":-3.37463399999996,"maxY":6.38197100000002,"minX":-5.45784099999997,"minY":5.096249},"result":"Lagunes (Région des), Côte d'Ivoire"}