{"bounds":{"maxX":-6.98553399999997,"maxY":8.15697800000004,"minX":-8.47217999999998,"minY":6.58690799999999},"result":"18 Montagnes (Région des), Côte d'Ivoire"}