{"bounds":{"maxX":-3.77572299999997,"maxY":10.73664,"minX":-6.95908499999996,"minY":8.53652900000003},"result":"Savanes (Région des), Côte d'Ivoire"}