{"bounds":{"maxX":-2.49489699999998,"maxY":9.95713499999999,"minX":-4.31136799999996,"minY":7.060543},"result":"Zanzan (Région du), Côte d'Ivoire"}