{"bounds":{"maxX":-5.70206199999996,"maxY":6.55835300000001,"minX":-7.59689899999995,"minY":4.361807},"result":"Bas-Sassandra (Région du), Côte d'Ivoire"}