{"bounds":{"maxX":-5.92938999999996,"maxY":7.80636200000004,"minX":-7.09127999999998,"minY":6.24770699999999},"result":"Haut-Sassandra (Région du), Côte d'Ivoire"}