{"bounds":{"maxX":-3.50210399999997,"maxY":8.05132800000001,"minX":-4.96952299999998,"minY":6.18146200000001},"result":"Nzi-Comoé (Région), Côte d'Ivoire"}