{"bounds":{"maxX":-6.57838499999997,"maxY":10.488121,"minX":-8.16684499999997,"minY":8.50859100000002},"result":"Denguélé (Région du), Côte d'Ivoire"}