{"bounds":{"maxX":-7.05845099999999,"maxY":9.08218800000003,"minX":-8.24876599999999,"minY":7.84103300000004},"result":"Bafing (Région du), Côte d'Ivoire"}