{"bounds":{"maxX":-5.39828699999998,"maxY":7.77793000000003,"minX":-6.40382199999999,"minY":6.500201},"result":"Marahoué (Région de la), Côte d'Ivoire"}