{"bounds":{"maxX":-2.72625799999997,"maxY":6.244888,"minX":-3.54789799999998,"minY":5.07929000000001},"result":"Sud-Comoé (Région du), Côte d'Ivoire"}