{"bounds":{"maxX":-5.33722499999999,"maxY":9.21573599999999,"minX":-7.22358599999995,"minY":7.63626400000004},"result":"Worodougou (Région du), Côte d'Ivoire"}