{"bounds":{"maxX":-3.388778,"maxY":6.649541,"minX":-4.63045599999998,"minY":5.58527600000002},"result":"Agnébi (Région de l'), Côte d'Ivoire"}