{"bounds":{"maxX":-5.20958899999999,"maxY":6.65407200000004,"minX":-6.43592799999999,"minY":5.65596600000003},"result":"Fromager (Région du), Côte d'Ivoire"}