{"bounds":{"maxX":-6.97148799999997,"maxY":6.96906300000001,"minX":-8.59930199999997,"minY":5.63796500000001},"result":"Moyen-Cavally (Région du), Côte d'Ivoire"}