{"bounds":{"maxX":-4.93638199999998,"maxY":6.25438700000001,"minX":-6.02854099999996,"minY":5.03347200000002},"result":"Sud-Bandama (Région du), Côte d'Ivoire"}