{"bounds":{"maxX":-2.49489699999998,"maxY":10.73664,"minX":-8.59930199999997,"minY":4.361807},"result":"Côte d'Ivoire"}