{"bounds":{"maxX":-157.320557,"maxY":-8.91497899999996,"minX":-165.87944,"minY":-21.959088},"result":"Cook Islands"}