{"bounds":{"maxX":-68.2642160916244,"maxY":-26.6649331140147,"minX":-71.1435915298805,"minY":-28.1844005848299},"result":"Copiapó, Atacama, Chile"}