{"bounds":{"maxX":-73.0396637758301,"maxY":-46.9616491651364,"minX":-75.6357296234562,"minY":-48.9810261401061},"result":"Tortel, Aisén del General Carlos Ibáñez del Campo, Chile"}