{"bounds":{"maxX":-72.3104354468714,"maxY":-38.9720458266931,"minX":-72.9969107012676,"minY":-39.2381046664334},"result":"Pitrufquén, Araucanía, Chile"}