{"bounds":{"maxX":-72.8905049869775,"maxY":-37.8374266865007,"minX":-73.2062968449621,"minY":-38.1567118349221},"result":"Purén, Araucanía, Chile"}