{"bounds":{"maxX":-71.6433728453978,"maxY":-46.4350015877987,"minX":-73.4109458209069,"minY":-47.0940904135805},"result":"Chile Chico, Aisén del General Carlos Ibáñez del Campo, Chile"}