{"bounds":{"maxX":-72.2274846747517,"maxY":-47.7337518524555,"minX":-73.6138355166786,"minY":-49.2723181394123},"result":"O'Higgins, Aisén del General Carlos Ibáñez del Campo, Chile"}