{"bounds":{"maxX":-73.0492753538082,"maxY":-38.3946409029385,"minX":-73.5183986120997,"minY":-38.9026127476659},"result":"Carahue, Araucanía, Chile"}