{"bounds":{"maxX":-71.6821319566943,"maxY":-38.55737246421,"minX":-72.5195484117173,"minY":-38.8559245335828},"result":"Vilcún, Araucanía, Chile"}