{"bounds":{"maxX":-69.2824171938586,"maxY":-17.4988525744058,"minX":-69.8244791956181,"minY":-18.1672327110448},"result":"General Lagos, Arica y Parinacota, Chile"}