{"bounds":{"maxX":-68.0650381374172,"maxY":-23.0612989931274,"minX":-70.6302208557685,"minY":-25.3982663671737},"result":"Antofagasta, Antofagasta, Chile"}