{"bounds":{"maxX":-68.2642160916244,"maxY":-25.2877532147718,"minX":-71.528038933085,"minY":-29.5351511722457},"result":"Atacama, Chile"}