{"bounds":{"maxX":-69.7123075698434,"maxY":-21.4231415287404,"minX":-70.2919470228075,"minY":-22.6320552948782},"result":"Tocopilla, Antofagasta, Chile"}