{"bounds":{"maxX":-70.8378525940179,"maxY":-28.3692112599308,"minX":-71.528038933085,"minY":-29.1921365831171},"result":"Freirina, Atacama, Chile"}