{"bounds":{"maxX":-72.7565730766582,"maxY":-38.4578048501899,"minX":-73.0623531657455,"minY":-38.6729423258488},"result":"Cholchol, Araucanía, Chile"}