{"bounds":{"maxX":-72.6089931619779,"maxY":-38.3205083142363,"minX":-73.0047137086394,"minY":-38.5943036281408},"result":"Galvarino, Araucanía, Chile"}