{"bounds":{"maxX":-68.9133623132479,"maxY":-17.4988525744058,"minX":-70.3768773388376,"minY":-19.1893583227373},"result":"Arica y Parinacota, Chile"}