{"bounds":{"maxX":-69.882033733393,"maxY":-25.8944778935901,"minX":-70.7249809910107,"minY":-26.9405677799957},"result":"Chañaral, Atacama, Chile"}