{"bounds":{"maxX":-72.4026979804757,"maxY":-39.0307008910359,"minX":-72.9287555907764,"minY":-39.2902649075718},"result":"Gorbea, Araucanía, Chile"}