{"bounds":{"maxX":-71.8523517176533,"maxY":-38.419560837526,"minX":-72.6394604243025,"minY":-38.6701890924488},"result":"Lautaro, Araucanía, Chile"}