{"bounds":{"maxX":-67.9231340207252,"maxY":-21.0661649808737,"minX":-69.1940120121017,"minY":-23.1569359884344},"result":"Calama, Antofagasta, Chile"}