{"bounds":{"maxX":-69.6921068118605,"maxY":-28.5776640533747,"minX":-70.5897383632489,"minY":-29.5351511722457},"result":"Alto del Carmen, Atacama, Chile"}