{"bounds":{"maxX":-71.9844568366453,"maxY":-37.9353416426068,"minX":-72.5762396129343,"minY":-38.1883028560284},"result":"Ercilla, Araucanía, Chile"}