{"bounds":{"maxX":-71.8495388130676,"maxY":-46.8597401514456,"minX":-73.5074411944829,"minY":-47.9354054884334},"result":"Cochrane, Aisén del General Carlos Ibáñez del Campo, Chile"}