{"bounds":{"maxX":-70.2447328657985,"maxY":-26.6426215865058,"minX":-70.9767786920703,"minY":-27.8375742113925},"result":"Caldera, Atacama, Chile"}