{"bounds":{"maxX":-71.9089339911187,"maxY":-39.0597120756649,"minX":-72.4368003553246,"minY":-39.5139854837523},"result":"Villarrica, Araucanía, Chile"}