{"bounds":{"maxX":-72.3010032967693,"maxY":-38.8258051447665,"minX":-72.9148075336582,"minY":-39.1195631727186},"result":"Freire, Araucanía, Chile"}