{"bounds":{"maxX":-72.5608280621974,"maxY":-37.8376358123957,"minX":-73.033267451259,"minY":-38.1353398923736},"result":"Los Sauces, Araucanía, Chile"}