{"bounds":{"maxX":-68.994232973559,"maxY":-24.5486062287075,"minX":-70.7386091584485,"minY":-26.0578205198899},"result":"Taltal, Antofagasta, Chile"}