{"bounds":{"maxX":-69.8134922434386,"maxY":-22.4251228184,"minX":-70.6072890927689,"minY":-23.3623706768767},"result":"Mejillones, Antofagasta, Chile"}