{"bounds":{"maxX":-71.0893313790855,"maxY":-43.6385429612506,"minX":-75.6544509815775,"minY":-49.2723181394123},"result":"Aisén del General Carlos Ibáñez del Campo, Chile"}