{"bounds":{"maxX":-72.4433933417137,"maxY":-38.0696864301156,"minX":-72.9005648958172,"minY":-38.4276693570948},"result":"Traiguén, Araucanía, Chile"}