{"bounds":{"maxX":-67.00301071858,"maxY":-20.9403125461127,"minX":-70.7386091584485,"minY":-26.0578205198899},"result":"Antofagasta, Chile"}