{"bounds":{"maxX":-68.5931902281861,"maxY":-22.5763354371491,"minX":-70.0407421337215,"minY":-23.9041552870265},"result":"Sierra Gorda, Antofagasta, Chile"}