{"bounds":{"maxX":-68.9133623132479,"maxY":-17.952351700693,"minX":-69.6961594954651,"minY":-19.0310095751716},"result":"Putre, Arica y Parinacota, Chile"}