{"bounds":{"maxX":-72.3790158396964,"maxY":-38.6844215787563,"minX":-72.8402793749466,"minY":-38.8764906654301},"result":"Padre Las Casas, Araucanía, Chile"}