{"bounds":{"maxX":-68.8596797298749,"maxY":-21.2849831336499,"minX":-69.979539190535,"minY":-22.8802128906886},"result":"María Elena, Antofagasta, Chile"}