{"bounds":{"maxX":-68.3612360105347,"maxY":-25.2877532147718,"minX":-70.2093004095221,"minY":-26.9204073195419},"result":"Diego de Almagro, Atacama, Chile"}