{"bounds":{"maxX":-72.7616497064544,"maxY":-38.5168036092718,"minX":-73.1267393711267,"minY":-38.9132433534319},"result":"Nueva Imperial, Araucanía, Chile"}