{"bounds":{"maxX":-73.1722655216166,"maxY":-38.6945141383895,"minX":-73.4277850910507,"minY":-38.9664891699895},"result":"Saavedra, Araucanía, Chile"}