{"bounds":{"maxX":-70.0031763084319,"maxY":-28.0100830525259,"minX":-71.1968447857927,"minY":-29.3514326021019},"result":"Vallenar, Atacama, Chile"}