{"bounds":{"maxX":-69.4898132508136,"maxY":-18.087100429359,"minX":-70.3768773388376,"minY":-18.9117736642143},"result":"Arica, Arica y Parinacota, Chile"}