{"bounds":{"maxX":-72.4596928636132,"maxY":-37.6177336280701,"minX":-72.7100025620139,"minY":-37.8365840515989},"result":"Renaico, Araucanía, Chile"}