{"bounds":{"maxX":-71.9611473223255,"maxY":-44.954328933829,"minX":-75.6544509815775,"minY":-47.070533254321},"result":"Aysén, Aisén del General Carlos Ibáñez del Campo, Chile"}