{"bounds":{"maxX":-69.068332243345,"maxY":-18.6989007615581,"minX":-70.3509174159294,"minY":-19.1893583227373},"result":"Camarones, Arica y Parinacota, Chile"}