{"bounds":{"maxX":-72.8520231311174,"maxY":-39.0088257191018,"minX":-73.243628138245,"minY":-39.4180776563149},"result":"Toltén, Araucanía, Chile"}