{"bounds":{"maxX":-71.6932152251633,"maxY":-37.7649929509442,"minX":-72.53787357534,"minY":-38.2102658230251},"result":"Collipulli, Araucanía, Chile"}