{"bounds":{"maxX":-68.9714329371222,"maxY":-27.1571042237658,"minX":-70.3818975178362,"minY":-28.6435870323342},"result":"Tierra Amarilla, Atacama, Chile"}