{"bounds":{"maxX":-71.9260329855112,"maxY":-38.1428484221989,"minX":-72.5401527571098,"minY":-38.4553294153737},"result":"Victoria, Araucanía, Chile"}