{"bounds":{"maxX":-71.0893313790855,"maxY":-43.9252543681861,"minX":-72.3924092302074,"minY":-44.8806744948748},"result":"Lago Verde, Aisén del General Carlos Ibáñez del Campo, Chile"}