{"bounds":{"maxX":-72.7874138596676,"maxY":-38.0708918099684,"minX":-73.3411303244459,"minY":-38.4810618253803},"result":"Lumaco, Araucanía, Chile"}