{"bounds":{"maxX":-72.234966944317,"maxY":-38.351141015359,"minX":-72.6402624873154,"minY":-38.5141727168351},"result":"Perquenco, Araucanía, Chile"}