{"bounds":{"maxX":-71.6989240273159,"maxY":-45.9202762903457,"minX":-73.1371186613985,"minY":-46.6848347181708},"result":"Río Ibáñez, Aisén del General Carlos Ibáñez del Campo, Chile"}