{"bounds":{"maxX":-71.3889114029622,"maxY":-38.5931870710773,"minX":-71.8548208734211,"minY":-39.0133326282667},"result":"Melipeuco, Araucanía, Chile"}