{"bounds":{"maxX":-72.4694490440093,"maxY":-38.5492117588147,"minX":-72.8247746540112,"minY":-38.7823325725366},"result":"Temuco, Araucanía, Chile"}