{"bounds":{"maxX":-72.0499974869807,"maxY":-43.6385429612506,"minX":-75.2019016888489,"minY":-45.1095090106158},"result":"Cisnes, Aisén del General Carlos Ibáñez del Campo, Chile"}