{"bounds":{"maxX":-68.0596771818663,"maxY":-20.9403125461127,"minX":-68.5326635378949,"minY":-21.9821210412353},"result":"Ollagüe, Antofagasta, Chile"}