{"bounds":{"maxX":-70.7689085190174,"maxY":-27.962483971218,"minX":-71.3165485359085,"minY":-28.6178399042039},"result":"Huasco, Atacama, Chile"}