{"bounds":{"maxX":-71.5017783765056,"maxY":-39.0660385963949,"minX":-72.0693618381597,"minY":-39.5084990163763},"result":"Pucón, Araucanía, Chile"}