{"bounds":{"maxX":-71.449234042407,"maxY":-38.1952761913438,"minX":-72.1113814556959,"minY":-38.6683696404568},"result":"Curacautín, Araucanía, Chile"}