{"bounds":{"maxX":-73.4435747550418,"maxY":-43.7106427097708,"minX":-74.1704429629248,"minY":-44.1807012605691},"result":"Guaitecas, Aisén del General Carlos Ibáñez del Campo, Chile"}