{"bounds":{"maxX":-70.8273809700967,"maxY":-38.0842188655212,"minX":-71.642985706171,"minY":-38.9095731105137},"result":"Lonquimay, Araucanía, Chile"}