{"bounds":{"maxX":-72.4821410531002,"maxY":-37.58173278804,"minX":-73.1244325231554,"minY":-38.0243048318141},"result":"Angol, Araucanía, Chile"}