{"bounds":{"maxX":-72.2996077576872,"maxY":-39.2148627949217,"minX":-72.9017885218598,"minY":-39.5096176825984},"result":"Loncoche, Araucanía, Chile"}