{"bounds":{"maxX":-72.872707263654,"maxY":-38.888974572367,"minX":-73.330404373719,"minY":-39.2559917703934},"result":"Teodoro Schmidt, Araucanía, Chile"}