{"bounds":{"maxX":-70.8273809700967,"maxY":-37.58173278804,"minX":-73.5183986120997,"minY":-39.6368563067132},"result":"Araucanía, Chile"}