{"bounds":{"maxX":-67.00301071858,"maxY":-22.3805835796737,"minX":-68.7070382691527,"minY":-24.3264166001222},"result":"San Pedro de Atacama, Antofagasta, Chile"}