{"bounds":{"maxX":-71.3736335996033,"maxY":-38.9712810893177,"minX":-71.7460243071877,"minY":-39.6368563067132},"result":"Curarrehue, Araucanía, Chile"}