{"bounds":{"maxX":-71.5341753104325,"maxY":-38.7256470987965,"minX":-72.3580796965509,"minY":-39.1858072405709},"result":"Cunco, Araucanía, Chile"}