{"bounds":{"maxX":-71.3198900012059,"maxY":-44.8314905465308,"minX":-72.9315708782734,"minY":-46.1384334735044},"result":"Coyhaique, Aisén del General Carlos Ibáñez del Campo, Chile"}