{"bounds":{"maxX":-71.4624351228546,"maxY":-37.2051483724734,"minX":-72.1774578653199,"minY":-37.586296456407},"result":"Quilleco, Bío-Bío, Chile"}