{"bounds":{"maxX":-72.1821575286942,"maxY":-36.8957393571665,"minX":-72.5326800460934,"minY":-37.2206277339836},"result":"Cabrero, Bío-Bío, Chile"}