{"bounds":{"maxX":-73.0415628360596,"maxY":-37.0488265096635,"minX":-73.1854644919116,"minY":-37.2020297539631},"result":"Lota, Bío-Bío, Chile"}