{"bounds":{"maxX":-73.4186885851812,"maxY":-37.4215262525536,"minX":-73.9614425892357,"minY":-38.4192622779312},"result":"Lebu, Bío-Bío, Chile"}