{"bounds":{"maxX":-72.0399877877493,"maxY":-37.1786066202313,"minX":-72.6841268940385,"minY":-37.6630913110265},"result":"Los Angeles, Bío-Bío, Chile"}