{"bounds":{"maxX":-72.8566691126157,"maxY":-36.6900616609405,"minX":-73.0474902203084,"minY":-36.7983685911728},"result":"Penco, Bío-Bío, Chile"}