{"bounds":{"maxX":-72.9543057650065,"maxY":-36.904763216195,"minX":-73.5560743943459,"minY":-37.1033852233058},"result":"Coronel, Bío-Bío, Chile"}