{"bounds":{"maxX":-72.6341943418371,"maxY":-37.1660000980729,"minX":-72.8237849859333,"minY":-37.2734642090034},"result":"San Rosendo, Bío-Bío, Chile"}