{"bounds":{"maxX":-72.5384475594104,"maxY":-36.652563344415,"minX":-72.870886707681,"minY":-36.9635903279498},"result":"Florida, Bío-Bío, Chile"}