{"bounds":{"maxX":-73.0322931571541,"maxY":-36.8103224377562,"minX":-73.1767703407687,"minY":-36.975091175166},"result":"San Pedro de la Paz, Bío-Bío, Chile"}