{"bounds":{"maxX":-73.0656685976719,"maxY":-37.1464518248532,"minX":-73.6851455927419,"minY":-37.4511269615353},"result":"Arauco, Bío-Bío, Chile"}