{"bounds":{"maxX":-72.5950065587893,"maxY":-37.2758397887329,"minX":-73.0708408754403,"minY":-37.6304100006846},"result":"Nacimiento, Bío-Bío, Chile"}