{"bounds":{"maxX":-73.0155863916157,"maxY":-37.6920492821426,"minX":-73.5452841079061,"minY":-38.1309590851574},"result":"Cañete, Bío-Bío, Chile"}