{"bounds":{"maxX":-72.4763878719871,"maxY":-37.5189645781441,"minX":-72.6534410148158,"minY":-37.6719018073876},"result":"Negrete, Bío-Bío, Chile"}