{"bounds":{"maxX":-72.7050440510219,"maxY":-36.4426049611925,"minX":-73.0013145262883,"minY":-36.7513436152893},"result":"Tomé, Bío-Bío, Chile"}