{"bounds":{"maxX":-72.7267906343942,"maxY":-37.0675649269305,"minX":-73.1340845839655,"minY":-37.4511737515987},"result":"Santa Juana, Bío-Bío, Chile"}