{"bounds":{"maxX":-71.4844781098539,"maxY":-37.0637051263907,"minX":-72.0662503855045,"minY":-37.3511910210688},"result":"Tucapel, Bío-Bío, Chile"}