{"bounds":{"maxX":-73.0664036455471,"maxY":-36.7460657078166,"minX":-73.219635995394,"minY":-36.8216291909207},"result":"Hualpén, Bío-Bío, Chile"}