{"bounds":{"maxX":-72.9431216824524,"maxY":-36.8510258566096,"minX":-73.0635687893544,"minY":-36.9662087654889},"result":"Chiguayante, Bío-Bío, Chile"}