{"bounds":{"maxX":-71.0925397477933,"maxY":-37.0045724052475,"minX":-71.9244472230675,"minY":-37.6590767950082},"result":"Antuco, Bío-Bío, Chile"}