{"bounds":{"maxX":-73.1140864087258,"maxY":-37.5435099474903,"minX":-73.5816994574723,"minY":-37.8707263284927},"result":"Los Alamos, Bío-Bío, Chile"}