{"bounds":{"maxX":-72.4224295865817,"maxY":-36.9183936240117,"minX":-72.7927705233156,"minY":-37.2489796293434},"result":"Yumbel, Bío-Bío, Chile"}