{"bounds":{"maxX":-71.6127737935487,"maxY":-37.5568696498965,"minX":-72.5310351838257,"minY":-38.1886698292741},"result":"Mulchén, Bío-Bío, Chile"}