{"bounds":{"maxX":-70.984932576702,"maxY":-37.5480587401968,"minX":-71.6912945073146,"minY":-38.1225889836482},"result":"Alto Biobío, Bío-Bío, Chile"}