{"bounds":{"maxX":-72.8447148100033,"maxY":-36.7638307376447,"minX":-73.0905949898997,"minY":-36.9272474094691},"result":"Concepción, Bío-Bío, Chile"}