{"bounds":{"maxX":-72.7231442982217,"maxY":-36.8909467714319,"minX":-73.0194833995202,"minY":-37.2028064259919},"result":"Hualqui, Bío-Bío, Chile"}