{"bounds":{"maxX":-73.0727785110692,"maxY":-37.8386926046417,"minX":-73.3523390552387,"minY":-38.2973592347218},"result":"Contulmo, Bío-Bío, Chile"}