{"bounds":{"maxX":-73.0094490171823,"maxY":-36.6037812536448,"minX":-73.1626030005238,"minY":-36.7955496642601},"result":"Talcahuano, Bío-Bío, Chile"}