{"bounds":{"maxX":-70.984932576702,"maxY":-36.4426049611925,"minX":-73.9614425892357,"minY":-38.4924641976651},"result":"Bío-Bío, Chile"}