{"bounds":{"maxX":-72.4324666600696,"maxY":-37.2290165768385,"minX":-72.7323982174426,"minY":-37.3961942517293},"result":"Laja, Bío-Bío, Chile"}