{"bounds":{"maxX":-71.3517311206828,"maxY":-37.4610857885728,"minX":-72.1753212131125,"minY":-37.8239897290058},"result":"Santa Bárbara, Bío-Bío, Chile"}