{"bounds":{"maxX":-73.2329373334643,"maxY":-38.1132027268562,"minX":-73.5295821022764,"minY":-38.4924641976651},"result":"Tirúa, Bío-Bío, Chile"}