{"bounds":{"maxX":-71.4101773460388,"maxY":-37.647887461712,"minX":-72.1571451610938,"minY":-38.3144994613356},"result":"Quilaco, Bío-Bío, Chile"}