{"bounds":{"maxX":-72.9811970876162,"maxY":-37.3286871483049,"minX":-73.5056193159974,"minY":-37.6877337615193},"result":"Curanilahue, Bío-Bío, Chile"}