{"bounds":{"maxX":-70.245584283193,"maxY":-30.4913191100655,"minX":-71.1167422058698,"minY":-31.3075358970691},"result":"Monte Patria, Coquimbo, Chile"}