{"bounds":{"maxX":-69.8089807567157,"maxY":-29.3566523077495,"minX":-71.0738892469612,"minY":-30.397039464955},"result":"Vicuña, Coquimbo, Chile"}