{"bounds":{"maxX":-71.0188228064509,"maxY":-30.7088631140409,"minX":-71.551418241352,"minY":-31.1770970465756},"result":"Punitaqui, Coquimbo, Chile"}