{"bounds":{"maxX":-70.6848036094769,"maxY":-29.5367521375131,"minX":-71.3463377922521,"minY":-30.1372797156291},"result":"La Serena, Coquimbo, Chile"}