{"bounds":{"maxX":-70.965104196424,"maxY":-31.6744660486196,"minX":-71.560589395177,"minY":-32.2030720967731},"result":"Los Vilos, Coquimbo, Chile"}