{"bounds":{"maxX":-70.9058082033174,"maxY":-30.1094630437785,"minX":-71.2213842106827,"minY":-30.4041925499477},"result":"Andacollo, Coquimbo, Chile"}