{"bounds":{"maxX":-70.2080856841765,"maxY":-31.5358206063144,"minX":-71.1014257441758,"minY":-32.2821555019492},"result":"Salamanca, Coquimbo, Chile"}