{"bounds":{"maxX":-70.5270039049845,"maxY":-31.2785479989986,"minX":-71.3965921933815,"minY":-31.9011292798209},"result":"Illapel, Coquimbo, Chile"}