{"bounds":{"maxX":-71.1098834200792,"maxY":-29.932712295253,"minX":-71.6719246174746,"minY":-30.5098042001657},"result":"Coquimbo, Coquimbo, Chile"}