{"bounds":{"maxX":-71.0858798336545,"maxY":-31.141672921181,"minX":-71.6475478723205,"minY":-31.7876424686096},"result":"Canela, Coquimbo, Chile"}