{"bounds":{"maxX":-70.5949346211436,"maxY":-30.8429058751235,"minX":-71.2917251797623,"minY":-31.4347024880262},"result":"Combarbalá, Coquimbo, Chile"}