{"bounds":{"maxX":-70.4446543881035,"maxY":-29.0376972585364,"minX":-71.5525038434497,"minY":-29.7178935543313},"result":"La Higuera, Coquimbo, Chile"}