{"bounds":{"maxX":-70.8526662182059,"maxY":-30.3105328087477,"minX":-71.7190736473066,"minY":-31.2164152772706},"result":"Ovalle, Coquimbo, Chile"}