{"bounds":{"maxX":-69.8089807567157,"maxY":-29.0376972585364,"minX":-71.7190736473066,"minY":-32.2821555019492},"result":"Coquimbo, Chile"}