{"bounds":{"maxX":-70.1809849678646,"maxY":-30.2084352995153,"minX":-71.0807094750546,"minY":-30.6951274267749},"result":"Río Hurtado, Coquimbo, Chile"}