{"bounds":{"maxX":-70.1171218008039,"maxY":-29.9640153127456,"minX":-70.5764929164221,"minY":-30.4923602093793},"result":"Paihuano, Coquimbo, Chile"}