{"bounds":{"maxX":-71.6571716589412,"maxY":-39.8963991259012,"minX":-72.6370028947991,"minY":-40.3550895390831},"result":"Futrono, Los Ríos, Chile"}