{"bounds":{"maxX":-73.51923482803,"maxY":-42.5691003236125,"minX":-73.7437191656141,"minY":-42.708582462931},"result":"Puqueldón, Los Lagos, Chile"}