{"bounds":{"maxX":-70.0091597408641,"maxY":-33.8505730323837,"minX":-72.0564538109146,"minY":-35.0064890722029},"result":"Libertador General Bernardo O'Higgins, Chile"}