{"bounds":{"maxX":-73.2848184616937,"maxY":-40.9929771647902,"minX":-73.9397901896701,"minY":-41.3133696997103},"result":"Fresia, Los Lagos, Chile"}