{"bounds":{"maxX":-72.5926843288521,"maxY":-39.591557905359,"minX":-73.0997837483024,"minY":-39.8193365330083},"result":"Máfil, Los Ríos, Chile"}