{"bounds":{"maxX":-72.9805080191956,"maxY":-40.6311329002188,"minX":-73.8703924419962,"minY":-40.904042017113},"result":"Río Negro, Los Lagos, Chile"}