{"bounds":{"maxX":-73.4343807506357,"maxY":-42.8224763339078,"minX":-74.8489799053037,"minY":-43.6832525429778},"result":"Quellón, Los Lagos, Chile"}