{"bounds":{"maxX":-72.3740267460369,"maxY":-41.3299828156681,"minX":-73.3402602630026,"minY":-41.6976001341974},"result":"Puerto Montt, Los Lagos, Chile"}