{"bounds":{"maxX":-70.4536843325191,"maxY":-34.2090938836602,"minX":-70.924275134987,"minY":-34.4977002746168},"result":"Requínoa, Libertador General Bernardo O'Higgins, Chile"}