{"bounds":{"maxX":-70.4680180381943,"maxY":-34.279278598884,"minX":-70.959339758314,"minY":-34.608720741534},"result":"Rengo, Libertador General Bernardo O'Higgins, Chile"}