{"bounds":{"maxX":-70.8134975983154,"maxY":-34.6072981028637,"minX":-71.1850462321519,"minY":-34.8720562209148},"result":"Chimbarongo, Libertador General Bernardo O'Higgins, Chile"}