{"bounds":{"maxX":-73.6144987014137,"maxY":-42.4862161105743,"minX":-74.1996376785151,"minY":-42.8831824897269},"result":"Chonchi, Los Lagos, Chile"}