{"bounds":{"maxX":-71.0709600792824,"maxY":-34.0109493333081,"minX":-71.5760672114698,"minY":-34.3281761932058},"result":"Las Cabras, Libertador General Bernardo O'Higgins, Chile"}