{"bounds":{"maxX":-70.8422421699808,"maxY":-34.1444461422597,"minX":-70.9968943606636,"minY":-34.2563346121429},"result":"Doñihue, Libertador General Bernardo O'Higgins, Chile"}