{"bounds":{"maxX":-72.0251016551301,"maxY":-39.6595105939831,"minX":-72.9820202831113,"minY":-40.0429064460786},"result":"Los Lagos, Los Ríos, Chile"}