{"bounds":{"maxX":-73.1385640538115,"maxY":-39.8510045225507,"minX":-73.7088469727588,"minY":-40.1166960802879},"result":"Corral, Los Ríos, Chile"}