{"bounds":{"maxX":-70.7070159374276,"maxY":-34.3858074013154,"minX":-71.0495711209996,"minY":-34.5782143233212},"result":"Malloa, Libertador General Bernardo O'Higgins, Chile"}