{"bounds":{"maxX":-73.4016524088347,"maxY":-42.3525813963189,"minX":-74.192949190613,"minY":-42.6488484601961},"result":"Castro, Los Lagos, Chile"}