{"bounds":{"maxX":-71.1080576292511,"maxY":-34.5856735667531,"minX":-71.3177258890234,"minY":-34.7557302182404},"result":"Nancagua, Libertador General Bernardo O'Higgins, Chile"}