{"bounds":{"maxX":-72.92974287892,"maxY":-40.8036641123761,"minX":-73.9472518337918,"minY":-41.0643820994449},"result":"Purranque, Los Lagos, Chile"}