{"bounds":{"maxX":-71.7466145015751,"maxY":-34.1625193143912,"minX":-72.0514707208208,"minY":-34.5761122696897},"result":"Pichilemu, Libertador General Bernardo O'Higgins, Chile"}