{"bounds":{"maxX":-73.470248251449,"maxY":-41.7649189031117,"minX":-74.1606463725373,"minY":-42.255133825738},"result":"Ancud, Los Lagos, Chile"}