{"bounds":{"maxX":-72.1193668911748,"maxY":-42.1886632501508,"minX":-73.1049242354418,"minY":-43.7972227550604},"result":"Chaitén, Los Lagos, Chile"}