{"bounds":{"maxX":-72.8550874170747,"maxY":-40.3050591727368,"minX":-73.4527488004597,"minY":-40.5440409782033},"result":"San Pablo, Los Lagos, Chile"}