{"bounds":{"maxX":-71.8720693084624,"maxY":-40.2571123334883,"minX":-73.1360473163951,"minY":-40.6811611287686},"result":"Río Bueno, Los Ríos, Chile"}