{"bounds":{"maxX":-73.1942361234833,"maxY":-41.4947640873338,"minX":-73.8238103917456,"minY":-41.7737591259962},"result":"Maullín, Los Lagos, Chile"}