{"bounds":{"maxX":-71.2517554495889,"maxY":-34.4278972203813,"minX":-71.4822612279075,"minY":-34.6212287932778},"result":"Palmilla, Libertador General Bernardo O'Higgins, Chile"}