{"bounds":{"maxX":-73.0534587970348,"maxY":-41.9728960459021,"minX":-73.5877753491032,"minY":-42.3983644380857},"result":"Quemchi, Los Lagos, Chile"}