{"bounds":{"maxX":-71.5877300727451,"maxY":-39.4201764963405,"minX":-72.6041186028651,"minY":-40.1179126186379},"result":"Panguipulli, Los Ríos, Chile"}