{"bounds":{"maxX":-71.8196397366287,"maxY":-40.7941947270657,"minX":-73.3567553438459,"minY":-41.459810612828},"result":"Puerto Varas, Los Lagos, Chile"}