{"bounds":{"maxX":-70.8704050401457,"maxY":-34.215359681881,"minX":-71.0884568990505,"minY":-34.3372162916829},"result":"Coinco, Libertador General Bernardo O'Higgins, Chile"}