{"bounds":{"maxX":-71.5315092538761,"maxY":-34.4852536280156,"minX":-71.8599368112789,"minY":-34.6998298685153},"result":"Pumanque, Libertador General Bernardo O'Higgins, Chile"}