{"bounds":{"maxX":-70.3686049766001,"maxY":-33.8505730323837,"minX":-70.8250273113238,"minY":-34.0422543205037},"result":"Mostazal, Libertador General Bernardo O'Higgins, Chile"}