{"bounds":{"maxX":-70.9641657456268,"maxY":-34.1647814833263,"minX":-71.1898119110914,"minY":-34.4113114329428},"result":"Coltauco, Libertador General Bernardo O'Higgins, Chile"}