{"bounds":{"maxX":-71.2047503558556,"maxY":-34.5278475406627,"minX":-71.5478849230463,"minY":-34.7561960855634},"result":"Santa Cruz, Libertador General Bernardo O'Higgins, Chile"}