{"bounds":{"maxX":-71.0076613279757,"maxY":-34.5422489148379,"minX":-71.158703460481,"minY":-34.694924875016},"result":"Placilla, Libertador General Bernardo O'Higgins, Chile"}