{"bounds":{"maxX":-73.3525959509808,"maxY":-42.1523727182321,"minX":-74.1911192313947,"minY":-42.4731947452634},"result":"Dalcahue, Los Lagos, Chile"}