{"bounds":{"maxX":-71.4528651150318,"maxY":-34.0898290518799,"minX":-71.7920927245082,"minY":-34.3216884104672},"result":"La Estrella, Libertador General Bernardo O'Higgins, Chile"}