{"bounds":{"maxX":-70.3210665425276,"maxY":-33.9188217987294,"minX":-70.7270190568578,"minY":-34.1546240507791},"result":"Codegua, Libertador General Bernardo O'Higgins, Chile"}