{"bounds":{"maxX":-73.5083389003335,"maxY":-42.3822411510822,"minX":-73.6585906089879,"minY":-42.47359082004},"result":"Curaco de Vélez, Los Lagos, Chile"}