{"bounds":{"maxX":-70.729895601214,"maxY":-34.1884504482178,"minX":-70.9006278401579,"minY":-34.2428945765188},"result":"Olivar, Libertador General Bernardo O'Higgins, Chile"}