{"bounds":{"maxX":-71.3730978229185,"maxY":-34.3593611425931,"minX":-71.642341930773,"minY":-34.567188716806},"result":"Peralillo, Libertador General Bernardo O'Higgins, Chile"}