{"bounds":{"maxX":-71.5877300727451,"maxY":-39.287736828131,"minX":-73.7276778642682,"minY":-40.6811611287686},"result":"Los Ríos, Chile"}