{"bounds":{"maxX":-72.0372244980854,"maxY":-40.7241570466482,"minX":-73.0111473840392,"minY":-41.119254146687},"result":"Puerto Octay, Los Lagos, Chile"}