{"bounds":{"maxX":-72.509811261498,"maxY":-39.9804944867255,"minX":-73.7276778642682,"minY":-40.3610422063466},"result":"La Unión, Los Ríos, Chile"}