{"bounds":{"maxX":-72.0105481087704,"maxY":-41.7131459031147,"minX":-72.8779791545366,"minY":-42.6788768450244},"result":"Hualaihué, Los Lagos, Chile"}