{"bounds":{"maxX":-71.8251978164849,"maxY":-40.5349054480555,"minX":-72.8969498518154,"minY":-40.8860102628371},"result":"Puyehue, Los Lagos, Chile"}