{"bounds":{"maxX":-72.9200463957799,"maxY":-41.1296443391612,"minX":-73.3277701814639,"minY":-41.3128576609008},"result":"Llanquihue, Los Lagos, Chile"}