{"bounds":{"maxX":-72.327079870577,"maxY":-39.4048737446623,"minX":-72.8486865937306,"minY":-39.6460485818406},"result":"Lanco, Los Ríos, Chile"}