{"bounds":{"maxX":-71.5823773179822,"maxY":-43.237465239328,"minX":-72.3227510785368,"minY":-44.0671191044337},"result":"Palena, Los Lagos, Chile"}