{"bounds":{"maxX":-70.9283502307773,"maxY":-34.3101416126355,"minX":-71.0744717084238,"minY":-34.4055068108971},"result":"Quinta de Tilcoco, Libertador General Bernardo O'Higgins, Chile"}