{"bounds":{"maxX":-71.7244817116196,"maxY":-41.3150150981976,"minX":-72.6483690288781,"minY":-42.1895324017926},"result":"Cochamó, Los Lagos, Chile"}