{"bounds":{"maxX":-71.1815305012644,"maxY":-34.2375640966341,"minX":-71.4721198535474,"minY":-34.4853890434608},"result":"Pichidegua, Libertador General Bernardo O'Higgins, Chile"}