{"bounds":{"maxX":-72.5402968615948,"maxY":-39.9238011192287,"minX":-73.1734082970884,"minY":-40.2014353243114},"result":"Paillaco, Los Ríos, Chile"}