{"bounds":{"maxX":-71.5823773179822,"maxY":-40.2365390076479,"minX":-74.8489799053037,"minY":-44.0671191044337},"result":"Los Lagos, Chile"}