{"bounds":{"maxX":-72.6013366168397,"maxY":-39.287736828131,"minX":-73.3238147890712,"minY":-39.7035670878934},"result":"Mariquina, Los Ríos, Chile"}