{"bounds":{"maxX":-72.7686971490347,"maxY":-40.4200126327447,"minX":-73.4179993840879,"minY":-40.7883281027516},"result":"Osorno, Los Lagos, Chile"}