{"bounds":{"maxX":-71.1327082608016,"maxY":-34.2472379690536,"minX":-71.3053474248337,"minY":-34.4202017535607},"result":"Peumo, Libertador General Bernardo O'Higgins, Chile"}