{"bounds":{"maxX":-70.9616980146182,"maxY":-34.3120914538566,"minX":-71.2927905535464,"minY":-34.5955897845128},"result":"San Vicente, Libertador General Bernardo O'Higgins, Chile"}