{"bounds":{"maxX":-70.0091597408641,"maxY":-34.009115356177,"minX":-70.72423382254,"minY":-34.7037980184957},"result":"Machalí, Libertador General Bernardo O'Higgins, Chile"}