{"bounds":{"maxX":-73.2470648296786,"maxY":-41.2103715153317,"minX":-73.8581140353885,"minY":-41.5617933538874},"result":"Los Muermos, Los Lagos, Chile"}