{"bounds":{"maxX":-71.4720601331729,"maxY":-33.968023093489,"minX":-72.0090246925692,"minY":-34.2443641127698},"result":"Litueche, Libertador General Bernardo O'Higgins, Chile"}