{"bounds":{"maxX":-71.65604433157,"maxY":-40.1875028702397,"minX":-72.6838865670197,"minY":-40.5830526927239},"result":"Lago Ranco, Los Ríos, Chile"}