{"bounds":{"maxX":-71.7806017006067,"maxY":-34.5078086910551,"minX":-72.0564538109146,"minY":-34.8408299894861},"result":"Paredones, Libertador General Bernardo O'Higgins, Chile"}