{"bounds":{"maxX":-71.4775902233534,"maxY":-34.6317921596021,"minX":-71.8269240037874,"minY":-34.9383756617213},"result":"Lolol, Libertador General Bernardo O'Higgins, Chile"}