{"bounds":{"maxX":-70.6701904363197,"maxY":-33.9969625122128,"minX":-70.818193993135,"minY":-34.1380916441965},"result":"Graneros, Libertador General Bernardo O'Higgins, Chile"}