{"bounds":{"maxX":-72.9208591709548,"maxY":-39.6372460458321,"minX":-73.4118770536825,"minY":-40.0319186462959},"result":"Valdivia, Los Ríos, Chile"}