{"bounds":{"maxX":-71.6921925155851,"maxY":-33.9027240908387,"minX":-71.9441285988007,"minY":-34.1114120699986},"result":"Navidad, Libertador General Bernardo O'Higgins, Chile"}