{"bounds":{"maxX":-71.4538784770248,"maxY":-34.2057661181381,"minX":-71.8789922765805,"minY":-34.5278641775958},"result":"Marchigüe, Libertador General Bernardo O'Higgins, Chile"}