{"bounds":{"maxX":-73.3061645430141,"maxY":-40.2365390076479,"minX":-73.8047989066444,"minY":-40.7492318020305},"result":"San Juan de la Costa, Los Lagos, Chile"}