{"bounds":{"maxX":-71.1160476305261,"maxY":-34.6579507221972,"minX":-71.5723011711694,"minY":-34.9129235694137},"result":"Chépica, Libertador General Bernardo O'Higgins, Chile"}