{"bounds":{"maxX":-70.6767558192657,"maxY":-34.028578985298,"minX":-70.9412313999253,"minY":-34.2151901498103},"result":"Rancagua, Libertador General Bernardo O'Higgins, Chile"}