{"bounds":{"maxX":-73.1953466458588,"maxY":-42.3654340928672,"minX":-73.5391701105914,"minY":-42.66554306969},"result":"Quinchao, Los Lagos, Chile"}