{"bounds":{"maxX":-72.878784887816,"maxY":-41.5718092248205,"minX":-73.5401406293596,"minY":-41.9138293611704},"result":"Calbuco, Los Lagos, Chile"}