{"bounds":{"maxX":-73.322947753136,"maxY":-42.744389501185,"minX":-73.7491836242138,"minY":-43.0166600692059},"result":"Queilén, Los Lagos, Chile"}