{"bounds":{"maxX":-70.2490966092128,"maxY":-34.4773583963943,"minX":-71.0473053088229,"minY":-35.0064890722029},"result":"San Fernando, Libertador General Bernardo O'Higgins, Chile"}