{"bounds":{"maxX":-72.7984356140041,"maxY":-40.9771933034834,"minX":-73.3970556228697,"minY":-41.2040519416593},"result":"Frutillar, Los Lagos, Chile"}