{"bounds":{"maxX":-71.7302565098523,"maxY":-42.8876514084986,"minX":-72.2413343950721,"minY":-43.4384898613246},"result":"Futaleufú, Los Lagos, Chile"}