{"bounds":{"maxX":-71.2487126881543,"maxY":-34.9808534641149,"minX":-71.7015722765632,"minY":-35.2451825968856},"result":"Sagrada Familia, Maule, Chile"}