{"bounds":{"maxX":-70.2146633078091,"maxY":-52.6970464485154,"minX":-74.7344624415629,"minY":-54.4894736346386},"result":"Punta Arenas, Magallanes, Chile"}