{"bounds":{"maxX":-68.6070582764512,"maxY":-52.4529527380258,"minX":-70.4371244227875,"minY":-53.076880532934},"result":"Primavera, Magallanes, Chile"}