{"bounds":{"maxX":-71.4923227351159,"maxY":-35.3121393516087,"minX":-71.7218850052175,"minY":-35.5310912215049},"result":"Talca, Maule, Chile"}