{"bounds":{"maxX":-70.3857017708802,"maxY":-35.0277615523859,"minX":-71.5012642676035,"minY":-35.6280256645521},"result":"Molina, Maule, Chile"}