{"bounds":{"maxX":-68.6047806511231,"maxY":-53.6141286758405,"minX":-71.1106001609296,"minY":-54.7479414977853},"result":"Timaukel, Magallanes, Chile"}