{"bounds":{"maxX":-71.3607922474665,"maxY":-35.2132248793948,"minX":-71.642569856587,"minY":-35.3721544522969},"result":"San Rafael, Maule, Chile"}