{"bounds":{"maxX":-71.6349091424324,"maxY":-48.5956345277249,"minX":-75.7219202894151,"minY":-52.8225487434541},"result":"Natales, Magallanes, Chile"}