{"bounds":{"maxX":-71.9955854167666,"maxY":-35.103859012484,"minX":-72.6183015217945,"minY":-35.5941980535822},"result":"Constitución, Maule, Chile"}