{"bounds":{"maxX":-71.144910849649,"maxY":-35.305836925698,"minX":-71.5655688454708,"minY":-35.46928421508},"result":"Pelarco, Maule, Chile"}