{"bounds":{"maxX":-71.4284440279655,"maxY":-35.5838748532539,"minX":-71.6661884839002,"minY":-35.786620068471},"result":"Yerbas Buenas, Maule, Chile"}