{"bounds":{"maxX":-70.56788545242,"maxY":-35.6088841672044,"minX":-71.5181992705021,"minY":-36.5035032279135},"result":"Colbún, Maule, Chile"}