{"bounds":{"maxX":-71.0611216065136,"maxY":-35.7819279593959,"minX":-71.8256468071915,"minY":-36.3882702942828},"result":"Longaví, Maule, Chile"}