{"bounds":{"maxX":-66.4182143557487,"maxY":-54.3664935888694,"minX":-72.1248549218717,"minY":-55.9800016877806},"result":"Cabo de Hornos, Magallanes, Chile"}