{"bounds":{"maxX":-71.3335283281109,"maxY":-52.3267167168851,"minX":-73.8371621343902,"minY":-53.5395055977539},"result":"Río Verde, Magallanes, Chile"}