{"bounds":{"maxX":-71.9762329010694,"maxY":-35.6744349820004,"minX":-72.6482375217932,"minY":-36.2613667745422},"result":"Cauquenes, Maule, Chile"}