{"bounds":{"maxX":-71.5564421465919,"maxY":-35.1454555372416,"minX":-72.1064935031097,"minY":-35.4720082213147},"result":"Pencahue, Maule, Chile"}