{"bounds":{"maxX":-71.0375256695753,"maxY":-35.1309622537502,"minX":-71.4623006947414,"minY":-35.4557528948527},"result":"Río Claro, Maule, Chile"}