{"bounds":{"maxX":-70.3147720581043,"maxY":-34.684573939649,"minX":-72.7859004973139,"minY":-36.5435646560953},"result":"Maule, Chile"}