{"bounds":{"maxX":-71.4571315921215,"maxY":-34.8180874120022,"minX":-71.9481901016714,"minY":-35.1049032280999},"result":"Hualañé, Maule, Chile"}