{"bounds":{"maxX":-70.7481822571682,"maxY":-34.7864116098117,"minX":-71.3656850584379,"minY":-35.003265372455},"result":"Teno, Maule, Chile"}