{"bounds":{"maxX":-70.3579796182894,"maxY":-34.8846678171946,"minX":-71.215832013137,"minY":-35.2729198597014},"result":"Romeral, Maule, Chile"}