{"bounds":{"maxX":-71.8679675769795,"maxY":-34.684573939649,"minX":-72.1568711211814,"minY":-34.9745010763764},"result":"Vichuquén, Maule, Chile"}