{"bounds":{"maxX":-68.6061378700105,"maxY":-52.9678083627495,"minX":-70.466869566386,"minY":-53.8077422604227},"result":"Porvenir, Magallanes, Chile"}