{"bounds":{"maxX":-68.4233804436779,"maxY":-51.999999926344,"minX":-70.9199964275519,"minY":-52.760629693954},"result":"San Gregorio, Magallanes, Chile"}