{"bounds":{"maxX":-71.5716053526604,"maxY":-35.6095047370112,"minX":-71.7732603305887,"minY":-35.778968624154},"result":"Villa Alegre, Maule, Chile"}