{"bounds":{"maxX":-71.6709130514273,"maxY":-34.9714305543363,"minX":-72.212280069722,"minY":-35.3467915367654},"result":"Curepto, Maule, Chile"}