{"bounds":{"maxX":-72.323095117933,"maxY":-35.5410115449479,"minX":-72.6348265691676,"minY":-35.8812598448495},"result":"Chanco, Maule, Chile"}