{"bounds":{"maxX":-71.5640145499439,"maxY":-35.8180842745143,"minX":-72.0389998521667,"minY":-36.2181888935659},"result":"Retiro, Maule, Chile"}