{"bounds":{"maxX":-71.8311392942302,"maxY":-34.8787711708432,"minX":-72.1868975896948,"minY":-35.0596917690898},"result":"Licantén, Maule, Chile"}