{"bounds":{"maxX":-72.0320780223032,"maxY":-35.4774602132835,"minX":-72.4597485771542,"minY":-35.7354970525484},"result":"Empedrado, Maule, Chile"}