{"bounds":{"maxX":-70.8740188494384,"maxY":-51.9999999140406,"minX":-71.6941526411203,"minY":-52.8147840732301},"result":"Laguna Blanca, Magallanes, Chile"}