{"bounds":{"maxX":-72.2287824058613,"maxY":-50.5961535975308,"minX":-73.4892613746435,"minY":-51.5642973541983},"result":"Torres del Paine, Magallanes, Chile"}