{"bounds":{"maxX":-71.5686417119872,"maxY":-35.4446191397518,"minX":-71.8841210352032,"minY":-35.5864846079808},"result":"Maule, Maule, Chile"}