{"bounds":{"maxX":-66.4182143557487,"maxY":-48.5956345277249,"minX":-75.7219202894151,"minY":-55.9800016877806},"result":"Magallanes, Chile"}