{"bounds":{"maxX":-71.2599628013867,"maxY":-34.8328527814457,"minX":-71.5986011418223,"minY":-35.0544664761985},"result":"Rauco, Maule, Chile"}