{"bounds":{"maxX":-71.1072437777604,"maxY":-35.9150789469114,"minX":-72.1072173141368,"minY":-36.5435646560953},"result":"Parral, Maule, Chile"}