{"bounds":{"maxX":-70.3147720581043,"maxY":-35.370054770273,"minX":-71.5875437124986,"minY":-36.1783338667857},"result":"San Clemente, Maule, Chile"}