{"bounds":{"maxX":-70.3675339480298,"maxY":-34.8877257033169,"minX":-71.3895742837437,"minY":-35.5600947984827},"result":"Curicó, Maule, Chile"}