{"bounds":{"maxX":-71.5822748494224,"maxY":-35.4177237283655,"minX":-72.1877084931488,"minY":-35.8571305979524},"result":"San Javier, Maule, Chile"}