{"bounds":{"maxX":-72.4270858783361,"maxY":-35.7557660962801,"minX":-72.7859004973139,"minY":-36.0469523248497},"result":"Pelluhue, Maule, Chile"}