{"bounds":{"maxX":-71.0056112814467,"maxY":-35.7039362064202,"minX":-71.796645333414,"minY":-36.2256291019142},"result":"Linares, Maule, Chile"}