{"bounds":{"maxX":-72.336394307857,"maxY":-36.0646013028122,"minX":-72.7068385408031,"minY":-36.4262471684256},"result":"Quirihue, Ñuble, Chile"}