{"bounds":{"maxX":-71.0879380552068,"maxY":-36.4797494058002,"minX":-72.0371881708782,"minY":-36.9806278439473},"result":"Coihueco, Ñuble, Chile"}