{"bounds":{"maxX":-71.5936905785049,"maxY":-36.8635018524876,"minX":-72.3855963047398,"minY":-37.0665674567903},"result":"Pemuco, Ñuble, Chile"}