{"bounds":{"maxX":-72.2775055112075,"maxY":-36.2226946176691,"minX":-72.5520418897643,"minY":-36.4841781266641},"result":"Ninhue, Ñuble, Chile"}