{"bounds":{"maxX":-72.6049120765123,"maxY":-36.3814444659799,"minX":-72.8858369874606,"minY":-36.6253662640278},"result":"Coelemu, Ñuble, Chile"}