{"bounds":{"maxX":-71.6291298460166,"maxY":-36.1237634064603,"minX":-72.1392270807088,"minY":-36.4413230750357},"result":"Ñiquén, Ñuble, Chile"}