{"bounds":{"maxX":-71.5868017388524,"maxY":-36.8265662950611,"minX":-72.2172677592805,"minY":-37.0146699454462},"result":"El Carmen, Ñuble, Chile"}