{"bounds":{"maxX":-71.8578672446117,"maxY":-36.506643618602,"minX":-72.4653869235318,"minY":-36.7504537878594},"result":"Chillán, Ñuble, Chile"}