{"bounds":{"maxX":-72.3531502687085,"maxY":-36.4351573015758,"minX":-72.6288179408609,"minY":-36.6443752304389},"result":"Portezuelo, Ñuble, Chile"}