{"bounds":{"maxX":-72.0574511739342,"maxY":-36.6141019686228,"minX":-72.3591255740865,"minY":-36.7481766773121},"result":"Chillán Viejo, Ñuble, Chile"}