{"bounds":{"maxX":-72.0493791946986,"maxY":-36.3495262916689,"minX":-72.3953698293046,"minY":-36.6228017779267},"result":"San Nicolás, Ñuble, Chile"}