{"bounds":{"maxX":-72.5045363260658,"maxY":-36.3271618848222,"minX":-72.8712142247395,"minY":-36.5374490095095},"result":"Treguaco, Ñuble, Chile"}