{"bounds":{"maxX":-71.7547608081909,"maxY":-36.7282971122649,"minX":-72.202250826259,"minY":-36.9033721222672},"result":"San Ignacio, Ñuble, Chile"}