{"bounds":{"maxX":-72.3759684700784,"maxY":-36.6748428407415,"minX":-72.6578037322271,"minY":-36.9394771063273},"result":"Quillón, Ñuble, Chile"}