{"bounds":{"maxX":-71.0961894015946,"maxY":-36.6659826463532,"minX":-72.0036478183056,"minY":-37.1160712233451},"result":"Pinto, Ñuble, Chile"}