{"bounds":{"maxX":-71.666065096599,"maxY":-36.2071616336713,"minX":-72.3343129081332,"minY":-36.5522578306207},"result":"San Carlos, Ñuble, Chile"}