{"bounds":{"maxX":-71.0073034065892,"maxY":-36.0055596826365,"minX":-72.8858369874606,"minY":-37.1976210320087},"result":"Ñuble, Chile"}