{"bounds":{"maxX":-72.4486320614751,"maxY":-36.5452728970419,"minX":-72.7352866072753,"minY":-36.7337579767917},"result":"Ránquil, Ñuble, Chile"}