{"bounds":{"maxX":-72.5526398546317,"maxY":-36.0055596826365,"minX":-72.8526420357946,"minY":-36.3597830574611},"result":"Cobquecura, Ñuble, Chile"}