{"bounds":{"maxX":-72.1081073384009,"maxY":-36.6881941477049,"minX":-72.4520599033049,"minY":-36.9013816118541},"result":"Bulnes, Ñuble, Chile"}