{"bounds":{"maxX":-71.5397709776254,"maxY":-36.9972511786274,"minX":-72.2800055669879,"minY":-37.1976210320087},"result":"Yungay, Ñuble, Chile"}