{"bounds":{"maxX":-71.0073034065892,"maxY":-36.3617869576172,"minX":-71.6894535100651,"minY":-36.94693792857},"result":"San Fabián, Ñuble, Chile"}