{"bounds":{"maxX":-70.6365869797384,"maxY":-33.4767247434799,"minX":-70.6712347202859,"minY":-33.5187860193115},"result":"San Miguel, Región Metropolitana de Santiago, Chile"}