{"bounds":{"maxX":-70.6310197208966,"maxY":-33.5173666643717,"minX":-70.6547082824816,"minY":-33.5581657640888},"result":"San Ramón, Región Metropolitana de Santiago, Chile"}