{"bounds":{"maxX":-70.5768087728527,"maxY":-33.4700284158209,"minX":-70.6230004712619,"minY":-33.5101571886012},"result":"Macul, Región Metropolitana de Santiago, Chile"}