{"bounds":{"maxX":-70.6712307839184,"maxY":-33.5022988599189,"minX":-70.7067399647298,"minY":-33.5389739808797},"result":"Lo Espejo, Región Metropolitana de Santiago, Chile"}