{"bounds":{"maxX":-70.6715885475551,"maxY":-33.4439340520953,"minX":-70.7338054207134,"minY":-33.4826646806192},"result":"Estación Central, Región Metropolitana de Santiago, Chile"}