{"bounds":{"maxX":-70.6550673416334,"maxY":-33.4761165467101,"minX":-70.6954091209014,"minY":-33.510690174838},"result":"Pedro Aguirre Cerda, Región Metropolitana de Santiago, Chile"}