{"bounds":{"maxX":-69.7700324393714,"maxY":-33.051443508876,"minX":-70.5004584462302,"minY":-34.2906693832901},"result":"San José de Maipo, Región Metropolitana de Santiago, Chile"}