{"bounds":{"maxX":-70.5825152069631,"maxY":-33.3281377412654,"minX":-70.6933583377906,"minY":-33.4050170032766},"result":"Huechuraba, Región Metropolitana de Santiago, Chile"}