{"bounds":{"maxX":-70.5822416616725,"maxY":-33.4091655371229,"minX":-70.6362427449376,"minY":-33.4498360120379},"result":"Providencia, Región Metropolitana de Santiago, Chile"}