{"bounds":{"maxX":-70.6568246481742,"maxY":-33.3658883099349,"minX":-70.7003164218976,"minY":-33.4030000003077},"result":"Conchalí, Región Metropolitana de Santiago, Chile"}