{"bounds":{"maxX":-70.9196507961918,"maxY":-33.1978761154978,"minX":-71.2772616064351,"minY":-33.56064934992},"result":"Curacaví, Región Metropolitana de Santiago, Chile"}