{"bounds":{"maxX":-71.013352166175,"maxY":-33.40433209995,"minX":-71.3531687129307,"minY":-33.5887942052899},"result":"María Pinto, Región Metropolitana de Santiago, Chile"}