{"bounds":{"maxX":-70.4281144842926,"maxY":-33.3642775110721,"minX":-70.6078729854558,"minY":-33.4866051389542},"result":"Las Condes, Región Metropolitana de Santiago, Chile"}