{"bounds":{"maxX":-70.7914459505893,"maxY":-33.6315085699778,"minX":-71.0261731369848,"minY":-33.7240507000792},"result":"Talagante, Región Metropolitana de Santiago, Chile"}