{"bounds":{"maxX":-70.5175732819557,"maxY":-33.3509655397728,"minX":-70.6145423575793,"minY":-33.4092829842185},"result":"Vitacura, Región Metropolitana de Santiago, Chile"}