{"bounds":{"maxX":-70.6715339719365,"maxY":-33.4080180256362,"minX":-70.7224993260934,"minY":-33.4487954268732},"result":"Quinta Normal, Región Metropolitana de Santiago, Chile"}