{"bounds":{"maxX":-70.4378812627492,"maxY":-33.4590138013777,"minX":-70.5900032821329,"minY":-33.5125335375185},"result":"Peñalolén, Región Metropolitana de Santiago, Chile"}