{"bounds":{"maxX":-70.8205121824335,"maxY":-33.6965350751198,"minX":-71.1205640879746,"minY":-33.8039744344394},"result":"Isla de Maipo, Región Metropolitana de Santiago, Chile"}