{"bounds":{"maxX":-70.7786641581936,"maxY":-33.5094208690976,"minX":-70.9487801248633,"minY":-33.5986172845663},"result":"Padre Hurtado, Región Metropolitana de Santiago, Chile"}