{"bounds":{"maxX":-70.7159199988616,"maxY":-33.4117466480954,"minX":-70.7825713442476,"minY":-33.438934170654},"result":"Cerro Navia, Región Metropolitana de Santiago, Chile"}