{"bounds":{"maxX":-70.3999556495968,"maxY":-33.5787451638691,"minX":-70.6558872778403,"minY":-33.86274137891},"result":"Pirque, Región Metropolitana de Santiago, Chile"}