{"bounds":{"maxX":-70.653197461125,"maxY":-33.5391183521537,"minX":-70.7007980096738,"minY":-33.5851640518593},"result":"El Bosque, Región Metropolitana de Santiago, Chile"}