{"bounds":{"maxX":-70.7055758804881,"maxY":-33.4362525944447,"minX":-70.7408043651679,"minY":-33.458445037217},"result":"Lo Prado, Región Metropolitana de Santiago, Chile"}