{"bounds":{"maxX":-70.6245788309097,"maxY":-33.426795034308,"minX":-70.6918479817945,"minY":-33.4769573627673},"result":"Santiago, Región Metropolitana de Santiago, Chile"}