{"bounds":{"maxX":-70.9352033578375,"maxY":-33.5390157296729,"minX":-71.4379197801429,"minY":-33.9641294619607},"result":"Melipilla, Región Metropolitana de Santiago, Chile"}