{"bounds":{"maxX":-69.7700324393714,"maxY":-32.9224790326458,"minX":-71.7144918247351,"minY":-34.2906693832901},"result":"Región Metropolitana de Santiago, Chile"}