{"bounds":{"maxX":-70.4751523170492,"maxY":-33.7370560703531,"minX":-70.9889631201863,"minY":-33.9886690032433},"result":"Paine, Región Metropolitana de Santiago, Chile"}