{"bounds":{"maxX":-70.9358437108101,"maxY":-33.6136893421438,"minX":-71.1170991518782,"minY":-33.7218228968746},"result":"El Monte, Región Metropolitana de Santiago, Chile"}