{"bounds":{"maxX":-71.2070465126807,"maxY":-33.7639683740315,"minX":-71.7144918247351,"minY":-34.0757101364401},"result":"San Pedro, Región Metropolitana de Santiago, Chile"}