{"bounds":{"maxX":-70.6855560928403,"maxY":-33.4733610912244,"minX":-70.7400871433943,"minY":-33.5312397332915},"result":"Cerrillos, Región Metropolitana de Santiago, Chile"}