{"bounds":{"maxX":-70.6286915573931,"maxY":-33.5239149490601,"minX":-70.8260793966184,"minY":-33.7542499531693},"result":"San Bernardo, Región Metropolitana de Santiago, Chile"}