{"bounds":{"maxX":-70.7188339028045,"maxY":-33.1695801695958,"minX":-71.0038565369862,"minY":-33.3852884964584},"result":"Lampa, Región Metropolitana de Santiago, Chile"}