{"bounds":{"maxX":-70.6112656373656,"maxY":-33.4699567069247,"minX":-70.6419469893696,"minY":-33.5187275903151},"result":"San Joaquín, Región Metropolitana de Santiago, Chile"}