{"bounds":{"maxX":-70.6133871137305,"maxY":-33.6428396042665,"minX":-70.8951420663138,"minY":-33.8346255963006},"result":"Buin, Región Metropolitana de Santiago, Chile"}