{"bounds":{"maxX":-70.437144831321,"maxY":-33.4920406361701,"minX":-70.6148579309421,"minY":-33.5705664066445},"result":"La Florida, Región Metropolitana de Santiago, Chile"}