{"bounds":{"maxX":-70.7918007730751,"maxY":-33.8899096987321,"minX":-71.3007831629181,"minY":-34.1841958895102},"result":"Alhué, Región Metropolitana de Santiago, Chile"}