{"bounds":{"maxX":-70.6059654739804,"maxY":-33.5549554726893,"minX":-70.6706152131032,"minY":-33.6277944729759},"result":"La Pintana, Región Metropolitana de Santiago, Chile"}