{"bounds":{"maxX":-70.3735731666723,"maxY":-32.942121005941,"minX":-70.7922750981851,"minY":-33.3427550069197},"result":"Colina, Región Metropolitana de Santiago, Chile"}