{"bounds":{"maxX":-70.7354939442657,"maxY":-33.5691534356857,"minX":-70.8671446944931,"minY":-33.6685699253433},"result":"Calera de Tango, Región Metropolitana de Santiago, Chile"}