{"bounds":{"maxX":-70.6800882038242,"maxY":-33.318833325809,"minX":-70.8036407184217,"minY":-33.393672237116},"result":"Quilicura, Región Metropolitana de Santiago, Chile"}