{"bounds":{"maxX":-70.6097494267001,"maxY":-33.5130587044365,"minX":-70.6365948926523,"minY":-33.5598084071767},"result":"La Granja, Región Metropolitana de Santiago, Chile"}