{"bounds":{"maxX":-70.6446213759985,"maxY":-33.5106984869358,"minX":-70.6857643212892,"minY":-33.5487919895835},"result":"La Cisterna, Región Metropolitana de Santiago, Chile"}