{"bounds":{"maxX":-70.7312893083968,"maxY":-33.3504762031033,"minX":-70.9551358199024,"minY":-33.4883174631926},"result":"Pudahuel, Región Metropolitana de Santiago, Chile"}