{"bounds":{"maxX":-70.4859798883372,"maxY":-33.5429057498547,"minX":-70.6312339401457,"minY":-33.6442901958982},"result":"Puente Alto, Región Metropolitana de Santiago, Chile"}