{"bounds":{"maxX":-70.6501659011343,"maxY":-33.3989547439988,"minX":-70.6818597115377,"minY":-33.4328307929364},"result":"Independencia, Región Metropolitana de Santiago, Chile"}