{"bounds":{"maxX":-70.5708106624558,"maxY":-33.4337755024,"minX":-70.6315265909918,"minY":-33.4749313606832},"result":"Ñuñoa, Región Metropolitana de Santiago, Chile"}