{"bounds":{"maxX":-70.6105612380052,"maxY":-33.3765363843356,"minX":-70.6582893801798,"minY":-33.436385326541},"result":"Recoleta, Región Metropolitana de Santiago, Chile"}