{"bounds":{"maxX":-70.819085645173,"maxY":-33.5752657423276,"minX":-70.9678588619576,"minY":-33.6464164243883},"result":"Peñaflor, Región Metropolitana de Santiago, Chile"}