{"bounds":{"maxX":-70.7185227913761,"maxY":-33.4582106643122,"minX":-70.9301792228814,"minY":-33.5719610585642},"result":"Maipú, Región Metropolitana de Santiago, Chile"}