{"bounds":{"maxX":-70.1758680010426,"maxY":-33.0964267447743,"minX":-70.6045551940228,"minY":-33.491608654122},"result":"Lo Barnechea, Región Metropolitana de Santiago, Chile"}