{"bounds":{"maxX":-70.7199991696093,"maxY":-32.9224790326458,"minX":-71.029324014843,"minY":-33.2288608282048},"result":"Tiltil, Región Metropolitana de Santiago, Chile"}