{"bounds":{"maxX":-70.4869467635494,"maxY":-33.4289254429429,"minX":-70.5844375805277,"minY":-33.4654474312429},"result":"La Reina, Región Metropolitana de Santiago, Chile"}