{"bounds":{"maxX":-70.6711827309716,"maxY":-33.3813440305719,"minX":-70.7825241162987,"minY":-33.4268686804792},"result":"Renca, Región Metropolitana de Santiago, Chile"}