{"bounds":{"maxX":-68.4386650385976,"maxY":-19.6003532690887,"minX":-69.4774368824458,"minY":-21.2849831336499},"result":"Pica, Tarapacá, Chile"}