{"bounds":{"maxX":-68.907778753239,"maxY":-18.9664002898929,"minX":-70.2866034553952,"minY":-20.1027496252047},"result":"Huara, Tarapacá, Chile"}