{"bounds":{"maxX":-69.142158450614,"maxY":-19.0679526087194,"minX":-69.758331584601,"minY":-19.6991230007571},"result":"Camiña, Tarapacá, Chile"}