{"bounds":{"maxX":-69.890697080566,"maxY":-20.0494257200886,"minX":-70.1243814836019,"minY":-20.3512105156241},"result":"Alto Hospicio, Tarapacá, Chile"}