{"bounds":{"maxX":-68.8596797298749,"maxY":-19.9130457073107,"minX":-70.1079301687648,"minY":-21.6314762736486},"result":"Pozo Almonte, Tarapacá, Chile"}