{"bounds":{"maxX":-68.4033335366411,"maxY":-18.9358483273296,"minX":-70.2866034553952,"minY":-21.6314762736486},"result":"Tarapacá, Chile"}