{"bounds":{"maxX":-69.8244796216763,"maxY":-20.0604890938038,"minX":-70.2070158683375,"minY":-21.4385224129947},"result":"Iquique, Tarapacá, Chile"}