{"bounds":{"maxX":-68.4033335366411,"maxY":-18.9358483273296,"minX":-69.3169192159271,"minY":-19.7516026699131},"result":"Colchane, Tarapacá, Chile"}