{"bounds":{"maxX":-71.0844440116331,"maxY":-32.749289553344,"minX":-71.2372823915717,"minY":-32.8673383507915},"result":"Calera, Valparaíso, Chile"}