{"bounds":{"maxX":-70.406659788935,"maxY":-32.8252152513711,"minX":-70.6772215102171,"minY":-33.0893251856085},"result":"Calle Larga, Valparaíso, Chile"}