{"bounds":{"maxX":-71.585828485715,"maxY":-33.3718195609823,"minX":-71.7089809123697,"minY":-33.4474992964412},"result":"El Quisco, Valparaíso, Chile"}