{"bounds":{"maxX":-71.2565236666348,"maxY":-33.0113674214703,"minX":-71.3999417868517,"minY":-33.1219150286278},"result":"Villa Alemana, Valparaíso, Chile"}