{"bounds":{"maxX":-70.7282350616097,"maxY":-32.7988798039873,"minX":-71.0401949465609,"minY":-32.9801676912023},"result":"Llaillay, Valparaíso, Chile"}