{"bounds":{"maxX":-69.9774937266247,"maxY":-32.7249834691551,"minX":-70.6591589811507,"minY":-33.1875572901002},"result":"Los Andes, Valparaíso, Chile"}