{"bounds":{"maxX":-71.0008588878003,"maxY":-32.9546498152077,"minX":-71.2225347112536,"minY":-33.1212136130525},"result":"Olmué, Valparaíso, Chile"}