{"bounds":{"maxX":-71.1195146154999,"maxY":-32.8302570155889,"minX":-71.4522057207325,"minY":-32.9740497056442},"result":"Quillota, Valparaíso, Chile"}