{"bounds":{"maxX":-71.3882674050751,"maxY":-32.7648942304731,"minX":-71.5485082584676,"minY":-32.9255580221159},"result":"Quintero, Valparaíso, Chile"}