{"bounds":{"maxX":-70.4457554726486,"maxY":-32.0207907906154,"minX":-71.1826440510689,"minY":-32.3859757555998},"result":"Petorca, Valparaíso, Chile"}