{"bounds":{"maxX":-71.2011218564581,"maxY":-32.4950988773361,"minX":-71.4764495183967,"minY":-32.6836136939051},"result":"Zapallar, Valparaíso, Chile"}