{"bounds":{"maxX":-70.7366723300884,"maxY":-32.7312575524158,"minX":-70.9484408533711,"minY":-32.8345028436727},"result":"Panquehue, Valparaíso, Chile"}