{"bounds":{"maxX":-71.0332771898385,"maxY":-32.5909212730088,"minX":-71.3188685785441,"minY":-32.8117829383405},"result":"Nogales, Valparaíso, Chile"}