{"bounds":{"maxX":-70.5136645603541,"maxY":-32.5693800963913,"minX":-70.6840356641143,"minY":-32.8138277179728},"result":"Santa María, Valparaíso, Chile"}