{"bounds":{"maxX":-71.2773850810401,"maxY":-32.6268088072062,"minX":-71.5099360559543,"minY":-32.8627456700895},"result":"Puchuncaví, Valparaíso, Chile"}