{"bounds":{"maxX":-70.8193989967554,"maxY":-32.6072444805852,"minX":-71.0551207881387,"minY":-32.8286563293491},"result":"Catemu, Valparaíso, Chile"}