{"bounds":{"maxX":-70.6342970378496,"maxY":-32.6454115110163,"minX":-70.8709935590264,"minY":-32.8255590374697},"result":"San Felipe, Valparaíso, Chile"}