{"bounds":{"maxX":-71.1453837445967,"maxY":-32.7790399016133,"minX":-71.3303316780566,"minY":-32.8701561939993},"result":"La Cruz, Valparaíso, Chile"}