{"bounds":{"maxX":-70.4113454502153,"maxY":-32.2127792001605,"minX":-71.1433509726573,"minY":-32.6345860254161},"result":"Cabildo, Valparaíso, Chile"}