{"bounds":{"maxX":-71.1953946237147,"maxY":-33.1551722087051,"minX":-71.7075312893312,"minY":-33.4892919610406},"result":"Casablanca, Valparaíso, Chile"}