{"bounds":{"maxX":-71.477429972963,"maxY":-33.428987064831,"minX":-71.6810538746522,"minY":-33.5322504787124},"result":"El Tabo, Valparaíso, Chile"}