{"bounds":{"maxX":-78.7689697065066,"maxY":-33.6054610938487,"minX":-80.8370290201943,"minY":-33.8151135411088},"result":"Juan Fernández, Valparaíso, Chile"}