{"bounds":{"maxX":-71.3834197942172,"maxY":-33.0182514336784,"minX":-71.745258156032,"minY":-33.2138288003505},"result":"Valparaíso, Valparaíso, Chile"}