{"bounds":{"maxX":-70.992502314256,"maxY":-33.0015622698416,"minX":-71.4933863233597,"minY":-33.2465304088315},"result":"Quilpué, Valparaíso, Chile"}