{"bounds":{"maxX":-70.2163895922436,"maxY":-32.2538055711175,"minX":-70.8428537170913,"minY":-32.7146601249074},"result":"Putaendo, Valparaíso, Chile"}