{"bounds":{"maxX":-71.3290489988265,"maxY":-33.5522012633441,"minX":-71.6309448566914,"minY":-33.7879942211866},"result":"San Antonio, Valparaíso, Chile"}