{"bounds":{"maxX":-71.2839634021006,"maxY":-32.4021795924944,"minX":-71.4629020785679,"minY":-32.5534549822952},"result":"Papudo, Valparaíso, Chile"}