{"bounds":{"maxX":-71.046025704831,"maxY":-32.1273118144351,"minX":-71.5436787255247,"minY":-32.6211304044177},"result":"La Ligua, Valparaíso, Chile"}