{"bounds":{"maxX":-70.648998245844,"maxY":-32.7869217829399,"minX":-70.7678568206699,"minY":-32.9606820427031},"result":"Rinconada, Valparaíso, Chile"}