{"bounds":{"maxX":-71.4426689385193,"maxY":-32.945581324666,"minX":-71.5870103230811,"minY":-33.1048673914496},"result":"Viña del Mar, Valparaíso, Chile"}