{"bounds":{"maxX":-71.5360364891983,"maxY":-33.6163372793447,"minX":-71.8432492601844,"minY":-33.9560642971082},"result":"Santo Domingo, Valparaíso, Chile"}