{"bounds":{"maxX":-71.3280322217164,"maxY":-33.4517621113465,"minX":-71.6272948689099,"minY":-33.6096459773018},"result":"Cartagena, Valparaíso, Chile"}