{"bounds":{"maxX":-71.1334616244387,"maxY":-32.9175965643541,"minX":-71.4578011663562,"minY":-33.1616274886101},"result":"Limache, Valparaíso, Chile"}