{"bounds":{"maxX":-70.1230744634719,"maxY":-32.4302187855078,"minX":-70.6137060249369,"minY":-32.9100161199342},"result":"San Esteban, Valparaíso, Chile"}