{"bounds":{"maxX":-109.23416568122,"maxY":-27.0517195842554,"minX":-109.461812041131,"minY":-27.19972800711},"result":"Isla de Pascua, Valparaíso, Chile"}