{"bounds":{"maxX":-69.9774937266247,"maxY":-27.0517195842554,"minX":-109.461812041131,"minY":-33.9560642971082},"result":"Valparaíso, Chile"}