{"bounds":{"maxX":-71.3871354314035,"maxY":-32.9158155054448,"minX":-71.5552395018401,"minY":-33.0025695466269},"result":"Concón, Valparaíso, Chile"}