{"bounds":{"maxX":-71.5223383291012,"maxY":-33.2519417821356,"minX":-71.6980363341452,"minY":-33.4032757175916},"result":"Algarrobo, Valparaíso, Chile"}