{"bounds":{"maxX":-71.0020612844487,"maxY":-32.7358252876092,"minX":-71.1801072084589,"minY":-32.9906379002046},"result":"Hijuelas, Valparaíso, Chile"}