{"bounds":{"maxX":-66.4182143557487,"maxY":-17.4988525744058,"minX":-109.461812041131,"minY":-55.9800016877806},"result":"Chile"}