{"bounds":{"maxX":15.238479,"maxY":8.16904700000003,"minX":11.17373,"minY":5.97682000000003},"result":"Adamaoua, Cameroon"}