{"bounds":{"maxX":13.2373,"maxY":6.25780000000003,"minX":10.23489,"minY":3.13085000000001},"result":"Centre, Cameroon"}