{"bounds":{"maxX":16.192115,"maxY":6.11836,"minX":12.4956,"minY":1.65254800000002},"result":"East, Cameroon"}