{"bounds":{"maxX":15.68369,"maxY":13.07806,"minX":13.32653,"minY":9.92449300000004},"result":"Far North, Cameroon"}