{"bounds":{"maxX":11.0943,"maxY":5.35495000000003,"minX":9.33041700000001,"minY":3.26180500000004},"result":"Littoral, Cameroon"}