{"bounds":{"maxX":11.19602,"maxY":7.16169100000002,"minX":9.59213,"minY":5.72484000000003},"result":"North-West, Cameroon"}