{"bounds":{"maxX":15.5982,"maxY":10.2285,"minX":12.225501,"minY":7.00563},"result":"North, Cameroon"}