{"bounds":{"maxX":11.31397,"maxY":6.2638,"minX":9.85835000000003,"minY":4.89814000000001},"result":"West, Cameroon"}