{"bounds":{"maxX":13.67137,"maxY":3.67025000000001,"minX":9.81736100000001,"minY":2.15883300000002},"result":"South, Cameroon"}