{"bounds":{"maxX":10.11714,"maxY":6.53078500000004,"minX":8.49874900000003,"minY":3.91994300000005},"result":"South-West, Cameroon"}