{"bounds":{"maxX":16.192115,"maxY":13.07806,"minX":8.49874900000003,"minY":1.65254800000002},"result":"Cameroon"}