{"bounds":{"maxX":126.076194,"maxY":53.389,"minX":97.184722,"minY":37.406135},"result":"Nei Mongol, China"}