{"bounds":{"maxX":114.545372,"maxY":40.735759,"minX":110.242959,"minY":34.58921},"result":"Shanxi, China"}