{"bounds":{"maxX":118.06746,"maxY":40.24478,"minX":116.7044,"minY":38.569481},"result":"Tianjin, China"}