{"bounds":{"maxX":119.848297,"maxY":42.617614,"minX":113.458701,"minY":36.046104},"result":"Hebei, China"}