{"bounds":{"maxX":117.499198,"maxY":41.059284,"minX":115.41381,"minY":39.441978},"result":"Beijing, China"}