{"bounds":{"maxX":125.916023,"maxY":43.490643,"minX":118.834763,"minY":38.720971},"result":"Liaoning, China"}