{"bounds":{"maxX":131.308395,"maxY":46.301369,"minX":121.625268,"minY":40.866162},"result":"Jilin, China"}