{"bounds":{"maxX":134.773925,"maxY":53.560861,"minX":121.184319,"minY":43.407699},"result":"Heilongjiang, China"}