{"bounds":{"maxX":121.929307,"maxY":35.126355,"minX":116.356353,"minY":30.767186},"result":"Jiangsu, China"}