{"bounds":{"maxX":118.481011,"maxY":30.080642,"minX":113.572769,"minY":24.487042},"result":"Jiangxi, China"}