{"bounds":{"maxX":122.94236,"maxY":31.182732,"minX":118.028268,"minY":27.142916},"result":"Zhejiang, China"}