{"bounds":{"maxX":119.644439,"maxY":34.655105,"minX":114.875145,"minY":29.395222},"result":"Anhui, China"}