{"bounds":{"maxX":122.834586,"maxY":31.869306,"minX":120.858161,"minY":30.55514},"result":"Shanghai, China"}