{"bounds":{"maxX":120.83764,"maxY":28.312607,"minX":115.848281,"minY":23.53125},"result":"Fujian, China"}