{"bounds":{"maxX":122.706253,"maxY":38.400139,"minX":114.797746,"minY":34.386337},"result":"Shandong, China"}