{"bounds":{"maxX":114.254356,"maxY":30.128124,"minX":108.783111,"minY":24.634199},"result":"Hunan, China"}