{"bounds":{"maxX":117.310691,"maxY":25.520297,"minX":109.664018,"minY":20.22264},"result":"Guangdong, China"}