{"bounds":{"maxX":116.647011,"maxY":36.374184,"minX":110.355521,"minY":31.384458},"result":"Henan, China"}