{"bounds":{"maxX":112.745003,"maxY":20.162639,"minX":108.612083,"minY":15.78},"result":"Hainan, China"}