{"bounds":{"maxX":116.129707,"maxY":33.277545,"minX":108.369614,"minY":29.035283},"result":"Hubei, China"}