{"bounds":{"maxX":112.0569,"maxY":26.387574,"minX":104.480773,"minY":20.90236},"result":"Guangxi, China"}