{"bounds":{"maxX":110.19107,"maxY":32.212044,"minX":105.286744,"minY":28.164128},"result":"Chongqing, China"}