{"bounds":{"maxX":106.194214,"maxY":29.251119,"minX":97.534088,"minY":21.139432},"result":"Yunnan, China"}