{"bounds":{"maxX":99.112312,"maxY":36.483509,"minX":78.405006804972,"minY":27.27605},"result":"Xizang, China"}