{"bounds":{"maxX":109.586158,"maxY":29.219163,"minX":103.599716,"minY":24.62358},"result":"Guizhou, China"}