{"bounds":{"maxX":108.534234,"maxY":34.316605,"minX":97.356209,"minY":26.047632},"result":"Sichuan, China"}