{"bounds":{"maxX":103.061188,"maxY":39.339597,"minX":89.401451,"minY":31.542525},"result":"Qinghai, China"}