{"bounds":{"maxX":108.715416,"maxY":42.773926,"minX":92.764161,"minY":32.593971},"result":"Gansu, China"}