{"bounds":{"maxX":111.246795,"maxY":39.582336,"minX":105.48906,"minY":31.712747},"result":"Shaanxi, China"}