{"bounds":{"maxX":96.365165,"maxY":49.175006,"minX":73.557702,"minY":34.448613},"result":"Xinjiang, China"}