{"bounds":{"maxX":107.651748,"maxY":39.380879,"minX":104.279076,"minY":35.235354},"result":"Ningxia, China"}