{"bounds":{"maxX":134.773925,"maxY":53.560861,"minX":73.557702,"minY":15.78},"result":"China"}