{"bounds":{"maxX":-74.4615019999999,"maxY":11.107918,"minX":-75.280603,"minY":10.250501},"result":"Atlántico, Colombia"}