{"bounds":{"maxX":-69.436568,"maxY":7.09255100000001,"minX":-72.422386,"minY":5.98850100000004},"result":"Arauca, Colombia"}