{"bounds":{"maxX":-73.896203,"maxY":9.00013899999999,"minX":-77.1490019999999,"minY":5.45680100000004},"result":"Antioquia, Colombia"}