{"bounds":{"maxX":-69.368347,"maxY":0.160300000000007,"minX":-74.389846,"minY":-4.22842900000001},"result":"Amazonas, Colombia"}