{"bounds":{"maxX":-71.983085,"maxY":7.02750000000003,"minX":-74.6743,"minY":4.64200099999999},"result":"Boyacá, Colombia"}