{"bounds":{"maxX":-73.768998,"maxY":10.801529,"minX":-75.7976379999999,"minY":6.97920200000004},"result":"Bolívar, Colombia"}