{"bounds":{"maxX":-71.4768979999999,"maxY":2.94409999999999,"minX":-76.312896,"minY":-0.730098999999996},"result":"Caquetá, Colombia"}