{"bounds":{"maxX":-74.648904,"maxY":5.76260000000002,"minX":-75.954803,"minY":4.80270100000001},"result":"Caldas, Colombia"}