{"bounds":{"maxX":-72.886628,"maxY":10.8524,"minX":-74.156325,"minY":7.68390200000005},"result":"Cesar, Colombia"}