{"bounds":{"maxX":-69.8478699999999,"maxY":6.25050100000004,"minX":-73.0989,"minY":4.24669900000004},"result":"Casanare, Colombia"}