{"bounds":{"maxX":-76.017304,"maxY":8.65819400000004,"minX":-78.313752,"minY":3.99280100000004},"result":"Chocó, Colombia"}