{"bounds":{"maxX":-74.7731029999999,"maxY":9.44847300000004,"minX":-76.518898,"minY":7.35160000000002},"result":"Córdoba, Colombia"}