{"bounds":{"maxX":-75.8478019999999,"maxY":3.31630100000001,"minX":-78.02388,"minY":0.953701000000024},"result":"Cauca, Colombia"}