{"bounds":{"maxX":-73.0677029999999,"maxY":5.82060200000001,"minX":-74.918999,"minY":3.66560100000004},"result":"Cundinamarca, Colombia"}