{"bounds":{"maxX":-74.010101,"maxY":4.81620000000004,"minX":-74.516898,"minY":3.65460000000002},"result":"Distrito Capital de Bogotá, Colombia"}