{"bounds":{"maxX":-69.997803,"maxY":2.87759900000003,"minX":-73.660201,"minY":0.626401000000044},"result":"Guaviare, Colombia"}