{"bounds":{"maxX":-66.87033,"maxY":4.00482600000004,"minX":-70.8598019999999,"minY":1.16687100000001},"result":"Guainía, Colombia"}