{"bounds":{"maxX":-74.5054019999999,"maxY":3.80790100000002,"minX":-76.6401979999999,"minY":1.493471},"result":"Huila, Colombia"}