{"bounds":{"maxX":-70.999862,"maxY":12.458472,"minX":-73.684601,"minY":10.3812},"result":"La Guajira, Colombia"}