{"bounds":{"maxX":-73.602097,"maxY":11.349584,"minX":-74.956902,"minY":8.95679900000005},"result":"Magdalena, Colombia"}