{"bounds":{"maxX":-71.074898,"maxY":4.86020100000002,"minX":-74.920602,"minY":1.570401},"result":"Meta, Colombia"}