{"bounds":{"maxX":-76.8163,"maxY":2.68347199999999,"minX":-79.010971,"minY":0.349649999999997},"result":"Nariño, Colombia"}