{"bounds":{"maxX":-72.032157,"maxY":9.29610100000002,"minX":-73.652801,"minY":6.85740100000004},"result":"Norte de Santander, Colombia"}