{"bounds":{"maxX":-73.883652,"maxY":1.42720100000003,"minX":-77.1605,"minY":-0.581018999999969},"result":"Putumayo, Colombia"}