{"bounds":{"maxX":-75.373498,"maxY":4.70870000000002,"minX":-75.902,"minY":4.13580100000001},"result":"Quindío, Colombia"}