{"bounds":{"maxX":-75.4110029999999,"maxY":5.47513700000002,"minX":-76.359498,"minY":4.67020100000002},"result":"Risaralda, Colombia"}