{"bounds":{"maxX":-72.5160979999999,"maxY":8.12055500000002,"minX":-74.551787,"minY":5.70570100000003},"result":"Santander, Colombia"}