{"bounds":{"maxX":-74.5588,"maxY":10.120102,"minX":-75.876526,"minY":8.24949900000001},"result":"Sucre, Colombia"}