{"bounds":{"maxX":-74.503303,"maxY":5.29150000000004,"minX":-76.100699,"minY":2.96690000000001},"result":"Tolima, Colombia"}