{"bounds":{"maxX":-67.421113,"maxY":6.30198899999999,"minX":-71.0978009999999,"minY":2.7081},"result":"Vichada, Colombia"}