{"bounds":{"maxX":-75.7098,"maxY":4.97589900000003,"minX":-81.617081,"minY":2.93180599999999},"result":"Valle del Cauca, Colombia"}