{"bounds":{"maxX":-69.11193,"maxY":2.03280100000001,"minX":-72.042199,"minY":-1.26220000000001},"result":"Vaupés, Colombia"}