{"bounds":{"maxX":-66.87033,"maxY":15.912475,"minX":-81.84153,"minY":-4.22842900000001},"result":"Colombia"}