{"bounds":{"maxX":-109.198196,"maxY":10.320418,"minX":-109.234863,"minY":10.285139},"result":"Clipperton Island"}