{"bounds":{"maxX":-84.155716,"maxY":11.079315,"minX":-85.432021,"minY":9.83049700000004},"result":"Alajuela, Costa Rica"}