{"bounds":{"maxX":-83.311652,"maxY":10.149781,"minX":-84.084801,"minY":9.49981500000001},"result":"Cartago, Costa Rica"}