{"bounds":{"maxX":-84.770844,"maxY":11.216918,"minX":-85.9606939999999,"minY":9.73263800000001},"result":"Guanacaste, Costa Rica"}