{"bounds":{"maxX":-83.7065739999999,"maxY":10.789644,"minX":-84.195533,"minY":9.96264600000001},"result":"Heredia, Costa Rica"}