{"bounds":{"maxX":-82.5532219999999,"maxY":10.938904,"minX":-83.942437,"minY":9.06200000000001},"result":"Limón, Costa Rica"}