{"bounds":{"maxX":-82.711806,"maxY":10.33608,"minX":-87.094865,"minY":5.49902700000001},"result":"Puntarenas, Costa Rica"}