{"bounds":{"maxX":-83.425171,"maxY":10.191658,"minX":-84.5928269999999,"minY":9.07995900000003},"result":"San José, Costa Rica"}