{"bounds":{"maxX":-82.5532219999999,"maxY":11.216918,"minX":-87.094865,"minY":5.49902700000001},"result":"Costa Rica"}