{"bounds":{"maxX":155.543244,"maxY":-16.111886,"minX":149.132218,"minY":-23.2525},"result":"Coral Sea Islands"}