{"bounds":{"maxX":-80.4681930541991,"maxY":23.2776393890382,"minX":-82.2418060302733,"minY":21.9584712982178},"result":"Matanzas, Cuba"}