{"bounds":{"maxX":-76.9493026733398,"maxY":22.3806953430176,"minX":-79.4570846557617,"minY":20.3526363372803},"result":"Camagüey, Cuba"}