{"bounds":{"maxX":-82.0783416734293,"maxY":23.1809730529642,"minX":-82.5252685542002,"minY":22.9365288285427},"result":"La Habana, Cuba"}