{"bounds":{"maxX":-80.0279159545898,"maxY":22.5494251251221,"minX":-80.9369888305663,"minY":21.8198852539063},"result":"Cienfuegos, Cuba"}