{"bounds":{"maxX":-83.0804138183594,"maxY":22.927360534668,"minX":-84.9523620605468,"minY":21.7543067932129},"result":"Pinar del Río, Cuba"}