{"bounds":{"maxX":-78.9287872314453,"maxY":22.4695835113526,"minX":-80.1120834350585,"minY":21.451250076294},"result":"Sancti Spíritus, Cuba"}