{"bounds":{"maxX":-77.9609756469726,"maxY":22.6293048858643,"minX":-79.1256942749023,"minY":21.3701381683351},"result":"Ciego de Ávila, Cuba"}