{"bounds":{"maxX":-78.78125,"maxY":23.1551380157472,"minX":-80.7585830688476,"minY":21.9052181243896},"result":"Villa Clara, Cuba"}