{"bounds":{"maxX":-74.1311874389648,"maxY":20.5829162597656,"minX":-75.4450149536133,"minY":19.880693435669},"result":"Guantánamo, Cuba"}