{"bounds":{"maxX":-76.1668014526367,"maxY":20.7545318603516,"minX":-77.7412490844726,"minY":19.8259716033935},"result":"Granma, Cuba"}