{"bounds":{"maxX":-75.3242111206055,"maxY":20.5934886932372,"minX":-77.0113220214844,"minY":19.8784713745117},"result":"Santiago de Cuba, Cuba"}