{"bounds":{"maxX":-82.428355453219,"maxY":23.0931949615479,"minX":-84.8898620605468,"minY":21.8931941986085},"result":"Artemisa, Cuba"}