{"bounds":{"maxX":-76.3005142211913,"maxY":21.4576396942139,"minX":-77.8088760375975,"minY":20.5034694671631},"result":"Las Tunas, Cuba"}