{"bounds":{"maxX":-81.5805277276675,"maxY":23.1876392364503,"minX":-82.4618169125521,"minY":22.4620838165284},"result":"Mayabeque, Cuba"}