{"bounds":{"maxX":-74.7256927490234,"maxY":21.2404174804688,"minX":-76.7146377563477,"minY":20.4130992889404},"result":"Holguín, Cuba"}