{"bounds":{"maxX":-81.0351409912109,"maxY":22.335138320923,"minX":-83.6415252685546,"minY":21.4376392364502},"result":"Isla de la Juventud, Cuba"}