{"bounds":{"maxX":-74.1311874389648,"maxY":23.2776393890382,"minX":-84.9523620605468,"minY":19.8259716033935},"result":"Cuba"}