{"bounds":{"maxX":-22.656805,"maxY":17.205415,"minX":-25.3618039999999,"minY":15.973472},"result":"Ilhas de Barlavento, Cape Verde"}