{"bounds":{"maxX":-23.087361,"maxY":15.357362,"minX":-24.749585,"minY":14.801805},"result":"Ilhas de Sotavento, Cape Verde"}