{"bounds":{"maxX":-22.656805,"maxY":17.205415,"minX":-25.3618039999999,"minY":14.801805},"result":"Cape Verde"}