{"bounds":{"maxX":-68.639306,"maxY":12.392918,"minX":-69.162637,"minY":11.978195},"result":"Curaçao"}