{"bounds":{"maxX":105.713334,"maxY":-10.41207,"minX":105.532777,"minY":-10.570833},"result":"Christmas Island"}