{"bounds":{"maxX":32.789162,"maxY":35.174684,"minX":32.269307,"minY":34.659863},"result":"Pafos, Cyprus"}