{"bounds":{"maxX":33.591493,"maxY":35.289917,"minX":32.550693,"minY":34.879688},"result":"Lefkosia, Cyprus"}