{"bounds":{"maxX":33.666077,"maxY":35.404304,"minX":32.919305,"minY":35.228271},"result":"Keryneia, Cyprus"}