{"bounds":{"maxX":34.607919,"maxY":35.712081,"minX":33.54248,"minY":34.955695},"result":"Ammochostos, Cyprus"}