{"bounds":{"maxX":33.273049,"maxY":34.960876,"minX":32.634438,"minY":34.562084},"result":"Lemesos, Cyprus"}