{"bounds":{"maxX":33.897362,"maxY":35.112495,"minX":33.125831,"minY":34.707917},"result":"Larnaka, Cyprus"}