{"bounds":{"maxX":34.607919,"maxY":35.712081,"minX":32.269307,"minY":34.562084},"result":"Cyprus"}