{"bounds":{"maxX":15.600921,"maxY":49.616558,"minX":13.55437,"minY":48.540841},"result":"Jihočeský kraj, Czech Republic"}