{"bounds":{"maxX":17.691232,"maxY":49.634499,"minX":15.535947,"minY":48.586116},"result":"Jihomoravský kraj, Czech Republic"}