{"bounds":{"maxX":16.583671,"maxY":50.79182,"minX":15.113697,"minY":50.034087},"result":"Královéhradecký kraj, Czech Republic"}