{"bounds":{"maxX":13.309329,"maxY":50.458622,"minX":12.08586,"minY":49.889611},"result":"Karlovarský kraj, Czech Republic"}