{"bounds":{"maxX":15.599377,"maxY":51.032021,"minX":14.348133,"minY":50.472241},"result":"Liberecký kraj, Czech Republic"}