{"bounds":{"maxX":17.918569,"maxY":50.444931,"minX":16.715772,"minY":49.294111},"result":"Olomoucký kraj, Czech Republic"}