{"bounds":{"maxX":14.718535,"maxY":50.171314,"minX":14.250945,"minY":49.939973},"result":"Hlavní město Praha, Czech Republic"}