{"bounds":{"maxX":16.869901,"maxY":50.208115,"minX":15.373278,"minY":49.578481},"result":"Pardubický kraj, Czech Republic"}