{"bounds":{"maxX":13.839948,"maxY":50.10227,"minX":12.40289,"minY":48.940162},"result":"Plzeňský kraj, Czech Republic"}