{"bounds":{"maxX":15.531368,"maxY":50.615944,"minX":13.420882,"minY":49.504516},"result":"Středočeský kraj, Czech Republic"}