{"bounds":{"maxX":14.65381,"maxY":51.054381,"minX":12.986342,"minY":50.072152},"result":"Ústecký kraj, Czech Republic"}