{"bounds":{"maxX":16.413896,"maxY":49.859403,"minX":14.902042,"minY":48.936886},"result":"Kraj VysoÄina, Czech Republic"}