{"bounds":{"maxX":18.443853,"maxY":49.56484,"minX":17.140526,"minY":48.859985},"result":"Zlínský kraj, Czech Republic"}