{"bounds":{"maxX":18.862533,"maxY":51.054381,"minX":12.08586,"minY":48.540841},"result":"Czech Republic"}