{"bounds":{"maxX":10.821430207,"maxY":49.7562599190002,"minX":10.0696134570001,"minY":49.4100532540002},"result":"Neustadt an der Aisch-Bad Windsheim (Kreisfreie Stadt), Bayern, Germany"}