{"bounds":{"maxX":11.1702404020002,"maxY":48.2366752630001,"minX":10.7483348840001,"minY":47.8423042300002},"result":"Landsberg am Lech, Bayern, Germany"}