{"bounds":{"maxX":11.426517486,"maxY":49.3916206350002,"minX":10.8372344970001,"minY":48.9979286200001},"result":"Roth, Bayern, Germany"}