{"bounds":{"maxX":11.6104326240001,"maxY":50.5232391370001,"minX":11.1685419070002,"minY":50.1592712400001},"result":"Kronach, Bayern, Germany"}