{"bounds":{"maxX":11.3885599350001,"maxY":49.8745613100001,"minX":10.912807464,"minY":49.5873260510002},"result":"Forchheim, Bayern, Germany"}