{"bounds":{"maxX":10.9599981300001,"maxY":49.9270248410002,"minX":10.8264236460001,"minY":49.842468262},"result":"Bamberg (Kreisfreie Stadt), Bayern, Germany"}