{"bounds":{"maxX":14.746819,"maxY":53.556289,"minX":11.27338,"minY":51.361782},"result":"Brandenburg, Germany"}