{"bounds":{"maxX":10.0424137120002,"maxY":48.4684982310001,"minX":9.84379100799998,"minY":48.3068771370001},"result":"Ulm (Stadtkreis), Baden-Württemberg, Germany"}