{"bounds":{"maxX":13.8405471100001,"maxY":48.9833717350002,"minX":13.1678791600001,"minY":48.6819572460001},"result":"Freyung-Grafenau, Bayern, Germany"}