{"bounds":{"maxX":12.88581276,"maxY":48.1638984680001,"minX":12.323605538,"minY":47.6256566430002},"result":"Traunstein, Bayern, Germany"}