{"bounds":{"maxX":11.0416221620002,"maxY":49.0359839980001,"minX":10.4014799190001,"minY":48.5840835570001},"result":"Donau-Ries, Bayern, Germany"}