{"bounds":{"maxX":11.7194347390001,"maxY":48.8143348690001,"minX":11.295108795,"minY":48.4061660770002},"result":"Pfaffenhofen an der Ilm, Bayern, Germany"}