{"bounds":{"maxX":11.0868691260001,"maxY":49.3758850030001,"minX":10.9703560330001,"minY":49.2934341440001},"result":"Schwabach (Kreisfreie Stadt), Bayern, Germany"}