{"bounds":{"maxX":12.1523942950001,"maxY":47.887111665,"minX":12.0543136590002,"minY":47.8104591380002},"result":"Rosenheim (Kreisfreie Stadt), Bayern, Germany"}