{"bounds":{"maxX":10.5312957760001,"maxY":50.231659,"minX":9.95713806200013,"minY":49.8207244880001},"result":"Schweinfurt, Bayern, Germany"}