{"bounds":{"maxX":13.8383250300001,"maxY":48.7614898680001,"minX":12.9835596080002,"minY":48.2935166870001},"result":"Passau, Bayern, Germany"}