{"bounds":{"maxX":11.4219014150001,"maxY":47.7370300300001,"minX":10.8697942350001,"minY":47.3939299800001},"result":"Garmisch-Partenkirchen, Bayern, Germany"}