{"bounds":{"maxX":12.2551374440001,"maxY":48.4548149120001,"minX":11.731387139,"minY":48.1403656},"result":"Erding, Bayern, Germany"}