{"bounds":{"maxX":8.02233886800008,"maxY":47.8803100590002,"minX":7.51159000000007,"minY":47.5323600770001},"result":"Lörrach, Baden-Württemberg, Germany"}