{"bounds":{"maxX":10.8790283210001,"maxY":50.2365150460002,"minX":10.3203449240001,"minY":49.8552474980001},"result":"Haßberge, Bayern, Germany"}