{"bounds":{"maxX":10.0772924420002,"maxY":47.6865425110001,"minX":9.60207748400018,"minY":47.529160347},"result":"Lindau (Bodensee), Bayern, Germany"}