{"bounds":{"maxX":11.2017793650001,"maxY":50.396793367,"minX":10.7124547950002,"minY":50.087963105},"result":"Coburg, Bayern, Germany"}