{"bounds":{"maxX":13.1664571760001,"maxY":52.8105278020001,"minX":12.142261505,"minY":52.438949586},"result":"Havelland, Brandenburg, Germany"}