{"bounds":{"maxX":9.47933950100014,"maxY":49.9384117130002,"minX":9.033335685,"minY":49.5735588080001},"result":"Miltenberg, Bayern, Germany"}