{"bounds":{"maxX":10.50507,"maxY":49.78756,"minX":7.510741,"minY":47.536522},"result":"Baden-Württemberg, Germany"}