{"bounds":{"maxX":8.89417266900011,"maxY":49.2900276190002,"minX":8.25832843700016,"minY":48.8137016290001},"result":"Karlsruhe, Baden-Württemberg, Germany"}