{"bounds":{"maxX":10.24140644,"maxY":48.6317558290001,"minX":9.48915767699998,"minY":48.1422882080001},"result":"Alb-Donau-Kreis, Baden-Württemberg, Germany"}