{"bounds":{"maxX":11.053398132,"maxY":49.645584106,"minX":10.9162540430002,"minY":49.5331306460001},"result":"Erlangen (Kreisfreie Stadt), Bayern, Germany"}