{"bounds":{"maxX":11.914553642,"maxY":49.4970588690001,"minX":11.776674271,"minY":49.4118270870001},"result":"Amberg (Kreisfreie Stadt), Bayern, Germany"}