{"bounds":{"maxX":10.7857332240001,"maxY":48.7575988780001,"minX":10.2543802250001,"minY":48.4710998530001},"result":"Dillingen an der Donau, Bayern, Germany"}