{"bounds":{"maxX":11.9425172800001,"maxY":49.4324798580002,"minX":11.1859884270001,"minY":48.9514961240002},"result":"Neumarkt in der Oberpfalz, Bayern, Germany"}