{"bounds":{"maxX":12.1196422580001,"maxY":49.7609252930002,"minX":11.5108537680002,"minY":49.214405061},"result":"Amberg-Sulzbach, Bayern, Germany"}