{"bounds":{"maxX":8.66306114200012,"maxY":48.1869506830001,"minX":8.10905647200008,"minY":47.7704925530001},"result":"Schwarzwald-Baar-Kreis, Baden-Württemberg, Germany"}