{"bounds":{"maxX":13.520946838,"maxY":53.2510871890001,"minX":12.824965476,"minY":52.5867424010001},"result":"Oberhavel, Brandenburg, Germany"}