{"bounds":{"maxX":9.60382270800017,"maxY":49.6635093680001,"minX":8.93796634700004,"minY":49.2717132570001},"result":"Neckar-Odenwald-Kreis, Baden-Württemberg, Germany"}