{"bounds":{"maxX":10.1396656040001,"maxY":48.00554657,"minX":9.37658977500007,"minY":47.601776124},"result":"Ravensburg, Baden-Württemberg, Germany"}