{"bounds":{"maxX":12.418849945,"maxY":53.3714180000001,"minX":11.265731811,"minY":52.875728608},"result":"Prignitz, Brandenburg, Germany"}