{"bounds":{"maxX":14.7590961450001,"maxY":52.5027656560001,"minX":13.6669798910002,"minY":51.9998741160001},"result":"Oder-Spree, Brandenburg, Germany"}