{"bounds":{"maxX":10.377875327,"maxY":47.7778778090001,"minX":10.233105659,"minY":47.6951370240001},"result":"Kempten (Allgäu), Bayern, Germany"}