{"bounds":{"maxX":8.75324630800009,"maxY":48.410984039,"minX":8.27683258100018,"minY":48.0711402890001},"result":"Rottweil, Baden-Württemberg, Germany"}