{"bounds":{"maxX":7.93031406400013,"maxY":48.0711135870002,"minX":7.66245508200006,"minY":47.9033927930001},"result":"Freiburg im Breisgau (Stadtkreis), Baden-Württemberg, Germany"}