{"bounds":{"maxX":9.59644126900002,"maxY":48.7882041920001,"minX":9.08506679500016,"minY":48.5123023990001},"result":"Esslingen, Baden-Württemberg, Germany"}