{"bounds":{"maxX":11.311675072,"maxY":48.6201705930001,"minX":10.86423397,"minY":48.1916427620001},"result":"Aichach-Friedberg, Bayern, Germany"}