{"bounds":{"maxX":10.9134016040001,"maxY":49.4920349130001,"minX":10.0947418220001,"minY":48.9767608650001},"result":"Ansbach, Bayern, Germany"}