{"bounds":{"maxX":12.0193357470001,"maxY":48.6166458130001,"minX":11.4925127030001,"minY":48.2658882140001},"result":"Freising, Bayern, Germany"}