{"bounds":{"maxX":11.2801330010001,"maxY":49.54033273,"minX":10.9879280000002,"minY":49.3319360000002},"result":"Nürnberg (Kreisfreie Stadt), Bayern, Germany"}