{"bounds":{"maxX":10.263993263,"maxY":49.395160676,"minX":9.49740886700005,"minY":48.9175950010002},"result":"Schwäbisch Hall, Baden-Württemberg, Germany"}