{"bounds":{"maxX":9.74434375800013,"maxY":47.8822479250001,"minX":9.06563000000017,"minY":47.5811500550001},"result":"Bodenseekreis, Baden-Württemberg, Germany"}