{"bounds":{"maxX":12.9673814770002,"maxY":48.799430848,"minX":12.3243217460001,"minY":48.480407714},"result":"Dingolfing-Landau, Bayern, Germany"}