{"bounds":{"maxX":10.1439545540001,"maxY":48.2940025340002,"minX":9.26029586800013,"minY":47.945964813},"result":"Biberach, Baden-Württemberg, Germany"}