{"bounds":{"maxX":12.1621274960002,"maxY":50.4247283930001,"minX":11.528595924,"minY":50.1032485970001},"result":"Hof, Bayern, Germany"}