{"bounds":{"maxX":10.014397622,"maxY":49.8456306450001,"minX":9.87167358400006,"minY":49.7101631420001},"result":"Würzburg (Kreisfreie Stadt), Bayern, Germany"}