{"bounds":{"maxX":10.9870443350002,"maxY":48.6385803230001,"minX":10.4948244100001,"minY":48.0892143250002},"result":"Augsburg, Bayern, Germany"}