{"bounds":{"maxX":9.63879585199999,"maxY":48.6056480400001,"minX":9.11459600000012,"minY":48.1948814390001},"result":"Reutlingen, Baden-Württemberg, Germany"}