{"bounds":{"maxX":8.80860899400017,"maxY":48.9299621580001,"minX":8.6285142910001,"minY":48.8188743590002},"result":"Pforzheim (Stadtkreis), Baden-Württemberg, Germany"}