{"bounds":{"maxX":12.2848691950001,"maxY":48.5955085750001,"minX":12.0193748470002,"minY":48.508171082},"result":"Landshut (Kreisfreie Stadt), Bayern, Germany"}