{"bounds":{"maxX":13.1709079740001,"maxY":49.4906234740001,"minX":12.304268468,"minY":49.0283203140002},"result":"Cham, Bayern, Germany"}