{"bounds":{"maxX":9.10091402000012,"maxY":49.6259460000002,"minX":8.450484276,"minY":49.1743888860001},"result":"Rhein-Neckar-Kreis, Baden-Württemberg, Germany"}