{"bounds":{"maxX":10.9542760840001,"maxY":48.111450195,"minX":10.3260355,"minY":47.5145148080002},"result":"Ostallgäu, Bayern, Germany"}