{"bounds":{"maxX":14.6014308920001,"maxY":52.398231508,"minX":14.394834519,"minY":52.2527732840001},"result":"Frankfurt (Oder) (Kreisfreie Stadt), Brandenburg, Germany"}