{"bounds":{"maxX":9.22177314800007,"maxY":48.4175109870001,"minX":8.64775466999998,"minY":48.1035652160002},"result":"Zollernalbkreis, Baden-Württemberg, Germany"}