{"bounds":{"maxX":8.18758201600014,"maxY":48.2604980470001,"minX":7.57698154399998,"minY":48.0081558220001},"result":"Emmendingen, Baden-Württemberg, Germany"}