{"bounds":{"maxX":8.82892863700016,"maxY":48.6394577020001,"minX":8.20672704900011,"minY":48.3011169430001},"result":"Freudenstadt, Baden-Württemberg, Germany"}