{"bounds":{"maxX":9.17417240200007,"maxY":48.867675781,"minX":8.74646473000013,"minY":48.4990119930001},"result":"Böblingen, Baden-Württemberg, Germany"}