{"bounds":{"maxX":12.100284576,"maxY":48.2268562330001,"minX":11.7477779390001,"minY":47.9312324530002},"result":"Ebersberg, Bayern, Germany"}