{"bounds":{"maxX":9.8603963860001,"maxY":49.4300880430001,"minX":9.34337711400013,"minY":49.0951957700001},"result":"Hohenlohekreis, Baden-Württemberg, Germany"}