{"bounds":{"maxX":10.7078933710002,"maxY":48.2296524040001,"minX":10.076755524,"minY":47.8200874320002},"result":"Unterallgäu, Bayern, Germany"}