{"bounds":{"maxX":11.3636188510001,"maxY":50.2186851510001,"minX":10.8746204370001,"minY":49.9895629890001},"result":"Lichtenfels, Bayern, Germany"}