{"bounds":{"maxX":13.1770024930001,"maxY":48.6170692450002,"minX":12.4705600740001,"minY":48.207109721},"result":"Rottal-Inn, Bayern, Germany"}