{"bounds":{"maxX":12.5092201230001,"maxY":48.7726287850001,"minX":11.8779258730002,"minY":48.3163452160002},"result":"Landshut, Bayern, Germany"}