{"bounds":{"maxX":12.9410502490001,"maxY":48.3584251400001,"minX":12.5422010430001,"minY":48.0444259640001},"result":"Altötting, Bayern, Germany"}