{"bounds":{"maxX":14.1566400520001,"maxY":53.058536529,"minX":13.396406173,"minY":52.544235309},"result":"Barnim, Brandenburg, Germany"}