{"bounds":{"maxX":11.6725374570001,"maxY":49.9769514760001,"minX":11.474773,"minY":49.8882560000001},"result":"Bayreuth (Kreisfreie Stadt), Bayern, Germany"}