{"bounds":{"maxX":13.165897369,"maxY":52.5147628780002,"minX":12.8884105690001,"minY":52.3429412840001},"result":"Potsdam (Kreisfreie Stadt), Brandenburg, Germany"}