{"bounds":{"maxX":8.94818019800005,"maxY":49.0621871960001,"minX":8.46736526500007,"minY":48.774303436},"result":"Enzkreis, Baden-Württemberg, Germany"}