{"bounds":{"maxX":11.972087861,"maxY":50.3549919130001,"minX":11.807403564,"minY":50.2671127330001},"result":"Hof (Kreisfreie Stadt), Bayern, Germany"}