{"bounds":{"maxX":14.639785767,"maxY":52.9032936100001,"minX":13.6105432500001,"minY":52.3739700310002},"result":"Märkisch-Oderland, Brandenburg, Germany"}