{"bounds":{"maxX":11.744114876,"maxY":49.0876998910001,"minX":10.9368391040001,"minY":48.7327651970001},"result":"Eichstätt, Bayern, Germany"}