{"bounds":{"maxX":9.41623553600004,"maxY":49.0645979960001,"minX":8.87603187700017,"minY":48.75359726},"result":"Ludwigsburg, Baden-Württemberg, Germany"}