{"bounds":{"maxX":9.30053997100003,"maxY":49.2106361390001,"minX":9.04450607400008,"minY":49.0931320490001},"result":"Heilbronn (Stadtkreis), Baden-Württemberg, Germany"}