{"bounds":{"maxX":14.450565338,"maxY":53.5587005620001,"minX":13.2396516800001,"minY":52.9315490730002},"result":"Uckermark, Brandenburg, Germany"}