{"bounds":{"maxX":11.02620983,"maxY":49.549060823,"minX":10.6803684240002,"minY":49.3546220010001},"result":"Fürth, Bayern, Germany"}