{"bounds":{"maxX":10.046161651,"maxY":50.2434730340001,"minX":9.37279987300019,"minY":49.7445411680002},"result":"Main-Spessart, Bayern, Germany"}