{"bounds":{"maxX":10.3151645660001,"maxY":48.4774856570001,"minX":9.96727561900019,"minY":48.1084594720001},"result":"Neu-Ulm, Bayern, Germany"}