{"bounds":{"maxX":12.59377861,"maxY":49.8559417730001,"minX":11.6287422250001,"minY":49.5039062500001},"result":"Neustadt an der Waldnaab, Bayern, Germany"}