{"bounds":{"maxX":9.60491275900006,"maxY":48.2890586850002,"minX":8.93421649800001,"minY":47.8172225950001},"result":"Sigmaringen, Baden-Württemberg, Germany"}