{"bounds":{"maxX":13.768409,"maxY":52.675022,"minX":13.093819,"minY":52.338722},"result":"Berlin, Germany"}