{"bounds":{"maxX":9.99452304800019,"maxY":48.781360626,"minX":9.48412227599999,"minY":48.5172920220001},"result":"Göppingen, Baden-Württemberg, Germany"}