{"bounds":{"maxX":14.765702247,"maxY":52.0577430730001,"minX":14.0729465480001,"minY":51.505020142},"result":"Spree-Neiße, Brandenburg, Germany"}