{"bounds":{"maxX":11.7230828880001,"maxY":48.2481460580001,"minX":11.3608770000001,"minY":48.0615539900001},"result":"München (Kreisfreie Stadt), Bayern, Germany"}