{"bounds":{"maxX":11.680056571,"maxY":47.980224611,"minX":11.262696267,"minY":47.4955174470001},"result":"Bad Tölz-Wolfratshausen, Bayern, Germany"}