{"bounds":{"maxX":11.8520851130001,"maxY":48.2995452890001,"minX":11.3851881020001,"minY":47.9170913700002},"result":"München, Bayern, Germany"}