{"bounds":{"maxX":14.4534139640002,"maxY":52.42062378,"minX":13.4109535220001,"minY":51.7270431520001},"result":"Dahme-Spreewald, Brandenburg, Germany"}