{"bounds":{"maxX":13.835958,"maxY":50.56501,"minX":8.99512000000004,"minY":47.269858},"result":"Bayern, Germany"}