{"bounds":{"maxX":9.31538772500005,"maxY":48.8672485360001,"minX":9.03899383600003,"minY":48.6899566660001},"result":"Stuttgart (Stadtkreis), Baden-Württemberg, Germany"}