{"bounds":{"maxX":11.28864479,"maxY":49.7882000000001,"minX":10.5918273930002,"minY":49.471573},"result":"Erlangen-Höchstadt, Bayern, Germany"}