{"bounds":{"maxX":8.43998908899999,"maxY":48.1165962210002,"minX":7.52967500000005,"minY":47.7435760000001},"result":"Breisgau-Hochschwarzwald, Baden-Württemberg, Germany"}