{"bounds":{"maxX":14.217510224,"maxY":51.903106689,"minX":13.6341362,"minY":51.359020234},"result":"Oberspreewald-Lausitz, Brandenburg, Germany"}