{"bounds":{"maxX":13.416651727,"maxY":49.1735801700002,"minX":12.7637615200002,"minY":48.8572235110001},"result":"Regen, Bayern, Germany"}