{"bounds":{"maxX":10.1891622540001,"maxY":49.9536209100001,"minX":9.62544918100014,"minY":49.4803657540001},"result":"Würzburg, Bayern, Germany"}