{"bounds":{"maxX":10.554962158,"maxY":49.9159164430001,"minX":10.0399837490001,"minY":49.5898780830001},"result":"Kitzingen, Bayern, Germany"}