{"bounds":{"maxX":8.79412841900006,"maxY":49.459587098,"minX":8.57312488499997,"minY":49.3521614080001},"result":"Heidelberg (Stadtkreis), Baden-Württemberg, Germany"}