{"bounds":{"maxX":13.056772971,"maxY":53.321300507,"minX":12.120214,"minY":52.6813130000002},"result":"Ostprignitz-Ruppin, Brandenburg, Germany"}