{"bounds":{"maxX":12.5512561800002,"maxY":50.0613594060001,"minX":11.8038410000001,"minY":49.7538146970002},"result":"Tirschenreuth, Bayern, Germany"}