{"bounds":{"maxX":12.2665081020002,"maxY":49.7119331370002,"minX":12.0639705660001,"minY":49.6145935060002},"result":"Weiden in der Oberpfalz (Kreisfreie Stadt), Bayern, Germany"}