{"bounds":{"maxX":12.6094722750001,"maxY":48.4296760570001,"minX":12.0321416850001,"minY":48.0830802930001},"result":"Mühldorf am Inn, Bayern, Germany"}