{"bounds":{"maxX":10.5116128920001,"maxY":47.8636398320002,"minX":9.95832443200004,"minY":47.2706971340002},"result":"Oberallgäu, Bayern, Germany"}