{"bounds":{"maxX":12.724256516,"maxY":52.5409089720001,"minX":12.3611800210001,"minY":52.3115120500001},"result":"Brandenburg an der Havel (Kreisfreie Stadt), Brandenburg, Germany"}