{"bounds":{"maxX":8.62898254300012,"maxY":47.8591117860001,"minX":7.87105607900008,"minY":47.543785095},"result":"Waldshut, Baden-Württemberg, Germany"}