{"bounds":{"maxX":12.6442499150001,"maxY":49.5940093990001,"minX":11.9342203140001,"minY":49.1433525090001},"result":"Schwandorf, Bayern, Germany"}