{"bounds":{"maxX":8.32940960000019,"maxY":48.7185821540002,"minX":7.68071317700003,"minY":48.158226014},"result":"Ortenaukreis, Baden-Württemberg, Germany"}