{"bounds":{"maxX":11.5033426280001,"maxY":48.8231201180002,"minX":11.2559156410001,"minY":48.6842651370001},"result":"Ingolstadt (Kreisfreie Stadt), Bayern, Germany"}