{"bounds":{"maxX":10.5995388040001,"maxY":48.5277442940002,"minX":10.1338958740002,"minY":48.15984726},"result":"Günzburg, Bayern, Germany"}