{"bounds":{"maxX":12.8914270400002,"maxY":49.1194572450001,"minX":12.127661706,"minY":48.7156028750001},"result":"Straubing-Bogen, Bayern, Germany"}