{"bounds":{"maxX":11.903901,"maxY":50.1335983290001,"minX":11.184315681,"minY":49.6138763430001},"result":"Bayreuth, Bayern, Germany"}