{"bounds":{"maxX":13.0996441280001,"maxY":47.9998741140002,"minX":12.6965209390002,"minY":47.4639224480001},"result":"Berchtesgadener Land, Bayern, Germany"}