{"bounds":{"maxX":14.5013427740001,"maxY":51.8641624440002,"minX":14.2733068470002,"minY":51.6923179620002},"result":"Cottbus (Kreisfreie Stadt), Brandenburg, Germany"}