{"bounds":{"maxX":9.48663425400002,"maxY":50.1494178780001,"minX":8.97592544500003,"minY":49.8324699410001},"result":"Aschaffenburg, Bayern, Germany"}