{"bounds":{"maxX":11.6015491760001,"maxY":49.716033937,"minX":11.128309249,"minY":49.3022193910002},"result":"Nürnberger Land, Bayern, Germany"}