{"bounds":{"maxX":10.2339763640001,"maxY":48.0474586490001,"minX":10.0846729280001,"minY":47.9156494150001},"result":"Memmingen (Kreisfreie Stadt), Bayern, Germany"}