{"bounds":{"maxX":9.52749061600008,"maxY":49.3879051210002,"minX":8.81606101900007,"minY":49.0201873780001},"result":"Heilbronn, Baden-Württemberg, Germany"}