{"bounds":{"maxX":11.4340686800001,"maxY":48.136219025,"minX":11.1292266850001,"minY":47.8207473750001},"result":"Starnberg, Bayern, Germany"}