{"bounds":{"maxX":12.4912738790001,"maxY":49.2241516130002,"minX":11.6590652470001,"minY":48.7649230960001},"result":"Regensburg, Bayern, Germany"}