{"bounds":{"maxX":13.8902750010001,"maxY":51.8861427320002,"minX":13.0510253910001,"minY":51.3676147460001},"result":"Elbe-Elster, Brandenburg, Germany"}