{"bounds":{"maxX":13.7604694360001,"maxY":52.674915313,"minX":13.08833313,"minY":52.3382415770002},"result":"Berlin (Kreisfreie Stadt), Berlin, Germany"}