{"bounds":{"maxX":11.4299535740001,"maxY":47.9548454290001,"minX":10.7158880240001,"minY":47.6158714300001},"result":"Weilheim-Schongau, Bayern, Germany"}