{"bounds":{"maxX":8.54289817900013,"maxY":49.091533661,"minX":8.27734851800011,"minY":48.9403610220001},"result":"Karlsruhe (Stadtkreis), Baden-Württemberg, Germany"}