{"bounds":{"maxX":9.23779582900016,"maxY":50.0213050840002,"minX":9.08008384600004,"minY":49.9206161510002},"result":"Aschaffenburg (Kreisfreie Stadt), Bayern, Germany"}