{"bounds":{"maxX":8.59006862400008,"maxY":49.5904769910001,"minX":8.41413974800003,"minY":49.41104126},"result":"Mannheim (Stadtkreis), Baden-Württemberg, Germany"}