{"bounds":{"maxX":11.2529401770001,"maxY":50.0953483590002,"minX":10.4399118420001,"minY":49.7211227430001},"result":"Bamberg, Bayern, Germany"}