{"bounds":{"maxX":8.48519802000004,"maxY":48.98091507,"minX":7.95963096700007,"minY":48.5866966250001},"result":"Rastatt, Baden-Württemberg, Germany"}