{"bounds":{"maxX":10.457000732,"maxY":49.0601730340001,"minX":9.61906147000019,"minY":48.7146530080001},"result":"Ostalbkreis, Baden-Württemberg, Germany"}