{"bounds":{"maxX":12.444031716,"maxY":48.1431770320001,"minX":11.8018417360001,"minY":47.6014551940001},"result":"Rosenheim, Bayern, Germany"}