{"bounds":{"maxX":11.582058907,"maxY":48.4555358890001,"minX":11.1103076930001,"minY":48.2016370000001},"result":"Dachau, Bayern, Germany"}