{"bounds":{"maxX":10.661123275,"maxY":47.921794893,"minX":10.5512275700002,"minY":47.84091568},"result":"Kaufbeuren (Kreisfreie Stadt), Bayern, Germany"}