{"bounds":{"maxX":11.0286285070001,"maxY":49.5410957340001,"minX":10.8931636810001,"minY":49.4365388840001},"result":"Fürth (Kreisfreie Stadt), Bayern, Germany"}