{"bounds":{"maxX":9.76884937300014,"maxY":49.0790023810001,"minX":9.23732757700014,"minY":48.7405052190001},"result":"Rems-Murr-Kreis, Baden-Württemberg, Germany"}