{"bounds":{"maxX":10.9592056280001,"maxY":48.4586524970001,"minX":10.7641897200001,"minY":48.2582321180001},"result":"Augsburg (Kreisfreie Stadt), Bayern, Germany"}