{"bounds":{"maxX":13.5142879490002,"maxY":48.6133918760001,"minX":13.302792549,"minY":48.5404510500001},"result":"Passau (Kreisfreie Stadt), Bayern, Germany"}