{"bounds":{"maxX":13.2590217580001,"maxY":48.9570350660002,"minX":12.749635696,"minY":48.5989036570001},"result":"Deggendorf, Bayern, Germany"}