{"bounds":{"maxX":10.6113901140001,"maxY":50.5642242430002,"minX":9.92038249900014,"minY":50.1967050600002},"result":"Rhön-Grabfeld, Bayern, Germany"}