{"bounds":{"maxX":11.0638704300002,"maxY":50.2986373900001,"minX":10.8873901370001,"minY":50.2216949470001},"result":"Coburg (Kreisfreie Stadt), Bayern, Germany"}