{"bounds":{"maxX":11.689868926,"maxY":50.2685050980001,"minX":11.2507925040002,"minY":49.934627533},"result":"Kulmbach, Bayern, Germany"}