{"bounds":{"maxX":11.2013645180002,"maxY":49.2049713140001,"minX":10.6306570010001,"minY":48.859355926},"result":"Weißenburg-Gunzenhausen, Bayern, Germany"}