{"bounds":{"maxX":12.1337728500001,"maxY":49.0236320490001,"minX":11.5949172970001,"minY":48.5787467970001},"result":"Kelheim, Bayern, Germany"}