{"bounds":{"maxX":9.02136993500011,"maxY":48.1846237190001,"minX":8.58675003100007,"minY":47.8462448130002},"result":"Tuttlingen, Baden-Württemberg, Germany"}