{"bounds":{"maxX":9.21783700000015,"maxY":47.9422454840001,"minX":8.61386871400009,"minY":47.6484222410002},"result":"Konstanz, Baden-Württemberg, Germany"}