{"bounds":{"maxX":10.4957485200001,"maxY":48.7871704110001,"minX":9.920063019,"minY":48.5000989990001},"result":"Heidenheim, Baden-Württemberg, Germany"}