{"bounds":{"maxX":9.17575550100008,"maxY":48.6228141790002,"minX":8.75571060099998,"minY":48.3627700810001},"result":"Tübingen, Baden-Württemberg, Germany"}