{"bounds":{"maxX":10.3701343540001,"maxY":50.4258689870002,"minX":9.62315100400014,"minY":50.0296859740001},"result":"Bad Kissingen, Bayern, Germany"}