{"bounds":{"maxX":11.4124504730001,"maxY":48.2966842650001,"minX":10.9928722380002,"minY":48.0878028870001},"result":"Fürstenfeldbruck, Bayern, Germany"}