{"bounds":{"maxX":11.4574203490002,"maxY":48.8229331970001,"minX":10.947425843,"minY":48.4636764530001},"result":"Neuburg-Schrobenhausen, Bayern, Germany"}