{"bounds":{"maxX":12.275353432,"maxY":50.2276649470001,"minX":11.7891139990001,"minY":49.9707260140001},"result":"Wunsiedel im Fichtelgebirge, Bayern, Germany"}