{"bounds":{"maxX":10.2746486670001,"maxY":50.0948410030001,"minX":10.1653280250001,"minY":50.0094337460001},"result":"Schweinfurt (Kreisfreie Stadt), Bayern, Germany"}