{"bounds":{"maxX":8.87863063800017,"maxY":48.838569642,"minX":8.37936705400011,"minY":48.4838752740001},"result":"Calw, Baden-Württemberg, Germany"}