{"bounds":{"maxX":13.652954102,"maxY":52.4116210930001,"minX":12.7697801600001,"minY":51.7909393310002},"result":"Teltow-Fläming, Brandenburg, Germany"}