{"bounds":{"maxX":10.6567592630001,"maxY":49.3436813360001,"minX":10.4542789450002,"minY":49.23369217},"result":"Ansbach (Kreisfreie Stadt), Bayern, Germany"}