{"bounds":{"maxX":12.0624036780001,"maxY":47.9425849920001,"minX":11.5979671470001,"minY":47.581740125},"result":"Miesbach, Bayern, Germany"}