{"bounds":{"maxX":10.161698342,"maxY":49.791477204,"minX":9.29567337100008,"minY":49.352199555},"result":"Main-Tauber-Kreis, Baden-Württemberg, Germany"}