{"bounds":{"maxX":12.6673660280001,"maxY":48.9242897040001,"minX":12.4802160260001,"minY":48.8417167670002},"result":"Straubing (Kreisfreie Stadt), Bayern, Germany"}