{"bounds":{"maxX":13.3127756120001,"maxY":52.557304382,"minX":12.2167835240002,"minY":51.979274751},"result":"Potsdam-Mittelmark, Brandenburg, Germany"}