{"bounds":{"maxX":8.320981985,"maxY":48.8472599990001,"minX":8.10881200099999,"minY":48.666748},"result":"Baden-Baden (Stadtkreis), Baden-Württemberg, Germany"}