{"bounds":{"maxX":12.1917066570002,"maxY":49.0762250470001,"minX":12.0293483740002,"minY":48.9668540960001},"result":"Regensburg (Kreisfreie Stadt), Bayern, Germany"}