{"bounds":{"maxX":8.80029010800018,"maxY":50.2262573230001,"minX":8.47263336100008,"minY":50.015575408},"result":"Frankfurt am Main (Kreisfreie Stadt), Hessen, Germany"}