{"bounds":{"maxX":9.13410759000016,"maxY":50.7093086240002,"minX":8.51907444000005,"minY":50.4150199890001},"result":"Gießen, Hessen, Germany"}