{"bounds":{"maxX":10.237089,"maxY":51.657249,"minX":7.78455000000002,"minY":49.404091},"result":"Hessen, Germany"}