{"bounds":{"maxX":8.63022899600014,"maxY":50.0837707520001,"minX":8.28824520100011,"minY":49.717090607},"result":"Groß-Gerau, Hessen, Germany"}