{"bounds":{"maxX":9.75945261800007,"maxY":51.6575469970001,"minX":9.09292507300017,"minY":51.1704177860001},"result":"Kassel, Hessen, Germany"}