{"bounds":{"maxX":8.46721458500008,"maxY":50.5994453430001,"minX":7.96419191400008,"minY":50.2640609750002},"result":"Limburg-Weilburg, Hessen, Germany"}