{"bounds":{"maxX":9.65001869300016,"maxY":50.8366470330002,"minX":8.9045286170001,"minY":50.385475159},"result":"Vogelsbergkreis, Hessen, Germany"}