{"bounds":{"maxX":9.04882049600002,"maxY":50.1335105900001,"minX":8.59089088500002,"minY":49.9478645330001},"result":"Offenbach, Hessen, Germany"}