{"bounds":{"maxX":10.082964898,"maxY":50.8096313470001,"minX":9.42729187100014,"minY":50.3561477870002},"result":"Fulda, Hessen, Germany"}