{"bounds":{"maxX":10.3259588860001,"maxY":53.7384719880001,"minX":9.73436451000009,"minY":53.394988999},"result":"Hamburg (Kreisfreie Stadt), Hamburg, Germany"}