{"bounds":{"maxX":8.38585662800006,"maxY":50.1517868040001,"minX":8.11027431400015,"minY":49.9944152840002},"result":"Wiesbaden (Kreisfreie Stadt), Hessen, Germany"}