{"bounds":{"maxX":9.78093719500004,"maxY":51.2576484680001,"minX":8.97267341599996,"minY":50.7728462210001},"result":"Schwalm-Eder-Kreis, Hessen, Germany"}