{"bounds":{"maxX":8.7496156680001,"maxY":49.9542083750001,"minX":8.56182670600015,"minY":49.7958374020002},"result":"Darmstadt (Kreisfreie Stadt), Hessen, Germany"}