{"bounds":{"maxX":10.0638647080001,"maxY":51.0850448610001,"minX":9.43423271100011,"minY":50.7177810680001},"result":"Hersfeld-Rotenburg, Hessen, Germany"}