{"bounds":{"maxX":9.74889749199997,"maxY":50.4634361270001,"minX":8.78064632400003,"minY":50.066223144},"result":"Main-Kinzig-Kreis, Hessen, Germany"}