{"bounds":{"maxX":9.5699350000001,"maxY":51.3686750000001,"minX":9.35151862999999,"minY":51.2619400120001},"result":"Kassel (Kreisfreie Stadt), Hessen, Germany"}