{"bounds":{"maxX":9.22137737200018,"maxY":51.5186119070001,"minX":8.47336864600004,"minY":50.9355621330001},"result":"Waldeck-Frankenberg, Hessen, Germany"}