{"bounds":{"maxX":8.65080738000017,"maxY":50.8824958810002,"minX":8.10968780400009,"minY":50.3957595830001},"result":"Lahn-Dill-Kreis, Hessen, Germany"}