{"bounds":{"maxX":8.66088380400009,"maxY":53.610103608,"minX":8.4926519390001,"minY":53.4711799920001},"result":"Bremerhaven (Kreisfreie Stadt), Bremen, Germany"}