{"bounds":{"maxX":8.60076713600017,"maxY":50.2027854930001,"minX":8.31546211200009,"minY":49.9965133670001},"result":"Main-Taunus-Kreis, Hessen, Germany"}