{"bounds":{"maxX":9.15080928800006,"maxY":49.8557128900001,"minX":8.78444767000013,"minY":49.4706380000001},"result":"Odenwaldkreis, Hessen, Germany"}