{"bounds":{"maxX":10.336769,"maxY":53.748119,"minX":9.723659,"minY":53.404578},"result":"Hamburg, Germany"}