{"bounds":{"maxX":9.05045223200005,"maxY":50.0025482180001,"minX":8.51992988500007,"minY":49.7221755980001},"result":"Darmstadt-Dieburg, Hessen, Germany"}