{"bounds":{"maxX":10.2359991070002,"maxY":51.421138764,"minX":9.62497901900014,"minY":50.9918174740002},"result":"Werra-Meißner-Kreis, Hessen, Germany"}