{"bounds":{"maxX":8.41079902600001,"maxY":50.2962074280002,"minX":7.77262067700008,"minY":49.9719047550001},"result":"Rheingau-Taunus-Kreis, Hessen, Germany"}