{"bounds":{"maxX":8.518056,"maxY":53.963196,"minX":8.42416700000012,"minY":53.9126400000001},"result":"Neuwerk, Hamburg, Germany"}