{"bounds":{"maxX":9.15158653200007,"maxY":50.9967079160002,"minX":8.35463047000013,"minY":50.6733055120001},"result":"Marburg-Biedenkopf, Hessen, Germany"}