{"bounds":{"maxX":8.95034885400008,"maxY":49.7546234130001,"minX":8.35610485100017,"minY":49.3948440560001},"result":"Bergstraße, Hessen, Germany"}