{"bounds":{"maxX":8.9907808530001,"maxY":53.5973280000001,"minX":8.48173515500014,"minY":53.01102066},"result":"Bremen (Freie Hansestadt), Bremen, Germany"}