{"bounds":{"maxX":8.99298900000002,"maxY":53.232891,"minX":8.48689100000001,"minY":53.014889},"result":"Bremen, Germany"}