{"bounds":{"maxX":8.71241283500007,"maxY":50.4150466920001,"minX":8.31519412900002,"minY":50.1554760000002},"result":"Hochtaunuskreis, Hessen, Germany"}