{"bounds":{"maxX":8.8433027260001,"maxY":50.1373024000002,"minX":8.71783447400003,"minY":50.0469551090002},"result":"Offenbach am Main, Hessen, Germany"}