{"bounds":{"maxX":9.2900505070001,"maxY":50.500137329,"minX":8.51413917600013,"minY":50.1619224560001},"result":"Wetteraukreis, Hessen, Germany"}