{"bounds":{"maxX":11.8103151330001,"maxY":54.0343055730001,"minX":10.747711182,"minY":53.5664520270001},"result":"Nordwestmecklenburg, Mecklenburg-Vorpommern, Germany"}