{"bounds":{"maxX":12.2936725620002,"maxY":54.244583129,"minX":11.998484612,"minY":54.0506172180001},"result":"Rostock (Kreisfreie Stadt), Mecklenburg-Vorpommern, Germany"}