{"bounds":{"maxX":11.5055560010002,"maxY":53.6875190730001,"minX":11.295571,"minY":53.5444110000001},"result":"Schwerin (Kreisfreie Stadt), Mecklenburg-Vorpommern, Germany"}