{"bounds":{"maxX":14.415766,"maxY":54.684582,"minX":10.5974,"minY":53.107632},"result":"Mecklenburg-Vorpommern, Germany"}