{"bounds":{"maxX":12.363559722,"maxY":53.797103883,"minX":10.593672752,"minY":53.1103019720001},"result":"Ludwigslust-Parchim, Mecklenburg-Vorpommern, Germany"}