{"bounds":{"maxX":12.815980912,"maxY":54.2745819100001,"minX":11.510834001,"minY":53.5673027050001},"result":"Rostock, Mecklenburg-Vorpommern, Germany"}