{"bounds":{"maxX":13.7669439310001,"maxY":54.6845817570001,"minX":12.2781305320001,"minY":53.9738349920001},"result":"Vorpommern-Rügen, Mecklenburg-Vorpommern, Germany"}