{"bounds":{"maxX":14.4123811710002,"maxY":54.2512510000001,"minX":12.9867105480001,"minY":53.2548141490001},"result":"Vorpommern-Greifswald, Mecklenburg-Vorpommern, Germany"}