{"bounds":{"maxX":13.796110153,"maxY":54.0049362190001,"minX":12.2750558850001,"minY":53.1625251770001},"result":"Mecklenburgische Seenplatte, Mecklenburg-Vorpommern, Germany"}