{"bounds":{"maxX":8.3201360700001,"maxY":52.1040802010002,"minX":7.6132278450001,"minY":51.6581230170002},"result":"Warendorf, Nordrhein-Westfalen, Germany"}