{"bounds":{"maxX":8.47359275900004,"maxY":52.88425827,"minX":8.01396751400006,"minY":52.4329414370002},"result":"Vechta, Niedersachsen, Germany"}