{"bounds":{"maxX":9.53784084400007,"maxY":52.9095802320001,"minX":8.69854927000006,"minY":52.38787079},"result":"Nienburg (Weser), Niedersachsen, Germany"}