{"bounds":{"maxX":8.31226444200018,"maxY":53.2051582350001,"minX":8.12803649900013,"minY":53.0823478700001},"result":"Oldenburg (Kreisfreie Stadt), Niedersachsen, Germany"}