{"bounds":{"maxX":7.34975290400013,"maxY":51.532260894,"minX":7.10420036300019,"minY":51.4108352670001},"result":"Bochum (Kreisfreie Stadt), Nordrhein-Westfalen, Germany"}