{"bounds":{"maxX":7.88560771900006,"maxY":53.618751526,"minX":6.63027715699997,"minY":53.0336761470001},"result":"Leer, Niedersachsen, Germany"}