{"bounds":{"maxX":9.46392631500009,"maxY":53.1844749460002,"minX":8.90391349800007,"minY":52.7677116720002},"result":"Verden, Niedersachsen, Germany"}