{"bounds":{"maxX":6.93996524900012,"maxY":51.3514480590001,"minX":6.68982267300009,"minY":51.1244773860002},"result":"Düsseldorf (Kreisfreie Stadt), Nordrhein-Westfalen, Germany"}