{"bounds":{"maxX":10.471014977,"maxY":53.505279541,"minX":9.56118583700015,"minY":53.129005432},"result":"Harburg, Niedersachsen, Germany"}