{"bounds":{"maxX":6.8304600730001,"maxY":51.5602188120001,"minX":6.62561655100018,"minY":51.3331985480002},"result":"Duisburg (Kreisfreie Stadt), Nordrhein-Westfalen, Germany"}