{"bounds":{"maxX":11.086244583,"maxY":52.471794059,"minX":10.6008634560001,"minY":52.047748567},"result":"Helmstedt, Niedersachsen, Germany"}