{"bounds":{"maxX":7.51854276600017,"maxY":51.483863831,"minX":7.1084432610001,"minY":51.2132492080001},"result":"Ennepe-Ruhr-Kreis, Nordrhein-Westfalen, Germany"}