{"bounds":{"maxX":10.9068613050001,"maxY":52.4950790000001,"minX":10.6465816510001,"minY":52.3159446720002},"result":"Wolfsburg (Kreisfreie Stadt), Niedersachsen, Germany"}