{"bounds":{"maxX":11.5980787270001,"maxY":53.2500687850001,"minX":10.750509261,"minY":52.8457946780001},"result":"Lüchow-Dannenberg, Niedersachsen, Germany"}