{"bounds":{"maxX":7.68222236600013,"maxY":50.9497528080001,"minX":6.85429287000017,"minY":50.5559082030001},"result":"Rhein-Sieg-Kreis, Nordrhein-Westfalen, Germany"}