{"bounds":{"maxX":9.7837324140001,"maxY":53.8647117610001,"minX":9.01750087799996,"minY":53.337039985},"result":"Stade, Niedersachsen, Germany"}