{"bounds":{"maxX":10.8926820760001,"maxY":53.2038726820001,"minX":10.1457559310002,"minY":52.7650642400002},"result":"Uelzen, Niedersachsen, Germany"}