{"bounds":{"maxX":8.74838733800004,"maxY":52.135169983,"minX":8.07547760100005,"minY":51.7174758910001},"result":"Gütersloh, Nordrhein-Westfalen, Germany"}