{"bounds":{"maxX":10.5077114110002,"maxY":52.2227745060001,"minX":10.2306089410001,"minY":52.0130310050001},"result":"Salzgitter (Kreisfreie Stadt), Niedersachsen, Germany"}