{"bounds":{"maxX":9.75839424100013,"maxY":53.593753775,"minX":8.89649295800018,"minY":52.9174118040001},"result":"Rotenburg (Wümme), Niedersachsen, Germany"}