{"bounds":{"maxX":8.65768045300013,"maxY":53.7656940000001,"minX":8.13249900000011,"minY":53.0992736810002},"result":"Wesermarsch, Niedersachsen, Germany"}