{"bounds":{"maxX":7.03018140900002,"maxY":51.0659599310002,"minX":6.45322847400007,"minY":50.7187042240001},"result":"Rhein-Erft-Kreis, Nordrhein-Westfalen, Germany"}