{"bounds":{"maxX":11.19532776,"maxY":53.3858451840001,"minX":10.0360898960001,"minY":53.043003082},"result":"Lüneburg, Niedersachsen, Germany"}