{"bounds":{"maxX":7.99752903100017,"maxY":51.744766235,"minX":7.67553615500015,"minY":51.5780525200001},"result":"Hamm (Kreisfreie Stadt), Nordrhein-Westfalen, Germany"}