{"bounds":{"maxX":8.69402694799999,"maxY":53.1721496580002,"minX":8.05082988800007,"minY":52.7978858950001},"result":"Oldenburg, Niedersachsen, Germany"}