{"bounds":{"maxX":7.63793277800005,"maxY":51.5995216380001,"minX":7.30231046600011,"minY":51.4155807490001},"result":"Dortmund (Kreisfreie Stadt), Nordrhein-Westfalen, Germany"}