{"bounds":{"maxX":7.79202270600007,"maxY":51.2503166200001,"minX":7.25257825800003,"minY":50.8186225890001},"result":"Oberbergischer Kreis, Nordrhein-Westfalen, Germany"}