{"bounds":{"maxX":6.88355827300018,"maxY":51.33669281,"minX":6.43643474600003,"minY":51.0150871270002},"result":"Rhein-Kreis Neuss, Nordrhein-Westfalen, Germany"}