{"bounds":{"maxX":7.31748104200017,"maxY":52.6531181340002,"minX":6.6808682350001,"minY":52.241142274},"result":"Grafschaft Bentheim, Niedersachsen, Germany"}