{"bounds":{"maxX":10.453309059,"maxY":52.4485015860001,"minX":9.99512481700015,"minY":52.1749649060001},"result":"Peine, Niedersachsen, Germany"}