{"bounds":{"maxX":6.53711795700013,"maxY":51.2478485120001,"minX":6.29197836000003,"minY":51.0859642030001},"result":"Mönchengladbach (Kreisfreie Stadt), Nordrhein-Westfalen, Germany"}