{"bounds":{"maxX":8.58599853600015,"maxY":51.7285995490001,"minX":7.82715129900004,"minY":51.3885078430001},"result":"Soest, Nordrhein-Westfalen, Germany"}