{"bounds":{"maxX":6.41930675400005,"maxY":50.9501342780001,"minX":5.97486162200011,"minY":50.4943695070001},"result":"Städteregion Aachen, Nordrhein-Westfalen, Germany"}