{"bounds":{"maxX":10.302983285,"maxY":52.6772117610002,"minX":9.23819828000018,"minY":52.1283569340002},"result":"Region Hannover, Niedersachsen, Germany"}