{"bounds":{"maxX":7.31357002300012,"maxY":51.3182601940001,"minX":7.01497030400009,"minY":51.1655158990002},"result":"Wuppertal (Kreisfreie Stadt), Nordrhein-Westfalen, Germany"}