{"bounds":{"maxX":10.889277001,"maxY":52.30325699,"minX":10.1751690900001,"minY":51.97051628},"result":"Wolfenbüttel, Niedersachsen, Germany"}