{"bounds":{"maxX":8.97065353300007,"maxY":51.5485839840001,"minX":7.86376714799997,"minY":51.09254837},"result":"Hochsauerlandkreis, Nordrhein-Westfalen, Germany"}