{"bounds":{"maxX":9.46147823300004,"maxY":51.9114227290001,"minX":8.90536975900005,"minY":51.4420166030001},"result":"Höxter, Nordrhein-Westfalen, Germany"}