{"bounds":{"maxX":8.51743698100006,"maxY":52.7093391410001,"minX":7.60272407499997,"minY":52.0355110160001},"result":"Osnabrück, Niedersachsen, Germany"}