{"bounds":{"maxX":8.25884819099997,"maxY":53.1853599550001,"minX":7.61187982500013,"minY":52.6774368290002},"result":"Cloppenburg, Niedersachsen, Germany"}