{"bounds":{"maxX":7.83205604500012,"maxY":53.1175384520001,"minX":6.99527740600013,"minY":52.2802734380002},"result":"Emsland, Niedersachsen, Germany"}