{"bounds":{"maxX":8.54908466400013,"maxY":51.1494674690001,"minX":7.82669973300017,"minY":50.6854209890002},"result":"Siegen-Wittgenstein, Nordrhein-Westfalen, Germany"}