{"bounds":{"maxX":9.44830989800005,"maxY":52.4547424310001,"minX":8.96353721700018,"minY":52.0942802430002},"result":"Schaumburg, Niedersachsen, Germany"}