{"bounds":{"maxX":8.1806535720001,"maxY":52.3387641910001,"minX":7.93002605500016,"minY":52.220550537},"result":"Osnabrück (Kreisfreie Stadt), Niedersachsen, Germany"}