{"bounds":{"maxX":9.34521865800008,"maxY":52.1945991510001,"minX":8.60633850199997,"minY":51.7890434270001},"result":"Lippe, Nordrhein-Westfalen, Germany"}