{"bounds":{"maxX":7.13684177400012,"maxY":51.534126282,"minX":6.89450788400012,"minY":51.3472328190001},"result":"Essen (Kreisfreie Stadt), Nordrhein-Westfalen, Germany"}