{"bounds":{"maxX":8.66354179400008,"maxY":52.1148338330001,"minX":8.37767696400005,"minY":51.9149703980001},"result":"Bielefeld (Kreisfreie Stadt), Nordrhein-Westfalen, Germany"}