{"bounds":{"maxX":7.11639451899998,"maxY":51.0971183780001,"minX":6.89804506200005,"minY":51.0109176640001},"result":"Leverkusen (Kreisfreie Stadt), Nordrhein-Westfalen, Germany"}