{"bounds":{"maxX":7.97517252,"maxY":53.7795829770002,"minX":7.40781688700014,"minY":53.3628883360001},"result":"Wittmund, Niedersachsen, Germany"}