{"bounds":{"maxX":7.312282563,"maxY":53.408699035,"minX":6.99944686900005,"minY":53.3182945260001},"result":"Emden (Kreisfreie Stadt), Niedersachsen, Germany"}