{"bounds":{"maxX":7.465275287,"maxY":51.8219223020001,"minX":6.89425325400003,"minY":51.520732879},"result":"Recklinghausen, Nordrhein-Westfalen, Germany"}