{"bounds":{"maxX":7.21087169600014,"maxY":50.7744369510001,"minX":7.02348613800018,"minY":50.6318664550002},"result":"Bonn (Kreisfreie Stadt), Nordrhein-Westfalen, Germany"}