{"bounds":{"maxX":6.93049573800005,"maxY":51.5796470650001,"minX":6.77707290600017,"minY":51.4489135740001},"result":"Oberhausen (Kreisfreie Stadt), Nordrhein-Westfalen, Germany"}