{"bounds":{"maxX":7.59913301500006,"maxY":51.4179840090001,"minX":7.37630796400015,"minY":51.2648696890001},"result":"Hagen (Kreisfreie Stadt), Nordrhein-Westfalen, Germany"}