{"bounds":{"maxX":6.94051838000013,"maxY":51.8167381290001,"minX":6.29289579300018,"minY":51.3895149230001},"result":"Wesel, Nordrhein-Westfalen, Germany"}