{"bounds":{"maxX":10.642989158,"maxY":52.3574676520001,"minX":10.4124135980002,"minY":52.1865119940002},"result":"Braunschweig (Kreisfreie Stadt), Niedersachsen, Germany"}