{"bounds":{"maxX":9.11617469700008,"maxY":53.053405689,"minX":8.2937955860001,"minY":52.4436378480002},"result":"Diepholz, Niedersachsen, Germany"}