{"bounds":{"maxX":7.16362285700006,"maxY":51.0845642100001,"minX":6.77237606100016,"minY":50.8296318070001},"result":"Köln (Kreisfreie Stadt), Nordrhein-Westfalen, Germany"}