{"bounds":{"maxX":6.62599229900019,"maxY":51.4249992380001,"minX":6.06797409100011,"minY":51.1663169860001},"result":"Viersen, Nordrhein-Westfalen, Germany"}