{"bounds":{"maxX":8.31462001700015,"maxY":53.354042054,"minX":7.69754314400018,"minY":53.0596237180002},"result":"Ammerland, Niedersachsen, Germany"}