{"bounds":{"maxX":7.77422189700007,"maxY":52.060176849,"minX":7.47396278400004,"minY":51.8401908880001},"result":"Münster (Kreisfreie Stadt), Nordrhein-Westfalen, Germany"}