{"bounds":{"maxX":7.2745251660001,"maxY":52.2430572510001,"minX":6.38669681600015,"minY":51.728866577},"result":"Borken, Nordrhein-Westfalen, Germany"}