{"bounds":{"maxX":9.29858016999998,"maxY":53.892082214,"minX":8.35083300000014,"minY":53.2812042230001},"result":"Cuxhaven, Niedersachsen, Germany"}