{"bounds":{"maxX":9.46591900000004,"maxY":52.532508,"minX":5.87161900000001,"minY":50.321931},"result":"Nordrhein-Westfalen, Germany"}