{"bounds":{"maxX":10.237126819,"maxY":53.2194824210001,"minX":9.31716632800004,"minY":52.5996894830002},"result":"Heidekreis, Niedersachsen, Germany"}