{"bounds":{"maxX":6.47716903800011,"maxY":51.1899185170001,"minX":5.86625051600015,"minY":50.8982124330001},"result":"Heinsberg, Nordrhein-Westfalen, Germany"}