{"bounds":{"maxX":9.13670921400012,"maxY":52.5314445500002,"minX":8.29721355400011,"minY":52.1625137320001},"result":"Minden-Lübbecke, Nordrhein-Westfalen, Germany"}