{"bounds":{"maxX":6.71807527600009,"maxY":51.0466117870002,"minX":6.19449377000007,"minY":50.5982208260002},"result":"Düren, Nordrhein-Westfalen, Germany"}