{"bounds":{"maxX":6.70616626800012,"maxY":51.4063072200001,"minX":6.47776508300012,"minY":51.2864952100002},"result":"Krefeld (Kreisfreie Stadt), Nordrhein-Westfalen, Germany"}