{"bounds":{"maxX":9.89481163100004,"maxY":52.0441250000002,"minX":9.30776214500008,"minY":51.6460190020001},"result":"Holzminden, Niedersachsen, Germany"}