{"bounds":{"maxX":9.01736641000008,"maxY":51.87709427,"minX":8.403107643,"minY":51.4472999580001},"result":"Paderborn, Nordrhein-Westfalen, Germany"}