{"bounds":{"maxX":8.92711639300012,"maxY":52.267612457,"minX":8.40380477900015,"minY":52.05885315},"result":"Herford, Nordrhein-Westfalen, Germany"}