{"bounds":{"maxX":10.2635755540001,"maxY":52.297134,"minX":9.62965011599999,"minY":51.896907806},"result":"Hildesheim, Niedersachsen, Germany"}