{"bounds":{"maxX":6.99928045300015,"maxY":51.6445961000001,"minX":6.83315229400017,"minY":51.4968681330001},"result":"Bottrop (Kreisfreie Stadt), Nordrhein-Westfalen, Germany"}