{"bounds":{"maxX":7.14505672500007,"maxY":51.6315078750001,"minX":6.98748588600012,"minY":51.480838777},"result":"Gelsenkirchen (Kreisfreie Stadt), Nordrhein-Westfalen, Germany"}