{"bounds":{"maxX":7.39847946200018,"maxY":51.1607131960001,"minX":6.99038505700008,"minY":50.8672943120001},"result":"Rheinisch-Bergischer Kreis, Nordrhein-Westfalen, Germany"}