{"bounds":{"maxX":8.71142387300011,"maxY":53.1091804500002,"minX":8.57833099400005,"minY":52.9864349360001},"result":"Delmenhorst (Kreisfreie Stadt), Niedersachsen, Germany"}