{"bounds":{"maxX":10.44440937,"maxY":52.9370346080001,"minX":9.72582721700007,"minY":52.4883079790002},"result":"Celle, Niedersachsen, Germany"}