{"bounds":{"maxX":9.07145309400005,"maxY":53.3957214370001,"minX":8.48099231800006,"minY":53.1250762950001},"result":"Osterholz, Niedersachsen, Germany"}