{"bounds":{"maxX":8.02518844700006,"maxY":52.4749679560002,"minX":7.09606075300013,"minY":51.994831085},"result":"Steinfurt, Nordrhein-Westfalen, Germany"}