{"bounds":{"maxX":7.30918073600014,"maxY":51.225376129,"minX":7.13122367900007,"minY":51.1432762140001},"result":"Remscheid (Kreisfreie Stadt), Nordrhein-Westfalen, Germany"}