{"bounds":{"maxX":6.95925474100005,"maxY":51.4712867740001,"minX":6.80493068700002,"minY":51.3512420660001},"result":"Mülheim an der Ruhr (Kreisfreie Stadt), Nordrhein-Westfalen, Germany"}