{"bounds":{"maxX":8.20726871400007,"maxY":53.7940290000001,"minX":7.80930138200006,"minY":53.3046989440002},"result":"Friesland, Niedersachsen, Germany"}