{"bounds":{"maxX":7.81548452300018,"maxY":53.7345848080002,"minX":6.81305500000019,"minY":53.3322792060001},"result":"Aurich, Niedersachsen, Germany"}