{"bounds":{"maxX":11.0087814330001,"maxY":52.8340339670002,"minX":10.2595644000002,"minY":52.3201522840001},"result":"Gifhorn, Niedersachsen, Germany"}