{"bounds":{"maxX":6.93474674200007,"maxY":50.7892036450001,"minX":6.31555605000011,"minY":50.3230133070001},"result":"Euskirchen, Nordrhein-Westfalen, Germany"}