{"bounds":{"maxX":8.24591255200005,"maxY":51.2476272590001,"minX":7.7016282080001,"minY":50.9246406560002},"result":"Olpe, Nordrhein-Westfalen, Germany"}