{"bounds":{"maxX":7.2963113780001,"maxY":51.57340622,"minX":7.1234469420001,"minY":51.5031166080001},"result":"Herne (Kreisfreie Stadt), Nordrhein-Westfalen, Germany"}