{"bounds":{"maxX":7.84974193600004,"maxY":51.736312866,"minX":7.40775012900014,"minY":51.3858184820001},"result":"Unna, Nordrhein-Westfalen, Germany"}