{"bounds":{"maxX":9.68460369100001,"maxY":52.2743186960002,"minX":9.15468883500012,"minY":51.9194412240001},"result":"Hameln-Pyrmont, Niedersachsen, Germany"}