{"bounds":{"maxX":10.6824810000002,"maxY":51.8331760000002,"minX":9.54844099999997,"minY":51.2952308650001},"result":"Göttingen, Niedersachsen, Germany"}