{"bounds":{"maxX":7.9508762370001,"maxY":51.4785346990002,"minX":7.41765403800002,"minY":51.0685234060001},"result":"Märkischer Kreis, Nordrhein-Westfalen, Germany"}