{"bounds":{"maxX":10.1617183680001,"maxY":51.9477996830001,"minX":9.41731738800001,"minY":51.5520782650001},"result":"Northeim, Niedersachsen, Germany"}