{"bounds":{"maxX":10.701372146,"maxY":52.0565605170002,"minX":10.065232,"minY":51.637912999},"result":"Goslar, Niedersachsen, Germany"}