{"bounds":{"maxX":8.17249965700017,"maxY":53.6431961060001,"minX":7.99326896600002,"minY":53.5018043530001},"result":"Wilhelmshaven (Kreisfreie Stadt), Niedersachsen, Germany"}