{"bounds":{"maxX":7.73580265100003,"maxY":52.0617828370001,"minX":7.0533270840001,"minY":51.6645812990002},"result":"Coesfeld, Nordrhein-Westfalen, Germany"}