{"bounds":{"maxX":11.601769,"maxY":53.963197,"minX":6.63027700000004,"minY":51.30082},"result":"Niedersachsen, Germany"}