{"bounds":{"maxX":7.17395067100017,"maxY":51.220504761,"minX":6.95109367300017,"minY":51.115242005},"result":"Solingen (Kreisfreie Stadt), Nordrhein-Westfalen, Germany"}