{"bounds":{"maxX":7.16959381200019,"maxY":51.3814964290002,"minX":6.79982710000013,"minY":51.0648841860001},"result":"Mettmann, Nordrhein-Westfalen, Germany"}