{"bounds":{"maxX":6.53457212500012,"maxY":51.9052238460001,"minX":5.94502973500011,"minY":51.3550186160001},"result":"Kleve, Nordrhein-Westfalen, Germany"}