{"bounds":{"maxX":7.26378917599999,"maxY":50.131504058,"minX":6.68122387000011,"minY":49.672992707},"result":"Bernkastel-Wittlich, Rheinland-Pfalz, Germany"}