{"bounds":{"maxX":7.71147251100012,"maxY":50.7182197560001,"minX":7.21007871600006,"minY":50.4117279060001},"result":"Neuwied, Rheinland-Pfalz, Germany"}