{"bounds":{"maxX":8.40005493300004,"maxY":50.0825918960001,"minX":7.66482257800004,"minY":49.7485351570002},"result":"Mainz-Bingen, Rheinland-Pfalz, Germany"}