{"bounds":{"maxX":8.31740569700003,"maxY":49.4008865370001,"minX":7.99956409800006,"minY":49.2960815590002},"result":"Neustadt an der Weinstraße (Kreisfreie Stadt), Rheinland-Pfalz, Germany"}