{"bounds":{"maxX":7.72817897700003,"maxY":49.7139892590001,"minX":7.24643755000017,"minY":49.363185883},"result":"Kusel, Rheinland-Pfalz, Germany"}