{"bounds":{"maxX":8.15216064400016,"maxY":50.7400703430002,"minX":7.59493494000009,"minY":50.3474388120001},"result":"Westerwaldkreis, Rheinland-Pfalz, Germany"}