{"bounds":{"maxX":7.67335033500012,"maxY":49.2347412110001,"minX":7.51424932500009,"minY":49.1413383490001},"result":"Pirmasens (Kreisfreie Stadt), Rheinland-Pfalz, Germany"}