{"bounds":{"maxX":7.87073898200003,"maxY":49.4951324460001,"minX":7.62671613700002,"minY":49.3586120610001},"result":"Kaiserslautern (Kreisfreie Stadt), Rheinland-Pfalz, Germany"}