{"bounds":{"maxX":8.16115665300009,"maxY":49.7657890310001,"minX":7.69626665100014,"minY":49.4894905090001},"result":"Donnersbergkreis, Rheinland-Pfalz, Germany"}