{"bounds":{"maxX":8.18082237200002,"maxY":49.3163720000001,"minX":7.86410600000011,"minY":49.155113},"result":"Landau in der Pfalz (Kreisfreie Stadt), Rheinland-Pfalz, Germany"}