{"bounds":{"maxX":7.68098640500011,"maxY":50.4766883860001,"minX":6.97380190300004,"minY":50.160129547},"result":"Mayen-Koblenz, Rheinland-Pfalz, Germany"}