{"bounds":{"maxX":8.50885,"maxY":50.94302,"minX":6.09778900000003,"minY":48.967739},"result":"Rheinland-Pfalz, Germany"}