{"bounds":{"maxX":7.34473943700004,"maxY":50.6496620190002,"minX":6.74324417100007,"minY":50.3066329970001},"result":"Ahrweiler, Rheinland-Pfalz, Germany"}