{"bounds":{"maxX":6.72817611699998,"maxY":50.3245429990001,"minX":6.11235475500007,"minY":49.8104438780001},"result":"Eifelkreis Bitburg-Prüm, Rheinland-Pfalz, Germany"}