{"bounds":{"maxX":8.04304599800014,"maxY":50.9423332210001,"minX":7.44077205700017,"minY":50.5638694760001},"result":"Altenkirchen (Westerwald), Rheinland-Pfalz, Germany"}