{"bounds":{"maxX":7.52630376700006,"maxY":49.9005241400001,"minX":7.02798032800007,"minY":49.5486221320001},"result":"Birkenfeld, Rheinland-Pfalz, Germany"}