{"bounds":{"maxX":7.91669988600006,"maxY":49.3768043510001,"minX":7.32034111100012,"minY":49.0329170240001},"result":"Südwestpfalz, Rheinland-Pfalz, Germany"}