{"bounds":{"maxX":6.74648475600009,"maxY":49.8577423100001,"minX":6.55289506900004,"minY":49.6990203850001},"result":"Trier (Kreisfreie Stadt), Rheinland-Pfalz, Germany"}