{"bounds":{"maxX":8.12277698500014,"maxY":50.4147834780002,"minX":7.57812786100004,"minY":50.0665398820001},"result":"Rhein-Lahn-Kreis, Rheinland-Pfalz, Germany"}