{"bounds":{"maxX":8.47984981500014,"maxY":49.90000534,"minX":7.90461399900005,"minY":49.5880699160001},"result":"Alzey-Worms, Rheinland-Pfalz, Germany"}