{"bounds":{"maxX":7.76484414800018,"maxY":50.2654953000001,"minX":7.20268488000011,"minY":49.84046936},"result":"Rhein-Hunsrück-Kreis, Rheinland-Pfalz, Germany"}