{"bounds":{"maxX":8.41307258600006,"maxY":49.2977447510001,"minX":8.05502891500009,"minY":48.966571808},"result":"Germersheim, Rheinland-Pfalz, Germany"}