{"bounds":{"maxX":7.96876955100004,"maxY":50.001022339,"minX":7.38739156800006,"minY":49.63595581},"result":"Bad Kreuznach, Rheinland-Pfalz, Germany"}