{"bounds":{"maxX":8.50835704800005,"maxY":49.6076202390001,"minX":8.23272705200009,"minY":49.2498168950001},"result":"Rhein-Pfalz-Kreis, Rheinland-Pfalz, Germany"}