{"bounds":{"maxX":8.32431795900015,"maxY":49.343795764,"minX":7.82415800000007,"minY":48.9993171700001},"result":"Südliche Weinstraße, Rheinland-Pfalz, Germany"}