{"bounds":{"maxX":8.00255966200012,"maxY":49.5971145620001,"minX":7.39253520900013,"minY":49.306827545},"result":"Kaiserslautern, Rheinland-Pfalz, Germany"}