{"bounds":{"maxX":7.38355875000002,"maxY":50.2813453670001,"minX":6.9526243200001,"minY":49.9593582160002},"result":"Cochem-Zell, Rheinland-Pfalz, Germany"}