{"bounds":{"maxX":7.44837856300018,"maxY":49.3163528440001,"minX":7.28895807300017,"minY":49.189498901},"result":"Zweibrücken (Kreisfreie Stadt), Rheinland-Pfalz, Germany"}