{"bounds":{"maxX":8.49179649400014,"maxY":49.3765716550002,"minX":8.37542152400016,"minY":49.2829742440001},"result":"Speyer (Kreisfreie Stadt), Rheinland-Pfalz, Germany"}