{"bounds":{"maxX":8.44637775400003,"maxY":49.7367439270001,"minX":8.23838138700012,"minY":49.5863800040001},"result":"Worms (Kreisfreie Stadt), Rheinland-Pfalz, Germany"}