{"bounds":{"maxX":8.47700500400003,"maxY":49.5500640870001,"minX":8.29811668400004,"minY":49.4266967770001},"result":"Ludwigshafen am Rhein (Kreisfreie Stadt), Rheinland-Pfalz, Germany"}