{"bounds":{"maxX":7.69596383400005,"maxY":50.4103202830001,"minX":7.48413991900003,"minY":50.2829589850001},"result":"Koblenz (Kreisfreie Stadt), Rheinland-Pfalz, Germany"}