{"bounds":{"maxX":8.31741428300006,"maxY":49.6288528440002,"minX":7.82457399400005,"minY":49.3089790000001},"result":"Bad Dürkheim, Rheinland-Pfalz, Germany"}