{"bounds":{"maxX":8.42306804599997,"maxY":49.5824317940001,"minX":8.30828857500012,"minY":49.4851608280002},"result":"Frankenthal (Pfalz) (Kreisfreie Stadt), Rheinland-Pfalz, Germany"}