{"bounds":{"maxX":8.34303093000011,"maxY":50.0352973950002,"minX":8.14342689500006,"minY":49.8954010020001},"result":"Mainz (Kreisfreie Stadt), Rheinland-Pfalz, Germany"}