{"bounds":{"maxX":7.06512451200012,"maxY":49.917606355,"minX":6.35751104299999,"minY":49.5170211790001},"result":"Trier-Saarburg, Rheinland-Pfalz, Germany"}