{"bounds":{"maxX":7.07043504800004,"maxY":50.3894842610001,"minX":6.38500595100015,"minY":50.0734138490002},"result":"Vulkaneifel, Rheinland-Pfalz, Germany"}