{"bounds":{"maxX":7.2926015860001,"maxY":49.4412727370002,"minX":6.91685914900017,"minY":49.28730011},"result":"Neunkirchen, Saarland, Germany"}