{"bounds":{"maxX":12.3307819360002,"maxY":52.5757370000002,"minX":11.6870307930001,"minY":52.0008087150001},"result":"Jerichower Land, Sachsen-Anhalt, Germany"}