{"bounds":{"maxX":12.0884361270001,"maxY":51.5432128900001,"minX":11.8570528030001,"minY":51.4028701780002},"result":"Halle (Saale) (Kreisfreie Stadt), Sachsen-Anhalt, Germany"}