{"bounds":{"maxX":14.6991205220002,"maxY":51.544612885,"minX":13.7607412330001,"minY":51.01876831},"result":"Bautzen, Sachsen, Germany"}