{"bounds":{"maxX":10.6218538270002,"maxY":53.9204368600001,"minX":10.0227410000001,"minY":53.4954150010001},"result":"Stormarn, Schleswig-Holstein, Germany"}