{"bounds":{"maxX":13.0541772840002,"maxY":50.9037208560001,"minX":12.7272434240001,"minY":50.7412948600002},"result":"Chemnitz (Kreisfreie Stadt), Sachsen, Germany"}