{"bounds":{"maxX":7.13741111900003,"maxY":49.3776664740001,"minX":6.711208344,"minY":49.1119155890001},"result":"Regionalverband Saarbrücken, Saarland, Germany"}