{"bounds":{"maxX":12.3514990000001,"maxY":51.970737458,"minX":12.1120720000001,"minY":51.7338140000001},"result":"Dessau-Roßlau (Kreisfreie Stadt), Sachsen-Anhalt, Germany"}