{"bounds":{"maxX":10.058467865,"maxY":54.1498832710002,"minX":9.92568111500015,"minY":54.017559051},"result":"Neumünster (Kreisfreie Stadt), Schleswig-Holstein, Germany"}