{"bounds":{"maxX":13.199229,"maxY":53.038791,"minX":10.56337,"minY":50.945049},"result":"Sachsen-Anhalt, Germany"}