{"bounds":{"maxX":9.32724189800007,"maxY":55.0565260000001,"minX":8.27972200000005,"minY":54.263801582},"result":"Nordfriesland, Schleswig-Holstein, Germany"}