{"bounds":{"maxX":12.2575367450001,"maxY":53.0417976380002,"minX":11.3965330130001,"minY":52.3315771510001},"result":"Stendal, Sachsen-Anhalt, Germany"}