{"bounds":{"maxX":10.2186889650002,"maxY":54.4337501530001,"minX":10.0326318740001,"minY":54.2508277890001},"result":"Kiel (Kreisfreie Stadt), Schleswig-Holstein, Germany"}