{"bounds":{"maxX":13.2166357040002,"maxY":51.6849746700001,"minX":12.1485834110001,"minY":51.199687958},"result":"Nordsachsen, Sachsen, Germany"}