{"bounds":{"maxX":15.038113,"maxY":51.680592,"minX":11.878723,"minY":50.179321},"result":"Sachsen, Germany"}