{"bounds":{"maxX":10.037501001,"maxY":54.8783340460001,"minX":9.06238174400016,"minY":54.2716484070001},"result":"Schleswig-Flensburg, Schleswig-Holstein, Germany"}