{"bounds":{"maxX":12.5802631370001,"maxY":52.104091645,"minX":11.8382377630001,"minY":51.5313186650002},"result":"Anhalt-Bitterfeld, Sachsen-Anhalt, Germany"}