{"bounds":{"maxX":13.501846314,"maxY":50.806568146,"minX":12.4577264780002,"minY":50.3973160010001},"result":"Erzgebirgskreis, Sachsen, Germany"}