{"bounds":{"maxX":9.50671482000007,"maxY":54.8241615300001,"minX":9.35722065000016,"minY":54.751873017},"result":"Flensburg (Kreisfreie Stadt), Schleswig-Holstein, Germany"}