{"bounds":{"maxX":11.6375236510001,"maxY":52.9416351310002,"minX":10.7552328100001,"minY":52.386779786},"result":"Altmarkkreis Salzwedel, Sachsen-Anhalt, Germany"}