{"bounds":{"maxX":11.8571465000001,"maxY":52.5081787120002,"minX":10.9337453850002,"minY":51.8929023740001},"result":"Börde, Sachsen-Anhalt, Germany"}