{"bounds":{"maxX":9.86432933800012,"maxY":54.0997657780001,"minX":9.19843387700013,"minY":53.7096860000001},"result":"Steinburg, Schleswig-Holstein, Germany"}