{"bounds":{"maxX":11.7804384230001,"maxY":51.7299385070001,"minX":10.8820514670001,"minY":51.3398085790002},"result":"Mansfeld-Südharz, Sachsen-Anhalt, Germany"}