{"bounds":{"maxX":7.40377330800015,"maxY":49.408222198,"minX":7.06210613300004,"minY":49.1149063110001},"result":"Saarpfalz-Kreis, Saarland, Germany"}