{"bounds":{"maxX":12.8060674680001,"maxY":50.9236793520002,"minX":12.226650239,"minY":50.546669007},"result":"Zwickau, Sachsen, Germany"}