{"bounds":{"maxX":9.98467731500011,"maxY":53.8930397030001,"minX":9.51763900000014,"minY":53.565216064},"result":"Pinneberg, Schleswig-Holstein, Germany"}