{"bounds":{"maxX":12.293914875,"maxY":51.3204078670001,"minX":11.3648330000001,"minY":50.9380302440001},"result":"Burgenlandkreis, Sachsen-Anhalt, Germany"}