{"bounds":{"maxX":10.968375205,"maxY":53.9937515250002,"minX":10.5547695160001,"minY":53.7680778500001},"result":"Lübeck (Kreisfreie Stadt), Schleswig-Holstein, Germany"}