{"bounds":{"maxX":12.208334923,"maxY":51.6753921510001,"minX":11.3929660000001,"minY":51.2333526620001},"result":"Saalekreis, Sachsen-Anhalt, Germany"}