{"bounds":{"maxX":12.942616464,"maxY":51.468654633,"minX":12.1476535800002,"minY":50.9787940990001},"result":"Leipzig, Sachsen, Germany"}