{"bounds":{"maxX":11.7647342690001,"maxY":52.2281684890001,"minX":11.5185394280002,"minY":52.0255966190001},"result":"Magdeburg (Kreisfreie Stadt), Sachsen-Anhalt, Germany"}