{"bounds":{"maxX":14.4021434790001,"maxY":51.0898704540001,"minX":13.4213800430001,"minY":50.7169227600001},"result":"Sächsische Schweiz-Osterzgebirge, Sachsen, Germany"}