{"bounds":{"maxX":10.5641613010001,"maxY":54.1077156080001,"minX":9.75144481600006,"minY":53.6473121640001},"result":"Segeberg, Schleswig-Holstein, Germany"}