{"bounds":{"maxX":11.313609,"maxY":54.5362510000001,"minX":10.4174709320001,"minY":53.8795547490001},"result":"Ostholstein, Schleswig-Holstein, Germany"}