{"bounds":{"maxX":15.0418148030001,"maxY":51.5973091120002,"minX":14.440102577,"minY":50.8193473820001},"result":"Görlitz, Sachsen, Germany"}