{"bounds":{"maxX":12.5840330130001,"maxY":50.677085876,"minX":11.8714628230001,"minY":50.1715354920001},"result":"Vogtlandkreis, Sachsen, Germany"}