{"bounds":{"maxX":6.98931932400012,"maxY":49.5017051690001,"minX":6.5372748370001,"minY":49.2152748120001},"result":"Saarlouis, Saarland, Germany"}