{"bounds":{"maxX":13.1870718010002,"maxY":52.045120239,"minX":12.2519769660001,"minY":51.6106033330001},"result":"Wittenberg, Sachsen-Anhalt, Germany"}