{"bounds":{"maxX":12.5426073070001,"maxY":51.4480667110001,"minX":12.236881256,"minY":51.2381553650001},"result":"Leipzig (Kreisfreie Stadt), Sachsen, Germany"}