{"bounds":{"maxX":13.856502533,"maxY":51.4541702270001,"minX":13.1822013860001,"minY":51.0071067810002},"result":"Meißen, Sachsen, Germany"}