{"bounds":{"maxX":7.92194500000005,"maxY":54.194027,"minX":7.86027700000005,"minY":54.1687510000002},"result":"Helgoland, Schleswig-Holstein, Germany"}