{"bounds":{"maxX":7.30987167300003,"maxY":49.6394386300001,"minX":6.89042091300007,"minY":49.4092025760001},"result":"St. Wendel, Saarland, Germany"}