{"bounds":{"maxX":9.44442176900009,"maxY":54.378993988,"minX":8.58638900000011,"minY":53.887271881},"result":"Dithmarschen, Schleswig-Holstein, Germany"}