{"bounds":{"maxX":6.96302080200019,"maxY":49.6134681710001,"minX":6.35694742200019,"minY":49.3721923820002},"result":"Merzig-Wadern, Saarland, Germany"}