{"bounds":{"maxX":7.41156900000004,"maxY":49.646819,"minX":6.35944499999999,"minY":49.122921},"result":"Saarland, Germany"}