{"bounds":{"maxX":11.4088706960001,"maxY":52.0597152700001,"minX":10.561226844,"minY":51.566326141},"result":"Harz, Sachsen-Anhalt, Germany"}