{"bounds":{"maxX":12.0199594490001,"maxY":52.0932009440002,"minX":11.2396326060002,"minY":51.6288070680001},"result":"Salzlandkreis, Sachsen-Anhalt, Germany"}