{"bounds":{"maxX":11.313609,"maxY":55.056525,"minX":7.860277,"minY":53.369851},"result":"Schleswig-Holstein, Germany"}