{"bounds":{"maxX":10.729285241,"maxY":54.4356956490001,"minX":10.0161018370001,"minY":54.0547904980001},"result":"Plön, Schleswig-Holstein, Germany"}