{"bounds":{"maxX":13.9658489220001,"maxY":51.1775207510001,"minX":13.5797214510002,"minY":50.9751853950001},"result":"Dresden (Kreisfreie Stadt), Sachsen, Germany"}