{"bounds":{"maxX":10.9550418850001,"maxY":53.8277778630001,"minX":10.235029221,"minY":53.359833001},"result":"Herzogtum Lauenburg, Schleswig-Holstein, Germany"}