{"bounds":{"maxX":13.6521739960002,"maxY":51.2346611030001,"minX":12.617354393,"minY":50.6336441030002},"result":"Mittelsachsen, Sachsen, Germany"}