{"bounds":{"maxX":10.199167251,"maxY":54.6470069870001,"minX":9.30469322100015,"minY":54.0088844290001},"result":"Rendsburg-Eckernförde, Schleswig-Holstein, Germany"}