{"bounds":{"maxX":11.9648399360001,"maxY":50.7997550970001,"minX":11.4599161150001,"minY":50.3742675790002},"result":"Saale-Orla-Kreis, Thüringen, Germany"}