{"bounds":{"maxX":12.6541147230001,"maxY":51.1037826540002,"minX":12.2078971860001,"minY":50.8096160890001},"result":"Altenburger Land, Thüringen, Germany"}