{"bounds":{"maxX":10.8294010150001,"maxY":50.6666336060001,"minX":10.5520105370002,"minY":50.5613975530001},"result":"Suhl (Kreisfreie Stadt), Thüringen, Germany"}