{"bounds":{"maxX":12.1695346830001,"maxY":50.9765319830001,"minX":11.9979753490001,"minY":50.7991104120001},"result":"Gera (Kreisfreie Stadt), Thüringen, Germany"}