{"bounds":{"maxX":11.4020004270002,"maxY":51.036720276,"minX":11.234882356,"minY":50.9167137150002},"result":"Weimar (Kreisfreie Stadt), Thüringen, Germany"}