{"bounds":{"maxX":11.6728496560001,"maxY":50.9890556350002,"minX":11.4992876060001,"minY":50.8561897290002},"result":"Jena, Thüringen, Germany"}