{"bounds":{"maxX":10.964522362,"maxY":51.1119766250002,"minX":10.4008626940001,"minY":50.7154655450001},"result":"Gotha, Thüringen, Germany"}