{"bounds":{"maxX":11.4855480190001,"maxY":51.3226165780001,"minX":10.8627681740001,"minY":51.0091133120002},"result":"Sömmerda, Thüringen, Germany"}