{"bounds":{"maxX":10.7547578800001,"maxY":50.8513298040001,"minX":10.0371913900001,"minY":50.3925323500001},"result":"Schmalkalden-Meiningen, Thüringen, Germany"}