{"bounds":{"maxX":12.0211727450001,"maxY":51.0877760830001,"minX":11.4205303200001,"minY":50.7468223570002},"result":"Saale-Holzland-Kreis, Thüringen, Germany"}