{"bounds":{"maxX":10.9796800620001,"maxY":51.649009705,"minX":10.4705771780002,"minY":51.364471436},"result":"Nordhausen, Thüringen, Germany"}