{"bounds":{"maxX":12.3220481870001,"maxY":50.9758644110001,"minX":11.8579883570001,"minY":50.5493545530002},"result":"Greiz, Thüringen, Germany"}