{"bounds":{"maxX":11.6336297980001,"maxY":50.8350105290002,"minX":10.9663238520002,"minY":50.4208221430001},"result":"Saalfeld-Rudolstadt, Thüringen, Germany"}