{"bounds":{"maxX":10.9225683210001,"maxY":51.3439559930002,"minX":10.185303688,"minY":51.0320930000001},"result":"Unstrut-Hainich-Kreis, Thüringen, Germany"}