{"bounds":{"maxX":10.61721978,"maxY":51.1532669070001,"minX":9.87697600000001,"minY":50.6154861140001},"result":"Wartburgkreis, Thüringen, Germany"}