{"bounds":{"maxX":11.2849664680001,"maxY":50.5441932690002,"minX":10.9392400000002,"minY":50.2677574160001},"result":"Sonneberg, Thüringen, Germany"}