{"bounds":{"maxX":11.6972179410001,"maxY":51.1193656930001,"minX":11.1059665680002,"minY":50.7935485840002},"result":"Weimarer Land, Thüringen, Germany"}