{"bounds":{"maxX":10.539484025,"maxY":51.5925331110001,"minX":9.92329311300011,"minY":51.1906510510001},"result":"Eichsfeld, Thüringen, Germany"}