{"bounds":{"maxX":11.2241010660001,"maxY":50.9131622310002,"minX":10.7337350850001,"minY":50.5469440000001},"result":"Ilm-Kreis, Thüringen, Germany"}