{"bounds":{"maxX":11.1751089100001,"maxY":51.0799522390001,"minX":10.8553466790001,"minY":50.8903694160001},"result":"Erfurt (Kreisfreie Stadt), Thüringen, Germany"}