{"bounds":{"maxX":11.039552688,"maxY":50.6152648920001,"minX":10.4505319590001,"minY":50.204818726},"result":"Hildburghausen, Thüringen, Germany"}