{"bounds":{"maxX":12.66631,"maxY":51.648921,"minX":9.873109,"minY":50.199799},"result":"Thüringen, Germany"}