{"bounds":{"maxX":11.4752259990001,"maxY":51.4297904970001,"minX":10.4835510260002,"minY":51.1993103020001},"result":"Kyffhäuserkreis, Thüringen, Germany"}