{"bounds":{"maxX":15.038113,"maxY":55.056525,"minX":5.87161900000001,"minY":47.269858},"result":"Germany"}