{"bounds":{"maxX":43.199252,"maxY":11.49299,"minX":42.660409,"minY":10.969203},"result":"Ali Sabieh, Djibouti"}