{"bounds":{"maxX":43.258621,"maxY":11.623472,"minX":42.752992,"minY":11.37079},"result":"Djibouti, Djibouti"}