{"bounds":{"maxX":42.818771,"maxY":11.934291,"minX":41.771497,"minY":10.914973},"result":"Dikhil, Djibouti"}