{"bounds":{"maxX":43.417641,"maxY":12.706778,"minX":42.710236,"minY":11.830393},"result":"Obock, Djibouti"}