{"bounds":{"maxX":43.070059,"maxY":12.527911,"minX":42.04143,"minY":11.555417},"result":"Tadjourah, Djibouti"}