{"bounds":{"maxX":43.417641,"maxY":12.706778,"minX":41.771497,"minY":10.914973},"result":"Djibouti"}