{"bounds":{"maxX":15.193056,"maxY":56.129308,"minX":11.841945,"minY":54.987363},"result":"Region Hovedstaden, Denmark"}