{"bounds":{"maxX":12.55417,"maxY":56.01097,"minX":10.86861,"minY":54.559029},"result":"Region Sjælland, Denmark"}