{"bounds":{"maxX":10.955833,"maxY":55.897178,"minX":8.07638900000001,"minY":54.721249},"result":"Region Syddanmark, Denmark"}