{"bounds":{"maxX":11.716389,"maxY":56.737914,"minX":8.09638799999999,"minY":55.369457},"result":"Region Midtjylland, Denmark"}