{"bounds":{"maxX":11.200277,"maxY":57.751526,"minX":8.211389,"minY":56.204583},"result":"Region Nordjylland, Denmark"}