{"bounds":{"maxX":15.193056,"maxY":57.751526,"minX":8.07638900000001,"minY":54.559029},"result":"Denmark"}