{"bounds":{"maxX":-61.2409699999999,"maxY":15.343195,"minX":-61.346626,"minY":15.211805},"result":"Saint Patrick, Dominica"}