{"bounds":{"maxX":-61.2401399999999,"maxY":15.520416,"minX":-61.328887,"minY":15.324287},"result":"Saint David, Dominica"}