{"bounds":{"maxX":-61.333785,"maxY":15.250174,"minX":-61.374306,"minY":15.206251},"result":"Saint Mark, Dominica"}