{"bounds":{"maxX":-61.298488,"maxY":15.351938,"minX":-61.391251,"minY":15.260237},"result":"Saint George, Dominica"}