{"bounds":{"maxX":-61.4012289999999,"maxY":15.639307,"minX":-61.4801399999999,"minY":15.509643},"result":"Saint John, Dominica"}