{"bounds":{"maxX":-61.345334,"maxY":15.270525,"minX":-61.377918,"minY":15.233473},"result":"Saint Luke, Dominica"}