{"bounds":{"maxX":-61.270694,"maxY":15.640139,"minX":-61.442033,"minY":15.452186},"result":"Saint Andrew, Dominica"}