{"bounds":{"maxX":-61.3149339999999,"maxY":15.501793,"minX":-61.454785,"minY":15.389767},"result":"Saint Joseph, Dominica"}