{"bounds":{"maxX":-61.399752,"maxY":15.539021,"minX":-61.475693,"minY":15.461806},"result":"Saint Peter, Dominica"}