{"bounds":{"maxX":-61.3200419999999,"maxY":15.411911,"minX":-61.420695,"minY":15.317197},"result":"Saint Paul, Dominica"}