{"bounds":{"maxX":-61.2401399999999,"maxY":15.640139,"minX":-61.4801399999999,"minY":15.206251},"result":"Dominica"}