{"bounds":{"maxX":-69.6176359999999,"maxY":18.541037,"minX":-70.005386,"minY":18.425416},"result":"Distrito Nacional (Santo Domingo), Dominican Republic"}