{"bounds":{"maxX":-71.413055,"maxY":19.646306,"minX":-71.7831179999999,"minY":19.231726},"result":"Dajabón, Dominican Republic"}