{"bounds":{"maxX":-70.09172,"maxY":19.71514,"minX":-70.613915,"minY":19.301949},"result":"Espaillat, Dominican Republic"}