{"bounds":{"maxX":-70.948684,"maxY":18.525889,"minX":-71.4335169999999,"minY":17.838472},"result":"Barahona, Dominican Republic"}