{"bounds":{"maxX":-69.662773,"maxY":19.499197,"minX":-70.372582,"minY":19.037375},"result":"Duarte, Dominican Republic"}