{"bounds":{"maxX":-71.327378,"maxY":19.298851,"minX":-71.881311,"minY":18.650766},"result":"La Estrelleta, Dominican Republic"}