{"bounds":{"maxX":-68.792138,"maxY":19.04375,"minX":-69.333923,"minY":18.52735},"result":"El Seybo, Dominican Republic"}