{"bounds":{"maxX":-70.9825739999999,"maxY":18.650766,"minX":-71.631592,"minY":18.333476},"result":"Bahoruco, Dominican Republic"}