{"bounds":{"maxX":-70.471259,"maxY":19.003592,"minX":-71.161322,"minY":18.247639},"result":"Azua, Dominican Republic"}