{"bounds":{"maxX":-68.84954,"maxY":18.672629,"minX":-69.121323,"minY":18.339028},"result":"La Romana, Dominican Republic"}