{"bounds":{"maxX":-70.276077,"maxY":19.368933,"minX":-70.917984,"minY":18.6768},"result":"La Vega, Dominican Republic"}