{"bounds":{"maxX":-71.277839,"maxY":18.29213,"minX":-71.780288,"minY":17.470139},"result":"Pedernales, Dominican Republic"}