{"bounds":{"maxX":-70.372361,"maxY":19.932362,"minX":-71.222169,"minY":19.517838},"result":"Puerto Plata, Dominican Republic"}