{"bounds":{"maxX":-70.227661,"maxY":19.558889,"minX":-70.467317,"minY":19.221782},"result":"Salcedo, Dominican Republic"}