{"bounds":{"maxX":-68.322638,"maxY":18.979029,"minX":-68.944229,"minY":18.109861},"result":"La Altagracia, Dominican Republic"}