{"bounds":{"maxX":-70.1798919999999,"maxY":18.503568,"minX":-70.583748,"minY":18.194027},"result":"Peravia, Dominican Republic"}