{"bounds":{"maxX":-71.200774,"maxY":18.686117,"minX":-72.003882,"minY":18.135954},"result":"Independencia, Dominican Republic"}