{"bounds":{"maxX":-70.5459059999999,"maxY":19.651103,"minX":-71.2522509999999,"minY":19.018023},"result":"Santiago, Dominican Republic"}