{"bounds":{"maxX":-69.150138,"maxY":19.36375,"minX":-69.802237,"minY":19.008886},"result":"Samaná, Dominican Republic"}