{"bounds":{"maxX":-69.3786239999999,"maxY":19.094568,"minX":-70.251175,"minY":18.571814},"result":"Monte Plata, Dominican Republic"}