{"bounds":{"maxX":-70.2238619999999,"maxY":19.111589,"minX":-70.610535,"minY":18.708783},"result":"Monseñor Nouel, Dominican Republic"}