{"bounds":{"maxX":-70.002799,"maxY":18.801722,"minX":-70.380525,"minY":18.22903},"result":"San Cristóbal, Dominican Republic"}