{"bounds":{"maxX":-70.864112,"maxY":19.751752,"minX":-71.184205,"minY":19.440144},"result":"Valverde, Dominican Republic"}