{"bounds":{"maxX":-70.8894119999999,"maxY":19.191073,"minX":-71.6332399999999,"minY":18.593794},"result":"San Juan, Dominican Republic"}