{"bounds":{"maxX":-69.51825,"maxY":18.736725,"minX":-70.176125,"minY":18.400138},"result":"Santo Domingo, Dominican Republic"}