{"bounds":{"maxX":-69.18193,"maxY":19.103194,"minX":-69.637825,"minY":18.52196},"result":"Hato Mayor, Dominican Republic"}