{"bounds":{"maxX":-70.350021,"maxY":18.787972,"minX":-70.700005,"minY":18.413225},"result":"San José de Ocoa, Dominican Republic"}