{"bounds":{"maxX":-68.322638,"maxY":19.932362,"minX":-72.003882,"minY":17.470139},"result":"Dominican Republic"}