{"bounds":{"maxX":6.79511500000001,"maxY":35.922447,"minX":4.74150700000001,"minY":34.753269},"result":"Batna, Algeria"}