{"bounds":{"maxX":0.384829000000025,"maxY":32.417892,"minX":-5.50027499999999,"minY":27.299895},"result":"Béchar, Algeria"}