{"bounds":{"maxX":5.48380100000003,"maxY":36.895415,"minX":4.35132800000002,"minY":36.217522},"result":"Béjaïa, Algeria"}