{"bounds":{"maxX":4.480638,"maxY":34.694832,"minX":1.336209,"minY":32.803131},"result":"Laghouat, Algeria"}