{"bounds":{"maxX":6.77328500000004,"maxY":35.285881,"minX":4.13684599999999,"minY":33.354851},"result":"Biskra, Algeria"}