{"bounds":{"maxX":3.30985200000003,"maxY":36.671944,"minX":2.479062,"minY":36.331482},"result":"Blida, Algeria"}