{"bounds":{"maxX":7.86896100000001,"maxY":36.198441,"minX":6.15491300000002,"minY":35.422142},"result":"Oum el Bouaghi, Algeria"}