{"bounds":{"maxX":1.72158899999999,"maxY":36.555138,"minX":0.69185200000004,"minY":35.850945},"result":"Chlef, Algeria"}