{"bounds":{"maxX":2.49956300000002,"maxY":31.659145,"minX":-5.652601,"minY":20.063786},"result":"Adrar, Algeria"}