{"bounds":{"maxX":6.51132799999999,"maxY":36.94208,"minX":5.42520000000002,"minY":36.518501},"result":"Jijel, Algeria"}