{"bounds":{"maxX":-0.762412999999981,"maxY":35.237488,"minX":-2.21534199999996,"minY":34.093864},"result":"Tlemcen, Algeria"}