{"bounds":{"maxX":3.38548200000002,"maxY":36.820416,"minX":2.80171300000001,"minY":36.580547},"result":"Alger, Algeria"}