{"bounds":{"maxX":4.395962,"maxY":36.612728,"minX":3.29422099999999,"minY":35.849968},"result":"Bouira, Algeria"}