{"bounds":{"maxX":6.02705200000003,"maxY":36.59602,"minX":4.73078700000002,"minY":35.616261},"result":"Sétif, Algeria"}