{"bounds":{"maxX":2.67177100000004,"maxY":35.711086,"minX":0.487756000000047,"minY":34.072975},"result":"Tiaret, Algeria"}