{"bounds":{"maxX":8.47997000000004,"maxY":36.003463,"minX":7.22826700000002,"minY":34.242592},"result":"Tébessa, Algeria"}