{"bounds":{"maxX":10.271104,"maxY":29.757711,"minX":0.933920999999998,"minY":18.960031},"result":"Tamanghasset, Algeria"}