{"bounds":{"maxX":4.65382700000004,"maxY":36.910416,"minX":3.71633000000003,"minY":36.452263},"result":"Tizi Ouzou, Algeria"}