{"bounds":{"maxX":5.07963800000005,"maxY":35.832092,"minX":2.01362,"minY":32.852425},"result":"Djelfa, Algeria"}