{"bounds":{"maxX":0.0417570000000183,"maxY":35.456402,"minX":-1.12420499999996,"minY":33.908119},"result":"Sidi Bel Abbès, Algeria"}