{"bounds":{"maxX":7.83236600000004,"maxY":37.085415,"minX":7.28347300000001,"minY":36.602612},"result":"Annaba, Algeria"}