{"bounds":{"maxX":0.742049000000009,"maxY":36.333196,"minX":-0.11461399999996,"minY":35.671375},"result":"Mostaganem, Algeria"}