{"bounds":{"maxX":7.406136,"maxY":37.095138,"minX":6.239305,"minY":36.419029},"result":"Skikda, Algeria"}