{"bounds":{"maxX":0.934391000000005,"maxY":35.168037,"minX":-0.347442999999998,"minY":34.31937},"result":"Saïda, Algeria"}