{"bounds":{"maxX":7.959969,"maxY":36.673313,"minX":6.94027900000003,"minY":36.025124},"result":"Guelma, Algeria"}