{"bounds":{"maxX":0.903113000000019,"maxY":35.784534,"minX":-0.520819999999958,"minY":35.010933},"result":"Mascara, Algeria"}