{"bounds":{"maxX":3.62996800000002,"maxY":36.504303,"minX":2.13988800000004,"minY":35.44529},"result":"Médéa, Algeria"}