{"bounds":{"maxX":7.050093,"maxY":36.623978,"minX":6.31043199999999,"minY":36.092274},"result":"Constantine, Algeria"}