{"bounds":{"maxX":5.338661,"maxY":36.042309,"minX":3.37039400000003,"minY":34.216354},"result":"Msila, Algeria"}