{"bounds":{"maxX":9.47450500000002,"maxY":33.945801,"minX":2.99738600000001,"minY":28.49773},"result":"Ouargla, Algeria"}