{"bounds":{"maxX":2.31536800000003,"maxY":36.035206,"minX":1.25810799999999,"minY":35.536045},"result":"Tissemsilt, Algeria"}