{"bounds":{"maxX":9.06597600000003,"maxY":34.510735,"minX":5.18354400000004,"minY":32.000782},"result":"El Oued, Algeria"}