{"bounds":{"maxX":11.988911,"maxY":30.558466,"minX":5.63920000000002,"minY":22.51796},"result":"Illizi, Algeria"}