{"bounds":{"maxX":4.03972500000003,"maxY":36.923474,"minX":3.22638800000004,"minY":36.547951},"result":"Boumerdès, Algeria"}