{"bounds":{"maxX":5.19929400000001,"maxY":36.430084,"minX":4.067429,"minY":35.761848},"result":"Bordj Bou Arréridj, Algeria"}