{"bounds":{"maxX":8.68464,"maxY":36.952084,"minX":7.66677400000003,"minY":36.390785},"result":"El Tarf, Algeria"}