{"bounds":{"maxX":2.36121100000003,"maxY":34.447849,"minX":-0.414878999999985,"minY":30.701157},"result":"El Bayadh, Algeria"}