{"bounds":{"maxX":-2.97920799999997,"maxY":29.61416,"minX":-8.67386799999997,"minY":25.517895},"result":"Tindouf, Algeria"}