{"bounds":{"maxX":-0.113006999999982,"maxY":35.910138,"minX":-1.05958399999997,"minY":35.333218},"result":"Oran, Algeria"}