{"bounds":{"maxX":2.62835200000001,"maxY":36.457249,"minX":1.528525,"minY":35.860283},"result":"Aïn Defla, Algeria"}