{"bounds":{"maxX":1.428968,"maxY":36.227776,"minX":0.228221000000019,"minY":35.44437},"result":"Relizane, Algeria"}