{"bounds":{"maxX":7.549891,"maxY":35.673267,"minX":6.49808100000001,"minY":34.154469},"result":"Khenchela, Algeria"}