{"bounds":{"maxX":6.54641700000002,"maxY":36.623924,"minX":5.73816700000003,"minY":35.875923},"result":"Mila, Algeria"}