{"bounds":{"maxX":0.170637999999997,"maxY":34.325558,"minX":-1.73709099999996,"minY":32.145111},"result":"Naama, Algeria"}