{"bounds":{"maxX":8.41015500000003,"maxY":36.469852,"minX":7.28237100000001,"minY":35.80545},"result":"Souk Ahras, Algeria"}