{"bounds":{"maxX":5.02597300000002,"maxY":33.070606,"minX":1.90391,"minY":28.89724},"result":"Ghardaïa, Algeria"}