{"bounds":{"maxX":-0.581209000000001,"maxY":35.733197,"minX":-1.589583,"minY":35.08971},"result":"Aïn Témouchent, Algeria"}