{"bounds":{"maxX":2.83472,"maxY":36.700417,"minX":1.64398800000004,"minY":36.356251},"result":"Tipaza, Algeria"}