{"bounds":{"maxX":11.988911,"maxY":37.095138,"minX":-8.67386799999997,"minY":18.960031},"result":"Algeria"}