{"bounds":{"maxX":-78.4198519999999,"maxY":-2.550949,"minX":-79.7609409999999,"minY":-3.622366},"result":"Azuay, Ecuador"}