{"bounds":{"maxX":-78.8407579999999,"maxY":-1.14663899999999,"minX":-79.3901759999999,"minY":-2.20094899999998},"result":"Bolívar, Ecuador"}