{"bounds":{"maxX":-77.522948,"maxY":1.18538000000001,"minX":-78.547386,"minY":0.355360000000019},"result":"Carchi, Ecuador"}