{"bounds":{"maxX":-75.2000419999999,"maxY":-0.0393819999999891,"minX":-77.625434,"minY":-1.55387899999999},"result":"Orellana, Ecuador"}