{"bounds":{"maxX":-78.4246449999999,"maxY":1.45402799999999,"minX":-80.1029119999999,"minY":0.0689060000000268},"result":"Esmeraldas, Ecuador"}