{"bounds":{"maxX":-78.565865,"maxY":-2.21261099999998,"minX":-79.5259389999999,"minY":-2.84125399999999},"result":"Cañar, Ecuador"}