{"bounds":{"maxX":-79.106209,"maxY":-0.830323999999962,"minX":-80.560302,"minY":-3.061015},"result":"Guayas, Ecuador"}