{"bounds":{"maxX":-78.356048,"maxY":-1.42672799999997,"minX":-79.25273,"minY":-2.556218},"result":"Chimborazo, Ecuador"}