{"bounds":{"maxX":-77.7843559999999,"maxY":0.878467000000001,"minX":-79.272949,"minY":0.123524000000032},"result":"Imbabura, Ecuador"}