{"bounds":{"maxX":-79.0951009999999,"maxY":-3.327405,"minX":-80.4867179999999,"minY":-4.75069299999996},"result":"Loja, Ecuador"}