{"bounds":{"maxX":-79.399751,"maxY":0.369584000000032,"minX":-81.085976,"minY":-1.94505599999997},"result":"Manabí, Ecuador"}