{"bounds":{"maxX":-77.026414,"maxY":0.0363150000000019,"minX":-78.421616,"minY":-1.24419499999999},"result":"Napo, Ecuador"}