{"bounds":{"maxX":-79.364839,"maxY":-3.04549099999997,"minX":-80.442086,"minY":-3.895759},"result":"El Oro, Ecuador"}