{"bounds":{"maxX":-77.83661,"maxY":0.330059000000006,"minX":-79.6238779999999,"minY":-0.717606999999987},"result":"Pichincha, Ecuador"}