{"bounds":{"maxX":-79.080184,"maxY":-0.535550000000001,"minX":-79.875625,"minY":-2.12948599999999},"result":"Los Ríos, Ecuador"}