{"bounds":{"maxX":-78.735061,"maxY":-0.0410939999999869,"minX":-79.545693,"minY":-0.696821999999997},"result":"Santo Domingo de los Tsáchilas, Ecuador"}