{"bounds":{"maxX":-80.225388,"maxY":-1.65211699999998,"minX":-81.013474,"minY":-2.50958199999997},"result":"Santa Elena, Ecuador"}