{"bounds":{"maxX":-76.689712,"maxY":-1.44475399999999,"minX":-78.9490739999999,"minY":-3.58403099999998},"result":"Morona-Santiago, Ecuador"}