{"bounds":{"maxX":-78.109628,"maxY":-0.970622999999989,"minX":-78.93666,"minY":-1.51893099999995},"result":"Tungurahua, Ecuador"}