{"bounds":{"maxX":-75.226149,"maxY":0.64678600000002,"minX":-77.969009,"minY":-0.655969999999968},"result":"Sucumbíos, Ecuador"}