{"bounds":{"maxX":-89.2407229999999,"maxY":1.399584,"minX":-91.826806,"minY":-1.41152699999998},"result":"Galápagos, Ecuador"}