{"bounds":{"maxX":-78.3864829999999,"maxY":-0.328501999999958,"minX":-79.3354649999999,"minY":-1.21654699999999},"result":"Cotopaxi, Ecuador"}