{"bounds":{"maxX":-75.569779,"maxY":-0.994795999999951,"minX":-78.177947,"minY":-2.60008199999999},"result":"Pastaza, Ecuador"}