{"bounds":{"maxX":-78.365967,"maxY":-3.33043599999996,"minX":-79.438614,"minY":-5.01737499999996},"result":"Zamora-Chinchipe, Ecuador"}