{"bounds":{"maxX":-75.2000419999999,"maxY":1.45402799999999,"minX":-91.826806,"minY":-5.01737499999996},"result":"Ecuador"}