{"bounds":{"maxX":25.945555,"maxY":59.700417,"minX":23.718056,"minY":58.978599},"result":"Harjumaa, Estonia"}