{"bounds":{"maxX":23.180834,"maxY":59.093194,"minX":22.038611,"minY":58.685418},"result":"Hiiumaa, Estonia"}