{"bounds":{"maxX":27.527364,"maxY":58.968548,"minX":25.758586,"minY":58.472676},"result":"Jõgevamaa, Estonia"}