{"bounds":{"maxX":28.214777,"maxY":59.500416,"minX":26.709177,"minY":58.808915},"result":"Ida-Virumaa, Estonia"}