{"bounds":{"maxX":26.946946,"maxY":59.82264,"minX":23.115279,"minY":58.53455},"result":"Lääne-Virumaa, Estonia"}