{"bounds":{"maxX":26.169562,"maxY":59.296939,"minX":25.198708,"minY":58.613522},"result":"Järvamaa, Estonia"}