{"bounds":{"maxX":27.826882,"maxY":58.256694,"minX":26.566205,"minY":57.815952},"result":"Põlvamaa, Estonia"}