{"bounds":{"maxX":25.354106,"maxY":58.753338,"minX":23.21139,"minY":57.779862},"result":"Pärnumaa, Estonia"}