{"bounds":{"maxX":25.318647,"maxY":59.229042,"minX":24.079162,"minY":58.65792},"result":"Raplamaa, Estonia"}