{"bounds":{"maxX":27.513587,"maxY":58.688975,"minX":26.050788,"minY":58.109847},"result":"Tartumaa, Estonia"}