{"bounds":{"maxX":23.406389,"maxY":58.686527,"minX":21.76361,"minY":57.889026},"result":"Saaremaa, Estonia"}