{"bounds":{"maxX":26.63795,"maxY":58.17263,"minX":25.582236,"minY":57.571811},"result":"Valgamaa, Estonia"}