{"bounds":{"maxX":27.557866,"maxY":57.957029,"minX":26.3938,"minY":57.515113},"result":"Võrumaa, Estonia"}