{"bounds":{"maxX":26.182715,"maxY":58.696929,"minX":25.003721,"minY":57.961776},"result":"Viljandimaa, Estonia"}