{"bounds":{"maxX":28.214777,"maxY":59.82264,"minX":21.76361,"minY":57.515113},"result":"Estonia"}