{"bounds":{"maxX":31.692182,"maxY":27.60198,"minX":30.696621,"minY":26.7946},"result":"Asyut, Egypt"}