{"bounds":{"maxX":30.10875,"maxY":31.359862,"minX":29.58306,"minY":30.386689},"result":"Al Iskandariyah, Egypt"}