{"bounds":{"maxX":33.358059,"maxY":25.269038,"minX":31.269819,"minY":22.007928},"result":"Aswan, Egypt"}