{"bounds":{"maxX":31.33149,"maxY":29.41023,"minX":29.74528,"minY":28.7046},"result":"Bani Suwayf, Egypt"}