{"bounds":{"maxX":36.248748,"maxY":29.21053,"minX":30.86277,"minY":21.72539},"result":"Al Bahr al Ahmar, Egypt"}