{"bounds":{"maxX":30.84417,"maxY":31.483473,"minX":29.62633,"minY":29.8755},"result":"Al Buhayrah, Egypt"}