{"bounds":{"maxX":31.95578,"maxY":30.324159,"minX":31.207929,"minY":29.77457},"result":"Al Qahirah, Egypt"}