{"bounds":{"maxX":31.995972,"maxY":31.52736,"minX":31.50643,"minY":31.163811},"result":"Dumyat, Egypt"}