{"bounds":{"maxX":32.384171,"maxY":31.526843,"minX":31.23467,"minY":30.51792},"result":"Ad Daqahliyah, Egypt"}