{"bounds":{"maxX":31.14453,"maxY":29.708031,"minX":29.835591,"minY":28.962079},"result":"Al Fayyum, Egypt"}