{"bounds":{"maxX":31.30017,"maxY":31.100321,"minX":30.766759,"minY":30.476749},"result":"Al Gharbiyah, Egypt"}