{"bounds":{"maxX":31.95962,"maxY":30.30573,"minX":27.379141,"minY":27.66856},"result":"Al Jizah, Egypt"}