{"bounds":{"maxX":32.825297,"maxY":31.09842,"minX":31.779618,"minY":30.162741},"result":"Al Isma‘iliyah, Egypt"}