{"bounds":{"maxX":34.868752,"maxY":29.91703,"minX":32.66375,"minY":27.723193},"result":"Janub Sina', Egypt"}