{"bounds":{"maxX":31.356807,"maxY":31.602916,"minX":30.395695,"minY":30.946461},"result":"Kafr ash Shaykh, Egypt"}