{"bounds":{"maxX":31.54946,"maxY":30.528098,"minX":31.04581,"minY":30.107251},"result":"Al Qalyubiyah, Egypt"}