{"bounds":{"maxX":32.970421,"maxY":26.2553,"minX":31.964862,"minY":25.09088},"result":"Qina, Egypt"}