{"bounds":{"maxX":30.31941,"maxY":32.238193,"minX":23.274306,"minY":27.66869},"result":"Matruh, Egypt"}