{"bounds":{"maxX":31.0133,"maxY":28.760339,"minX":28.690309,"minY":27.524409},"result":"Al Minya, Egypt"}