{"bounds":{"maxX":31.24646,"maxY":30.695289,"minX":30.81971,"minY":30.18404},"result":"Al Minufiyah, Egypt"}