{"bounds":{"maxX":32.650547,"maxY":31.249862,"minX":32.316909,"minY":30.943379},"result":"Bur Sa‘id, Egypt"}