{"bounds":{"maxX":32.362548,"maxY":26.905501,"minX":31.35146,"minY":26.13098},"result":"Suhaj, Egypt"}