{"bounds":{"maxX":34.910695,"maxY":31.334306,"minX":32.627411,"minY":29.481236},"result":"Shamal Sina', Egypt"}