{"bounds":{"maxX":32.907041,"maxY":30.25196,"minX":31.91195,"minY":28.92833},"result":"As Suways, Egypt"}