{"bounds":{"maxX":32.316909,"maxY":31.208078,"minX":31.26744,"minY":30.17583},"result":"Ash Sharqiyah, Egypt"}