{"bounds":{"maxX":32.942071,"maxY":27.671341,"minX":24.999999,"minY":21.999201},"result":"Al Wadi al Jadid, Egypt"}