{"bounds":{"maxX":36.248748,"maxY":32.238193,"minX":23.274306,"minY":21.72539},"result":"Egypt"}