{"bounds":{"maxX":39.051331,"maxY":15.587423,"minX":38.69189,"minY":15.1154},"result":"Anseba, Eritrea"}