{"bounds":{"maxX":40.572041,"maxY":18.006714,"minX":37.965389,"minY":14.412252},"result":"Debub, Eritrea"}