{"bounds":{"maxX":43.137639,"maxY":16.621528,"minX":39.315419,"minY":12.356982},"result":"Debubawi Keyih Bahri, Eritrea"}