{"bounds":{"maxX":38.768784,"maxY":16.284259,"minX":36.438767,"minY":14.186148},"result":"Gash-Barka, Eritrea"}