{"bounds":{"maxX":39.67075,"maxY":15.271081,"minX":38.221604,"minY":14.418069},"result":"Maakel, Eritrea"}