{"bounds":{"maxX":38.886857,"maxY":17.55761,"minX":36.887446,"minY":15.52233},"result":"Semien-Keih-Bahri, Eritrea"}