{"bounds":{"maxX":43.137639,"maxY":18.006714,"minX":36.438767,"minY":12.356982},"result":"Eritrea"}