{"bounds":{"maxX":-1.63000599999998,"maxY":37.916612,"minX":-3.14007899999996,"minY":36.680137},"result":"Almería, Andalucía, Spain"}