{"bounds":{"maxX":0.385698000000048,"maxY":42.744008,"minX":-2.17360399999995,"minY":40.936234},"result":"Zaragoza, Aragón, Spain"}