{"bounds":{"maxX":0.293542000000002,"maxY":41.354321,"minX":-1.80628999999999,"minY":39.846802},"result":"Teruel, Aragón, Spain"}