{"bounds":{"maxX":-4.51051899999999,"maxY":43.661528,"minX":-7.18205799999998,"minY":42.8828},"result":"Asturias, Principado de, Spain"}