{"bounds":{"maxX":-5.08662899999996,"maxY":37.052468,"minX":-6.47347199999996,"minY":35.999585},"result":"Cádiz, Andalucía, Spain"}