{"bounds":{"maxX":-2.43636099999998,"maxY":38.53294,"minX":-4.28751899999997,"minY":37.37838},"result":"Jaén, Andalucía, Spain"}