{"bounds":{"maxX":-6.121621,"maxY":38.20832,"minX":-7.52269899999999,"minY":36.79625},"result":"Huelva, Andalucía, Spain"}