{"bounds":{"maxX":-3.765852,"maxY":37.282437,"minX":-5.611626,"minY":36.30986},"result":"Málaga, Andalucía, Spain"}