{"bounds":{"maxX":-4.65321299999999,"maxY":38.197433,"minX":-6.53837899999996,"minY":36.842213},"result":"Sevilla, Andalucía, Spain"}