{"bounds":{"maxX":0.771335000000022,"maxY":42.924504,"minX":-0.934132999999974,"minY":41.347825},"result":"Huesca, Aragón, Spain"}