{"bounds":{"maxX":-1.63000599999998,"maxY":38.729107,"minX":-7.52269899999999,"minY":35.999585},"result":"Andalucía, Spain"}