{"bounds":{"maxX":0.771335000000022,"maxY":42.924504,"minX":-2.17360399999995,"minY":39.846802},"result":"Aragón, Spain"}