{"bounds":{"maxX":-4.000699,"maxY":38.729107,"minX":-5.58551799999998,"minY":37.184359},"result":"Córdoba, Andalucía, Spain"}