{"bounds":{"maxX":-2.20756599999999,"maxY":38.084133,"minX":-4.32748999999995,"minY":36.693475},"result":"Granada, Andalucía, Spain"}