{"bounds":{"maxX":-17.723472,"maxY":28.858472,"minX":-18.009862,"minY":28.45264},"result":"La Palma, Canarias, Spain"}