{"bounds":{"maxX":-5.27819499999998,"maxY":35.918195,"minX":-5.38492399999996,"minY":35.874599},"result":"Ceuta, Spain"}