{"bounds":{"maxX":-1.77531199999999,"maxY":42.146706,"minX":-3.55036699999999,"minY":41.056517},"result":"Soria, Castilla y León, Spain"}