{"bounds":{"maxX":-5.22876499999995,"maxY":42.254162,"minX":-7.03389799999997,"minY":41.117168},"result":"Zamora, Castilla y León, Spain"}