{"bounds":{"maxX":-15.357638,"maxY":28.182084,"minX":-15.834028,"minY":27.734028},"result":"Gran Canaria, Canarias, Spain"}