{"bounds":{"maxX":-2.51734599999997,"maxY":43.198559,"minX":-4.33525799999995,"minY":41.450776},"result":"Burgos, Castilla y León, Spain"}