{"bounds":{"maxX":-1.535574,"maxY":41.327641,"minX":-3.54047099999997,"minY":40.152473},"result":"Guadalajara, Castilla-La Mancha, Spain"}