{"bounds":{"maxX":-3.88996499999996,"maxY":43.060678,"minX":-5.03179299999999,"minY":41.758206},"result":"Palencia, Castilla y León, Spain"}