{"bounds":{"maxX":-3.14962399999996,"maxY":43.514862,"minX":-4.85164799999995,"minY":42.758056},"result":"Cantabria, Spain"}