{"bounds":{"maxX":-5.08973599999996,"maxY":41.294168,"minX":-6.93169599999999,"minY":40.23893},"result":"Salamanca, Castilla y León, Spain"}