{"bounds":{"maxX":3.32486,"maxY":42.861392,"minX":0.159222999999997,"minY":40.522965},"result":"Cataluña, Spain"}