{"bounds":{"maxX":-3.20685699999996,"maxY":41.586068,"minX":-4.72455399999996,"minY":40.633248},"result":"Segovia, Castilla y León, Spain"}