{"bounds":{"maxX":-17.098472,"maxY":28.217916,"minX":-17.349307,"minY":28.019583},"result":"La Gomera, Canarias, Spain"}