{"bounds":{"maxX":1.65316900000005,"maxY":41.582633,"minX":0.159222999999997,"minY":40.522965},"result":"Tarragona, Cataluña, Spain"}