{"bounds":{"maxX":-3.98058099999997,"maxY":42.311822,"minX":-5.52078,"minY":41.094014},"result":"Valladolid, Castilla y León, Spain"}