{"bounds":{"maxX":-0.915727000000004,"maxY":39.422906,"minX":-2.88279899999998,"minY":38.022475},"result":"Albacete, Castilla-La Mancha, Spain"}