{"bounds":{"maxX":-0.915727000000004,"maxY":41.327641,"minX":-5.40599799999995,"minY":38.022475},"result":"Castilla-La Mancha, Spain"}