{"bounds":{"maxX":-1.14233400000001,"maxY":40.658706,"minX":-3.170143,"minY":39.226688},"result":"Cuenca, Castilla-La Mancha, Spain"}