{"bounds":{"maxX":1.855073,"maxY":42.861392,"minX":0.320023000000049,"minY":41.274148},"result":"Lleida, Cataluña, Spain"}