{"bounds":{"maxX":-1.77531199999999,"maxY":43.238437,"minX":-7.07690499999995,"minY":40.082855},"result":"Castilla y León, Spain"}