{"bounds":{"maxX":-2.90814499999999,"maxY":40.318349,"minX":-5.40599799999995,"minY":39.258521},"result":"Toledo, Castilla-La Mancha, Spain"}