{"bounds":{"maxX":-4.16016099999996,"maxY":41.164241,"minX":-5.73744799999997,"minY":40.082855},"result":"Ávila, Castilla y León, Spain"}