{"bounds":{"maxX":-13.3345839999999,"maxY":29.417361,"minX":-13.882639,"minY":28.837916},"result":"Lanzarote, Canarias, Spain"}