{"bounds":{"maxX":-13.3345839999999,"maxY":29.417361,"minX":-18.161527,"minY":27.637361},"result":"Canarias, Spain"}