{"bounds":{"maxX":-13.809583,"maxY":28.767361,"minX":-14.513472,"minY":28.045415},"result":"Fuerteventura, Canarias, Spain"}