{"bounds":{"maxX":-4.73413099999999,"maxY":43.238437,"minX":-7.07690499999995,"minY":42.029214},"result":"León, Castilla y León, Spain"}