{"bounds":{"maxX":2.77736200000004,"maxY":42.323323,"minX":1.35964799999999,"minY":41.192639},"result":"Barcelona, Cataluña, Spain"}