{"bounds":{"maxX":-17.8823599999999,"maxY":27.849583,"minX":-18.161527,"minY":27.637361},"result":"El Hierro, Canarias, Spain"}