{"bounds":{"maxX":-16.119583,"maxY":28.594862,"minX":-16.9243049999999,"minY":27.997918},"result":"Tenerife, Canarias, Spain"}