{"bounds":{"maxX":-2.63780099999997,"maxY":39.57678,"minX":-5.04683599999998,"minY":38.342789},"result":"Ciudad Real, Castilla-La Mancha, Spain"}