{"bounds":{"maxX":3.32486,"maxY":42.495406,"minX":1.72429400000004,"minY":41.65057},"result":"Girona, Cataluña, Spain"}