{"bounds":{"maxX":-4.64747,"maxY":40.486656,"minX":-7.54168499999997,"minY":37.941039},"result":"Extremadura, Spain"}