{"bounds":{"maxX":-4.64747,"maxY":39.451805,"minX":-7.33586099999997,"minY":37.941039},"result":"Badajoz, Extremadura, Spain"}