{"bounds":{"maxX":-4.952404,"maxY":40.486656,"minX":-7.54168499999997,"minY":39.03159},"result":"Cáceres, Extremadura, Spain"}