{"bounds":{"maxX":-7.662082,"maxY":43.791526,"minX":-9.301806,"minY":42.462639},"result":"A Coruña, Galicia, Spain"}