{"bounds":{"maxX":-6.733811,"maxY":43.791526,"minX":-9.301806,"minY":41.807362},"result":"Galicia, Spain"}