{"bounds":{"maxX":-6.81475,"maxY":43.761806,"minX":-7.99956799999995,"minY":42.325684},"result":"Lugo, Galicia, Spain"}