{"bounds":{"maxX":-7.861265,"maxY":42.859993,"minX":-8.94958199999996,"minY":41.869889},"result":"Pontevedra, Galicia, Spain"}