{"bounds":{"maxX":-6.733811,"maxY":42.578584,"minX":-8.366176,"minY":41.807362},"result":"Ourense, Galicia, Spain"}