{"bounds":{"maxX":4.32819499999999,"maxY":40.094859,"minX":1.15652700000004,"minY":38.640141},"result":"Illes Baleares, Spain"}