{"bounds":{"maxX":-2.92291599999999,"maxY":35.322704,"minX":-2.962582,"minY":35.280422},"result":"Melilla, Spain"}