{"bounds":{"maxX":-3.05323199999998,"maxY":41.165013,"minX":-4.57889899999998,"minY":39.884602},"result":"Madrid, Comunidad de, Spain"}