{"bounds":{"maxX":-0.647917000000007,"maxY":38.754447,"minX":-2.34430699999996,"minY":37.373719},"result":"Murcia, Región de, Spain"}