{"bounds":{"maxX":-0.726102999999966,"maxY":43.31479,"minX":-2.50003099999998,"minY":41.909896},"result":"Navarra, Comunidad Foral de, Spain"}