{"bounds":{"maxX":-2.41236199999997,"maxY":43.456805,"minX":-3.44896299999999,"minY":43.019897},"result":"Bizkaia, País Vasco, Spain"}