{"bounds":{"maxX":-1.72830199999999,"maxY":43.456805,"minX":-3.44896299999999,"minY":42.472248},"result":"País Vasco, Spain"}