{"bounds":{"maxX":-2.23264799999998,"maxY":43.216965,"minX":-3.28671399999996,"minY":42.472248},"result":"Araba, País Vasco, Spain"}