{"bounds":{"maxX":-1.72830199999999,"maxY":43.39347,"minX":-2.602643,"minY":42.895237},"result":"Gipuzkoa, País Vasco, Spain"}