{"bounds":{"maxX":-1.67895699999997,"maxY":42.644252,"minX":-3.13421199999999,"minY":41.919266},"result":"La Rioja, Spain"}