{"bounds":{"maxX":0.690695000000005,"maxY":40.788655,"minX":-0.846235999999976,"minY":39.714726},"result":"Castellón, Valenciana, Comunidad, Spain"}