{"bounds":{"maxX":0.234861000000024,"maxY":38.887425,"minX":-1.09408299999996,"minY":37.844067},"result":"Alicante, Valenciana, Comunidad, Spain"}