{"bounds":{"maxX":-0.0247469999999907,"maxY":40.211708,"minX":-1.52879799999999,"minY":38.686588},"result":"Valencia, Valenciana, Comunidad, Spain"}