{"bounds":{"maxX":0.690695000000005,"maxY":40.788655,"minX":-1.52879799999999,"minY":37.844067},"result":"Valenciana, Comunidad, Spain"}