{"bounds":{"maxX":4.32819499999999,"maxY":43.791526,"minX":-18.161527,"minY":27.637361},"result":"Spain"}