{"bounds":{"maxX":42.416042,"maxY":14.550651,"minX":39.661998,"minY":8.842961},"result":"Afar, Ethiopia"}