{"bounds":{"maxX":38.909619,"maxY":9.09834000000001,"minX":38.655021,"minY":8.83193},"result":"Addis Ababa, Ethiopia"}