{"bounds":{"maxX":40.19849,"maxY":13.766268,"minX":35.274944,"minY":8.734151},"result":"Amara, Ethiopia"}