{"bounds":{"maxX":37.03621,"maxY":12.056989,"minX":34.10683,"minY":8.78648000000004},"result":"Benshangul-Gumaz, Ethiopia"}