{"bounds":{"maxX":42.342838,"maxY":9.78608100000002,"minX":41.730338,"minY":9.47381899999999},"result":"Dire Dawa, Ethiopia"}