{"bounds":{"maxX":35.366661,"maxY":8.61123000000003,"minX":32.999938,"minY":7.00760000000002},"result":"Gambela Peoples, Ethiopia"}