{"bounds":{"maxX":42.27448,"maxY":9.39101099999999,"minX":42.061191,"minY":9.18825000000004},"result":"Harari People, Ethiopia"}