{"bounds":{"maxX":42.91468,"maxY":10.388801,"minX":34.129558,"minY":3.51213799999999},"result":"Oromia, Ethiopia"}