{"bounds":{"maxX":47.986178,"maxY":11.09595,"minX":39.095199,"minY":3.32209900000004},"result":"Somali, Ethiopia"}