{"bounds":{"maxX":39.135009,"maxY":8.46049900000003,"minX":34.187562,"minY":4.441779},"result":"Southern Nations, Nationalities and Peoples, Ethiopia"}