{"bounds":{"maxX":39.993801,"maxY":14.899958,"minX":36.451908,"minY":12.254221},"result":"Tigrai, Ethiopia"}