{"bounds":{"maxX":47.986178,"maxY":14.899958,"minX":32.999938,"minY":3.32209900000004},"result":"Ethiopia"}