{"bounds":{"maxX":25.030248,"maxY":64.172981,"minX":22.791279,"minY":63.118642},"result":"Central Ostrobothnia, Finland"}