{"bounds":{"maxX":26.778529,"maxY":63.61264,"minX":24.017249,"minY":61.450169},"result":"Central Finland, Finland"}