{"bounds":{"maxX":30.556441,"maxY":65.522018,"minX":26.291879,"minY":63.667241},"result":"Kainuu, Finland"}