{"bounds":{"maxX":21.328612,"maxY":60.65702,"minX":19.317699,"minY":59.747921},"result":"Åland, Finland"}