{"bounds":{"maxX":25.299651,"maxY":61.322669,"minX":23.136099,"minY":60.55087},"result":"Tavastia Proper, Finland"}