{"bounds":{"maxX":29.696231,"maxY":62.653999,"minX":26.22276,"minY":61.151292},"result":"Southern Savonia, Finland"}