{"bounds":{"maxX":27.998279,"maxY":61.291131,"minX":26.04282,"minY":60.27816},"result":"Kymenlaakso, Finland"}