{"bounds":{"maxX":30.146308,"maxY":61.865539,"minX":26.954269,"minY":60.666369},"result":"South Karelia, Finland"}