{"bounds":{"maxX":23.009839,"maxY":62.31198,"minX":21.329485,"minY":60.87197},"result":"Satakunta, Finland"}