{"bounds":{"maxX":29.10312,"maxY":64.034424,"minX":26.038109,"minY":62.254879},"result":"Northern Savonia, Finland"}