{"bounds":{"maxX":25.0035,"maxY":62.490731,"minX":22.535018,"minY":60.942601},"result":"Pirkanmaa, Finland"}