{"bounds":{"maxX":26.75257,"maxY":60.839151,"minX":22.773286,"minY":59.752361},"result":"Uusimaa, Finland"}