{"bounds":{"maxX":31.582799,"maxY":63.881309,"minX":28.358449,"minY":61.723542},"result":"North Karelia, Finland"}