{"bounds":{"maxX":30.0359,"maxY":70.091455,"minX":20.551206,"minY":65.58574},"result":"Lapland, Finland"}