{"bounds":{"maxX":23.747869,"maxY":63.927028,"minX":20.657585,"minY":61.953235},"result":"Ostrobothnia, Finland"}