{"bounds":{"maxX":26.51608,"maxY":61.79956,"minX":24.855789,"minY":60.673469},"result":"Päijänne Tavastia, Finland"}