{"bounds":{"maxX":23.919249,"maxY":61.098111,"minX":21.009887,"minY":59.72097},"result":"Southwest Finland, Finland"}