{"bounds":{"maxX":30.12892,"maxY":66.486411,"minX":23.593351,"minY":63.43002},"result":"Northern Ostrobothnia, Finland"}