{"bounds":{"maxX":31.582799,"maxY":70.091455,"minX":19.317699,"minY":59.72097},"result":"Finland"}