{"bounds":{"maxX":178.76889,"maxY":-17.377501,"minX":177.772445,"minY":-18.434443},"result":"Central, Fiji"}