{"bounds":{"maxX":179.952988,"maxY":-16.740277,"minX":-179.908416,"minY":-21.042499},"result":"Eastern, Fiji"}