{"bounds":{"maxX":179.999999,"maxY":-15.709723,"minX":-179.985,"minY":-17.115277},"result":"Northern, Fiji"}