{"bounds":{"maxX":177.149505,"maxY":-12.461724,"minX":176.934081,"minY":-12.527986},"result":"Rotuma, Fiji"}