{"bounds":{"maxX":178.467773,"maxY":-16.652221,"minX":176.899718,"minY":-18.60082},"result":"Western, Fiji"}