{"bounds":{"maxX":179.999999,"maxY":-12.461724,"minX":-179.985,"minY":-21.042499},"result":"Fiji"}