{"bounds":{"maxX":-57.6868899999999,"maxY":-50.9959709999999,"minX":-61.460277,"minY":-52.919304},"result":"Falkland Islands (Malvinas)"}