{"bounds":{"maxX":163.035554,"maxY":5.37,"minX":162.897217,"minY":5.25833400000005},"result":"Kosrae, Micronesia"}