{"bounds":{"maxX":160.716385,"maxY":8.14666700000004,"minX":154.24083,"minY":1.02527700000002},"result":"Pohnpei, Micronesia"}