{"bounds":{"maxX":153.82306,"maxY":8.98620500000004,"minX":149.168335,"minY":5.28277800000001},"result":"Chuuk, Micronesia"}