{"bounds":{"maxX":147.64972,"maxY":10.090624,"minX":137.425278,"minY":6.68139000000002},"result":"Yap, Micronesia"}