{"bounds":{"maxX":163.035554,"maxY":10.090624,"minX":137.425278,"minY":1.02527700000002},"result":"Micronesia"}