{"bounds":{"maxX":-6.25861599999996,"maxY":62.400748,"minX":-7.68121599999995,"minY":61.39492},"result":"Faroe Islands"}