{"bounds":{"maxX":4.88658952700018,"maxY":45.3656806950002,"minX":3.86252737000018,"minY":44.2644233710001},"result":"Ardèche, Auvergne-Rhône-Alpes, France"}