{"bounds":{"maxX":4.75995349800002,"maxY":46.2759132380001,"minX":3.69339108499997,"minY":45.232212066},"result":"Loire, Auvergne-Rhône-Alpes, France"}