{"bounds":{"maxX":7.1851201070001,"maxY":46.80387497,"minX":2.06291437200014,"minY":44.115718843},"result":"Auvergne-Rhône-Alpes, France"}