{"bounds":{"maxX":7.04627609300013,"maxY":46.4570426930002,"minX":5.80547189800018,"minY":45.6827087410001},"result":"Haute-Savoie, Auvergne-Rhône-Alpes, France"}