{"bounds":{"maxX":4.48891782700014,"maxY":45.4276313780002,"minX":3.08538937600002,"minY":44.7438735960001},"result":"Haute-Loire, Auvergne-Rhône-Alpes, France"}