{"bounds":{"maxX":3.37146544400014,"maxY":45.482391357,"minX":2.06291437200014,"minY":44.6155319210001},"result":"Cantal, Auvergne-Rhône-Alpes, France"}