{"bounds":{"maxX":6.16845130900009,"maxY":46.5176773070001,"minX":4.73058176100011,"minY":45.6114921560002},"result":"Ain, Auvergne-Rhône-Alpes, France"}