{"bounds":{"maxX":5.15924358300015,"maxY":46.304515838,"minX":4.2438397410001,"minY":45.4542121890001},"result":"Rhône, Auvergne-Rhône-Alpes, France"}