{"bounds":{"maxX":4.00457143900013,"maxY":46.80387497,"minX":2.27841639500008,"minY":45.9309577940002},"result":"Allier, Auvergne-Rhône-Alpes, France"}