{"bounds":{"maxX":5.8299584400001,"maxY":45.3439865110001,"minX":4.64683723500013,"minY":44.115718843},"result":"Drôme, Auvergne-Rhône-Alpes, France"}