{"bounds":{"maxX":6.35855007200007,"maxY":45.8827819830001,"minX":4.74314594300017,"minY":44.6969642650001},"result":"Isère, Auvergne-Rhône-Alpes, France"}