{"bounds":{"maxX":7.1851201070001,"maxY":45.9384613030001,"minX":5.62374782500012,"minY":45.0523719790001},"result":"Savoie, Auvergne-Rhône-Alpes, France"}