{"bounds":{"maxX":3.98562932100015,"maxY":46.256587982,"minX":2.38802051600015,"minY":45.287067414},"result":"Puy-de-Dôme, Auvergne-Rhône-Alpes, France"}