{"bounds":{"maxX":-1.01820301999987,"maxY":48.7168050000002,"minX":-2.28753876699994,"minY":47.631359101},"result":"Ille-et-Vilaine, Bretagne, France"}