{"bounds":{"maxX":-3.3880255229999,"maxY":48.7545810000001,"minX":-5.1437509999999,"minY":47.7004170000001},"result":"Finistère, Bretagne, France"}