{"bounds":{"maxX":-2.03604483499993,"maxY":48.2100181590001,"minX":-3.73297262199998,"minY":47.278751373},"result":"Morbihan, Bretagne, France"}