{"bounds":{"maxX":7.14217329000019,"maxY":48.3988647460001,"minX":2.84518718800001,"minY":46.1568145750001},"result":"Bourgogne-Franche-Comté, France"}