{"bounds":{"maxX":6.20657491800011,"maxY":47.3058433530002,"minX":5.25204277000017,"minY":46.2606925970001},"result":"Jura, Bourgogne-Franche-Comté, France"}