{"bounds":{"maxX":6.82467174400017,"maxY":48.0240859990002,"minX":5.37060308500003,"minY":47.253108979},"result":"Haute-Saône, Bourgogne-Franche-Comté, France"}