{"bounds":{"maxX":5.46420764900017,"maxY":47.155410766,"minX":3.62280178200018,"minY":46.1568145750001},"result":"Saône-et-Loire, Bourgogne-Franche-Comté, France"}