{"bounds":{"maxX":4.34029674600009,"maxY":48.3988647460001,"minX":2.84865021800005,"minY":47.3123474120002},"result":"Yonne, Bourgogne-Franche-Comté, France"}