{"bounds":{"maxX":5.51853895200009,"maxY":48.0313758850001,"minX":4.06519842200009,"minY":46.9009552000002},"result":"Côte-d'Or, Bourgogne-Franche-Comté, France"}