{"bounds":{"maxX":-1.90899622399991,"maxY":49.1056940000001,"minX":-3.66353559499993,"minY":48.0325393670001},"result":"Côtes-d'Armor, Bretagne, France"}