{"bounds":{"maxX":7.14217329000019,"maxY":47.8247833250001,"minX":6.75763845500001,"minY":47.433700561},"result":"Territoire de Belfort, Bourgogne-Franche-Comté, France"}