{"bounds":{"maxX":4.23087549300004,"maxY":47.5879249580001,"minX":2.84518718800001,"minY":46.6516532900001},"result":"Nièvre, Bourgogne-Franche-Comté, France"}