{"bounds":{"maxX":-1.01820301999987,"maxY":49.1056940000001,"minX":-5.1437509999999,"minY":47.278751373},"result":"Bretagne, France"}