{"bounds":{"maxX":7.06026411100004,"maxY":47.5799064640001,"minX":5.69872617800002,"minY":46.5535736090001},"result":"Doubs, Bourgogne-Franche-Comté, France"}