{"bounds":{"maxX":2.24774503800006,"maxY":48.132835389,"minX":0.580315471000006,"minY":47.186225892},"result":"Loir-et-Cher, Centre-Val de Loire, France"}