{"bounds":{"maxX":1.99408471600015,"maxY":48.941055297,"minX":0.756839872000057,"minY":47.95375061},"result":"Eure-et-Loir, Centre-Val de Loire, France"}