{"bounds":{"maxX":3.07933735800003,"maxY":47.6290550230001,"minX":1.77445149400012,"minY":46.420406341},"result":"Cher, Centre-Val de Loire, France"}