{"bounds":{"maxX":9.56041622200013,"maxY":43.0281940000001,"minX":8.5343055730001,"minY":41.3337520000001},"result":"Corse, France"}