{"bounds":{"maxX":9.40847301400009,"maxY":42.3814050000001,"minX":8.5343055730001,"minY":41.3337520000001},"result":"Corse-du-Sud, Corse, France"}