{"bounds":{"maxX":3.12849760100016,"maxY":48.941055297,"minX":0.0537397860001079,"minY":46.3472175590001},"result":"Centre-Val de Loire, France"}