{"bounds":{"maxX":1.36446571300019,"maxY":47.7081260680001,"minX":0.0537397860001079,"minY":46.736621857},"result":"Indre-et-Loire, Centre-Val de Loire, France"}