{"bounds":{"maxX":9.56041622200013,"maxY":43.0281940000001,"minX":8.57263900000004,"minY":41.8321456910001},"result":"Haute-Corse, Corse, France"}