{"bounds":{"maxX":2.20378851800018,"maxY":47.277137757,"minX":0.86746889300008,"minY":46.3472175590001},"result":"Indre, Centre-Val de Loire, France"}