{"bounds":{"maxX":3.12849760100016,"maxY":48.3449440010001,"minX":1.51465725800017,"minY":47.4831886300001},"result":"Loiret, Centre-Val de Loire, France"}