{"bounds":{"maxX":8.23263263699999,"maxY":49.0778923040001,"minX":6.94146776200017,"minY":48.1212883010001},"result":"Bas-Rhin, Grand Est, France"}