{"bounds":{"maxX":8.23263263699999,"maxY":50.167644502,"minX":3.38409352300005,"minY":47.4211349500002},"result":"Grand Est, France"}