{"bounds":{"maxX":7.19828224100007,"maxY":48.5135917660002,"minX":5.39383745100008,"minY":47.8130531320001},"result":"Vosges, Grand Est, France"}