{"bounds":{"maxX":5.03775644300015,"maxY":49.407726288,"minX":3.39712953500003,"minY":48.5151748660001},"result":"Marne, Grand Est, France"}