{"bounds":{"maxX":7.12316513100012,"maxY":49.5625534050002,"minX":5.42599010500015,"minY":48.350040435},"result":"Meurthe-et-Moselle, Grand Est, France"}