{"bounds":{"maxX":5.39353656700007,"maxY":50.167644502,"minX":4.02627515800009,"minY":49.2265777590002},"result":"Ardennes, Grand Est, France"}