{"bounds":{"maxX":4.86243486500001,"maxY":48.7166748050001,"minX":3.38409352300005,"minY":47.9237785330002},"result":"Aube, Grand Est, France"}