{"bounds":{"maxX":5.89057493300004,"maxY":48.688850404,"minX":4.62683010000018,"minY":47.5765495300002},"result":"Haute-Marne, Grand Est, France"}