{"bounds":{"maxX":7.63929414700016,"maxY":49.5121803290002,"minX":5.89340162300016,"minY":48.5275955200001},"result":"Moselle, Grand Est, France"}