{"bounds":{"maxX":5.85347652500008,"maxY":49.6170883180002,"minX":4.88876104400003,"minY":48.4093360910001},"result":"Meuse, Grand Est, France"}