{"bounds":{"maxX":7.62196636200002,"maxY":48.310890198,"minX":6.84299087500005,"minY":47.4211349500002},"result":"Haut-Rhin, Grand Est, France"}