{"bounds":{"maxX":4.23013401100013,"maxY":51.0893974320001,"minX":2.06771206899998,"minY":49.9706573490001},"result":"Nord, Hauts-de-France, France"}