{"bounds":{"maxX":3.20272207200003,"maxY":50.3685493460001,"minX":1.37972295300011,"minY":49.5717658990002},"result":"Somme, Hauts-de-France, France"}