{"bounds":{"maxX":3.16619300800011,"maxY":49.762115479,"minX":1.68861997200008,"minY":49.0604591370002},"result":"Oise, Hauts-de-France, France"}