{"bounds":{"maxX":4.25573396800007,"maxY":51.0893974320001,"minX":1.37972295300011,"minY":48.8384742730001},"result":"Hauts-de-France, France"}