{"bounds":{"maxX":3.18685078600009,"maxY":51.007637023,"minX":1.55527794400007,"minY":50.0210762030002},"result":"Pas-de-Calais, Hauts-de-France, France"}