{"bounds":{"maxX":4.25573396800007,"maxY":50.0692749020001,"minX":2.95873856500009,"minY":48.8384742730001},"result":"Aisne, Hauts-de-France, France"}