{"bounds":{"maxX":3.55568695200014,"maxY":49.1175537100001,"minX":2.39237141699999,"minY":48.1205406190001},"result":"Seine-et-Marne, Île-de-France, France"}