{"bounds":{"maxX":2.33597922200016,"maxY":48.950965882,"minX":2.14587259400014,"minY":48.7294921880001},"result":"Hauts-de-Seine, Île-de-France, France"}