{"bounds":{"maxX":3.55568695200014,"maxY":49.237377167,"minX":1.44727945300014,"minY":48.1205406190001},"result":"Île-de-France, France"}