{"bounds":{"maxX":2.61481690400012,"maxY":48.8614082350001,"minX":2.30981421400008,"minY":48.6890258800001},"result":"Val-de-Marne, Île-de-France, France"}