{"bounds":{"maxX":2.58407402,"maxY":48.7761001600002,"minX":1.91653943000006,"minY":48.285320282},"result":"Essonne, Île-de-France, France"}