{"bounds":{"maxX":2.59447407800008,"maxY":49.237377167,"minX":1.60879612000008,"minY":48.9086799620001},"result":"Val-d'Oise, Île-de-France, France"}