{"bounds":{"maxX":2.46725964600012,"maxY":48.9016532910001,"minX":2.22422456800018,"minY":48.8157577510001},"result":"Paris, Île-de-France, France"}