{"bounds":{"maxX":2.22719407,"maxY":49.0842857360001,"minX":1.44727945300014,"minY":48.4400100710002},"result":"Yvelines, Île-de-France, France"}