{"bounds":{"maxX":2.60259842800008,"maxY":49.0123977650001,"minX":2.28846073100016,"minY":48.8074378960001},"result":"Seine-Saint-Denis, Île-de-France, France"}