{"bounds":{"maxX":1.80266022600017,"maxY":49.484466553,"minX":0.297141581000062,"minY":48.66652298},"result":"Eure, Normandie, France"}