{"bounds":{"maxX":2.60939621900008,"maxY":46.4549064630002,"minX":1.37452137400004,"minY":45.664237976},"result":"Creuse, Nouvelle-Aquitaine, France"}