{"bounds":{"maxX":0.005866443000059,"maxY":46.3709335330001,"minX":-1.56319498999989,"minY":45.089248657},"result":"Charente-Maritime, Nouvelle-Aquitaine, France"}