{"bounds":{"maxX":0.21893197300011,"maxY":47.1084175110001,"minX":-0.902217149999842,"minY":45.9696617120001},"result":"Deux-Sèvres, Nouvelle-Aquitaine, France"}