{"bounds":{"maxX":1.07795119200017,"maxY":44.7641944900001,"minX":-0.140688969999871,"minY":43.9732093820001},"result":"Lot-et-Garonne, Nouvelle-Aquitaine, France"}