{"bounds":{"maxX":0.943329037000183,"maxY":46.1389656060001,"minX":-0.463154077999946,"minY":45.1916313170001},"result":"Charente, Nouvelle-Aquitaine, France"}