{"bounds":{"maxX":1.78863346600008,"maxY":50.0715522760001,"minX":0.0651379980001252,"minY":49.2519760140001},"result":"Seine-Maritime, Normandie, France"}