{"bounds":{"maxX":0.446051925000177,"maxY":49.433612823,"minX":-1.15797424399989,"minY":48.7522277840001},"result":"Calvados, Normandie, France"}