{"bounds":{"maxX":2.60939621900008,"maxY":47.1757583620001,"minX":-1.78847205599993,"minY":42.777671813},"result":"Nouvelle-Aquitaine, France"}