{"bounds":{"maxX":1.21306586300017,"maxY":47.1757583620001,"minX":-0.102121472999897,"minY":46.049087524},"result":"Vienne, Nouvelle-Aquitaine, France"}