{"bounds":{"maxX":0.976415754000186,"maxY":48.9725570680002,"minX":-0.860362887999884,"minY":48.1800918590001},"result":"Orne, Normandie, France"}