{"bounds":{"maxX":0.315055728000004,"maxY":45.5726394660002,"minX":-1.26125099899997,"minY":44.1940155040002},"result":"Gironde, Nouvelle-Aquitaine, France"}