{"bounds":{"maxX":-0.736267327999883,"maxY":49.728195192,"minX":-2.06402799999995,"minY":48.4568748490001},"result":"Manche, Normandie, France"}