{"bounds":{"maxX":2.5286836410001,"maxY":45.7636718750002,"minX":1.22705995900003,"minY":44.9202880870001},"result":"Corrèze, Nouvelle-Aquitaine, France"}