{"bounds":{"maxX":0.0286653350001416,"maxY":43.5968322760002,"minX":-1.78847205599993,"minY":42.777671813},"result":"Pyrénées-Atlantiques, Nouvelle-Aquitaine, France"}