{"bounds":{"maxX":0.136731222000151,"maxY":44.5321960460002,"minX":-1.53375101099994,"minY":43.4885902410001},"result":"Landes, Nouvelle-Aquitaine, France"}