{"bounds":{"maxX":1.44826149900018,"maxY":45.714569091,"minX":-0.0415139009999734,"minY":44.5707740790001},"result":"Dordogne, Nouvelle-Aquitaine, France"}