{"bounds":{"maxX":1.90944075500005,"maxY":46.4015998850001,"minX":0.629742443000112,"minY":45.4376068110002},"result":"Haute-Vienne, Nouvelle-Aquitaine, France"}