{"bounds":{"maxX":1.80266022600017,"maxY":50.0715522760001,"minX":-2.06402799999995,"minY":48.1800918590001},"result":"Normandie, France"}