{"bounds":{"maxX":1.20030069300003,"maxY":44.0792617800002,"minX":-0.282111585999928,"minY":43.3108863840002},"result":"Gers, Occitanie, France"}