{"bounds":{"maxX":4.8453440670001,"maxY":45.0446662900002,"minX":-0.326875030999872,"minY":42.333442689},"result":"Occitanie, France"}