{"bounds":{"maxX":2.93546295099998,"maxY":44.20054245,"minX":1.53526759100004,"minY":43.382614135},"result":"Tarn, Occitanie, France"}