{"bounds":{"maxX":3.23935484900016,"maxY":43.460113526,"minX":1.6884197,"minY":42.6489028940001},"result":"Aude, Occitanie, France"}