{"bounds":{"maxX":3.99816298600001,"maxY":44.9757232670001,"minX":2.98167705400004,"minY":44.1143722550001},"result":"Lozère, Occitanie, France"}