{"bounds":{"maxX":2.04828977600016,"maxY":43.9210968030001,"minX":0.441704839000011,"minY":42.6889381400001},"result":"Haute-Garonne, Occitanie, France"}