{"bounds":{"maxX":0.645958542000074,"maxY":43.61101532,"minX":-0.326875030999872,"minY":42.6733970540001},"result":"Hautes-Pyrénées, Occitanie, France"}