{"bounds":{"maxX":4.8453440670001,"maxY":44.4597969060001,"minX":3.26330041800014,"minY":43.4598617550001},"result":"Gard, Occitanie, France"}