{"bounds":{"maxX":1.99705445800004,"maxY":44.3938751220002,"minX":0.738908946000095,"minY":43.7682418830001},"result":"Tarn-et-Garonne, Occitanie, France"}