{"bounds":{"maxX":2.17552137300004,"maxY":43.3154907220001,"minX":0.826681554000118,"minY":42.5723190300002},"result":"Ariège, Occitanie, France"}