{"bounds":{"maxX":3.45098137800005,"maxY":44.941223145,"minX":1.83967149300014,"minY":43.691646576},"result":"Aveyron, Occitanie, France"}