{"bounds":{"maxX":2.21047639900013,"maxY":45.0446662900002,"minX":0.981519640000045,"minY":44.2033462520002},"result":"Lot, Occitanie, France"}