{"bounds":{"maxX":4.1938176160001,"maxY":43.9706802370001,"minX":2.54008078600009,"minY":43.2098617550001},"result":"Hérault, Occitanie, France"}