{"bounds":{"maxX":3.17791509699998,"maxY":42.9183425900001,"minX":1.72137904200002,"minY":42.333442689},"result":"Pyrénées-Orientales, Occitanie, France"}