{"bounds":{"maxX":-0.923455655999931,"maxY":47.834857941,"minX":-2.62652799999989,"minY":46.8600807190001},"result":"Loire-Atlantique, Pays de la Loire, France"}