{"bounds":{"maxX":-0.537800489999938,"maxY":47.0842666620002,"minX":-2.41375000099987,"minY":46.2668040000001},"result":"Vendée, Pays de la Loire, France"}