{"bounds":{"maxX":0.23456811900013,"maxY":47.8099899290002,"minX":-1.35420370199989,"minY":46.9704666140001},"result":"Maine-et-Loire, Pays de la Loire, France"}