{"bounds":{"maxX":-0.0506989579999413,"maxY":48.5680007940002,"minX":-1.2382516859999,"minY":47.7333831790001},"result":"Mayenne, Pays de la Loire, France"}