{"bounds":{"maxX":7.71612700000003,"maxY":45.126846314,"minX":4.22975778600016,"minY":42.9815290000001},"result":"Provence-Alpes-Côte d'Azur, France"}