{"bounds":{"maxX":6.97526311800004,"maxY":44.659797668,"minX":5.49816513000007,"minY":43.6682891840001},"result":"Alpes-de-Haute-Provence, Provence-Alpes-Côte d'Azur, France"}