{"bounds":{"maxX":5.75733280200006,"maxY":44.4298477180001,"minX":4.64922380400014,"minY":43.658687592},"result":"Vaucluse, Provence-Alpes-Côte d'Azur, France"}