{"bounds":{"maxX":7.71612700000003,"maxY":44.3671913140002,"minX":6.63603878000004,"minY":43.4801559460001},"result":"Alpes-Maritimes, Provence-Alpes-Côte d'Azur, France"}