{"bounds":{"maxX":0.916650475000097,"maxY":48.4845771790002,"minX":-0.447914003999926,"minY":47.5685272220001},"result":"Sarthe, Pays de la Loire, France"}