{"bounds":{"maxX":5.81324863400005,"maxY":43.924068452,"minX":4.22975778600016,"minY":43.157360001},"result":"Bouches-du-Rhône, Provence-Alpes-Côte d'Azur, France"}