{"bounds":{"maxX":6.93347311000002,"maxY":43.806976318,"minX":5.65691947900012,"minY":42.9815290000001},"result":"Var, Provence-Alpes-Côte d'Azur, France"}