{"bounds":{"maxX":7.07693983799999,"maxY":45.126846314,"minX":5.41839742700006,"minY":44.1862678540001},"result":"Hautes-Alpes, Provence-Alpes-Côte d'Azur, France"}