{"bounds":{"maxX":0.916650475000097,"maxY":48.5680007940002,"minX":-2.62652799999989,"minY":46.2668040000001},"result":"Pays de la Loire, France"}