{"bounds":{"maxX":9.56041622200013,"maxY":51.0893974320001,"minX":-5.1437509999999,"minY":41.3337520000001},"result":"France"}