{"bounds":{"maxX":10.975835,"maxY":1.06905,"minX":9.300973,"minY":-0.578056000000004},"result":"Estuaire, Gabon"}