{"bounds":{"maxX":14.501671,"maxY":0.0405560000000378,"minX":12.749045,"minY":-2.48163299999999},"result":"Haut-Ogooué, Gabon"}