{"bounds":{"maxX":11.583612,"maxY":0.235833000000014,"minX":9.55583300000001,"minY":-1.25555599999996},"result":"Moyen-Ogooué, Gabon"}