{"bounds":{"maxX":12.532154,"maxY":-0.570554999999956,"minX":9.86389000000003,"minY":-2.86724499999997},"result":"Ngounié, Gabon"}