{"bounds":{"maxX":12.068427,"maxY":-2.251666,"minX":9.98652800000002,"minY":-3.99069499999996},"result":"Nyanga, Gabon"}