{"bounds":{"maxX":14.502346,"maxY":1.438241,"minX":11.277777,"minY":-0.753610999999978},"result":"Ogooué-Ivindo, Gabon"}