{"bounds":{"maxX":13.567223,"maxY":0.292777000000001,"minX":11.496667,"minY":-1.90136099999995},"result":"Ogooué-Lolo, Gabon"}