{"bounds":{"maxX":10.606986,"maxY":-0.285140999999953,"minX":8.699028,"minY":-2.81870799999996},"result":"Ogooué-Maritime, Gabon"}