{"bounds":{"maxX":13.30659,"maxY":2.32261099999999,"minX":10.359723,"minY":0.226666000000023},"result":"Woleu-Ntem, Gabon"}