{"bounds":{"maxX":14.502346,"maxY":2.32261099999999,"minX":8.699028,"minY":-3.99069499999996},"result":"Gabon"}