{"bounds":{"maxX":1.76416800000004,"maxY":52.542222,"minX":0.349722000000042,"minY":51.931805},"result":"Suffolk, England, United Kingdom"}