{"bounds":{"maxX":-2.56640399999998,"maxY":53.708195,"minX":-3.10361,"minY":53.326527},"result":"Merseyside, England, United Kingdom"}