{"bounds":{"maxX":1.76416800000004,"maxY":55.804399,"minX":-6.41930600000001,"minY":49.865418},"result":"England, United Kingdom"}