{"bounds":{"maxX":0.336111000000017,"maxY":51.689159,"minX":-0.497188999999992,"minY":51.282491},"result":"London, England, United Kingdom"}