{"bounds":{"maxX":-0.636666999999989,"maxY":53.487479,"minX":-1.329723,"minY":52.772309},"result":"Nottinghamshire, England, United Kingdom"}