{"bounds":{"maxX":-0.868331999999953,"maxY":52.16159,"minX":-1.70916699999998,"minY":51.448052},"result":"Oxfordshire, England, United Kingdom"}