{"bounds":{"maxX":1.74527800000004,"maxY":52.988194,"minX":0.157078000000013,"minY":52.353883},"result":"Norfolk, England, United Kingdom"}