{"bounds":{"maxX":-1.16027800000001,"maxY":53.533051,"minX":-2.01860999999997,"minY":52.68361},"result":"Derbyshire, England, United Kingdom"}