{"bounds":{"maxX":1.29305700000003,"maxY":52.085,"minX":-0.0127789999999663,"minY":51.44333},"result":"Essex, England, United Kingdom"}