{"bounds":{"maxX":1.44972200000001,"maxY":51.48764,"minX":0.0444430000000011,"minY":50.910137},"result":"Kent, England, United Kingdom"}