{"bounds":{"maxX":-2.23611,"maxY":51.497361,"minX":-3.82722200000001,"minY":50.822552},"result":"Somerset, England, United Kingdom"}