{"bounds":{"maxX":-1.35083399999996,"maxY":55.072219,"minX":-1.85055799999998,"minY":54.797},"result":"Tyne and Wear, England, United Kingdom"}