{"bounds":{"maxX":-1.21166799999997,"maxY":54.626728,"minX":-1.43444699999998,"minY":54.46222},"result":"Stockton-on-Tees, England, United Kingdom"}