{"bounds":{"maxX":-0.130554999999958,"maxY":52.30882,"minX":-0.688054999999963,"minY":51.801671},"result":"Bedfordshire, England, United Kingdom"}