{"bounds":{"maxX":-0.855278999999996,"maxY":53.660001,"minX":-1.81611099999998,"minY":53.289719},"result":"South Yorkshire, England, United Kingdom"}