{"bounds":{"maxX":0.0366670000000227,"maxY":51.16138,"minX":-0.952500999999984,"minY":50.722083},"result":"West Sussex, England, United Kingdom"}