{"bounds":{"maxX":0.0638890000000174,"maxY":51.47787,"minX":-0.839999999999975,"minY":51.070832},"result":"Surrey, England, United Kingdom"}