{"bounds":{"maxX":-2.15027799999996,"maxY":55.191329,"minX":-3.64083199999999,"minY":54.044304},"result":"Cumbria, England, United Kingdom"}