{"bounds":{"maxX":0.356389000000036,"maxY":53.714306,"minX":-0.943333999999993,"minY":52.636521},"result":"Lincolnshire, England, United Kingdom"}