{"bounds":{"maxX":-2.348478,"maxY":52.391391,"minX":-3.12972199999996,"minY":51.81487},"result":"Herefordshire, England, United Kingdom"}