{"bounds":{"maxX":-1.06916699999999,"maxY":50.767639,"minX":-1.59305599999999,"minY":50.574585},"result":"Isle of Wight, England, United Kingdom"}