{"bounds":{"maxX":-1.61222099999998,"maxY":52.105831,"minX":-2.68861199999998,"minY":51.402904},"result":"Gloucestershire, England, United Kingdom"}