{"bounds":{"maxX":-1.58000099999998,"maxY":53.213878,"minX":-2.45027799999997,"minY":52.421662},"result":"Staffordshire, England, United Kingdom"}