{"bounds":{"maxX":-2.03251,"maxY":54.238332,"minX":-3.05805499999997,"minY":53.491101},"result":"Lancashire, England, United Kingdom"}