{"bounds":{"maxX":-1.897223,"maxY":53.696549,"minX":-2.75198799999998,"minY":53.321387},"result":"Manchester, England, United Kingdom"}