{"bounds":{"maxX":-1.45412199999998,"maxY":55.804399,"minX":-2.685633,"minY":54.77861},"result":"Northumberland, England, United Kingdom"}