{"bounds":{"maxX":-2.5181,"maxY":51.535527,"minX":-2.73100599999998,"minY":51.380154},"result":"Bristol, England, United Kingdom"}