{"bounds":{"maxX":0.199167000000045,"maxY":52.06972,"minX":-0.729999999999961,"minY":51.590988},"result":"Hertfordshire, England, United Kingdom"}