{"bounds":{"maxX":-0.335556999999994,"maxY":52.636521,"minX":-1.321192,"minY":51.97639},"result":"Northamptonshire, England, United Kingdom"}