{"bounds":{"maxX":-0.415278999999998,"maxY":52.747574,"minX":-0.805099999999982,"minY":52.506715},"result":"Rutland, England, United Kingdom"}