{"bounds":{"maxX":-1.75777799999997,"maxY":52.444629,"minX":-2.64296299999995,"minY":51.962781},"result":"Worcestershire, England, United Kingdom"}