{"bounds":{"maxX":-2.22694300000001,"maxY":52.989609,"minX":-3.21416699999997,"minY":52.303601},"result":"Shropshire, England, United Kingdom"}