{"bounds":{"maxX":0.148054999999999,"maxY":54.169999,"minX":-1.10972199999998,"minY":53.572083},"result":"East Riding of Yorkshire, England, United Kingdom"}