{"bounds":{"maxX":-1.67158799999999,"maxY":51.083329,"minX":-2.94916699999999,"minY":50.512916},"result":"Dorset, England, United Kingdom"}