{"bounds":{"maxX":-2.88222199999996,"maxY":51.24625,"minX":-4.68138999999996,"minY":50.201248},"result":"Devon, England, United Kingdom"}