{"bounds":{"maxX":0.872777000000042,"maxY":51.144168,"minX":-0.230554999999981,"minY":50.73375},"result":"East Sussex, England, United Kingdom"}