{"bounds":{"maxX":-0.512777999999969,"maxY":51.56166,"minX":-1.58446799999996,"minY":51.331378},"result":"Berkshire, England, United Kingdom"}