{"bounds":{"maxX":-0.725278000000003,"maxY":51.376389,"minX":-1.95000099999999,"minY":50.705418},"result":"Hampshire, England, United Kingdom"}