{"bounds":{"maxX":-0.196943999999974,"maxY":54.647915,"minX":-2.55138899999997,"minY":53.62},"result":"North Yorkshire, England, United Kingdom"}