{"bounds":{"maxX":-1.165278,"maxY":52.676941,"minX":-1.94444699999997,"minY":51.954991},"result":"Warwickshire, England, United Kingdom"}