{"bounds":{"maxX":-1.97083399999997,"maxY":53.462491,"minX":-3.22972199999998,"minY":52.947219},"result":"Cheshire, England, United Kingdom"}