{"bounds":{"maxX":-0.651041999999961,"maxY":52.96122,"minX":-1.583055,"minY":52.378331},"result":"Leicestershire, England, United Kingdom"}