{"bounds":{"maxX":-1.21110999999996,"maxY":53.962688,"minX":-2.15972199999999,"minY":53.51611},"result":"West Yorkshire, England, United Kingdom"}