{"bounds":{"maxX":-1.15916599999997,"maxY":54.904721,"minX":-2.35388899999998,"minY":54.441669},"result":"Durham, England, United Kingdom"}