{"bounds":{"maxX":-0.471388999999988,"maxY":52.192502,"minX":-1.14171399999998,"minY":51.47583},"result":"Buckinghamshire, England, United Kingdom"}