{"bounds":{"maxX":-4.16583299999996,"maxY":50.923051,"minX":-6.41930600000001,"minY":49.865418},"result":"Cornwall, England, United Kingdom"}