{"bounds":{"maxX":0.517221000000006,"maxY":52.72527,"minX":-0.490701999999999,"minY":52.00249},"result":"Cambridgeshire, England, United Kingdom"}