{"bounds":{"maxX":-1.43166600000001,"maxY":52.665279,"minX":-2.200558,"minY":52.33722},"result":"West Midlands, England, United Kingdom"}