{"bounds":{"maxX":-1.48583399999995,"maxY":51.698053,"minX":-2.351945,"minY":50.950273},"result":"Wiltshire, England, United Kingdom"}