{"bounds":{"maxX":-5.687501,"maxY":55.312636,"minX":-6.61384399999997,"minY":54.376388},"result":"Antrim, Northern Ireland, United Kingdom"}