{"bounds":{"maxX":-6.47002099999997,"maxY":55.224862,"minX":-7.41471899999999,"minY":54.695832},"result":"Derry, Northern Ireland, United Kingdom"}