{"bounds":{"maxX":-5.753333,"maxY":54.66306,"minX":-6.06583499999999,"minY":54.479161},"result":"Belfast, Northern Ireland, United Kingdom"}