{"bounds":{"maxX":-5.4325,"maxY":55.312636,"minX":-8.17156899999998,"minY":54.022641},"result":"Northern Ireland, United Kingdom"}