{"bounds":{"maxX":-5.4325,"maxY":54.699307,"minX":-6.40527799999995,"minY":54.16972},"result":"Down, Northern Ireland, United Kingdom"}