{"bounds":{"maxX":-6.21047299999998,"maxY":54.611112,"minX":-6.86737999999997,"minY":54.18139},"result":"Armagh, Northern Ireland, United Kingdom"}