{"bounds":{"maxX":-7.14229999999998,"maxY":54.605701,"minX":-8.17156899999998,"minY":54.112498},"result":"Fermanagh, Northern Ireland, United Kingdom"}