{"bounds":{"maxX":-5.87138799999997,"maxY":54.27694,"minX":-6.67027999999999,"minY":54.022641},"result":"Newry and Mourne, Northern Ireland, United Kingdom"}