{"bounds":{"maxX":-6.41801099999998,"maxY":54.943772,"minX":-7.92639099999997,"minY":54.316483},"result":"Omagh, Northern Ireland, United Kingdom"}