{"bounds":{"maxX":-4.558333,"maxY":56.70486,"minX":-6.99972199999996,"minY":55.274028},"result":"Argyll and Bute, Scotland, United Kingdom"}