{"bounds":{"maxX":-2.43305699999996,"maxY":56.984717,"minX":-3.39503399999995,"minY":56.464028},"result":"Angus, Scotland, United Kingdom"}