{"bounds":{"maxX":-2.822092,"maxY":56.518224,"minX":-3.07932199999999,"minY":56.450695},"result":"Dundee, Scotland, United Kingdom"}