{"bounds":{"maxX":-1.76583299999999,"maxY":57.700975,"minX":-3.79638999999997,"minY":56.740134},"result":"Aberdeenshire, Scotland, United Kingdom"}