{"bounds":{"maxX":-2.36416800000001,"maxY":56.07875,"minX":-3.06107299999996,"minY":55.821679},"result":"East Lothian, Scotland, United Kingdom"}