{"bounds":{"maxX":-0.761804999999981,"maxY":60.845822,"minX":-2.12538899999998,"minY":59.505975},"result":"Shetland Islands, Scotland, United Kingdom"}