{"bounds":{"maxX":-4.426512,"maxY":55.591361,"minX":-5.12527899999998,"minY":54.991948},"result":"South Ayrshire, Scotland, United Kingdom"}