{"bounds":{"maxX":-0.761804999999981,"maxY":60.845822,"minX":-13.69139,"minY":54.632916},"result":"Scotland, United Kingdom"}