{"bounds":{"maxX":-3.706389,"maxY":56.02583,"minX":-4.17194599999999,"minY":55.73277},"result":"North Lanarkshire, Scotland, United Kingdom"}