{"bounds":{"maxX":-3.554168,"maxY":56.215833,"minX":-3.86136599999998,"minY":56.070492},"result":"Clackmannanshire, Scotland, United Kingdom"}