{"bounds":{"maxX":-3.96079099999997,"maxY":55.759342,"minX":-4.62572,"minY":55.142059},"result":"East Ayrshire, Scotland, United Kingdom"}