{"bounds":{"maxX":-4.21890999999999,"maxY":55.963749,"minX":-4.899722,"minY":55.685608},"result":"Renfrewshire, Scotland, United Kingdom"}