{"bounds":{"maxX":-2.02805699999999,"maxY":55.946949,"minX":-3.53472299999999,"minY":55.112221},"result":"Scottish Borders, Scotland, United Kingdom"}