{"bounds":{"maxX":-3.02305699999999,"maxY":59.087917,"minX":-6.790279,"minY":56.497083},"result":"Highland, Scotland, United Kingdom"}