{"bounds":{"maxX":-3.39048099999997,"maxY":56.000416,"minX":-3.82055599999995,"minY":55.76966},"result":"West Lothian, Scotland, United Kingdom"}