{"bounds":{"maxX":-4.351629,"maxY":56.077881,"minX":-4.60100499999999,"minY":55.864094},"result":"West Dunbartonshire, Scotland, United Kingdom"}