{"bounds":{"maxX":-2.54416699999996,"maxY":56.453193,"minX":-3.75095099999999,"minY":56.006806},"result":"Fife, Scotland, United Kingdom"}