{"bounds":{"maxX":-2.36861199999998,"maxY":59.392918,"minX":-3.43638899999996,"minY":58.672916},"result":"Orkney Islands, Scotland, United Kingdom"}