{"bounds":{"maxX":-3.51250099999999,"maxY":56.051735,"minX":-4.01126199999999,"minY":55.895272},"result":"Falkirk, Scotland, United Kingdom"}