{"bounds":{"maxX":-3.07789299999996,"maxY":56.012639,"minX":-3.45108299999998,"minY":55.811728},"result":"Edinburgh, Scotland, United Kingdom"}