{"bounds":{"maxX":-4.03957599999995,"maxY":56.028611,"minX":-4.36475199999995,"minY":55.888763},"result":"East Dunbartonshire, Scotland, United Kingdom"}