{"bounds":{"maxX":-2.85055599999998,"maxY":55.46249,"minX":-5.18805499999996,"minY":54.632916},"result":"Dumfries and Galloway, Scotland, United Kingdom"}