{"bounds":{"maxX":-3.05651399999999,"maxY":56.94749,"minX":-4.70889,"minY":56.12825},"result":"Perthshire and Kinross, Scotland, United Kingdom"}