{"bounds":{"maxX":-3.72916699999996,"maxY":56.540828,"minX":-4.83691999999996,"minY":55.957219},"result":"Stirling, Scotland, United Kingdom"}