{"bounds":{"maxX":-2.045278,"maxY":57.240895,"minX":-2.35462899999999,"minY":57.082588},"result":"Aberdeen, Scotland, United Kingdom"}