{"bounds":{"maxX":-4.06987699999996,"maxY":55.916131,"minX":-4.35680399999995,"minY":55.784554},"result":"Glasgow, Scotland, United Kingdom"}