{"bounds":{"maxX":-5.80972199999997,"maxY":59.134861,"minX":-13.69139,"minY":56.777364},"result":"Eilean Siar, Scotland, United Kingdom"}