{"bounds":{"maxX":-4.50102599999997,"maxY":55.929307,"minX":-5.39750099999998,"minY":55.423751},"result":"North Ayrshire, Scotland, United Kingdom"}