{"bounds":{"maxX":-2.70563199999998,"maxY":57.725972,"minX":-3.76138899999995,"minY":57.082057},"result":"Moray, Scotland, United Kingdom"}