{"bounds":{"maxX":-2.82085899999998,"maxY":55.947918,"minX":-3.36014999999998,"minY":55.711941},"result":"Midlothian, Scotland, United Kingdom"}