{"bounds":{"maxX":-3.39444399999996,"maxY":55.830868,"minX":-4.257858,"minY":55.28972},"result":"South Lanarkshire, Scotland, United Kingdom"}