{"bounds":{"maxX":-3.27520399999997,"maxY":51.82777,"minX":-3.438242,"minY":51.648625},"result":"Merthyr Tydfil, Wales, United Kingdom"}