{"bounds":{"maxX":-3.65194499999996,"maxY":52.558194,"minX":-4.69853999999998,"minY":52.028281},"result":"Ceredigion, Wales, United Kingdom"}