{"bounds":{"maxX":-4.49465999999995,"maxY":52.118195,"minX":-5.48416799999995,"minY":51.595416},"result":"Pembrokeshire, Wales, United Kingdom"}