{"bounds":{"maxX":-3.54555799999997,"maxY":51.800281,"minX":-3.93308999999999,"minY":51.52583},"result":"Neath Port Talbot, Wales, United Kingdom"}