{"bounds":{"maxX":-3.10249999999996,"maxY":51.515831,"minX":-3.578056,"minY":51.337917},"result":"Vale of Glamorgan, Wales, United Kingdom"}