{"bounds":{"maxX":-2.64750099999998,"maxY":51.98333,"minX":-3.15681699999999,"minY":51.563472},"result":"Monmouthshire, Wales, United Kingdom"}