{"bounds":{"maxX":-3.09479499999998,"maxY":53.350693,"minX":-3.58564999999999,"minY":52.856669},"result":"Denbighshire, Wales, United Kingdom"}