{"bounds":{"maxX":-3.10672999999997,"maxY":51.814719,"minX":-3.292779,"minY":51.700393},"result":"Blaenau Gwent, Wales, United Kingdom"}