{"bounds":{"maxX":-3.46151199999997,"maxY":53.343192,"minX":-4.00822399999998,"minY":52.93674},"result":"Conwy, Wales, United Kingdom"}