{"bounds":{"maxX":-3.42333399999995,"maxY":53.331249,"minX":-4.80361099999999,"minY":52.541805},"result":"Gwynedd, Wales, United Kingdom"}