{"bounds":{"maxX":-4.019723,"maxY":53.430139,"minX":-4.61250099999995,"minY":53.125972},"result":"Anglesey, Wales, United Kingdom"}