{"bounds":{"maxX":-3.03185399999995,"maxY":51.793332,"minX":-3.33380999999997,"minY":51.543172},"result":"Caerphilly, Wales, United Kingdom"}