{"bounds":{"maxX":-3.461792,"maxY":51.641819,"minX":-3.76249899999999,"minY":51.419772},"result":"Bridgend, Wales, United Kingdom"}