{"bounds":{"maxX":-3.82989599999996,"maxY":51.766659,"minX":-4.33416599999998,"minY":51.535416},"result":"Swansea, Wales, United Kingdom"}