{"bounds":{"maxX":-2.71694399999996,"maxY":53.144672,"minX":-3.39072199999998,"minY":52.779161},"result":"Wrexham, Wales, United Kingdom"}