{"bounds":{"maxX":-2.96126499999997,"maxY":51.794594,"minX":-3.128469,"minY":51.605789},"result":"Torfaen, Wales, United Kingdom"}