{"bounds":{"maxX":-3.06555599999996,"maxY":51.553052,"minX":-3.29135399999996,"minY":51.450974},"result":"Cardiff, Wales, United Kingdom"}