{"bounds":{"maxX":-2.90916799999997,"maxY":53.356529,"minX":-3.382093,"minY":53.066432},"result":"Flintshire, Wales, United Kingdom"}