{"bounds":{"maxX":-3.64194399999997,"maxY":52.12429,"minX":-4.76768299999998,"minY":51.654305},"result":"Carmarthenshire, Wales, United Kingdom"}