{"bounds":{"maxX":-2.95250099999998,"maxY":52.87028,"minX":-3.92741799999999,"minY":51.751332},"result":"Powys, Wales, United Kingdom"}