{"bounds":{"maxX":-2.64750099999998,"maxY":53.430139,"minX":-5.48416799999995,"minY":51.337917},"result":"Wales, United Kingdom"}