{"bounds":{"maxX":-3.22746799999999,"maxY":51.821659,"minX":-3.59222299999999,"minY":51.49611},"result":"Rhondda, Cynon, Taff, Wales, United Kingdom"}