{"bounds":{"maxX":-2.78971199999995,"maxY":51.649669,"minX":-3.10999899999996,"minY":51.502361},"result":"Newport, Wales, United Kingdom"}