{"bounds":{"maxX":1.76416800000004,"maxY":60.845822,"minX":-13.69139,"minY":49.865418},"result":"United Kingdom"}