{"bounds":{"maxX":-61.5434729999999,"maxY":12.331251,"minX":-61.6809729999999,"minY":12.167406},"result":"Saint Patrick, Grenada"}