{"bounds":{"maxX":-61.635417,"maxY":12.075213,"minX":-61.716473,"minY":12.005973},"result":"Saint David, Grenada"}