{"bounds":{"maxX":-61.694146,"maxY":12.111415,"minX":-61.802081,"minY":11.984305},"result":"Saint George, Grenada"}