{"bounds":{"maxX":-61.680348,"maxY":12.178939,"minX":-61.753194,"minY":12.109644},"result":"Saint John, Grenada"}