{"bounds":{"maxX":-61.602085,"maxY":12.172812,"minX":-61.7000879999999,"minY":12.048472},"result":"Saint Andrew, Grenada"}