{"bounds":{"maxX":-61.669078,"maxY":12.219863,"minX":-61.724862,"minY":12.151831},"result":"Saint Mark, Grenada"}