{"bounds":{"maxX":-61.378192,"maxY":12.540138,"minX":-61.499583,"minY":12.401528},"result":"Southern Grenadine Islands, Grenada"}