{"bounds":{"maxX":-61.378192,"maxY":12.540138,"minX":-61.802081,"minY":11.984305},"result":"Grenada"}