{"bounds":{"maxX":42.5899773551084,"maxY":41.8387029565361,"minX":41.546943606982,"minY":41.4320388949569},"result":"Ajaria, Georgia"}