{"bounds":{"maxX":42.155112,"maxY":43.584542,"minX":40.011109,"minY":42.406582},"result":"Abkhazia, Georgia"}