{"bounds":{"maxX":42.649685,"maxY":42.160073,"minX":41.70375,"minY":41.79086},"result":"Guria, Georgia"}