{"bounds":{"maxX":43.774402,"maxY":42.525215,"minX":42.203858,"minY":41.801514},"result":"Imeret'i, Georgia"}