{"bounds":{"maxX":45.330033,"maxY":41.846821,"minX":43.672442,"minY":41.156663},"result":"K'vemo K'art'li, Georgia"}