{"bounds":{"maxX":46.721358,"maxY":42.561599,"minX":45.02134,"minY":41.038512},"result":"Kakhet'i, Georgia"}