{"bounds":{"maxX":45.303168,"maxY":42.752689,"minX":44.187855,"minY":41.68348},"result":"Mts'khet'a-Mt'ianet'i, Georgia"}