{"bounds":{"maxX":43.188263,"maxY":43.254233,"minX":41.551529,"minY":42.09264},"result":"Samegrelo-Zemo Svanet'i, Georgia"}