{"bounds":{"maxX":44.57341,"maxY":42.62325,"minX":43.42068,"minY":41.716712},"result":"Shida K'art'li, Georgia"}