{"bounds":{"maxX":43.9799083874445,"maxY":41.8336639500884,"minX":42.4773178498396,"minY":41.1115899173984},"result":"Samts'khe-Javakhet'i, Georgia"}