{"bounds":{"maxX":45.016959,"maxY":41.800136,"minX":44.680732,"minY":41.623509},"result":"T'bilisi, Georgia"}