{"bounds":{"maxX":46.721358,"maxY":43.584542,"minX":40.011109,"minY":41.038512},"result":"Georgia"}