{"bounds":{"maxX":-51.6059309999999,"maxY":5.75180600000004,"minX":-54.541824,"minY":2.12872300000004},"result":"French Guiana"}