{"bounds":{"maxX":-2.15569499999998,"maxY":49.735974,"minX":-2.67819399999996,"minY":49.399583},"result":"Guernsey"}