{"bounds":{"maxX":-0.234397000000001,"maxY":7.61985400000003,"minX":-2.43634099999997,"minY":5.84422000000001},"result":"Ashanti, Ghana"}