{"bounds":{"maxX":0.720973000000015,"maxY":6.14546000000001,"minX":-0.507852999999955,"minY":5.49486100000001},"result":"Greater Accra, Ghana"}