{"bounds":{"maxX":0.235906999999997,"maxY":8.78509600000001,"minX":-3.09380799999997,"minY":6.40531800000002},"result":"Brong-Ahafo, Ghana"}