{"bounds":{"maxX":-0.364081999999996,"maxY":6.28806800000001,"minX":-2.164782,"minY":5.03319400000004},"result":"Central, Ghana"}