{"bounds":{"maxX":0.223508000000038,"maxY":7.19087000000002,"minX":-1.23981799999996,"minY":5.712805},"result":"Eastern, Ghana"}