{"bounds":{"maxX":0.563379999999995,"maxY":10.742147,"minX":-2.77966499999997,"minY":7.965667},"result":"Northern, Ghana"}