{"bounds":{"maxX":1.19177000000002,"maxY":8.78121900000002,"minX":-0.389674999999954,"minY":5.77152699999999},"result":"Volta, Ghana"}