{"bounds":{"maxX":0.032068000000038,"maxY":11.1733,"minX":-1.58851399999998,"minY":10.285447},"result":"Upper East, Ghana"}