{"bounds":{"maxX":-1.451075,"maxY":11.01897,"minX":-2.94559599999997,"minY":9.63970600000005},"result":"Upper West, Ghana"}