{"bounds":{"maxX":-1.41479399999997,"maxY":7.04643500000003,"minX":-3.25541899999996,"minY":4.73875100000004},"result":"Western, Ghana"}