{"bounds":{"maxX":1.19177000000002,"maxY":11.1733,"minX":-3.25541899999996,"minY":4.73875100000004},"result":"Ghana"}