{"bounds":{"maxX":-5.33847199999997,"maxY":36.157153,"minX":-5.36763999999999,"minY":36.108471},"result":"Gibraltar"}