{"bounds":{"maxX":-11.312314,"maxY":83.627419,"minX":-73.2634879999999,"minY":59.744507},"result":"Greenland"}