{"bounds":{"maxX":-16.570139,"maxY":13.489583,"minX":-16.720138,"minY":13.414903},"result":"Banjul, Gambia"}