{"bounds":{"maxX":-15.176372,"maxY":13.557089,"minX":-16.23452,"minY":13.2444},"result":"Lower River, Gambia"}