{"bounds":{"maxX":-14.453266,"maxY":13.826569,"minX":-15.472808,"minY":13.316319},"result":"Central River, Gambia"}