{"bounds":{"maxX":-15.298119,"maxY":13.64363,"minX":-16.549305,"minY":13.326399},"result":"North Bank, Gambia"}