{"bounds":{"maxX":-13.797789,"maxY":13.573401,"minX":-14.555002,"minY":13.21569},"result":"Upper River, Gambia"}