{"bounds":{"maxX":-15.809871,"maxY":13.452415,"minX":-16.8173609999999,"minY":13.056805},"result":"Western, Gambia"}