{"bounds":{"maxX":-13.797789,"maxY":13.826569,"minX":-16.8173609999999,"minY":13.056805},"result":"Gambia"}