{"bounds":{"maxX":-12.559411,"maxY":12.676221,"minX":-15.07625,"minY":9.798473},"result":"Boké, Gouvernorat de, Guinea"}