{"bounds":{"maxX":-13.459693,"maxY":9.76347200000004,"minX":-13.840974,"minY":9.43152700000002},"result":"Conakry, Guinea"}