{"bounds":{"maxX":-12.128883,"maxY":11.38734,"minX":-13.985809,"minY":9.03985800000004},"result":"Kindia, Gouvernorat de, Guinea"}