{"bounds":{"maxX":-9.59358399999996,"maxY":12.225481,"minX":-11.529315,"minY":8.80628100000001},"result":"Faranah, Gouvernorat de, Guinea"}