{"bounds":{"maxX":-7.947204,"maxY":12.502631,"minX":-10.909955,"minY":8.76424400000002},"result":"Kankan, Gouvernorat de, Guinea"}