{"bounds":{"maxX":-11.046341,"maxY":12.44284,"minX":-12.998054,"minY":10.987578},"result":"Labé, Gouvernorat de, Guinea"}