{"bounds":{"maxX":-11.136761,"maxY":11.338792,"minX":-12.986467,"minY":9.871375},"result":"Mamou, Gouvernorat de, Guinea"}