{"bounds":{"maxX":-7.64107099999995,"maxY":9.58420000000001,"minX":-10.718921,"minY":7.19355300000001},"result":"Nzérékoré, Gouvernorat de, Guinea"}