{"bounds":{"maxX":-7.64107099999995,"maxY":12.676221,"minX":-15.07625,"minY":7.19355300000001},"result":"Guinea"}