{"bounds":{"maxX":-61.000138,"maxY":16.514862,"minX":-61.8101379999999,"minY":15.831527},"result":"Guadeloupe"}