{"bounds":{"maxX":11.335685,"maxY":2.18712800000003,"minX":10.401586,"minY":1.74545000000001},"result":"Kié-Ntem, Región Continental, Equatorial Guinea"}