{"bounds":{"maxX":10.258809,"maxY":2.347917,"minX":9.302639,"minY":0.809305999999992},"result":"Litoral, Región Continental, Equatorial Guinea"}