{"bounds":{"maxX":11.335724,"maxY":2.347917,"minX":9.302639,"minY":0.809305999999992},"result":"Región Continental, Equatorial Guinea"}