{"bounds":{"maxX":10.981293,"maxY":2.174285,"minX":9.91535000000005,"minY":0.996669999999995},"result":"Centro Sur, Región Continental, Equatorial Guinea"}