{"bounds":{"maxX":11.335724,"maxY":1.99855700000001,"minX":10.513247,"minY":0.996212000000014},"result":"Wele-Nzas, Región Continental, Equatorial Guinea"}