{"bounds":{"maxX":5.659584,"maxY":-1.40347199999997,"minX":5.59819600000003,"minY":-1.46763899999996},"result":"Annobón, Región Insular, Equatorial Guinea"}