{"bounds":{"maxX":8.85680600000001,"maxY":3.64402699999999,"minX":8.41402900000003,"minY":3.20875100000001},"result":"Bioko Sur, Región Insular, Equatorial Guinea"}