{"bounds":{"maxX":8.93847199999999,"maxY":3.78874999999999,"minX":8.61041500000005,"minY":3.53455100000002},"result":"Bioko Norte, Región Insular, Equatorial Guinea"}