{"bounds":{"maxX":11.335724,"maxY":3.78874999999999,"minX":5.59819600000003,"minY":-1.46763899999996},"result":"Equatorial Guinea"}