{"bounds":{"maxX":24.399583,"maxY":40.451808,"minX":23.992639,"minY":40.114029},"result":"Mount Athos Autonomous Region, Greece"}