{"bounds":{"maxX":24.4004841706553,"maxY":40.4563376452404,"minX":23.9923166361661,"minY":40.1128946522552},"result":"Mount Athos Autonomous Region, Mount Athos Autonomous Region, Greece"}