{"bounds":{"maxX":26.6356349117064,"maxY":41.7479499927628,"minX":23.6060581207277,"minY":40.3918029890545},"result":"Eastern Macedonia and Thrace, Greece"}