{"bounds":{"maxX":24.7867098094609,"maxY":40.8320238373657,"minX":24.5109816235778,"minY":40.557743697466},"result":"Thasos, Eastern Macedonia and Thrace, Greece"}