{"bounds":{"maxX":24.8138156052991,"maxY":41.2058538680199,"minX":23.859892390755,"minY":40.7175111827074},"result":"Kavala, Eastern Macedonia and Thrace, Greece"}