{"bounds":{"maxX":24.7838264320114,"maxY":41.5740628046237,"minX":23.6230709083211,"minY":40.9676250178593},"result":"Drama, Eastern Macedonia and Thrace, Greece"}