{"bounds":{"maxX":25.2260998391541,"maxY":41.4072441915913,"minX":24.4595411819408,"minY":40.8584538957294},"result":"Xanthi, Eastern Macedonia and Thrace, Greece"}