{"bounds":{"maxX":26.6349392379489,"maxY":41.7491133174784,"minX":25.4433485008472,"minY":40.391323459178},"result":"Evros, Eastern Macedonia and Thrace, Greece"}