{"bounds":{"maxX":25.9635380593301,"maxY":41.3473599235718,"minX":25.0459296560034,"minY":40.8571678991962},"result":"Rodopi, Eastern Macedonia and Thrace, Greece"}