{"bounds":{"maxX":24.1217,"maxY":41.406128,"minX":21.692727,"minY":39.907639},"result":"Central Macedonia, Greece"}