{"bounds":{"maxX":22.6448136140855,"maxY":41.1703633175795,"minX":21.7042750438583,"minY":40.6398406167799},"result":"Pella, Central Macedonia, Greece"}