{"bounds":{"maxX":23.2524104520637,"maxY":41.3423659206421,"minX":22.2506177405951,"minY":40.7908304959473},"result":"Kilkis, Central Macedonia, Greece"}