{"bounds":{"maxX":23.7650876472605,"maxY":41.0060349109466,"minX":22.4895225601466,"minY":40.3501348905024},"result":"Thessaloniki, Central Macedonia, Greece"}