{"bounds":{"maxX":24.0266596056617,"maxY":40.6423894585017,"minX":23.0056586894192,"minY":39.9078197552944},"result":"Chalkidiki, Central Macedonia, Greece"}