{"bounds":{"maxX":22.682262511645,"maxY":40.7343136473368,"minX":21.8811081099453,"minY":40.3006539563086},"result":"Imathia, Central Macedonia, Greece"}