{"bounds":{"maxX":22.6785962335196,"maxY":40.5496051858624,"minX":22.1033850876738,"minY":39.9460878353731},"result":"Pieria, Central Macedonia, Greece"}