{"bounds":{"maxX":24.1183399225754,"maxY":41.4067096478737,"minX":22.8689981877017,"minY":40.757893446651},"result":"Serres, Central Macedonia, Greece"}