{"bounds":{"maxX":21.5165055941529,"maxY":40.7526055553382,"minX":20.7754083193573,"minY":40.1427676939613},"result":"Kastoria, Western Macedonia, Greece"}