{"bounds":{"maxX":22.1955638347697,"maxY":40.7082612835658,"minX":21.0643503068453,"minY":39.9541260801462},"result":"Kozani, Western Macedonia, Greece"}