{"bounds":{"maxX":22.171106,"maxY":40.941211,"minX":20.742858,"minY":39.795239},"result":"Western Macedonia, Greece"}