{"bounds":{"maxX":21.8310115050482,"maxY":40.9440149429584,"minX":20.9557590331206,"minY":40.5219554982651},"result":"Florina, Western Macedonia, Greece"}