{"bounds":{"maxX":21.9182765703053,"maxY":40.2487707122256,"minX":20.9562634963162,"minY":39.8304834518119},"result":"Grevena, Western Macedonia, Greece"}