{"bounds":{"maxX":21.4288611164418,"maxY":39.5398010823937,"minX":20.7623678777342,"minY":39.000131877477},"result":"Arta, Epirus, Greece"}