{"bounds":{"maxX":21.2957211932668,"maxY":40.376745906755,"minX":20.3128049768989,"minY":39.2816041614687},"result":"Ioannina, Epirus, Greece"}