{"bounds":{"maxX":20.9933138610912,"maxY":39.4067388176575,"minX":20.301054222216,"minY":38.9443436004459},"result":"Preveza, Epirus, Greece"}