{"bounds":{"maxX":20.6828228172341,"maxY":39.8161728923903,"minX":20.0088677768333,"minY":39.2730770062909},"result":"Thesprotia, Epirus, Greece"}