{"bounds":{"maxX":21.385105,"maxY":40.326679,"minX":20.007917,"minY":38.944579},"result":"Epirus, Greece"}