{"bounds":{"maxX":22.9157953282632,"maxY":40.1970210434901,"minX":21.8620720922325,"minY":39.1303580548633},"result":"Larisa, Thessaly, Greece"}