{"bounds":{"maxX":22.2642243762619,"maxY":39.5567850698367,"minX":21.3494359656028,"minY":39.0246993985061},"result":"Karditsa, Thessaly, Greece"}