{"bounds":{"maxX":22.2250364691601,"maxY":39.9005335232393,"minX":21.1201077312357,"minY":39.356124128265},"result":"Trikala, Thessaly, Greece"}