{"bounds":{"maxX":24.3332558573121,"maxY":39.505956953101,"minX":23.3874207777109,"minY":39.032512209676},"result":"Northern Sporades, Thessaly, Greece"}