{"bounds":{"maxX":24.33458,"maxY":40.173678,"minX":21.110342,"minY":38.957089},"result":"Thessaly, Greece"}