{"bounds":{"maxX":23.3515161055122,"maxY":39.6030370493052,"minX":22.490441889688,"minY":38.9695866777324},"result":"Magnisia, Thessaly, Greece"}