{"bounds":{"maxX":20.9613475597952,"maxY":38.8527134436477,"minX":20.5379031799564,"minY":38.5406621986997},"result":"Lefkada, Ionian Islands, Greece"}