{"bounds":{"maxX":21.1200113093315,"maxY":38.5683221457049,"minX":20.6147476884996,"minY":38.2831465927275},"result":"Ithaca, Ionian Islands, Greece"}