{"bounds":{"maxX":21.0183206228265,"maxY":37.933394016637,"minX":20.6170997223485,"minY":37.2420642799361},"result":"Zakynthos, Ionian Islands, Greece"}