{"bounds":{"maxX":21.02236,"maxY":39.899029,"minX":19.372359,"minY":37.239578},"result":"Ionian Islands, Greece"}