{"bounds":{"maxX":20.2596687522483,"maxY":39.900760690375,"minX":19.3735882563204,"minY":39.1192603909257},"result":"Corfu, Ionian Islands, Greece"}