{"bounds":{"maxX":21.1073904754474,"maxY":38.4941604070303,"minX":20.3371564562231,"minY":38.0571314728881},"result":"Cephalonia, Ionian Islands, Greece"}