{"bounds":{"maxX":22.3779580406874,"maxY":38.3410060877818,"minX":21.3503521578793,"minY":37.7812159326982},"result":"Achaia, Western Greece, Greece"}