{"bounds":{"maxX":21.9987216517272,"maxY":38.1043460928332,"minX":21.1047808519341,"minY":37.3763633116963},"result":"Ileia, Western Greece, Greece"}