{"bounds":{"maxX":22.0256991907341,"maxY":39.1746142051181,"minX":20.7182734653056,"minY":38.2929126185669},"result":"Aitoloakarnania, Western Greece, Greece"}