{"bounds":{"maxX":22.372217,"maxY":39.154007,"minX":20.719388,"minY":37.373136},"result":"Western Greece, Greece"}