{"bounds":{"maxX":24.6856846128203,"maxY":39.0504195831514,"minX":22.8116408183977,"minY":37.9304519346686},"result":"Evvoia, Central Greece, Greece"}