{"bounds":{"maxX":23.690908111026,"maxY":38.5954361385067,"minX":22.4879359699639,"minY":38.1265099491414},"result":"Viotia, Central Greece, Greece"}