{"bounds":{"maxX":24.686251,"maxY":39.243789,"minX":21.362364,"minY":37.930416},"result":"Central Greece, Greece"}