{"bounds":{"maxX":21.9462029585644,"maxY":39.2563742155604,"minX":21.374268774713,"minY":38.6750242179947},"result":"Evrytania, Central Greece, Greece"}