{"bounds":{"maxX":22.6291828123388,"maxY":38.8075968109227,"minX":21.8509851652478,"minY":38.279085826227},"result":"Fokida, Central Greece, Greece"}