{"bounds":{"maxX":23.3780425506121,"maxY":39.2736933012439,"minX":21.8260856370763,"minY":38.5007820383852},"result":"Fthiotida, Central Greece, Greece"}