{"bounds":{"maxX":23.8231028663372,"maxY":38.0582396320155,"minX":23.6869249878858,"minY":37.9175137753391},"result":"Central Athens, Attica, Greece"}