{"bounds":{"maxX":24.1165236620412,"maxY":38.341044414617,"minX":23.6320521487692,"minY":37.4602969672328},"result":"East Attica, Attica, Greece"}