{"bounds":{"maxX":24.086806,"maxY":38.339031,"minX":22.890971,"minY":35.821803},"result":"Attica, Greece"}