{"bounds":{"maxX":23.7303517114612,"maxY":38.2691700917936,"minX":23.1059851711858,"minY":37.9514846173763},"result":"West Attica, Attica, Greece"}