{"bounds":{"maxX":23.893949468223,"maxY":38.0035330421924,"minX":22.8903299681596,"minY":35.8236622834544},"result":"Islands, Attica, Greece"}