{"bounds":{"maxX":23.6912568364316,"maxY":37.9990547725292,"minX":23.551704381547,"minY":37.9262784138926},"result":"Piraeus, Attica, Greece"}