{"bounds":{"maxX":23.7369743527291,"maxY":38.06685352497,"minX":23.5669247401051,"minY":37.9761368919438},"result":"West Athens, Attica, Greece"}