{"bounds":{"maxX":23.8104578185295,"maxY":37.9781733244149,"minX":23.6721806067635,"minY":37.8537229646975},"result":"South Athens, Attica, Greece"}