{"bounds":{"maxX":23.9649465487626,"maxY":38.1222343976528,"minX":23.7437338751061,"minY":37.9739218143053},"result":"North Athens, Attica, Greece"}