{"bounds":{"maxX":22.9849768523086,"maxY":37.8658946352382,"minX":21.7915740112119,"minY":36.9939433038009},"result":"Arcadia, Peloponnese, Greece"}