{"bounds":{"maxX":23.179580917549,"maxY":38.1426550255896,"minX":22.2197975396533,"minY":37.702544270333},"result":"Corinth, Peloponnese, Greece"}