{"bounds":{"maxX":23.2015799450926,"maxY":37.3358186270183,"minX":22.2212674312654,"minY":36.3853890232849},"result":"Lakonia, Peloponnese, Greece"}