{"bounds":{"maxX":22.4022515919584,"maxY":37.4852747680936,"minX":21.5388186969362,"minY":36.6707332586401},"result":"Messinia, Peloponnese, Greece"}