{"bounds":{"maxX":23.442148,"maxY":38.15097,"minX":21.537917,"minY":36.385139},"result":"Peloponnese, Greece"}