{"bounds":{"maxX":23.4544315130516,"maxY":37.8605226551449,"minX":22.3905163576048,"minY":37.2855113254814},"result":"Argolida, Peloponnese, Greece"}