{"bounds":{"maxX":26.6158040353317,"maxY":39.389675230924,"minX":25.8202287794757,"minY":38.961792202278},"result":"Lesvos, Northern Aegean, Greece"}