{"bounds":{"maxX":27.070418,"maxY":40.036805,"minX":24.96986,"minY":37.50319},"result":"Northern Aegean, Greece"}