{"bounds":{"maxX":26.2959588892854,"maxY":38.6113208779276,"minX":25.2827125141597,"minY":38.1250097167396},"result":"Chios, Northern Aegean, Greece"}