{"bounds":{"maxX":26.5688101082164,"maxY":37.6913873711784,"minX":25.9737911516011,"minY":37.5031245820212},"result":"Ikaria, Northern Aegean, Greece"}