{"bounds":{"maxX":25.4481777358576,"maxY":40.0369413145897,"minX":24.970623823489,"minY":39.4617770906741},"result":"Lemnos, Northern Aegean, Greece"}