{"bounds":{"maxX":27.0702615260342,"maxY":37.8129585388597,"minX":26.5664606285684,"minY":37.6238554730122},"result":"Samos, Northern Aegean, Greece"}