{"bounds":{"maxX":25.8971534396963,"maxY":36.7983622016432,"minX":24.8371328021038,"minY":36.2203452547258},"result":"Santorini, Southern Aegean, Greece"}