{"bounds":{"maxX":26.1720912108233,"maxY":37.2034198915377,"minX":25.333032101927,"minY":36.6186719187325},"result":"Naxos, Southern Aegean, Greece"}