{"bounds":{"maxX":29.6430577879477,"maxY":36.6681480751647,"minX":27.281207034698,"minY":35.8603981871344},"result":"Rhodes, Southern Aegean, Greece"}