{"bounds":{"maxX":25.254751938298,"maxY":37.6785365240233,"minX":24.9665416605521,"minY":37.5245065541383},"result":"Tinos, Southern Aegean, Greece"}