{"bounds":{"maxX":25.2994067443425,"maxY":37.1617681223409,"minX":24.9534510940081,"minY":36.9380440493624},"result":"Paros, Southern Aegean, Greece"}