{"bounds":{"maxX":24.5303845483516,"maxY":37.7568668065726,"minX":24.1005719274169,"minY":37.2985818658899},"result":"Kea-Kythnos, Southern Aegean, Greece"}