{"bounds":{"maxX":25.0603925964882,"maxY":37.6342967747274,"minX":24.6498429417369,"minY":37.3627378152698},"result":"Syros, Southern Aegean, Greece"}