{"bounds":{"maxX":27.1789383752764,"maxY":37.4868751344301,"minX":26.1318727519677,"minY":35.9238596308243},"result":"Kalymnos, Southern Aegean, Greece"}