{"bounds":{"maxX":28.247359,"maxY":37.999864,"minX":24.099861,"minY":35.33875},"result":"Southern Aegean, Greece"}