{"bounds":{"maxX":25.0004866386861,"maxY":37.9995949265278,"minX":24.6799265445486,"minY":37.682335568554},"result":"Andros, Southern Aegean, Greece"}