{"bounds":{"maxX":24.7656193484362,"maxY":37.2605996978581,"minX":24.1280865350965,"minY":36.5076677327044},"result":"Milos, Southern Aegean, Greece"}