{"bounds":{"maxX":27.3557750736643,"maxY":36.9167115161724,"minX":26.9172444123172,"minY":36.4966928294604},"result":"Kos, Southern Aegean, Greece"}