{"bounds":{"maxX":25.578538948689,"maxY":37.5005935669316,"minX":25.197957171885,"minY":37.3677393442647},"result":"Mykonos, Southern Aegean, Greece"}