{"bounds":{"maxX":27.2424026440625,"maxY":35.9110219374579,"minX":26.2221247534858,"minY":35.3398722769439},"result":"Karpathos, Southern Aegean, Greece"}