{"bounds":{"maxX":24.3321154145827,"maxY":35.695646711175,"minX":23.4733223531006,"minY":34.8020212431608},"result":"Chania, Crete, Greece"}