{"bounds":{"maxX":25.5505747140486,"maxY":35.466957170583,"minX":24.7223011458854,"minY":34.9187360022571},"result":"Heraklion, Crete, Greece"}