{"bounds":{"maxX":24.9304760079975,"maxY":35.4274436678531,"minX":24.2708721672923,"minY":35.0025349720329},"result":"Rethymno, Crete, Greece"}