{"bounds":{"maxX":26.353473,"maxY":35.695972,"minX":23.47347,"minY":34.800689},"result":"Crete, Greece"}