{"bounds":{"maxX":26.3529861310995,"maxY":35.603687525386,"minX":25.3987844207777,"minY":34.8653533234625},"result":"Lasithi, Crete, Greece"}