{"bounds":{"maxX":28.247359,"maxY":41.7479499927628,"minX":19.372359,"minY":34.800689},"result":"Greece"}