{"bounds":{"maxX":-26.229314,"maxY":-53.6468819999999,"minX":-41.815616,"minY":-59.484279},"result":"South Georgia and South Sandwich Islands"}