{"bounds":{"maxX":-89.4062959999999,"maxY":16.074132,"minX":-90.817436,"minY":15.11966},"result":"Alta Verapaz, Guatemala"}