{"bounds":{"maxX":-89.901985,"maxY":15.294077,"minX":-90.809044,"minY":14.873028},"result":"Baja Verapaz, Guatemala"}