{"bounds":{"maxX":-89.126739,"maxY":14.952419,"minX":-89.732208,"minY":14.406201},"result":"Chiquimula, Guatemala"}