{"bounds":{"maxX":-90.61563,"maxY":14.938703,"minX":-91.130546,"minY":14.37342},"result":"Chimaltenango, Guatemala"}