{"bounds":{"maxX":-90.509065,"maxY":14.476392,"minX":-91.538894,"minY":13.911251},"result":"Escuintla, Guatemala"}