{"bounds":{"maxX":-90.2034829999999,"maxY":14.918847,"minX":-90.7595669999999,"minY":14.256638},"result":"Guatemala, Guatemala"}