{"bounds":{"maxX":-90.957398,"maxY":16.08189,"minX":-92.119256,"minY":15.133957},"result":"Huehuetenango, Guatemala"}