{"bounds":{"maxX":-88.225669,"maxY":15.966529,"minX":-89.6615449999999,"minY":15.070316},"result":"Izabal, Guatemala"}