{"bounds":{"maxX":-89.6483469999999,"maxY":14.871861,"minX":-90.277755,"minY":14.429879},"result":"Jalapa, Guatemala"}