{"bounds":{"maxX":-89.493751,"maxY":14.563304,"minX":-90.298776,"minY":13.738282},"result":"Jutiapa, Guatemala"}