{"bounds":{"maxX":-89.146157,"maxY":17.818715,"minX":-91.437965,"minY":15.850934},"result":"Petén, Guatemala"}