{"bounds":{"maxX":-89.7805999999999,"maxY":15.140331,"minX":-90.4034359999999,"minY":14.648487},"result":"El Progreso, Guatemala"}