{"bounds":{"maxX":-90.4160919999999,"maxY":16.073884,"minX":-91.3261639999999,"minY":14.801934},"result":"Quiché, Guatemala"}