{"bounds":{"maxX":-91.403557,"maxY":15.224425,"minX":-92.140014,"minY":14.494301},"result":"Quetzaltenango, Guatemala"}