{"bounds":{"maxX":-91.517418,"maxY":14.71566,"minX":-92.1642909999999,"minY":14.12571},"result":"Retalhuleu, Guatemala"}