{"bounds":{"maxX":-91.56922,"maxY":15.41992,"minX":-92.222359,"minY":14.486251},"result":"San Marcos, Guatemala"}