{"bounds":{"maxX":-91.068503,"maxY":14.893421,"minX":-91.5066449999999,"minY":14.515317},"result":"Sololá, Guatemala"}