{"bounds":{"maxX":-90.0469199999999,"maxY":14.521225,"minX":-90.6242,"minY":13.803267},"result":"Santa Rosa, Guatemala"}