{"bounds":{"maxX":-90.602929,"maxY":14.721912,"minX":-90.8799959999999,"minY":14.377621},"result":"Sacatepéquez, Guatemala"}