{"bounds":{"maxX":-91.0942919999999,"maxY":14.710862,"minX":-91.667786,"minY":14.04481},"result":"Suchitepéquez, Guatemala"}