{"bounds":{"maxX":-91.175315,"maxY":15.249397,"minX":-91.5573419999999,"minY":14.821034},"result":"Totonicapán, Guatemala"}