{"bounds":{"maxX":-89.147735,"maxY":15.299085,"minX":-89.892998,"minY":14.732496},"result":"Zacapa, Guatemala"}