{"bounds":{"maxX":-88.225669,"maxY":17.818715,"minX":-92.222359,"minY":13.738282},"result":"Guatemala"}