{"bounds":{"maxX":144.956939,"maxY":13.654324,"minX":144.61792,"minY":13.234261},"result":"Guam"}