{"bounds":{"maxX":-15.554221,"maxY":11.940571,"minX":-15.66317,"minY":11.79799},"result":"Bissau, Guinea-Bissau"}