{"bounds":{"maxX":-13.63652,"maxY":12.678751,"minX":-15.072569,"minY":11.558157},"result":"Leste, Guinea-Bissau"}