{"bounds":{"maxX":-14.84621,"maxY":12.680791,"minX":-16.705159,"minY":11.734029},"result":"Norte, Guinea-Bissau"}