{"bounds":{"maxX":-14.405849,"maxY":11.941979,"minX":-16.480694,"minY":10.864306},"result":"Sul, Guinea-Bissau"}