{"bounds":{"maxX":-13.63652,"maxY":12.680791,"minX":-16.705159,"minY":10.864306},"result":"Guinea-Bissau"}