{"bounds":{"maxX":-58.794304,"maxY":8.53092200000003,"minX":-60.643829,"minY":6.98251400000004},"result":"Barima-Waini, Guyana"}