{"bounds":{"maxX":-58.5717549999999,"maxY":7.12438800000001,"minX":-61.386916,"minY":5.143618},"result":"Cuyuni-Mazaruni, Guyana"}