{"bounds":{"maxX":-57.876298,"maxY":6.828194,"minX":-58.313365,"minY":6.08499700000004},"result":"Demerara-Mahaica, Guyana"}