{"bounds":{"maxX":-58.172129,"maxY":7.02375000000001,"minX":-58.8734219999999,"minY":6.094041},"result":"Essequibo Islands-West Demerara, Guyana"}