{"bounds":{"maxX":-56.480252,"maxY":6.34319400000004,"minX":-58.449489,"minY":1.462582},"result":"East Berbice-Corentyne, Guyana"}