{"bounds":{"maxX":-57.519456,"maxY":6.70847300000003,"minX":-58.1496999999999,"minY":5.78684800000002},"result":"Mahaica-Berbice, Guyana"}