{"bounds":{"maxX":-58.3561559999999,"maxY":5.74254999999999,"minX":-60.1627579999999,"minY":4.06158300000004},"result":"Potaro-Siparuni, Guyana"}