{"bounds":{"maxX":-58.46153,"maxY":7.66573700000004,"minX":-59.241967,"minY":6.72053199999999},"result":"Pomeroon-Supenaam, Guyana"}