{"bounds":{"maxX":-57.903381,"maxY":4.55363,"minX":-59.991493,"minY":1.17676700000004},"result":"Upper Takutu-Upper Essequibo, Guyana"}