{"bounds":{"maxX":-57.544854,"maxY":6.46954900000003,"minX":-58.90979,"minY":4.54180600000001},"result":"Upper Demerara-Berbice, Guyana"}