{"bounds":{"maxX":-56.480252,"maxY":8.53092200000003,"minX":-61.386916,"minY":1.17676700000004},"result":"Guyana"}