{"bounds":{"maxX":114.440972,"maxY":22.562093,"minX":113.834587,"minY":22.153195},"result":"Hong Kong"}