{"bounds":{"maxX":-86.3909829999999,"maxY":15.927638,"minX":-87.808685,"minY":15.410252},"result":"Atlántida, Honduras"}