{"bounds":{"maxX":-88.216088,"maxY":15.289088,"minX":-89.2222209999999,"minY":14.481278},"result":"Copán, Honduras"}