{"bounds":{"maxX":-84.994019,"maxY":16.028194,"minX":-86.511803,"minY":15.061209},"result":"Colón, Honduras"}