{"bounds":{"maxX":-86.702546,"maxY":13.763494,"minX":-87.514305,"minY":12.98454},"result":"Choluteca, Honduras"}