{"bounds":{"maxX":-87.233735,"maxY":15.04907,"minX":-88.080452,"minY":14.035908},"result":"Comayagua, Honduras"}