{"bounds":{"maxX":-87.730652,"maxY":16.00014,"minX":-88.434402,"minY":14.784558},"result":"Cortés, Honduras"}