{"bounds":{"maxX":-85.5748129999999,"maxY":14.411851,"minX":-87.225197,"minY":13.497464},"result":"El Paraíso, Honduras"}