{"bounds":{"maxX":-86.7241969999999,"maxY":15.020077,"minX":-87.655876,"minY":13.647803},"result":"Francisco Morazán, Honduras"}