{"bounds":{"maxX":-82.405693,"maxY":17.418473,"minX":-84.998115,"minY":14.614528},"result":"Gracias a Dios, Honduras"}