{"bounds":{"maxX":-85.8156969999999,"maxY":16.517084,"minX":-87.0001369999999,"minY":15.952084},"result":"Islas de la Bahía, Honduras"}