{"bounds":{"maxX":-87.839775,"maxY":14.647224,"minX":-88.512154,"minY":13.850329},"result":"Intibucá, Honduras"}