{"bounds":{"maxX":-88.309455,"maxY":14.929739,"minX":-88.976952,"minY":13.939386},"result":"Lempira, Honduras"}