{"bounds":{"maxX":-87.602433,"maxY":14.415311,"minX":-88.232605,"minY":13.822763},"result":"La Paz, Honduras"}