{"bounds":{"maxX":-88.709336,"maxY":14.713985,"minX":-89.350792,"minY":14.210661},"result":"Ocotepeque, Honduras"}