{"bounds":{"maxX":-84.994019,"maxY":15.579617,"minX":-87.013611,"minY":14.04636},"result":"Olancho, Honduras"}