{"bounds":{"maxX":-87.989227,"maxY":15.541819,"minX":-88.7609239999999,"minY":14.629146},"result":"Santa Bárbara, Honduras"}