{"bounds":{"maxX":-87.3415669999999,"maxY":13.84318,"minX":-87.81186,"minY":13.248195},"result":"Valle, Honduras"}