{"bounds":{"maxX":-86.223961,"maxY":15.721937,"minX":-87.936677,"minY":14.861682},"result":"Yoro, Honduras"}