{"bounds":{"maxX":-82.405693,"maxY":17.418473,"minX":-89.350792,"minY":12.98454},"result":"Honduras"}