{"bounds":{"maxX":16.255436,"maxY":46.291749,"minX":15.590416,"minY":45.889488},"result":"Krapinsko-zagorska županija, Croatia"}