{"bounds":{"maxX":15.633118,"maxY":45.131049,"minX":14.731807,"minY":44.329286},"result":"Licko-senjska županija, Croatia"}