{"bounds":{"maxX":16.685147,"maxY":46.05605,"minX":15.236989,"minY":45.509242},"result":"Zagrebacka županija, Croatia"}