{"bounds":{"maxX":16.754704,"maxY":46.41155,"minX":15.889099,"minY":45.996143},"result":"Varaždinska županija, Croatia"}