{"bounds":{"maxX":15.848911,"maxY":45.690089,"minX":14.960876,"minY":44.914672},"result":"Karlovacka županija, Croatia"}