{"bounds":{"maxX":18.540443,"maxY":45.380172,"minX":17.063848,"minY":45.054288},"result":"Brodsko-posavska županija, Croatia"}