{"bounds":{"maxX":18.417901,"maxY":45.646813,"minX":16.915458,"minY":45.182323},"result":"Požeško-slavonska županija, Croatia"}