{"bounds":{"maxX":16.41449,"maxY":44.045716,"minX":15.204285,"minY":43.494304},"result":"Šibensko-kninska županija, Croatia"}