{"bounds":{"maxX":14.23413,"maxY":45.505696,"minX":13.489582,"minY":44.765694},"result":"Istarska županija, Croatia"}