{"bounds":{"maxX":16.556702,"maxY":44.948121,"minX":14.566528,"minY":43.845138},"result":"Zadarska županija, Croatia"}