{"bounds":{"maxX":19.085742,"maxY":45.911282,"minX":13.771527,"minY":43.167916},"result":"Osjecko-baranjska županija, Croatia"}