{"bounds":{"maxX":16.852219,"maxY":46.550518,"minX":16.251571,"minY":46.262009},"result":"Medimurska županija, Croatia"}