{"bounds":{"maxX":16.289441,"maxY":45.956459,"minX":15.766988,"minY":45.456687},"result":"Grad Zagreb, Croatia"}