{"bounds":{"maxX":19.435177,"maxY":46.550518,"minX":13.489582,"minY":42.222899},"result":"Croatia"}