{"bounds":{"maxX":-72.19731,"maxY":19.814114,"minX":-73.131897,"minY":18.858677},"result":"Artibonite, Haiti"}