{"bounds":{"maxX":-71.618148,"maxY":19.337702,"minX":-72.365196,"minY":18.688882},"result":"Centre, Haiti"}