{"bounds":{"maxX":-73.698472,"maxY":18.675973,"minX":-74.4812459999999,"minY":18.362072},"result":"Grande-Anse, Haiti"}