{"bounds":{"maxX":-72.995751,"maxY":18.588194,"minX":-73.784036,"minY":18.218958},"result":"Nippes, Haiti"}