{"bounds":{"maxX":-71.6758349999999,"maxY":19.735696,"minX":-72.119742,"minY":19.268026},"result":"Nord-Est, Haiti"}