{"bounds":{"maxX":-72.5576389999999,"maxY":20.090416,"minX":-74.0001359999999,"minY":19.621805},"result":"Nord-Ouest, Haiti"}