{"bounds":{"maxX":-71.967498,"maxY":19.879058,"minX":-72.681121,"minY":19.257344},"result":"Nord, Haiti"}