{"bounds":{"maxX":-71.6879959999999,"maxY":19.000139,"minX":-74.0001359999999,"minY":18.256575},"result":"Ouest, Haiti"}