{"bounds":{"maxX":-73.0049749999999,"maxY":18.433473,"minX":-74.450416,"minY":18.021804},"result":"Sud, Haiti"}