{"bounds":{"maxX":-71.7181179999999,"maxY":18.404968,"minX":-73.016464,"minY":18.030139},"result":"Sud-Est, Haiti"}