{"bounds":{"maxX":-71.618148,"maxY":20.090416,"minX":-74.4812459999999,"minY":18.021804},"result":"Haiti"}