{"bounds":{"maxX":22.124983,"maxY":48.586376,"minX":20.048698,"minY":47.66925},"result":"Borsod-Abaúj-Zemplén, Hungary"}