{"bounds":{"maxX":19.329895,"maxY":47.609559,"minX":18.928774,"minY":47.348602},"result":"Budapest, Hungary"}