{"bounds":{"maxX":18.854419,"maxY":46.417099,"minX":17.617031,"minY":45.747829},"result":"Baranya, Hungary"}