{"bounds":{"maxX":20.158137,"maxY":47.155345,"minX":18.785783,"minY":45.911282},"result":"Bács-Kiskun, Hungary"}