{"bounds":{"maxX":21.679563,"maxY":47.236027,"minX":20.40571,"minY":46.244229},"result":"Békés, Hungary"}