{"bounds":{"maxX":20.775284,"maxY":46.812611,"minX":19.643328,"minY":46.119016},"result":"Csongrád, Hungary"}