{"bounds":{"maxX":18.969028,"maxY":47.561914,"minX":18.0759,"minY":46.691742},"result":"Fejér, Hungary"}