{"bounds":{"maxX":17.92911,"maxY":48.02079,"minX":16.420726,"minY":47.387387},"result":"Gyor-Moson-Sopron, Hungary"}