{"bounds":{"maxX":22.132406,"maxY":47.961911,"minX":20.820721,"minY":46.937512},"result":"Hajdú-Bihar, Hungary"}