{"bounds":{"maxX":20.769066,"maxY":48.149994,"minX":19.580789,"minY":47.422016},"result":"Heves, Hungary"}