{"bounds":{"maxX":21.029182,"maxY":47.683449,"minX":19.662122,"minY":46.758666},"result":"Jász-Nagykun-Szolnok, Hungary"}