{"bounds":{"maxX":18.934686,"maxY":47.819103,"minX":17.873946,"minY":47.341394},"result":"Komárom-Esztergom, Hungary"}