{"bounds":{"maxX":20.09583,"maxY":48.252697,"minX":18.929056,"minY":47.695514},"result":"Nógrád, Hungary"}