{"bounds":{"maxX":20.204488,"maxY":48.058788,"minX":18.685056,"minY":46.941052},"result":"Pest, Hungary"}