{"bounds":{"maxX":22.905585,"maxY":48.427272,"minX":21.081365,"minY":47.592032},"result":"Szabolcs-Szatmár-Bereg, Hungary"}