{"bounds":{"maxX":18.222656,"maxY":46.972652,"minX":16.876533,"minY":45.850171},"result":"Somogy, Hungary"}