{"bounds":{"maxX":19.004865,"maxY":46.847327,"minX":18.032039,"minY":46.099748},"result":"Tolna, Hungary"}