{"bounds":{"maxX":18.234629,"maxY":47.493232,"minX":17.097721,"minY":46.636147},"result":"Veszprém, Hungary"}