{"bounds":{"maxX":17.302305,"maxY":47.461174,"minX":16.111049,"minY":46.700596},"result":"Vas, Hungary"}