{"bounds":{"maxX":17.228529,"maxY":47.04689,"minX":16.371839,"minY":46.301818},"result":"Zala, Hungary"}