{"bounds":{"maxX":22.905585,"maxY":48.586376,"minX":16.111049,"minY":45.747829},"result":"Hungary"}