{"bounds":{"maxX":141.011765,"maxY":-0.206098999999995,"minX":134.205247,"minY":-9.11833299999995},"result":"Papua, Papua, Indonesia"}