{"bounds":{"maxX":141.011765,"maxY":1.08135100000004,"minX":128.910309,"minY":-9.11833299999995},"result":"Papua, Indonesia"}