{"bounds":{"maxX":135.25766,"maxY":1.08135100000004,"minX":128.910309,"minY":-4.32844899999998},"result":"Papua Barat, Papua, Indonesia"}