{"bounds":{"maxX":116.27079,"maxY":-5.042778,"minX":110.898345,"minY":-8.78064499999999},"result":"Jawa Timur, Jawa, Indonesia"}