{"bounds":{"maxX":111.692879,"maxY":-5.725279,"minX":108.555428,"minY":-8.21277699999996},"result":"Jawa Tengah, Jawa, Indonesia"}