{"bounds":{"maxX":110.83793,"maxY":-7.54309899999998,"minX":110.009049,"minY":-8.204723},"result":"Yogyakarta, Jawa, Indonesia"}