{"bounds":{"maxX":106.973067,"maxY":-5.20166799999998,"minX":106.390274,"minY":-6.37673999999998},"result":"Jakarta Raya, Jawa, Indonesia"}