{"bounds":{"maxX":108.830613,"maxY":-5.91443999999996,"minX":106.370407,"minY":-7.821099},"result":"Jawa Barat, Jawa, Indonesia"}