{"bounds":{"maxX":106.775947,"maxY":-5.80749799999995,"minX":105.099998,"minY":-7.016391},"result":"Banten, Jawa, Indonesia"}