{"bounds":{"maxX":116.27079,"maxY":-5.042778,"minX":105.099998,"minY":-8.78064499999999},"result":"Jawa, Indonesia"}