{"bounds":{"maxX":114.204193,"maxY":4.79583400000001,"minX":105.379165,"minY":-3.06805900000001},"result":"Kalimantan Barat, Kalimantan, Indonesia"}