{"bounds":{"maxX":117.458748,"maxY":-1.30241100000001,"minX":114.351067,"minY":-4.94305399999996},"result":"Kalimantan Selatan, Kalimantan, Indonesia"}