{"bounds":{"maxX":115.847199,"maxY":0.793241000000023,"minX":110.733887,"minY":-3.54471999999998},"result":"Kalimantan Tengah, Kalimantan, Indonesia"}