{"bounds":{"maxX":119.037079,"maxY":4.79583400000001,"minX":105.379165,"minY":-4.94305399999996},"result":"Kalimantan, Indonesia"}