{"bounds":{"maxX":119.037079,"maxY":4.40325000000001,"minX":113.838081,"minY":-2.41618099999999},"result":"Kalimantan Timur, Kalimantan, Indonesia"}