{"bounds":{"maxX":134.90834,"maxY":-2.72555499999999,"minX":125.721909,"minY":-9.03190799999999},"result":"Maluku, Maluku, Indonesia"}