{"bounds":{"maxX":129.141937,"maxY":2.64556000000005,"minX":124.282777,"minY":-2.477779},"result":"Maluku Utara, Maluku, Indonesia"}