{"bounds":{"maxX":134.90834,"maxY":2.64556000000005,"minX":124.282777,"minY":-9.03190799999999},"result":"Maluku, Indonesia"}