{"bounds":{"maxX":115.712502,"maxY":-8.06110999999999,"minX":114.431115,"minY":-8.849445},"result":"Bali, Nusa Tenggara, Indonesia"}