{"bounds":{"maxX":125.188979,"maxY":-6.55221999999998,"minX":114.431115,"minY":-11.009721},"result":"Nusa Tenggara, Indonesia"}