{"bounds":{"maxX":125.188979,"maxY":-7.77749899999998,"minX":118.92694,"minY":-11.009721},"result":"Nusa Tenggara Timur, Nusa Tenggara, Indonesia"}