{"bounds":{"maxX":119.347222,"maxY":-6.55221999999998,"minX":115.820136,"minY":-9.11000199999995},"result":"Nusa Tenggara Barat, Nusa Tenggara, Indonesia"}