{"bounds":{"maxX":98.287293,"maxY":6.07724100000001,"minX":94.972335,"minY":1.97684600000002},"result":"Aceh, Sumatera, Indonesia"}