{"bounds":{"maxX":106.221023,"maxY":-1.62989999999996,"minX":102.063424,"minY":-4.95981999999998},"result":"Sumatera Selatan, Sumatera, Indonesia"}