{"bounds":{"maxX":104.489548,"maxY":-0.746248999999978,"minX":101.122697,"minY":-2.77042899999998},"result":"Jambi, Sumatera, Indonesia"}