{"bounds":{"maxX":124.181663,"maxY":1.37465300000002,"minX":119.422492,"minY":-3.35555899999997},"result":"Sulawesi Tengah, Sulawesi, Indonesia"}