{"bounds":{"maxX":127.163695,"maxY":5.56620000000004,"minX":123.113906,"minY":0.291731000000027},"result":"Sulawesi Utara, Sulawesi, Indonesia"}