{"bounds":{"maxX":101.886116,"maxY":0.908519000000013,"minX":98.596177,"minY":-3.49194399999999},"result":"Sumatera Barat, Sumatera, Indonesia"}