{"bounds":{"maxX":100.64331,"maxY":4.30419000000001,"minX":97.058761,"minY":-0.638270999999975},"result":"Sumatera Utara, Sumatera, Indonesia"}