{"bounds":{"maxX":124.616944,"maxY":-2.70871999999997,"minX":120.865281,"minY":-6.21333299999998},"result":"Sulawesi Tenggara, Sulawesi, Indonesia"}