{"bounds":{"maxX":134.340272,"maxY":6.07724100000001,"minX":94.972335,"minY":-6.168612},"result":"Sumatera, Indonesia"}