{"bounds":{"maxX":106.111579,"maxY":-3.72724899999997,"minX":103.593362,"minY":-6.168612},"result":"Lampung, Sumatera, Indonesia"}