{"bounds":{"maxX":103.781304,"maxY":-2.27721099999997,"minX":101.025993,"minY":-5.51511999999997},"result":"Bengkulu, Sumatera, Indonesia"}