{"bounds":{"maxX":122.222504,"maxY":-1.884479,"minX":117.038056,"minY":-7.495834},"result":"Sulawesi Selatan, Sulawesi, Indonesia"}