{"bounds":{"maxX":119.909172,"maxY":-0.860949000000005,"minX":118.756668,"minY":-3.57055599999995},"result":"Sulawesi Barat, Sulawesi, Indonesia"}