{"bounds":{"maxX":105.022499,"maxY":1.22976400000005,"minX":103.285066,"minY":-0.866395999999952},"result":"Kepulauan Riau, Sumatera, Indonesia"}