{"bounds":{"maxX":103.813889,"maxY":2.52945199999999,"minX":100.053657,"minY":-1.12110099999995},"result":"Riau, Sumatera, Indonesia"}