{"bounds":{"maxX":123.524139,"maxY":1.04083200000002,"minX":121.162034,"minY":0.305911000000037},"result":"Gorontalo, Sulawesi, Indonesia"}