{"bounds":{"maxX":127.163695,"maxY":5.56620000000004,"minX":117.038056,"minY":-7.495834},"result":"Sulawesi, Indonesia"}