{"bounds":{"maxX":134.340272,"maxY":5.35805600000003,"minX":105.108458,"minY":-3.80360899999999},"result":"Bangka Belitung, Sumatera, Indonesia"}