{"bounds":{"maxX":141.011765,"maxY":6.07724100000001,"minX":94.972335,"minY":-11.009721},"result":"Indonesia"}