{"bounds":{"maxX":-7.59638799999999,"maxY":54.479863,"minX":-8.39856699999996,"minY":53.815347},"result":"Leitrim, Connaught, Ireland"}