{"bounds":{"maxX":-7.88492199999996,"maxY":54.106244,"minX":-8.81500799999998,"minY":53.258205},"result":"Roscommon, Connaught, Ireland"}