{"bounds":{"maxX":-7.59638799999999,"maxY":54.479863,"minX":-10.323609,"minY":52.973343},"result":"Connaught, Ireland"}