{"bounds":{"maxX":-8.59039199999995,"maxY":54.368751,"minX":-10.323609,"minY":53.486205},"result":"Mayo, Connaught, Ireland"}