{"bounds":{"maxX":-7.95653299999998,"maxY":53.710347,"minX":-10.315833,"minY":52.973343},"result":"Galway, Connaught, Ireland"}