{"bounds":{"maxX":-8.17076299999997,"maxY":54.473194,"minX":-9.13861099999997,"minY":53.908267},"result":"Sligo, Connaught, Ireland"}