{"bounds":{"maxX":-5.99361099999999,"maxY":53.635498,"minX":-6.541967,"minY":53.200928},"result":"Dublin, Leinster, Ireland"}