{"bounds":{"maxX":-5.99694299999999,"maxY":53.228968,"minX":-6.749099,"minY":52.685078},"result":"Wicklow, Leinster, Ireland"}