{"bounds":{"maxX":-5.99361099999999,"maxY":54.11555,"minX":-9.978612,"minY":51.465973},"result":"Leinster, Ireland"}