{"bounds":{"maxX":-6.98777899999999,"maxY":53.40956,"minX":-9.978612,"minY":51.465973},"result":"Offaly, Leinster, Ireland"}