{"bounds":{"maxX":-6.91179499999998,"maxY":53.203907,"minX":-7.692274,"minY":52.790807},"result":"Laois, Leinster, Ireland"}