{"bounds":{"maxX":-6.46326099999999,"maxY":52.927551,"minX":-7.090439,"minY":52.446042},"result":"Carlow, Leinster, Ireland"}