{"bounds":{"maxX":-6.46413199999995,"maxY":53.514034,"minX":-7.136124,"minY":52.841636},"result":"Kildare, Leinster, Ireland"}