{"bounds":{"maxX":-6.21305599999999,"maxY":53.900333,"minX":-7.27558899999997,"minY":53.376891},"result":"Meath, Leinster, Ireland"}