{"bounds":{"maxX":-7.38005499999997,"maxY":53.939213,"minX":-9.73638999999997,"minY":52.650695},"result":"Longford, Leinster, Ireland"}