{"bounds":{"maxX":-6.09130899999997,"maxY":54.11555,"minX":-6.75330199999996,"minY":53.721784},"result":"Louth, Leinster, Ireland"}