{"bounds":{"maxX":-6.95980499999996,"maxY":53.797713,"minX":-7.95264699999996,"minY":53.31679},"result":"Westmeath, Leinster, Ireland"}