{"bounds":{"maxX":-6.13694399999997,"maxY":52.79916,"minX":-6.97789299999999,"minY":52.107919},"result":"Wexford, Leinster, Ireland"}