{"bounds":{"maxX":-6.91001799999998,"maxY":52.893391,"minX":-7.649337,"minY":52.251869},"result":"Kilkenny, Leinster, Ireland"}