{"bounds":{"maxX":-8.15590299999997,"maxY":52.717435,"minX":-9.34580499999998,"minY":52.284718},"result":"Limerick, Munster, Ireland"}