{"bounds":{"maxX":-9.15373299999999,"maxY":52.59125,"minX":-10.663054,"minY":51.719201},"result":"Kerry, Munster, Ireland"}