{"bounds":{"maxX":-8.29816599999998,"maxY":53.159863,"minX":-9.93972299999996,"minY":52.554306},"result":"Clare, Munster, Ireland"}