{"bounds":{"maxX":-7.33597199999997,"maxY":53.175653,"minX":-8.48678999999998,"minY":52.206551},"result":"Tipperary, Munster, Ireland"}