{"bounds":{"maxX":-6.94916599999999,"maxY":53.175653,"minX":-10.663054,"minY":51.419583},"result":"Munster, Ireland"}