{"bounds":{"maxX":-7.84138899999999,"maxY":52.382023,"minX":-10.309166,"minY":51.419583},"result":"Cork, Munster, Ireland"}