{"bounds":{"maxX":-6.94916599999999,"maxY":52.356244,"minX":-8.14735999999999,"minY":51.937638},"result":"Waterford, Munster, Ireland"}