{"bounds":{"maxX":-6.75236799999999,"maxY":54.306621,"minX":-8.03803899999997,"minY":53.757619},"result":"Cavan, Ulster, Ireland"}