{"bounds":{"maxX":-6.56939599999998,"maxY":54.416134,"minX":-7.32518999999996,"minY":53.89774},"result":"Monaghan, Ulster, Ireland"}