{"bounds":{"maxX":-6.92077699999999,"maxY":55.450417,"minX":-8.83916699999997,"minY":54.457286},"result":"Donegal, Ulster, Ireland"}