{"bounds":{"maxX":-6.56939599999998,"maxY":55.450417,"minX":-8.83916699999997,"minY":53.757619},"result":"Ulster, Ireland"}