{"bounds":{"maxX":-5.99361099999999,"maxY":55.450417,"minX":-10.663054,"minY":51.419583},"result":"Ireland"}