{"bounds":{"maxX":35.475586,"maxY":31.878887,"minX":34.268008,"minY":29.4912825630024},"result":"HaDarom, Israel"}