{"bounds":{"maxX":35.211117,"maxY":32.918305,"minX":34.865418,"minY":32.37944},"result":"Haifa, Israel"}