{"bounds":{"maxX":35.232418,"maxY":31.863767,"minX":34.825095,"minY":31.602786},"result":"Yerushalayim, Israel"}