{"bounds":{"maxX":35.061332,"maxY":32.41027,"minX":34.670695,"minY":31.764721},"result":"HaMerkaz, Israel"}