{"bounds":{"maxX":34.88472,"maxY":32.192986,"minX":34.731252,"minY":31.996944},"result":"Tel-Aviv, Israel"}