{"bounds":{"maxX":35.935096,"maxY":33.434055,"minX":35.023606,"minY":32.389778},"result":"HaZafon, Israel"}