{"bounds":{"maxX":35.935096,"maxY":33.434055,"minX":34.268008,"minY":29.4912825630024},"result":"Israel"}