{"bounds":{"maxX":-4.30638799999997,"maxY":54.418194,"minX":-4.83249899999998,"minY":54.04264},"result":"Isle of Man"}