{"bounds":{"maxX":80.0512195195652,"maxY":13.9948079862996,"minX":78.0657068579852,"minY":12.6240584782162},"result":"Chittoor, Andhra Pradesh, India"}