{"bounds":{"maxX":95.5695662446865,"maxY":28.3159197253151,"minX":95.0673671865465,"minY":27.8157394050496},"result":"East Siang, Arunachal Pradesh, India"}