{"bounds":{"maxX":95.2955299659353,"maxY":28.9321511263734,"minX":94.3785010502833,"minY":28.0219579063324},"result":"Siang, Arunachal Pradesh, India"}