{"bounds":{"maxX":81.8584047115083,"maxY":17.6536193520515,"minX":80.8495485524238,"minY":16.3092312385309},"result":"West Godavari, Andhra Pradesh, India"}