{"bounds":{"maxX":96.6150560786751,"maxY":29.4617258497682,"minX":95.2452214293256,"minY":28.2747009414953},"result":"Upper Dibang Valley, Arunachal Pradesh, India"}