{"bounds":{"maxX":91.8229971999609,"maxY":26.5309724356295,"minX":90.9402556216996,"minY":25.7226586132045},"result":"Kamrup, Assam, India"}