{"bounds":{"maxX":94.593085819555,"maxY":27.1837412481601,"minX":93.9567249866689,"minY":26.8653748829445},"result":"Majuli, Assam, India"}