{"bounds":{"maxX":95.5154968467021,"maxY":27.8795998921213,"minX":94.2091002917451,"minY":27.3083359243635},"result":"Dhemaji, Assam, India"}