{"bounds":{"maxX":91.0997589849893,"maxY":26.2151788185477,"minX":90.1153716035167,"minY":25.8842674836575},"result":"Goalpara, Assam, India"}