{"bounds":{"maxX":93.9629899761066,"maxY":28.3219919010055,"minX":93.446897744935,"minY":27.6174955107093},"result":"Kra Daadi, Arunachal Pradesh, India"}