{"bounds":{"maxX":95.4118154199458,"maxY":29.3484740779164,"minX":94.18729261796,"minY":28.1521371287255},"result":"Upper Siang, Arunachal Pradesh, India"}