{"bounds":{"maxX":90.4835921804348,"maxY":26.3853609692334,"minX":89.6986022779728,"minY":25.8790882061558},"result":"Dhubri, Assam, India"}