{"bounds":{"maxX":79.4689327449503,"maxY":15.229285832775,"minX":77.9440840697241,"minY":13.7241919686845},"result":"YSR District (Kadapa), Andhra Pradesh, India"}