{"bounds":{"maxX":94.356324178718,"maxY":27.9798076533006,"minX":93.8826407385793,"minY":27.4824535568862},"result":"Kamle, Arunachal Pradesh, India"}