{"bounds":{"maxX":94.629034431394,"maxY":27.5209378486029,"minX":93.6976844389857,"minY":26.8213947199904},"result":"Lakhimpur, Assam, India"}