{"bounds":{"maxX":95.6940491810249,"maxY":27.2646831829825,"minX":95.3602111041592,"minY":26.7996690841609},"result":"Tirap, Arunachal Pradesh, India"}