{"bounds":{"maxX":92.8445760185685,"maxY":27.7820953311347,"minX":92.0125856906772,"minY":26.8890799553757},"result":"West Kameng, Arunachal Pradesh, India"}