{"bounds":{"maxX":94.1777615309699,"maxY":26.9309394557913,"minX":93.2869135815966,"minY":25.8090274547533},"result":"Golaghat, Assam, India"}