{"bounds":{"maxX":83.5248375262309,"maxY":18.5505149148315,"minX":81.8595345990425,"minY":17.2488966062934},"result":"Visakhapatnam, Andhra Pradesh, India"}