{"bounds":{"maxX":96.0177809753118,"maxY":27.9715692743026,"minX":95.2172088839829,"minY":27.2230031224962},"result":"Tinsukia, Assam, India"}