{"bounds":{"maxX":95.1363122345221,"maxY":28.0520377016786,"minX":94.2098553940113,"minY":27.5552073740212},"result":"Lower Siang, Arunachal Pradesh, India"}