{"bounds":{"maxX":91.8018671878205,"maxY":26.8400353880228,"minX":90.8695436046537,"minY":26.416185414925},"result":"Baksa, Assam, India"}