{"bounds":{"maxX":84.7647423846534,"maxY":19.1678165441982,"minX":83.526573891372,"minY":18.0772403442665},"result":"Srikakulam, Andhra Pradesh, India"}