{"bounds":{"maxX":84.7685819052668,"maxY":19.1656319217847,"minX":76.7608095670991,"minY":12.6223432223549},"result":"Andhra Pradesh, India"}