{"bounds":{"maxX":80.4751126376382,"maxY":16.3058545963126,"minX":78.7365798398878,"minY":14.9637763105284},"result":"Prakasam, Andhra Pradesh, India"}