{"bounds":{"maxX":96.6999064068552,"maxY":28.3740181328306,"minX":95.7708666243952,"minY":27.5699131043064},"result":"Lohit, Arunachal Pradesh, India"}