{"bounds":{"maxX":96.3116034749205,"maxY":27.8774669394477,"minX":95.7521759612517,"minY":27.54314538705},"result":"Namsai, Arunachal Pradesh, India"}