{"bounds":{"maxX":96.3715298660106,"maxY":28.5418311320012,"minX":95.3199351938542,"minY":27.8813780307715},"result":"Lower Dibang Valley, Arunachal Pradesh, India"}