{"bounds":{"maxX":94.1062463896592,"maxY":27.8200666225766,"minX":93.5431354516398,"minY":27.3355778397456},"result":"Lower Subansiri, Arunachal Pradesh, India"}