{"bounds":{"maxX":92.4018296237382,"maxY":26.934639817074,"minX":91.7043378774911,"minY":26.4754251268682},"result":"Udalguri, Assam, India"}