{"bounds":{"maxX":97.4079909885091,"maxY":29.4613865550776,"minX":91.5494990500735,"minY":26.6493588415612},"result":"Arunachal Pradesh, India"}