{"bounds":{"maxX":93.3179579618905,"maxY":26.7003334531264,"minX":92.3954165942005,"minY":25.9616203662869},"result":"Nagaon, Assam, India"}