{"bounds":{"maxX":94.5609613885573,"maxY":29.0387582294088,"minX":93.9620636159432,"minY":28.3359368003431},"result":"Shi Yomi, Arunachal Pradesh, India"}