{"bounds":{"maxX":92.5862341397938,"maxY":24.9158021340613,"minX":92.1922931915776,"minY":24.2342902137224},"result":"Karimganj, Assam, India"}