{"bounds":{"maxX":97.1656966448843,"maxY":27.6605489133017,"minX":95.6288850358158,"minY":26.8788984517022},"result":"Changlang, Arunachal Pradesh, India"}