{"bounds":{"maxX":92.5682044163008,"maxY":26.5170322244576,"minX":91.9720322298036,"minY":26.0618627243853},"result":"Morigaon, Assam, India"}