{"bounds":{"maxX":92.1761170706463,"maxY":26.2748860115802,"minX":91.5608498066733,"minY":25.9978520046664},"result":"Kamrup Metropolitan, Assam, India"}