{"bounds":{"maxX":95.4841712789814,"maxY":27.7047407541825,"minX":94.5675547942184,"minY":27.0912480549538},"result":"Dibrugarh, Assam, India"}