{"bounds":{"maxX":93.1451803057266,"maxY":27.0317573719053,"minX":92.3234837321885,"minY":26.4956714741593},"result":"Sonitpur, Assam, India"}