{"bounds":{"maxX":94.9489489696193,"maxY":28.4035672418348,"minX":94.3564311395855,"minY":27.9859242465068},"result":"West Siang, Arunachal Pradesh, India"}