{"bounds":{"maxX":93.3738719521289,"maxY":27.9766668313093,"minX":92.4609603378494,"minY":27.131901959308},"result":"East Kameng, Arunachal Pradesh, India"}