{"bounds":{"maxX":93.1020542666911,"maxY":13.672999860755,"minX":92.6468558120462,"minY":12.0639020325528},"result":"North and Middle Andaman, Andaman and Nicobar Islands, India"}