{"bounds":{"maxX":81.5546272321611,"maxY":17.1531174378196,"minX":79.9987738493338,"minY":15.7066248101869},"result":"Krishna, Andhra Pradesh, India"}