{"bounds":{"maxX":95.3720221506018,"maxY":27.2269417150881,"minX":94.7337386283351,"minY":26.9130952939128},"result":"Charaideo, Assam, India"}