{"bounds":{"maxX":94.2757645216529,"maxY":13.6757943976818,"minX":92.2076691520204,"minY":6.7559528993543},"result":"Andaman and Nicobar Islands, India"}