{"bounds":{"maxX":94.2197776483198,"maxY":27.6696956974985,"minX":93.2111763750897,"minY":26.9362742773361},"result":"Papum Pare, Arunachal Pradesh, India"}