{"bounds":{"maxX":78.9310693551666,"maxY":16.1488902880564,"minX":76.9738561118701,"minY":14.9004546135896},"result":"Kurnool, Andhra Pradesh, India"}