{"bounds":{"maxX":82.6045609985913,"maxY":18.0152230330166,"minX":80.8855466179821,"minY":16.3066184336938},"result":"East Godavari, Andhra Pradesh, India"}