{"bounds":{"maxX":95.5056169621531,"maxY":27.1082804599753,"minX":95.1809469951078,"minY":26.6508315670233},"result":"Longding, Arunachal Pradesh, India"}