{"bounds":{"maxX":90.8619738949793,"maxY":26.5321299926051,"minX":90.3896046970992,"minY":26.1657230982424},"result":"Bongaigaon, Assam, India"}