{"bounds":{"maxX":92.3807409948011,"maxY":26.6702287663446,"minX":91.7442689310664,"minY":26.1984560429121},"result":"Darrang, Assam, India"}