{"bounds":{"maxX":91.2900501627848,"maxY":26.6653842066159,"minX":90.6533335697885,"minY":26.0897506866449},"result":"Barpeta, Assam, India"}