{"bounds":{"maxX":93.9428697173636,"maxY":9.25874199085024,"minX":92.7159030751669,"minY":6.75436793533197},"result":"Nicobar, Andaman and Nicobar Islands, India"}