{"bounds":{"maxX":93.0754014746984,"maxY":26.1553493743742,"minX":92.1441661962131,"minY":25.5504573136541},"result":"West Karbi Anglong, Assam, India"}