{"bounds":{"maxX":80.9032427262708,"maxY":16.8223537275425,"minX":79.2077461999272,"minY":15.706925928389},"result":"Guntur, Andhra Pradesh, India"}