{"bounds":{"maxX":90.4373082349871,"maxY":26.8690010978224,"minX":89.8280192017248,"minY":26.112233456309},"result":"Kokrajhar, Assam, India"}