{"bounds":{"maxX":93.1227966350567,"maxY":12.3283099869164,"minX":92.2038598148786,"minY":10.5133816168682},"result":"South Andaman, Andaman and Nicobar Islands, India"}