{"bounds":{"maxX":92.4723710016205,"maxY":27.8632289807329,"minX":91.5464586970113,"minY":27.4602685410604},"result":"Tawang, Arunachal Pradesh, India"}