{"bounds":{"maxX":93.3985757657591,"maxY":27.3995913221818,"minX":92.5901935660802,"minY":26.9134789761738},"result":"Pakke Kessang, Arunachal Pradesh, India"}