{"bounds":{"maxX":90.9571377563025,"maxY":26.9045947913166,"minX":90.3359015651052,"minY":26.3856227133176},"result":"Chirang, Assam, India"}