{"bounds":{"maxX":93.8948239208873,"maxY":26.6125778992507,"minX":92.7932877290455,"minY":25.5302475022205},"result":"Karbi Anglong, Assam, India"}