{"bounds":{"maxX":94.9418267239242,"maxY":27.2753651944482,"minX":94.3953240400725,"minY":26.7120576286567},"result":"Sivasagar, Assam, India"}