{"bounds":{"maxX":90.1973656552009,"maxY":26.0547626586698,"minX":89.8167540077913,"minY":25.4663508588051},"result":"South Salmara-Mankachar, Assam, India"}