{"bounds":{"maxX":93.7895292821507,"maxY":26.9942788423947,"minX":93.0432873544279,"minY":26.5916832783607},"result":"Biswanath, Assam, India"}