{"bounds":{"maxX":93.2629049987667,"maxY":25.143293913983,"minX":92.4158751931857,"minY":24.3736956313484},"result":"Cachar, Assam, India"}