{"bounds":{"maxX":78.469303223565,"maxY":15.2342992600029,"minX":76.7605948910414,"minY":13.682304121638},"result":"Anantapuramu, Andhra Pradesh, India"}