{"bounds":{"maxX":94.594763049775,"maxY":28.7123916238744,"minX":93.1830301545181,"minY":27.7601604176692},"result":"Upper Subansiri, Arunachal Pradesh, India"}