{"bounds":{"maxX":96.0210449929374,"maxY":27.9720318387166,"minX":89.6997245289621,"minY":24.1326687001712},"result":"Assam, India"}