{"bounds":{"maxX":93.2478556222392,"maxY":26.2079180286941,"minX":92.7023225667331,"minY":25.7183058000726},"result":"Hojai, Assam, India"}