{"bounds":{"maxX":94.6032556958937,"maxY":26.9527253740768,"minX":93.9712792648263,"minY":26.3474603815914},"result":"Jorhat, Assam, India"}