{"bounds":{"maxX":92.7805262287026,"maxY":24.8793957151402,"minX":92.4184739353239,"minY":24.1362381607626},"result":"Hailakandi, Assam, India"}