{"bounds":{"maxX":94.957255549604,"maxY":28.0619359126123,"minX":94.4844644284906,"minY":27.7729624864297},"result":"Lepa Rada, Arunachal Pradesh, India"}