{"bounds":{"maxX":80.2682607888044,"maxY":15.1167324465452,"minX":79.0814354895563,"minY":13.4706654819265},"result":"Sri Potti Sriramulu Nellore, Andhra Pradesh, India"}