{"bounds":{"maxX":91.5848005855786,"maxY":26.5722839098746,"minX":91.2152216753401,"minY":26.1360364837967},"result":"Nalbari, Assam, India"}