{"bounds":{"maxX":83.8132880802808,"maxY":19.1635928431352,"minX":82.9988926293914,"minY":17.8404694278219},"result":"Vizianagaram, Andhra Pradesh, India"}