{"bounds":{"maxX":97.4114982619353,"maxY":28.4608761273315,"minX":96.2729718868432,"minY":27.6138497427714},"result":"Anjaw, Arunachal Pradesh, India"}