{"bounds":{"maxX":93.6185113393269,"maxY":28.367095149022,"minX":92.662944243682,"minY":27.6148292744515},"result":"Kurung Kumey, Arunachal Pradesh, India"}