{"bounds":{"maxX":93.4736064306923,"maxY":25.8266918871209,"minX":92.5205486027359,"minY":24.9702588493665},"result":"Dima Hasao, Assam, India"}