{"bounds":{"maxX":85.9068809874677,"maxY":25.4623094557169,"minX":85.1532353550277,"minY":24.960817110921},"result":"Nalanda, Bihar, India"}