{"bounds":{"maxX":87.7057399627292,"maxY":26.5875162651636,"minX":87.0375474821307,"minY":25.9427800370691},"result":"Araria, Bihar, India"}