{"bounds":{"maxX":84.7602610880788,"maxY":27.5216315703407,"minX":83.8310167638127,"minY":26.583068699461},"result":"Pashchim Champaran, Bihar, India"}