{"bounds":{"maxX":84.7472964551673,"maxY":25.1289193266657,"minX":84.0077165621697,"minY":24.4768269536011},"result":"Aurangabad, Bihar, India"}