{"bounds":{"maxX":86.7247067988797,"maxY":26.6662702717557,"minX":85.7517833624123,"minY":26.0336674224137},"result":"Madhubani, Bihar, India"}