{"bounds":{"maxX":87.1266450250479,"maxY":26.1174865501642,"minX":86.6160221566972,"minY":25.4433046818656},"result":"Madhepura, Bihar, India"}