{"bounds":{"maxX":86.4162070235354,"maxY":26.4464552127379,"minX":85.6766775087601,"minY":25.7188641954263},"result":"Darbhanga, Bihar, India"}