{"bounds":{"maxX":84.7772247111516,"maxY":26.374634110376,"minX":84.0080339194299,"minY":25.8877780888877},"result":"Siwan, Bihar, India"}