{"bounds":{"maxX":86.8568596842271,"maxY":25.7317915361505,"minX":86.2789095592289,"minY":25.2539181474046},"result":"Khagaria, Bihar, India"}