{"bounds":{"maxX":85.764414216443,"maxY":26.393278416166,"minX":84.8718497517647,"minY":25.9040996967437},"result":"Muzaffarpur, Bihar, India"}