{"bounds":{"maxX":88.2982964903969,"maxY":27.5212904913596,"minX":83.3243015239108,"minY":24.2630777488129},"result":"Bihar, India"}