{"bounds":{"maxX":84.8646791198456,"maxY":25.3149505364382,"minX":84.4456338179464,"minY":25.0480399486847},"result":"Arwal, Bihar, India"}