{"bounds":{"maxX":88.0770125706737,"maxY":25.8817755584953,"minX":87.1996234991253,"minY":25.2419594727515},"result":"Katihar, Bihar, India"}