{"bounds":{"maxX":86.0691174012471,"maxY":25.731467001401,"minX":84.6867336444422,"minY":25.2033366260845},"result":"Patna, Bihar, India"}