{"bounds":{"maxX":88.3005210356174,"maxY":26.5744255643883,"minX":87.6108946142951,"minY":25.9303200407373},"result":"Kishanganj, Bihar, India"}