{"bounds":{"maxX":86.3913837853335,"maxY":25.3396721728325,"minX":85.9008520907515,"minY":24.9732546565772},"result":"Lakhisarai, Bihar, India"}