{"bounds":{"maxX":87.1200590495855,"maxY":26.5619715782258,"minX":86.4048089286892,"minY":25.9912580531167},"result":"Supaul, Bihar, India"}