{"bounds":{"maxX":85.8255725366433,"maxY":26.8736798450489,"minX":85.2368857330902,"minY":26.2692681338174},"result":"Sitamarhi, Bihar, India"}