{"bounds":{"maxX":86.3913830865603,"maxY":26.0894264936378,"minX":85.5266222780957,"minY":25.4598044607073},"result":"Samastipur, Bihar, India"}