{"bounds":{"maxX":86.0160182728251,"maxY":25.2741581463814,"minX":85.6081614742727,"minY":24.9771701060156},"result":"Sheikhpura, Bihar, India"}