{"bounds":{"maxX":84.850733550513,"maxY":25.7468956031496,"minX":84.2731430473139,"minY":25.1610647829135},"result":"Bhojpur, Bihar, India"}