{"bounds":{"maxX":85.4043295057022,"maxY":26.6616691540083,"minX":85.17846448245,"minY":26.3264101519071},"result":"Sheohar, Bihar, India"}