{"bounds":{"maxX":86.5144399022797,"maxY":25.7766387184022,"minX":85.7341325241967,"minY":25.2496273722055},"result":"Begusarai, Bihar, India"}