{"bounds":{"maxX":85.2407783397487,"maxY":26.2211333386327,"minX":84.4047992011223,"minY":25.5988535057847},"result":"Saran, Bihar, India"}