{"bounds":{"maxX":86.8742978579598,"maxY":26.073962057503,"minX":86.3134564022912,"minY":25.5905304205425},"result":"Saharsa, Bihar, India"}