{"bounds":{"maxX":85.6450280726875,"maxY":26.0135932916971,"minX":85.0663917721626,"minY":25.4958795666887},"result":"Vaishali, Bihar, India"}