{"bounds":{"maxX":85.2112882631429,"maxY":25.3195765833927,"minX":84.8242484371157,"minY":24.9868985654165},"result":"Jehanabad, Bihar, India"}