{"bounds":{"maxX":84.3643467413091,"maxY":25.731745550217,"minX":83.7723581371184,"minY":25.261889980838},"result":"Buxar, Bihar, India"}