{"bounds":{"maxX":87.8730706581844,"maxY":26.1179555475106,"minX":86.9897997371682,"minY":25.432862470127},"result":"Purnia, Bihar, India"}