{"bounds":{"maxX":87.1766389689133,"maxY":25.1218592609961,"minX":86.4867276684472,"minY":24.5451505052916},"result":"Banka, Bihar, India"}