{"bounds":{"maxX":84.9069614491116,"maxY":26.6391728783257,"minX":83.9061281725772,"minY":26.2041794723049},"result":"Gopalganj, Bihar, India"}