{"bounds":{"maxX":86.6190200377446,"maxY":25.1438276202485,"minX":85.821589352067,"minY":24.367793992299},"result":"Jamui, Bihar, India"}