{"bounds":{"maxX":85.3975420578197,"maxY":25.0729666314049,"minX":84.2913029099014,"minY":24.2861818961776},"result":"Gaya, Bihar, India"}