{"bounds":{"maxX":85.2957163245488,"maxY":27.0212133434211,"minX":84.4861038604049,"minY":26.256791296781},"result":"Purba Champaran, Bihar, India"}