{"bounds":{"maxX":84.4634363699926,"maxY":25.3750469866292,"minX":83.4971277484469,"minY":24.5033510436158},"result":"Rohtas, Bihar, India"}