{"bounds":{"maxX":87.5519078816435,"maxY":25.515955712786,"minX":86.6381082902654,"minY":25.0579082823414},"result":"Bhagalpur, Bihar, India"}