{"bounds":{"maxX":83.8978437869612,"maxY":25.4106553354754,"minX":83.3202379530192,"minY":24.5405810715592},"result":"Kaimur, Bihar, India"}