{"bounds":{"maxX":86.7380119088226,"maxY":25.4968831858104,"minX":86.2607828204709,"minY":24.9449905043084},"result":"Munger, Bihar, India"}