{"bounds":{"maxX":86.0552938168562,"maxY":25.1134242200517,"minX":85.2668506319512,"minY":24.5209659844926},"result":"Nawada, Bihar, India"}