{"bounds":{"maxX":82.0662439988615,"maxY":20.195557555237,"minX":81.2916446861534,"minY":19.2226998133457},"result":"Kondagaon, Chhattisgarh, India"}