{"bounds":{"maxX":83.3673489159198,"maxY":23.9207002054501,"minX":82.49738473172,"minY":22.7954961083587},"result":"Surajpur, Chhattisgarh, India"}