{"bounds":{"maxX":84.0747255442485,"maxY":24.1062943599968,"minX":82.6926899797588,"minY":23.1506708588731},"result":"Balrampur, Chhattisgarh, India"}