{"bounds":{"maxX":83.6905384235095,"maxY":23.2702028816577,"minX":82.7557761964144,"minY":22.6229215730722},"result":"Surguja, Chhattisgarh, India"}