{"bounds":{"maxX":82.1934506210494,"maxY":21.6261746126683,"minX":81.5340779446415,"minY":20.9403326293474},"result":"Raipur, Chhattisgarh, India"}