{"bounds":{"maxX":81.5170221266699,"maxY":21.0786029487671,"minX":80.8031869379269,"minY":20.3770161449792},"result":"Balod, Chhattisgarh, India"}