{"bounds":{"maxX":81.9637672454621,"maxY":18.7507378024077,"minX":80.911487704494,"minY":17.7823566626299},"result":"Sukma, Chhattisgarh, India"}