{"bounds":{"maxX":81.5167296032886,"maxY":19.9473587808831,"minX":80.6626644975686,"minY":19.2278639561567},"result":"Narayanpur, Chhattisgarh, India"}