{"bounds":{"maxX":83.8036036876601,"maxY":22.7912429859751,"minX":82.9230550099808,"minY":21.3425474689906},"result":"Raigarh, Chhattisgarh, India"}