{"bounds":{"maxX":76.8495206524245,"maxY":30.7953160567395,"minX":76.7038128555714,"minY":30.6654555510428},"result":"Chandigarh, India"}