{"bounds":{"maxX":84.3965805771182,"maxY":24.105966357946,"minX":80.2468259782854,"minY":17.7900914626186},"result":"Chhattisgarh, India"}