{"bounds":{"maxX":81.7774314425071,"maxY":19.3363473525483,"minX":81.1144960577469,"minY":18.392676667894},"result":"Dantewada, Chhattisgarh, India"}