{"bounds":{"maxX":83.2794706702353,"maxY":21.5565702078488,"minX":81.9881678481677,"minY":20.8262475025203},"result":"Mahasamund, Chhattisgarh, India"}