{"bounds":{"maxX":82.7721304793382,"maxY":23.9253976882528,"minX":81.5766715544488,"minY":22.9379600123447},"result":"Korea, Chhattisgarh, India"}