{"bounds":{"maxX":84.3963699419193,"maxY":23.2517018477621,"minX":83.3797883861252,"minY":22.2889009284352},"result":"Jashpur, Chhattisgarh, India"}