{"bounds":{"maxX":82.9858285215691,"maxY":21.8838744762261,"minX":81.6572858329749,"minY":21.2623356694556},"result":"Baloda Bazar, Chhattisgarh, India"}