{"bounds":{"maxX":82.7245649711965,"maxY":21.0833748630595,"minX":81.8731475109489,"minY":19.775426815695},"result":"Gariaband, Chhattisgarh, India"}