{"bounds":{"maxX":81.2166236430667,"maxY":21.8355016161067,"minX":80.3885268148607,"minY":20.1179880654969},"result":"Rajnandgaon, Chhattisgarh, India"}