{"bounds":{"maxX":81.236487693952,"maxY":19.4023327181804,"minX":80.2442418367914,"minY":18.1389323122764},"result":"Bijapur, Chhattisgarh, India"}