{"bounds":{"maxX":82.036983951748,"maxY":22.6741103607046,"minX":81.4699288921047,"minY":21.8139425500087},"result":"Mungeli, Chhattisgarh, India"}