{"bounds":{"maxX":81.9370913247049,"maxY":22.0245237749523,"minX":81.1388119650002,"minY":21.331946030485},"result":"Bemetara, Chhattisgarh, India"}