{"bounds":{"maxX":81.8142179922666,"maxY":20.5628305812664,"minX":80.4017304929679,"minY":19.7020971113926},"result":"Kanker, Chhattisgarh, India"}