{"bounds":{"maxX":83.1232015738936,"maxY":23.0004556936753,"minX":82.13423647953,"minY":22.0394355722939},"result":"Korba, Chhattisgarh, India"}