{"bounds":{"maxX":76.8494238280473,"maxY":30.7952666006731,"minX":76.7051516437334,"minY":30.6664140626589},"result":"Chandigarh, Chandigarh, India"}