{"bounds":{"maxX":83.3171141677847,"maxY":22.2634822958713,"minX":82.3040569111976,"minY":21.6814909368573},"result":"Janjgir-Champa, Chhattisgarh, India"}