{"bounds":{"maxX":81.5560505729756,"maxY":22.5261721620157,"minX":80.825561639658,"minY":21.7036716089576},"result":"Kabirdham, Chhattisgarh, India"}