{"bounds":{"maxX":81.6254166043929,"maxY":21.5445572150435,"minX":81.1484141523913,"minY":20.8491323464806},"result":"Durg, Chhattisgarh, India"}