{"bounds":{"maxX":82.1802071479416,"maxY":21.0269440117568,"minX":81.4101075796012,"minY":20.0438266151062},"result":"Dhamtari, Chhattisgarh, India"}