{"bounds":{"maxX":82.2460338308966,"maxY":19.5524110641194,"minX":81.3439214331277,"minY":18.5930591158855},"result":"Bastar, Chhattisgarh, India"}