{"bounds":{"maxX":82.4728937273637,"maxY":23.1182239534728,"minX":81.7264085465173,"minY":21.7114994798172},"result":"Bilaspur, Chhattisgarh, India"}