{"bounds":{"maxX":77.2538127238782,"maxY":28.5699059976637,"minX":77.1108924238463,"minY":28.4046919933409},"result":"South Delhi, Delhi, India"}