{"bounds":{"maxX":77.1052985831631,"maxY":28.6698046303794,"minX":76.8389449590427,"minY":28.5007486008673},"result":"South West Delhi, Delhi, India"}