{"bounds":{"maxX":77.3475586367218,"maxY":28.6082295634437,"minX":77.2058667872225,"minY":28.4823072504793},"result":"South East Delhi, Delhi, India"}