{"bounds":{"maxX":77.1922599862095,"maxY":28.8182958707579,"minX":76.9421355232359,"minY":28.6671891617505},"result":"North West Delhi, Delhi, India"}