{"bounds":{"maxX":77.2665939571455,"maxY":28.7884445760564,"minX":77.1662237954918,"minY":28.6129707209221},"result":"Central Delhi, Delhi, India"}