{"bounds":{"maxX":77.3329097390932,"maxY":28.7141161170652,"minX":77.248595053419,"minY":28.6412439572429},"result":"Shahdara, Delhi, India"}