{"bounds":{"maxX":71.1537498473776,"maxY":20.7633719682418,"minX":70.8760525733676,"minY":20.6993631469917},"result":"Diu, Daman and Diu, India"}