{"bounds":{"maxX":72.9041847758068,"maxY":20.4674843347343,"minX":72.8212364418084,"minY":20.3663208280439},"result":"Daman, Daman and Diu, India"}