{"bounds":{"maxX":77.2243796939678,"maxY":28.8838072280212,"minX":76.9617852315033,"minY":28.6845283569981},"result":"North Delhi, Delhi, India"}