{"bounds":{"maxX":72.9033062443412,"maxY":20.7722225188077,"minX":70.8731937330968,"minY":20.3686192351066},"result":"Daman and Diu, India"}