{"bounds":{"maxX":77.2967689403344,"maxY":28.7710784793883,"minX":77.2179000678339,"minY":28.6711536269384},"result":"North East Delhi, Delhi, India"}