{"bounds":{"maxX":77.2566480398752,"maxY":28.6456498186843,"minX":77.0501627861837,"minY":28.4839566125077},"result":"New Delhi, Delhi, India"}