{"bounds":{"maxX":77.3425504975075,"maxY":28.6598867368834,"minX":77.2556261204492,"minY":28.5804654585141},"result":"East Delhi, Delhi, India"}