{"bounds":{"maxX":77.3476517857858,"maxY":28.8793217055373,"minX":76.8425143574822,"minY":28.4030521352452},"result":"Delhi, India"}