{"bounds":{"maxX":73.2195174772907,"maxY":20.3609305050814,"minX":72.9114823989858,"minY":20.0518506682097},"result":"Dadra and Nagar Haveli, India"}