{"bounds":{"maxX":77.1788731674628,"maxY":28.7020757435008,"minX":76.9534159444903,"minY":28.5962419351173},"result":"West Delhi, Delhi, India"}