{"bounds":{"maxX":73.2185558776517,"maxY":20.360394465732,"minX":72.7288458603483,"minY":19.4591694083416},"result":"Dadra & Nagar Haveli, Dadra and Nagar Haveli, India"}