{"bounds":{"maxX":74.2827156301223,"maxY":15.8007783947072,"minX":73.6754924520151,"minY":15.4059739273549},"result":"North Goa, Goa, India"}