{"bounds":{"maxX":74.4765690000594,"maxY":23.3358453627733,"minX":73.7972194923857,"minY":22.5027001129199},"result":"Dahod, Gujarat, India"}