{"bounds":{"maxX":73.4999409718984,"maxY":22.2344207147443,"minX":72.5079210343283,"minY":21.4212132547879},"result":"Bharuch, Gujarat, India"}