{"bounds":{"maxX":72.1695835476427,"maxY":22.4023784418117,"minX":71.3907608657214,"minY":21.6908232628833},"result":"Botad, Gujarat, India"}