{"bounds":{"maxX":71.5092335446924,"maxY":22.6143165242882,"minX":70.0299317710345,"minY":21.5256755134143},"result":"Rajkot, Gujarat, India"}