{"bounds":{"maxX":73.49385174776,"maxY":20.7499049686394,"minX":72.7366714109569,"minY":20.1191532604147},"result":"Valsad, Gujarat, India"}