{"bounds":{"maxX":70.1481633156845,"maxY":21.9798053531346,"minX":69.3713656354158,"minY":21.2278114542353},"result":"Porbandar, Gujarat, India"}