{"bounds":{"maxX":73.0288277060338,"maxY":23.5674773542965,"minX":72.336243394717,"minY":22.9962345628748},"result":"Gandhinagar, Gujarat, India"}