{"bounds":{"maxX":71.2238333480307,"maxY":21.2907011708224,"minX":70.2390089787814,"minY":20.6898913675926},"result":"Gir Somnath, Gujarat, India"}