{"bounds":{"maxX":74.0203585527051,"maxY":23.4583517538304,"minX":73.2415048828441,"minY":22.9245624520955},"result":"Mahisagar, Gujarat, India"}