{"bounds":{"maxX":72.8666697787873,"maxY":24.1021547383505,"minX":71.9353569319769,"minY":23.0386919955392},"result":"Mehsana, Gujarat, India"}