{"bounds":{"maxX":74.3317084999474,"maxY":21.5690167988862,"minX":73.1980627761762,"minY":20.8085050323814},"result":"Tapi, Gujarat, India"}