{"bounds":{"maxX":71.3596453256713,"maxY":23.2221463886449,"minX":70.4037660951292,"minY":22.327895535051},"result":"Morbi, Gujarat, India"}