{"bounds":{"maxX":73.5662452452219,"maxY":22.8144656638593,"minX":72.862957044632,"minY":21.8220594503834},"result":"Vadodara, Gujarat, India"}