{"bounds":{"maxX":73.9892558252961,"maxY":22.0820126588572,"minX":73.296784222414,"minY":21.3962737387421},"result":"Narmada, Gujarat, India"}