{"bounds":{"maxX":73.9441201953908,"maxY":21.0846289406731,"minX":73.4653359256125,"minY":20.5623351762275},"result":"Dang, Gujarat, India"}