{"bounds":{"maxX":73.0280919257019,"maxY":24.7124283736705,"minX":71.2567708264125,"minY":23.8267075132412},"result":"Banaskantha, Gujarat, India"}