{"bounds":{"maxX":73.4193816194662,"maxY":23.2056316208027,"minX":72.5048187159111,"minY":22.4999627402883},"result":"Kheda, Gujarat, India"}