{"bounds":{"maxX":73.6991768202541,"maxY":21.5691704390646,"minX":72.5975601381899,"minY":20.8155029791792},"result":"Surat, Gujarat, India"}