{"bounds":{"maxX":74.4766299193656,"maxY":24.7084824404048,"minX":68.1862489922762,"minY":20.1209430198347},"result":"Gujarat, India"}