{"bounds":{"maxX":70.6630878482256,"maxY":22.9369999644769,"minX":69.7254115946694,"minY":21.6978355529685},"result":"Jamnagar, Gujarat, India"}