{"bounds":{"maxX":73.9282661558585,"maxY":23.1089813923774,"minX":73.35025055392,"minY":22.2864461254883},"result":"Panchmahal, Gujarat, India"}