{"bounds":{"maxX":70.9479601536382,"maxY":21.6809837578942,"minX":69.9414914211922,"minY":20.99232836786},"result":"Junagadh, Gujarat, India"}