{"bounds":{"maxX":71.6773765132156,"maxY":22.0417281915029,"minX":70.7362505951889,"minY":20.7948834357221},"result":"Amreli, Gujarat, India"}