{"bounds":{"maxX":74.3364991875875,"maxY":15.5398129974719,"minX":73.7829990245854,"minY":14.900641739125},"result":"South Goa, Goa, India"}