{"bounds":{"maxX":71.7627520193902,"maxY":24.6894229728919,"minX":68.0934770982895,"minY":22.7734976784751},"result":"Kachchh, Gujarat, India"}