{"bounds":{"maxX":72.1894514818005,"maxY":23.5266033237844,"minX":70.9809145995292,"minY":22.1240990321447},"result":"Surendranagar, Gujarat, India"}