{"bounds":{"maxX":73.4962345779634,"maxY":21.0793340814028,"minX":72.7213951957318,"minY":20.5796982691598},"result":"Navsari, Gujarat, India"}