{"bounds":{"maxX":72.4446879188125,"maxY":22.1301963276984,"minX":71.4779899411829,"minY":20.9961905603461},"result":"Bhavnagar, Gujarat, India"}