{"bounds":{"maxX":69.9360833210885,"maxY":22.4845587808631,"minX":68.9364079765469,"minY":21.7941938830413},"result":"Devbhumi Dwarka, Gujarat, India"}