{"bounds":{"maxX":74.3356018930307,"maxY":15.7995891055434,"minX":73.6757343059734,"minY":14.7520278228904},"result":"Goa, India"}