{"bounds":{"maxX":72.8426546641815,"maxY":23.5086652573958,"minX":71.8354187578694,"minY":21.9815007217809},"result":"Ahmedabad, Gujarat, India"}