{"bounds":{"maxX":74.2910577827905,"maxY":22.5739850862428,"minX":73.4761292506644,"minY":21.8711478893637},"result":"Chhota Udaipur, Gujarat, India"}