{"bounds":{"maxX":73.2198310686489,"maxY":22.7349406450948,"minX":72.3415557889685,"minY":22.2095136291507},"result":"Anand, Gujarat, India"}