{"bounds":{"maxX":73.420841643627,"maxY":24.4984432687419,"minX":72.7234655295106,"minY":23.0847004534632},"result":"Sabarkantha, Gujarat, India"}