{"bounds":{"maxX":73.6563838226554,"maxY":23.910259095381,"minX":72.9712152372934,"minY":23.058344572644},"result":"Aravalli, Gujarat, India"}