{"bounds":{"maxX":72.4826301477632,"maxY":24.1551934197406,"minX":71.0344244267459,"minY":23.3918486215167},"result":"Patan, Gujarat, India"}