{"bounds":{"maxX":77.2293980332927,"maxY":29.9935347238485,"minX":76.5010863802323,"minY":29.4404133948623},"result":"Karnal, Haryana, India"}