{"bounds":{"maxX":76.7307966635353,"maxY":30.1924672497638,"minX":76.168239807721,"minY":29.5144458455994},"result":"Kaithal, Haryana, India"}