{"bounds":{"maxX":76.7297384079013,"maxY":31.8930418115305,"minX":76.2994872844107,"minY":31.4156920737303},"result":"Hamirpur, Himachal Pradesh, India"}