{"bounds":{"maxX":77.249700321113,"maxY":31.3655356727332,"minX":76.5998868480996,"minY":30.7477050189715},"result":"Solan, Himachal Pradesh, India"}