{"bounds":{"maxX":76.8590613057347,"maxY":28.4729591899147,"minX":76.2800442430474,"minY":27.9636817909819},"result":"Rewari, Haryana, India"}