{"bounds":{"maxX":79.0089151220353,"maxY":32.0877394488165,"minX":77.7478750075256,"minY":31.0969850336324},"result":"Kinnaur, Himachal Pradesh, India"}