{"bounds":{"maxX":76.3651891720427,"maxY":29.0813536198737,"minX":75.4733668971646,"minY":28.3830523569807},"result":"Bhiwani, Haryana, India"}