{"bounds":{"maxX":77.3891230461917,"maxY":32.0730308784723,"minX":76.6203605296148,"minY":31.2284609866853},"result":"Mandi, Himachal Pradesh, India"}