{"bounds":{"maxX":77.6043380108906,"maxY":30.4904463511182,"minX":77.0651725520717,"minY":29.9352794323},"result":"Yamunanagar, Haryana, India"}