{"bounds":{"maxX":77.6051054416257,"maxY":30.9267058259947,"minX":74.4745842115461,"minY":27.650638062568},"result":"Haryana, India"}