{"bounds":{"maxX":77.8277851870368,"maxY":31.0209357111142,"minX":77.0200763097739,"minY":30.3777013337496},"result":"Sirmaur, Himachal Pradesh, India"}