{"bounds":{"maxX":77.1769766708367,"maxY":30.9285989091124,"minX":76.7760614270932,"minY":30.4244916514686},"result":"Panchkula, Haryana, India"}