{"bounds":{"maxX":76.8795849895557,"maxY":33.2102840815452,"minX":75.8013299387258,"minY":32.1755232656862},"result":"Chamba, Himachal Pradesh, India"}