{"bounds":{"maxX":76.3679136465976,"maxY":28.4685119902362,"minX":75.8951743471185,"minY":27.797385422899},"result":"Mahendragarh, Haryana, India"}