{"bounds":{"maxX":77.5504251839751,"maxY":28.5132655476669,"minX":77.14921563979,"minY":28.1958694996777},"result":"Faridabad, Haryana, India"}