{"bounds":{"maxX":75.9642411839835,"maxY":29.8223716385403,"minX":75.2199868335256,"minY":29.2485345287456},"result":"Fatehabad, Haryana, India"}