{"bounds":{"maxX":77.1611470865689,"maxY":29.5141633532562,"minX":76.6318900954516,"minY":29.1617980524382},"result":"Panipat, Haryana, India"}