{"bounds":{"maxX":77.1212810090114,"maxY":30.2549257944898,"minX":76.421684063169,"minY":29.8668727256958},"result":"Kurukshetra, Haryana, India"}