{"bounds":{"maxX":77.2343575992239,"maxY":29.2891999120463,"minX":76.4745119587599,"minY":28.7935274543286},"result":"Sonipat, Haryana, India"}