{"bounds":{"maxX":75.3038244504381,"maxY":29.9923511944521,"minX":74.4736391752078,"minY":29.2228664080583},"result":"Sirsa, Haryana, India"}