{"bounds":{"maxX":76.4836457423572,"maxY":28.8145298571672,"minX":75.8159329115747,"minY":28.3856936316558},"result":"Charki Dadri, Haryana, India"}