{"bounds":{"maxX":76.9677892430792,"maxY":28.8397328610827,"minX":76.2826733175197,"minY":28.3551114534309},"result":"Jhajjar, Haryana, India"}