{"bounds":{"maxX":77.8690195030477,"maxY":32.4146789000113,"minX":76.9347511539427,"minY":31.3404309979922},"result":"Kullu, Himachal Pradesh, India"}