{"bounds":{"maxX":78.674420026563,"maxY":33.2569481227577,"minX":76.3760260188857,"minY":31.7489687910769},"result":"Lahaul and Spiti, Himachal Pradesh, India"}