{"bounds":{"maxX":76.8687219760384,"maxY":29.0983614716047,"minX":76.2123581101387,"minY":28.682582787066},"result":"Rohtak, Haryana, India"}