{"bounds":{"maxX":78.311334313228,"maxY":31.7151354197638,"minX":76.9888597956431,"minY":30.7640492789511},"result":"Shimla, Himachal Pradesh, India"}