{"bounds":{"maxX":76.3180748007115,"maxY":29.5803589318193,"minX":75.3279867939555,"minY":28.89862395713},"result":"Hisar, Haryana, India"}