{"bounds":{"maxX":77.5496376854309,"maxY":28.2723629883613,"minX":77.120345330073,"minY":27.8468727993402},"result":"Palwal, Haryana, India"}