{"bounds":{"maxX":77.0785125494147,"maxY":32.4677060188178,"minX":75.5942408388437,"minY":31.6847172149276},"result":"Kangra, Himachal Pradesh, India"}