{"bounds":{"maxX":79.0118851218746,"maxY":33.2548959915365,"minX":75.5936438132222,"minY":30.3796248345269},"result":"Himachal Pradesh, India"}