{"bounds":{"maxX":77.2256797224413,"maxY":28.5413453766878,"minX":76.6508362227136,"minY":28.1990533452358},"result":"Gurugram, Haryana, India"}