{"bounds":{"maxX":76.4793617894151,"maxY":31.8666656635896,"minX":75.936650799295,"minY":31.2994540742462},"result":"Una, Himachal Pradesh, India"}