{"bounds":{"maxX":76.7624313462297,"maxY":29.8447943307938,"minX":75.9329875979993,"minY":29.055436125277},"result":"Jind, Haryana, India"}