{"bounds":{"maxX":76.9277354689168,"maxY":31.5956797233406,"minX":76.3925543323166,"minY":31.2091189463823},"result":"Bilaspur, Himachal Pradesh, India"}