{"bounds":{"maxX":77.2079614962261,"maxY":30.5648089276899,"minX":76.539499998726,"minY":30.0680970650276},"result":"Ambala, Haryana, India"}