{"bounds":{"maxX":77.3352883604695,"maxY":28.3345752501477,"minX":76.8529248294174,"minY":27.6525994145314},"result":"Nuh, Haryana, India"}