{"bounds":{"maxX":84.9664762178033,"maxY":24.0491712456565,"minX":83.962315312102,"minY":23.3250859025924},"result":"Latehar, Jharkhand, India"}