{"bounds":{"maxX":87.5210643397476,"maxY":25.2278997039082,"minX":87.0462599423425,"minY":24.5011567643732},"result":"Godda, Jharkhand, India"}