{"bounds":{"maxX":76.224318184137,"maxY":33.4051851041093,"minX":75.3349975210189,"minY":32.8623286774265},"result":"Doda, Jammu and Kashmir, India"}