{"bounds":{"maxX":85.3805056022518,"maxY":24.5306333664367,"minX":84.4473407671628,"minY":23.6806475792225},"result":"Chatra, Jharkhand, India"}