{"bounds":{"maxX":75.9367305898449,"maxY":32.8903349149244,"minX":75.1919075171183,"minY":32.2762161607473},"result":"Kathua, Jammu and Kashmir, India"}