{"bounds":{"maxX":74.5882320430744,"maxY":35.1180733434101,"minX":73.3900754443263,"minY":34.0610453802402},"result":"Muzaffarabad, Jammu and Kashmir, India"}