{"bounds":{"maxX":86.8902627452296,"maxY":23.0167924623024,"minX":86.0664225809374,"minY":22.2110700624335},"result":"East Singhbhum, Jharkhand, India"}