{"bounds":{"maxX":84.5894096799129,"maxY":24.642872262445,"minX":83.8114686807351,"minY":23.7928196295223},"result":"Palamu, Jharkhand, India"}