{"bounds":{"maxX":74.6919917944858,"maxY":33.582070763555,"minX":73.9974118758574,"minY":32.9507888744071},"result":"Rajouri, Jammu and Kashmir, India"}