{"bounds":{"maxX":75.1526093245607,"maxY":34.2033396397127,"minX":74.6812490338159,"minY":34.0159036978974},"result":"Srinagar, Jammu and Kashmir, India"}