{"bounds":{"maxX":75.5949778701327,"maxY":34.256705209378,"minX":75.0284049667159,"minY":33.3639537891361},"result":"Anantnag, Jammu and Kashmir, India"}