{"bounds":{"maxX":85.931659943052,"maxY":24.5237463815903,"minX":85.0203521293474,"minY":23.6527741886779},"result":"Hazaribagh, Jharkhand, India"}