{"bounds":{"maxX":87.9785755907132,"maxY":25.3488183608177,"minX":83.3312714569566,"minY":21.9707581641689},"result":"Jharkhand, India"}