{"bounds":{"maxX":75.6942276896562,"maxY":33.1941955392928,"minX":74.9773821435711,"minY":32.6306864075517},"result":"Udhampur, Jammu and Kashmir, India"}