{"bounds":{"maxX":85.9026384797821,"maxY":23.7174721136472,"minX":84.8656535379804,"minY":22.8833674877195},"result":"Ranchi, Jharkhand, India"}