{"bounds":{"maxX":86.0491321981925,"maxY":22.8865838563599,"minX":84.9840638597594,"minY":21.9703457181804},"result":"West Singhbhum, Jharkhand, India"}