{"bounds":{"maxX":85.0156655526232,"maxY":23.6090558948138,"minX":84.0318671533465,"minY":22.7090561610131},"result":"Gumla, Jharkhand, India"}