{"bounds":{"maxX":87.0665167451517,"maxY":24.6186364443165,"minX":86.4553074407858,"minY":24.0414192191217},"result":"Deoghar, Jharkhand, India"}