{"bounds":{"maxX":87.9183561655047,"maxY":24.8300034222202,"minX":87.3858299561876,"minY":24.2359531914867},"result":"Pakur, Jharkhand, India"}