{"bounds":{"maxX":85.9028567929067,"maxY":24.8207820131794,"minX":85.3270329269281,"minY":24.2635962197897},"result":"Koderma, Jharkhand, India"}