{"bounds":{"maxX":74.6009547142887,"maxY":34.7863764785916,"minX":73.7563899252549,"minY":34.2408230921121},"result":"Kupwara, Jammu and Kashmir, India"}