{"bounds":{"maxX":74.707712624638,"maxY":34.4467408295257,"minX":73.8942083056688,"minY":33.905776783272},"result":"Baramulla, Jammu and Kashmir, India"}