{"bounds":{"maxX":87.2953307173388,"maxY":24.1659771580195,"minX":86.4661646689644,"minY":23.7961978437555},"result":"Jamtara, Jharkhand, India"}