{"bounds":{"maxX":75.2355424465267,"maxY":34.1167636789007,"minX":74.7117798571547,"minY":33.7824290188842},"result":"Pulwama, Jammu and Kashmir, India"}