{"bounds":{"maxX":75.3812959770278,"maxY":33.5955982776384,"minX":75.0093079170268,"minY":33.0674421124636},"result":"Ramban, Jammu and Kashmir, India"}