{"bounds":{"maxX":75.0929469249607,"maxY":33.5257491241229,"minX":74.5191119789347,"minY":32.8869546385458},"result":"Reasi, Jammu and Kashmir, India"}