{"bounds":{"maxX":75.3720264983243,"maxY":34.7385962051508,"minX":74.4367591490156,"minY":34.1749388876196},"result":"Bandipora, Jammu and Kashmir, India"}