{"bounds":{"maxX":85.0796465101783,"maxY":22.8368640078677,"minX":84.0028144404341,"minY":22.3422655097455},"result":"Simdega, Jharkhand, India"}