{"bounds":{"maxX":86.2473168820685,"maxY":23.1609855179673,"minX":85.5126120879775,"minY":22.4851074626393},"result":"Saraikela-Kharsawan, Jharkhand, India"}