{"bounds":{"maxX":86.5707547725148,"maxY":24.7797385602864,"minX":85.6743069462087,"minY":23.8840802254221},"result":"Giridih, Jharkhand, India"}