{"bounds":{"maxX":85.6550046307592,"maxY":23.2853156945637,"minX":84.9385964393742,"minY":22.5733033245888},"result":"Khunti, Jharkhand, India"}