{"bounds":{"maxX":75.176040726998,"maxY":33.7842774710285,"minX":74.5138137436094,"minY":33.4658493835423},"result":"Kulgam, Jammu and Kashmir, India"}