{"bounds":{"maxX":86.4879614609527,"maxY":23.9872149875816,"minX":85.5826324067602,"minY":23.4109031197832},"result":"Bokaro, Jharkhand, India"}