{"bounds":{"maxX":80.3286438997242,"maxY":37.0782680598366,"minX":72.5294654462036,"minY":32.2755383105694},"result":"Jammu and Kashmir, India"}