{"bounds":{"maxX":74.9137710169189,"maxY":34.1395054380256,"minX":74.4006093381505,"minY":33.6801951058195},"result":"Budgam, Jammu and Kashmir, India"}