{"bounds":{"maxX":87.9622873918497,"maxY":25.3494520221931,"minX":87.4528189688204,"minY":24.7153326092126},"result":"Sahibganj, Jharkhand, India"}