{"bounds":{"maxX":76.7797223288225,"maxY":34.2426684218103,"minX":75.3895835795186,"minY":33.0212306991375},"result":"Kishtwar, Jammu and Kashmir, India"}