{"bounds":{"maxX":84.9456583648417,"maxY":23.675506531901,"minX":84.3854942020958,"minY":23.2790216624198},"result":"Lohardaga, Jharkhand, India"}