{"bounds":{"maxX":84.0683397057129,"maxY":24.5370121830658,"minX":83.3296460064581,"minY":23.5690270822341},"result":"Garhwa, Jharkhand, India"}