{"bounds":{"maxX":75.4971133402086,"maxY":34.4638810605625,"minX":74.6443817078496,"minY":34.1124794264844},"result":"Ganderbal, Jammu and Kashmir, India"}