{"bounds":{"maxX":75.0500262335239,"maxY":33.8193019251438,"minX":74.5662911464193,"minY":33.6236094146428},"result":"Shopian, Jammu and Kashmir, India"}