{"bounds":{"maxX":86.8284632281955,"maxY":24.0599739137651,"minX":86.1096548119201,"minY":23.6296308705683},"result":"Dhanbad, Jharkhand, India"}