{"bounds":{"maxX":75.1654838013364,"maxY":33.0609474811414,"minX":74.3065038601651,"minY":32.47540311746},"result":"Jammu, Jammu and Kashmir, India"}