{"bounds":{"maxX":75.3435947663854,"maxY":32.7437263656793,"minX":74.8768170709511,"minY":32.4088328741379},"result":"Samba, Jammu and Kashmir, India"}