{"bounds":{"maxX":74.4493552253634,"maxY":33.7158362862157,"minX":73.5577569536206,"minY":32.7575465839078},"result":"Mirpur, Jammu and Kashmir, India"}