{"bounds":{"maxX":87.7020646565587,"maxY":24.6525554463768,"minX":86.8876268826746,"minY":23.9815966376747},"result":"Dumka, Jharkhand, India"}