{"bounds":{"maxX":85.8870102744047,"maxY":23.9626790818742,"minX":85.2022878561997,"minY":23.4225373415251},"result":"Ramgarh, Jharkhand, India"}