{"bounds":{"maxX":74.5750182206144,"maxY":34.1552720364754,"minX":73.4882359006663,"minY":33.4104117030377},"result":"Poonch, Jammu and Kashmir, India"}