{"bounds":{"maxX":77.6558999838972,"maxY":18.4588384184583,"minX":76.6907255693296,"minY":17.5830815921418},"result":"Bidar, Karnataka, India"}