{"bounds":{"maxX":78.5876798198678,"maxY":13.5993114150898,"minX":77.8395258183619,"minY":12.7607101078852},"result":"Kolar, Karnataka, India"}