{"bounds":{"maxX":76.0451042806381,"maxY":15.8869964838007,"minX":75.27367569148,"minY":14.9440433205428},"result":"Gadag, Karnataka, India"}