{"bounds":{"maxX":77.169156917258,"maxY":15.8375296388818,"minX":75.663608858662,"minY":14.5604238878522},"result":"Ballari, Karnataka, India"}