{"bounds":{"maxX":76.3638762400965,"maxY":13.8994400697035,"minX":75.0785503141457,"minY":12.9128575537331},"result":"Chikkamagaluru, Karnataka, India"}