{"bounds":{"maxX":75.8202816597708,"maxY":15.1618057597281,"minX":75.0151710462069,"minY":14.2742824007123},"result":"Haveri, Karnataka, India"}