{"bounds":{"maxX":75.6706487210617,"maxY":13.1852170834017,"minX":74.7763592056129,"minY":12.4601494315511},"result":"Dakshina Kannada, Karnataka, India"}