{"bounds":{"maxX":77.5170766875391,"maxY":14.3422010569333,"minX":76.3462363565227,"minY":12.7455940061585},"result":"Tumakuru, Karnataka, India"}