{"bounds":{"maxX":77.4123204899986,"maxY":10.3585749135015,"minX":76.6275406790592,"minY":9.27333651007194},"result":"Idukki, Kerala, India"}