{"bounds":{"maxX":77.2837560632917,"maxY":8.86202933298739,"minX":76.6734996059221,"minY":8.29248867940908},"result":"Thiruvananthapuram, Kerala, India"}