{"bounds":{"maxX":75.4578858352631,"maxY":16.9569614796886,"minX":74.0881296931309,"minY":15.3584903861225},"result":"Belagavi, Karnataka, India"}