{"bounds":{"maxX":75.8787768895419,"maxY":14.655252681566,"minX":74.6252572153483,"minY":13.4568541894693},"result":"Shivamogga, Karnataka, India"}