{"bounds":{"maxX":76.9006769091121,"maxY":10.7819295616,"minX":75.9571943959047,"minY":10.1739469141189},"result":"Thrissur, Kerala, India"}