{"bounds":{"maxX":77.333785237199,"maxY":13.055388053416,"minX":76.3295661129858,"minY":12.2179747848085},"result":"Mandya, Karnataka, India"}