{"bounds":{"maxX":76.4440374662561,"maxY":11.9787988150134,"minX":75.7725004267534,"minY":11.4508583261509},"result":"Wayanad, Kerala, India"}