{"bounds":{"maxX":76.9076102297284,"maxY":11.2404440639424,"minX":76.0272094617473,"minY":10.3335213085616},"result":"Palakkad, Kerala, India"}