{"bounds":{"maxX":77.7766943859372,"maxY":12.3141947811642,"minX":76.4033575580049,"minY":11.5945847236061},"result":"Chamarajanagara, Karnataka, India"}