{"bounds":{"maxX":77.2639911554675,"maxY":9.1742668868074,"minX":76.4765677172264,"minY":8.76020268690451},"result":"Kollam, Kerala, India"}