{"bounds":{"maxX":76.1460288266691,"maxY":11.8049086093449,"minX":75.5365868295186,"minY":11.1225572285333},"result":"Kozhikode, Kerala, India"}