{"bounds":{"maxX":76.4710290823264,"maxY":17.4772152714676,"minX":75.3338230181179,"minY":16.1514224255046},"result":"Vijayapura, Karnataka, India"}