{"bounds":{"maxX":76.9844063735554,"maxY":9.85751512911997,"minX":76.365286724203,"minY":9.399981558702},"result":"Kottayam, Kerala, India"}