{"bounds":{"maxX":76.6906008135767,"maxY":9.89172445931638,"minX":76.2794037494835,"minY":9.08688175289063},"result":"Alappuzha, Kerala, India"}