{"bounds":{"maxX":76.6337588542877,"maxY":13.5479884800843,"minX":75.5545160825512,"minY":12.5124983572135},"result":"Hassan, Karnataka, India"}