{"bounds":{"maxX":77.0238546800495,"maxY":15.0360286099324,"minX":76.0249807465643,"minY":13.5760186791188},"result":"Chitradurga, Karnataka, India"}