{"bounds":{"maxX":78.2103714102125,"maxY":13.9602254428499,"minX":77.3598953009275,"minY":13.2195482456551},"result":"Chikkaballapura, Karnataka, India"}