{"bounds":{"maxX":77.6347842206154,"maxY":13.1970217455572,"minX":77.0680589342725,"minY":12.2432921743944},"result":"Ramanagara, Karnataka, India"}