{"bounds":{"maxX":76.8126501673714,"maxY":16.0118353601138,"minX":75.7735769467188,"minY":15.1376895100629},"result":"Koppal, Karnataka, India"}