{"bounds":{"maxX":75.1029660650319,"maxY":15.5249913544675,"minX":74.0856878593073,"minY":13.925649005797},"result":"Uttara Kannada, Karnataka, India"}