{"bounds":{"maxX":75.2058204248727,"maxY":13.982197950675,"minX":74.5825326786403,"minY":13.0715794583254},"result":"Udupi, Karnataka, India"}