{"bounds":{"maxX":76.5336557022489,"maxY":14.9319714814987,"minX":75.3988240604821,"minY":13.806252277021},"result":"Davanagere, Karnataka, India"}