{"bounds":{"maxX":77.6925579431946,"maxY":17.7708526492304,"minX":76.0650487659878,"minY":16.7105355559712},"result":"Kalaburagi, Karnataka, India"}