{"bounds":{"maxX":75.5544153818644,"maxY":15.702563720939,"minX":74.7271877888854,"minY":15.0387287740137},"result":"Dharwad, Karnataka, India"}