{"bounds":{"maxX":77.9649720599127,"maxY":13.4991132595693,"minX":77.1826524739326,"minY":12.8661618285057},"result":"Bengaluru Rural, Karnataka, India"}