{"bounds":{"maxX":76.3323228210414,"maxY":16.768142390459,"minX":74.9863414425036,"minY":15.8127568301636},"result":"Bagalkote, Karnataka, India"}