{"bounds":{"maxX":75.4321940875871,"maxY":12.7956093143184,"minX":74.8676561988746,"minY":12.0895014926998},"result":"Kasaragod, Kerala, India"}