{"bounds":{"maxX":75.93938700011,"maxY":12.2962553927722,"minX":75.1654552334723,"minY":11.6743546862198},"result":"Kannur, Kerala, India"}