{"bounds":{"maxX":77.0889395778993,"maxY":10.302459054242,"minX":76.1664736291547,"minY":9.75137697037093},"result":"Ernakulam, Kerala, India"}