{"bounds":{"maxX":76.1892550681669,"maxY":12.8342944858019,"minX":75.3656420834155,"minY":11.931470340284},"result":"Kodagu, Karnataka, India"}