{"bounds":{"maxX":77.8360092218481,"maxY":13.2330849058438,"minX":77.3256031647543,"minY":12.6574945263513},"result":"Bengaluru Urban, Karnataka, India"}