{"bounds":{"maxX":77.1342668101652,"maxY":12.6557416721405,"minX":75.9086815392217,"minY":11.7382662979513},"result":"Mysuru, Karnataka, India"}