{"bounds":{"maxX":77.2835467946489,"maxY":9.48429784606878,"minX":76.4733397689153,"minY":9.07095928214522},"result":"Pathanamthitta, Kerala, India"}