{"bounds":{"maxX":78.5882952237256,"maxY":18.4767360192006,"minX":74.0509622850159,"minY":11.582377908789},"result":"Karnataka, India"}