{"bounds":{"maxX":77.4126870462142,"maxY":12.7950801065127,"minX":74.8630379683918,"minY":8.29135591621394},"result":"Kerala, India"}