{"bounds":{"maxX":76.5499404657799,"maxY":11.5277017878073,"minX":75.8261524286917,"minY":10.6853928132278},"result":"Malappuram, Kerala, India"}