{"bounds":{"maxX":77.476536662537,"maxY":16.9539984122969,"minX":76.2913986533252,"minY":16.1937789623293},"result":"Yadgiri, Karnataka, India"}