{"bounds":{"maxX":77.5978380124144,"maxY":16.5620598369919,"minX":76.2342105755577,"minY":15.5474601450697},"result":"Raichur, Karnataka, India"}