{"bounds":{"maxX":80.3269771681618,"maxY":37.0776106462144,"minX":72.5287945499286,"minY":32.3376314802087},"result":"Leh, Ladakh, India"}