{"bounds":{"maxX":73.7018139859268,"maxY":11.7039475220606,"minX":72.1647655152164,"minY":8.26400355472032},"result":"Lakshadweep, Lakshadweep, India"}