{"bounds":{"maxX":77.543225093863,"maxY":34.7343257690191,"minX":75.3769332893399,"minY":32.8634284043974},"result":"Kargil, Ladakh, India"}