{"bounds":{"maxX":74.1231334524122,"maxY":12.4031514970825,"minX":71.7314792382544,"minY":8.26010799308371},"result":"Lakshadweep, India"}