{"bounds":{"maxX":80.6817297634179,"maxY":21.6360658952249,"minX":79.7960088274455,"minY":20.6553876290359},"result":"Gondia, Maharashtra, India"}