{"bounds":{"maxX":77.22640864904,"maxY":24.2842792203098,"minX":76.1894901617416,"minY":23.4568933178724},"result":"Rajgarh, Madhya Pradesh, India"}