{"bounds":{"maxX":91.0304793919105,"maxY":26.0096795392794,"minX":90.3389870302273,"minY":25.7118371312786},"result":"North Garo Hills, Meghalaya, India"}