{"bounds":{"maxX":77.6197715894873,"maxY":21.2475421284665,"minX":76.6910793626225,"minY":20.2745866545505},"result":"Akola, Maharashtra, India"}