{"bounds":{"maxX":80.1018507284284,"maxY":21.6038940402778,"minX":79.4485536927987,"minY":20.6415505772974},"result":"Bhandara, Maharashtra, India"}