{"bounds":{"maxX":90.1709151791922,"maxY":25.6076061540008,"minX":89.8140203907285,"minY":25.2871584464052},"result":"South West Garo Hills, Meghalaya, India"}