{"bounds":{"maxX":79.1388337514765,"maxY":26.7963675191457,"minX":78.2104678328243,"minY":25.9063392046906},"result":"Bhind, Madhya Pradesh, India"}