{"bounds":{"maxX":74.7000287343387,"maxY":17.1821468618882,"minX":73.6861003413577,"minY":15.741619766539},"result":"Kolhapur, Maharashtra, India"}