{"bounds":{"maxX":81.3888128053667,"maxY":25.1879502600965,"minX":80.3444829385368,"minY":23.9671940211872},"result":"Satna, Madhya Pradesh, India"}