{"bounds":{"maxX":77.488401304077,"maxY":20.0175019929227,"minX":76.5123805404297,"minY":19.0671658165492},"result":"Hingoli, Maharashtra, India"}