{"bounds":{"maxX":81.7407414358686,"maxY":23.3745582369731,"minX":80.4781374938503,"minY":22.4397395315542},"result":"Dindori, Madhya Pradesh, India"}