{"bounds":{"maxX":75.6283568940555,"maxY":22.1342450386776,"minX":74.4317233502525,"minY":21.3684811154112},"result":"Barwani, Madhya Pradesh, India"}