{"bounds":{"maxX":77.6698105723002,"maxY":26.2177523230113,"minX":76.4719287371216,"minY":25.2821455596699},"result":"Sheopur, Madhya Pradesh, India"}