{"bounds":{"maxX":75.2063675912914,"maxY":21.6344038275747,"minX":73.8492799137371,"minY":20.6273689008542},"result":"Dhule, Maharashtra, India"}