{"bounds":{"maxX":76.7955501549158,"maxY":21.5989857806693,"minX":75.9480667303953,"minY":21.0699068499212},"result":"Burhanpur, Madhya Pradesh, India"}