{"bounds":{"maxX":73.6664413943549,"maxY":19.1361091522156,"minX":72.8322307140763,"minY":17.8511126407358},"result":"Raigad, Maharashtra, India"}