{"bounds":{"maxX":76.0425151882254,"maxY":20.6680404912757,"minX":74.5890366287375,"minY":19.3780481918706},"result":"Aurangabad, Maharashtra, India"}