{"bounds":{"maxX":93.4920627961612,"maxY":24.5785410468319,"minX":92.9705001904315,"minY":24.0212441709817},"result":"Pherzawl, Manipur, India"}