{"bounds":{"maxX":80.6786528733315,"maxY":25.1263456801091,"minX":79.7347101905229,"minY":23.8212132329044},"result":"Panna, Madhya Pradesh, India"}