{"bounds":{"maxX":93.1793826886616,"maxY":23.600341028125,"minX":92.6834698871269,"minY":23.0061435746676},"result":"Serchhip, Mizoram, India"}