{"bounds":{"maxX":92.9519688556787,"maxY":23.4052818416839,"minX":92.3463333838789,"minY":22.4982961067801},"result":"Lunglei, Mizoram, India"}