{"bounds":{"maxX":76.2348698334761,"maxY":22.5399802915572,"minX":75.207310821837,"minY":21.3687305522732},"result":"Khargone, Madhya Pradesh, India"}