{"bounds":{"maxX":75.015986866201,"maxY":23.2444891122827,"minX":74.3188921391609,"minY":22.5293467220736},"result":"Jhabua, Madhya Pradesh, India"}