{"bounds":{"maxX":74.934929414361,"maxY":20.8642681982188,"minX":73.2490031656636,"minY":19.5841423187131},"result":"Nashik, Maharashtra, India"}