{"bounds":{"maxX":93.1641854069312,"maxY":23.1993631568754,"minX":92.758760179896,"minY":22.7543338909966},"result":"Hnahthial, Mizoram, India"}