{"bounds":{"maxX":76.3980264821365,"maxY":21.4148095359314,"minX":74.7597539039196,"minY":20.2698345559201},"result":"Jalgaon, Maharashtra, India"}