{"bounds":{"maxX":78.8950395588286,"maxY":26.2908624155681,"minX":78.2143781992945,"minY":25.0525152350901},"result":"Datia, Madhya Pradesh, India"}