{"bounds":{"maxX":77.2971244144602,"maxY":18.8378567118178,"minX":76.2022885046109,"minY":17.8705732323688},"result":"Latur, Maharashtra, India"}