{"bounds":{"maxX":93.9460301130993,"maxY":24.9884420142876,"minX":93.7698905618,"minY":24.5262109979392},"result":"Imphal West, Manipur, India"}