{"bounds":{"maxX":92.6721230797164,"maxY":24.254958510327,"minX":92.2569629974444,"minY":23.2623638556075},"result":"Mamit, Mizoram, India"}