{"bounds":{"maxX":82.8155319943764,"maxY":26.8685353455387,"minX":74.0306862772125,"minY":21.0732546108548},"result":"Madhya Pradesh, India"}