{"bounds":{"maxX":94.7488334422157,"maxY":25.6915848007901,"minX":92.9725171192743,"minY":23.8368224342035},"result":"Manipur, India"}