{"bounds":{"maxX":75.5834967903447,"maxY":19.9954668122436,"minX":73.6146749586824,"minY":18.3289417621526},"result":"Ahmednagar, Maharashtra, India"}