{"bounds":{"maxX":93.4426325979657,"maxY":24.51816375776,"minX":92.2589067999656,"minY":21.9441901252429},"result":"Mizoram, India"}