{"bounds":{"maxX":81.194055646451,"maxY":23.1723697839384,"minX":79.9513512380693,"minY":22.2021789635883},"result":"Mandla, Madhya Pradesh, India"}