{"bounds":{"maxX":92.8994026780912,"maxY":24.5212521109962,"minX":92.5261326704864,"minY":23.8612935352685},"result":"Kolasib, Mizoram, India"}