{"bounds":{"maxX":78.3646936056255,"maxY":19.9245682551209,"minX":76.929585797047,"minY":18.2625301304612},"result":"Nanded, Maharashtra, India"}