{"bounds":{"maxX":74.2089282050727,"maxY":16.6650351430575,"minX":73.3106035602062,"minY":15.606125088602},"result":"Sindhudurg, Maharashtra, India"}