{"bounds":{"maxX":92.8028218530461,"maxY":25.4722051755285,"minX":92.1713174419464,"minY":25.029153450971},"result":"East Jaintia Hills, Meghalaya, India"}