{"bounds":{"maxX":76.2472809939228,"maxY":23.0891848958663,"minX":75.42309561587,"minY":22.332087940606},"result":"Indore, Madhya Pradesh, India"}