{"bounds":{"maxX":76.7904501571491,"maxY":18.6979366364666,"minX":75.2850823334829,"minY":17.6409515412806},"result":"Osmanabad, Maharashtra, India"}