{"bounds":{"maxX":78.652261879782,"maxY":26.3484044862781,"minX":77.6673396085362,"minY":25.708612725397},"result":"Gwalior, Madhya Pradesh, India"}