{"bounds":{"maxX":78.5452257191916,"maxY":26.8692336004503,"minX":77.114753520059,"minY":25.8999775390322},"result":"Morena, Madhya Pradesh, India"}