{"bounds":{"maxX":79.1486582485794,"maxY":20.6976430757674,"minX":77.2836266616412,"minY":19.429873005235},"result":"Yavatmal, Maharashtra, India"}