{"bounds":{"maxX":81.0448504549846,"maxY":22.4019898852251,"minX":79.5100275356423,"minY":21.3202616544518},"result":"Balaghat, Madhya Pradesh, India"}