{"bounds":{"maxX":72.9148564585587,"maxY":19.052920691137,"minX":72.7916462535718,"minY":18.858167834578},"result":"Mumbai, Maharashtra, India"}