{"bounds":{"maxX":90.971430104216,"maxY":25.5534048605459,"minX":90.2279176036146,"minY":25.1438128641724},"result":"South Garo Hills, Meghalaya, India"}