{"bounds":{"maxX":74.7752349109624,"maxY":22.0339310747593,"minX":73.5766552828151,"minY":20.9996145563667},"result":"Nandurbar, Maharashtra, India"}