{"bounds":{"maxX":78.4491513392629,"maxY":21.7699924352028,"minX":76.6214964731838,"minY":20.5385810574699},"result":"Amravati, Maharashtra, India"}