{"bounds":{"maxX":73.7967033471818,"maxY":19.732260640816,"minX":72.7796220696029,"minY":18.9868230136712},"result":"Thane, Maharashtra, India"}