{"bounds":{"maxX":94.7409448320385,"maxY":25.6917977422721,"minX":94.1173511661235,"minY":24.9268976511058},"result":"Ukhrul, Manipur, India"}