{"bounds":{"maxX":93.0403961356735,"maxY":24.4130119614333,"minX":92.5980100133881,"minY":23.3086310061145},"result":"Aizawl, Mizoram, India"}