{"bounds":{"maxX":77.6485308599113,"maxY":23.8953266496052,"minX":77.1656768413133,"minY":23.0724811498852},"result":"Bhopal, Madhya Pradesh, India"}