{"bounds":{"maxX":93.9554714702322,"maxY":25.4634374070108,"minX":93.1755244981571,"minY":24.6588413900182},"result":"Tamenglong, Manipur, India"}