{"bounds":{"maxX":78.816734753706,"maxY":23.7455041463993,"minX":77.3389119610183,"minY":22.7896705078877},"result":"Raisen, Madhya Pradesh, India"}