{"bounds":{"maxX":82.8103273890978,"maxY":24.7026635025187,"minX":81.8778679408529,"minY":23.7837168581465},"result":"Singrauli, Madhya Pradesh, India"}