{"bounds":{"maxX":73.8634605982281,"maxY":18.071309765933,"minX":73.0287428046368,"minY":16.4934564261732},"result":"Ratnagiri, Maharashtra, India"}