{"bounds":{"maxX":79.2223166308079,"maxY":21.3590906167386,"minX":78.0527133379503,"minY":20.2934843389311},"result":"Wardha, Maharashtra, India"}