{"bounds":{"maxX":82.1993710379431,"maxY":23.4250688512465,"minX":81.1241496323997,"minY":22.6464320942658},"result":"Anuppur, Madhya Pradesh, India"}