{"bounds":{"maxX":79.955607571932,"maxY":24.445789118573,"minX":79.0548561685774,"minY":23.1505809833258},"result":"Damoh, Madhya Pradesh, India"}