{"bounds":{"maxX":81.9857727431176,"maxY":24.2821073188977,"minX":80.99865921615,"minY":23.0244131752279},"result":"Shahdol, Madhya Pradesh, India"}