{"bounds":{"maxX":80.9503367405482,"maxY":24.1318753588608,"minX":79.8151990442006,"minY":23.3034548457646},"result":"Katni, Madhya Pradesh, India"}