{"bounds":{"maxX":93.4362158314959,"maxY":23.94002521799,"minX":93.1452035567476,"minY":23.0041556097941},"result":"Champhai, Mizoram, India"}