{"bounds":{"maxX":92.1381660499233,"maxY":25.6739015051504,"minX":91.353733372797,"minY":25.1243435626054},"result":"East Khasi Hills, Meghalaya, India"}