{"bounds":{"maxX":92.6613741982607,"maxY":25.7546210115505,"minX":91.9810815373831,"minY":25.1215565078267},"result":"West Jaintia Hills, Meghalaya, India"}