{"bounds":{"maxX":76.2547869272749,"maxY":23.7574413515372,"minX":75.1345749506735,"minY":22.8295881139004},"result":"Ujjain, Madhya Pradesh, India"}