{"bounds":{"maxX":90.4341646152049,"maxY":26.0126087283102,"minX":89.8935659185324,"minY":25.2025775524122},"result":"West Garo Hills, Meghalaya, India"}