{"bounds":{"maxX":94.135191158745,"maxY":25.0577159020673,"minX":93.8970133096166,"minY":24.6511625278284},"result":"Imphal East, Manipur, India"}