{"bounds":{"maxX":76.8264517012851,"maxY":21.2895137536569,"minX":75.9219016443454,"minY":19.8373972533806},"result":"Buldhana, Maharashtra, India"}