{"bounds":{"maxX":78.0347219399656,"maxY":23.6745205260015,"minX":76.4302241809013,"minY":22.5553964880575},"result":"Sehore, Madhya Pradesh, India"}