{"bounds":{"maxX":92.2748151111285,"maxY":26.1195020837542,"minX":91.3418214179242,"minY":25.6405823365057},"result":"Ri-Bhoi, Meghalaya, India"}