{"bounds":{"maxX":91.5566049895287,"maxY":25.4828785975693,"minX":90.8387450531417,"minY":25.1671586952177},"result":"South West Khasi Hills, Meghalaya, India"}