{"bounds":{"maxX":80.4317037564233,"maxY":25.4240612953925,"minX":78.9858034969339,"minY":24.0966933012549},"result":"Chhatarpur, Madhya Pradesh, India"}