{"bounds":{"maxX":94.2545105629122,"maxY":24.5032676728649,"minX":93.7394296652469,"minY":23.8328860265689},"result":"Chandel, Manipur, India"}