{"bounds":{"maxX":94.4083269634187,"maxY":24.6329784159212,"minX":94.0118343246944,"minY":24.1144221106919},"result":"Tengnoupal, Manipur, India"}