{"bounds":{"maxX":92.8047106844273,"maxY":26.1175200536052,"minX":89.8168167886224,"minY":25.0295205086184},"result":"Meghalaya, India"}