{"bounds":{"maxX":75.6790340016179,"maxY":17.6291464663364,"minX":73.6900998324414,"minY":16.7149169405644},"result":"Sangli, Maharashtra, India"}