{"bounds":{"maxX":78.6987296799309,"maxY":22.9870942924676,"minX":77.212901516292,"minY":22.2134224595789},"result":"Narmadapuram, Madhya Pradesh, India"}