{"bounds":{"maxX":79.3463523351922,"maxY":25.2740490037586,"minX":78.6313682328577,"minY":24.4365849090664},"result":"Tikamgarh, Madhya Pradesh, India"}