{"bounds":{"maxX":93.8792990368211,"maxY":24.6209725394512,"minX":93.3502469202592,"minY":23.9423844688682},"result":"Churachandpur, Manipur, India"}