{"bounds":{"maxX":78.9893306442938,"maxY":25.5572200463681,"minX":78.4350288490023,"minY":25.067642742019},"result":"Niwari, Madhya Pradesh, India"}