{"bounds":{"maxX":78.5492327061245,"maxY":22.4020793192053,"minX":76.9988814978829,"minY":21.3573277081073},"result":"Betul, Madhya Pradesh, India"}