{"bounds":{"maxX":78.4685971073707,"maxY":25.9131375298732,"minX":77.0109135122489,"minY":24.8350860666687},"result":"Shivpuri, Madhya Pradesh, India"}