{"bounds":{"maxX":75.1642828457768,"maxY":19.3951925076282,"minX":73.322847979151,"minY":17.8949117422831},"result":"Pune, Maharashtra, India"}