{"bounds":{"maxX":82.379737104284,"maxY":24.6164970749801,"minX":81.3052203373488,"minY":23.8063969975234},"result":"Sidhi, Madhya Pradesh, India"}