{"bounds":{"maxX":78.2995638244111,"maxY":24.3489985977072,"minX":77.2592330763455,"minY":23.3435538594231},"result":"Vidisha, Madhya Pradesh, India"}