{"bounds":{"maxX":77.1326671051029,"maxY":23.3216372012959,"minX":75.8970550372602,"minY":22.2897688605445},"result":"Dewas, Madhya Pradesh, India"}