{"bounds":{"maxX":77.510031473274,"maxY":22.5794990239609,"minX":76.7803858989901,"minY":21.9059942705192},"result":"Harda, Madhya Pradesh, India"}