{"bounds":{"maxX":75.6904730048254,"maxY":23.9199035185326,"minX":74.5141074900687,"minY":23.0856705269733},"result":"Ratlam, Madhya Pradesh, India"}