{"bounds":{"maxX":93.1401591919933,"maxY":22.807143220084,"minX":92.5055134750669,"minY":21.9746120561016},"result":"Lawngtlai, Mizoram, India"}