{"bounds":{"maxX":79.9901542153448,"maxY":20.734667448544,"minX":78.79867717731,"minY":19.4589144271591},"result":"Chandrapur, Maharashtra, India"}