{"bounds":{"maxX":93.8873870941391,"maxY":24.7402362890736,"minX":93.696296171731,"minY":24.2656163902842},"result":"Bishnupur, Manipur, India"}