{"bounds":{"maxX":93.7578828165388,"maxY":24.8353973966726,"minX":93.1714988745734,"minY":24.4950684431542},"result":"Noney, Manipur, India"}