{"bounds":{"maxX":77.7357116201952,"maxY":25.1160126703485,"minX":76.7999672506881,"minY":23.8842609801601},"result":"Guna, Madhya Pradesh, India"}