{"bounds":{"maxX":74.7477004074479,"maxY":22.6459386245679,"minX":74.0296955884807,"minY":21.9257245904176},"result":"Alirajpur, Madhya Pradesh, India"}