{"bounds":{"maxX":80.8995575943503,"maxY":22.0290283588552,"minX":72.6429298397868,"minY":15.6067936208314},"result":"Maharashtra, India"}