{"bounds":{"maxX":77.1203537333382,"maxY":19.830500500098,"minX":76.207214294704,"minY":18.7496804631829},"result":"Parbhani, Maharashtra, India"}