{"bounds":{"maxX":73.5040887809725,"maxY":20.2387189493201,"minX":72.6546083839698,"minY":19.2867850490908},"result":"Palghar, Maharashtra, India"}