{"bounds":{"maxX":75.9234712904677,"maxY":24.7616699564034,"minX":74.8795405616477,"minY":23.7646704420873},"result":"Mandsaur, Madhya Pradesh, India"}