{"bounds":{"maxX":94.1434544129908,"maxY":24.7302809019421,"minX":93.8885774026251,"minY":24.5146856103527},"result":"Thoubal, Manipur, India"}