{"bounds":{"maxX":74.9056510093866,"maxY":18.1819793962322,"minX":73.5341142320862,"minY":17.0906894601505},"result":"Satara, Maharashtra, India"}