{"bounds":{"maxX":80.5846001225976,"maxY":23.61577430534,"minX":79.3468171156175,"minY":22.8308100137712},"result":"Jabalpur, Madhya Pradesh, India"}