{"bounds":{"maxX":75.7137843504674,"maxY":23.1351009781277,"minX":74.471089582818,"minY":22.0222523572605},"result":"Dhar, Madhya Pradesh, India"}