{"bounds":{"maxX":94.7446719292662,"maxY":25.1156697219801,"minX":94.1330400658464,"minY":24.4815227133026},"result":"Kamjong, Manipur, India"}