{"bounds":{"maxX":76.4374625209786,"maxY":24.3293120666985,"minX":75.6869255112034,"minY":23.5412579716781},"result":"Agar Malwa, Madhya Pradesh, India"}