{"bounds":{"maxX":77.2210485925186,"maxY":22.412184788797,"minX":76.0125574542632,"minY":21.5416490467662},"result":"Khandwa, Madhya Pradesh, India"}