{"bounds":{"maxX":78.2780034983628,"maxY":25.0077129640821,"minX":77.4717246330854,"minY":24.2293771913044},"result":"Ashoknagar, Madhya Pradesh, India"}