{"bounds":{"maxX":79.6550805689132,"maxY":21.7222807089876,"minX":78.249353795941,"minY":20.5831129697877},"result":"Nagpur, Maharashtra, India"}