{"bounds":{"maxX":93.2787127898443,"maxY":23.773192236035,"minX":93.0052218486587,"minY":23.2007977990986},"result":"Khawzawl, Mizoram, India"}