{"bounds":{"maxX":82.3066751533357,"maxY":25.1922068052999,"minX":81.045045600674,"minY":24.3199820977956},"result":"Rewa, Madhya Pradesh, India"}