{"bounds":{"maxX":77.6904200739273,"maxY":20.7273382031956,"minX":76.6059610031978,"minY":19.8467860865088},"result":"Washim, Maharashtra, India"}