{"bounds":{"maxX":72.9804595592613,"maxY":19.2688020210965,"minX":72.775847069087,"minY":18.9788131155329},"result":"Mumbai Suburban, Maharashtra, India"}