{"bounds":{"maxX":75.6085267260277,"maxY":25.0489228823852,"minX":74.7087223465591,"minY":24.209921857108},"result":"Neemuch, Madhya Pradesh, India"}