{"bounds":{"maxX":79.6431747941814,"maxY":23.2535652412429,"minX":78.4431654391338,"minY":22.6153352852952},"result":"Narsinghpur, Madhya Pradesh, India"}