{"bounds":{"maxX":94.0526412181178,"maxY":24.5784092934542,"minX":93.8379044121589,"minY":24.1989986519663},"result":"Kakching, Manipur, India"}