{"bounds":{"maxX":76.5342938332938,"maxY":20.5608292137972,"minX":75.584951641605,"minY":19.2744837003625},"result":"Jalna, Maharashtra, India"}