{"bounds":{"maxX":79.3523282501487,"maxY":24.4511905142309,"minX":78.0597338055707,"minY":23.1654124855978},"result":"Sagar, Madhya Pradesh, India"}