{"bounds":{"maxX":94.2054490397414,"maxY":25.3952807901764,"minX":93.7079631872513,"minY":24.6157391281583},"result":"Kangpokpi, Manipur, India"}