{"bounds":{"maxX":93.3627381147452,"maxY":24.1162945333664,"minX":92.8706655787396,"minY":23.5093575997088},"result":"Saitual, Mizoram, India"}