{"bounds":{"maxX":90.9835088158792,"maxY":25.8206089744247,"minX":90.3160311856907,"minY":25.4154916169446},"result":"East Garo Hills, Meghalaya, India"}