{"bounds":{"maxX":76.7339287665994,"maxY":19.4432130844164,"minX":74.8080250812925,"minY":18.541344847187},"result":"Beed, Maharashtra, India"}