{"bounds":{"maxX":93.2322696220455,"maxY":24.8193234387257,"minX":93.0710486840496,"minY":24.5360620205458},"result":"Jiribam, Manipur, India"}