{"bounds":{"maxX":80.2894211638557,"maxY":22.9555588940278,"minX":79.1949023036984,"minY":21.5942799935269},"result":"Seoni, Madhya Pradesh, India"}