{"bounds":{"maxX":91.8285268056676,"maxY":25.8614886490819,"minX":90.7466030685768,"minY":25.3073155305873},"result":"West Khasi Hills, Meghalaya, India"}