{"bounds":{"maxX":76.4289296922515,"maxY":18.5538832563073,"minX":74.6070237810227,"minY":17.1455831398501},"result":"Solapur, Maharashtra, India"}