{"bounds":{"maxX":81.353046769393,"maxY":24.0916789432287,"minX":80.5283724848024,"minY":23.1944923895122},"result":"Umaria, Madhya Pradesh, India"}