{"bounds":{"maxX":80.898356909244,"maxY":20.8345090777318,"minX":79.7368582194313,"minY":18.6804036786868},"result":"Gadchiroli, Maharashtra, India"}