{"bounds":{"maxX":79.4065379010034,"maxY":22.8168785916737,"minX":78.2449701090833,"minY":21.4621474121734},"result":"Chhindwara, Madhya Pradesh, India"}