{"bounds":{"maxX":94.4917356531779,"maxY":25.6151865844934,"minX":93.7579292242544,"minY":25.1702020118134},"result":"Senapati, Manipur, India"}