{"bounds":{"maxX":77.0497498201981,"maxY":23.6334995300793,"minX":76.1206088972829,"minY":23.1076195705868},"result":"Shajapur, Madhya Pradesh, India"}