{"bounds":{"maxX":93.2020410338667,"maxY":22.6335141333422,"minX":92.8214649843218,"minY":21.9411742246111},"result":"Siaha, Mizoram, India"}