{"bounds":{"maxX":94.2963380024969,"maxY":26.0215599513307,"minX":93.9141572566521,"minY":25.5182696872963},"result":"Kohima, Nagaland, India"}