{"bounds":{"maxX":94.8982310813993,"maxY":25.8539835125291,"minX":94.1859451835235,"minY":25.4456105471891},"result":"Phek, Nagaland, India"}