{"bounds":{"maxX":94.7566828464363,"maxY":26.7685275878779,"minX":94.2901478240629,"minY":26.192939848795},"result":"Mokokchung, Nagaland, India"}