{"bounds":{"maxX":94.7129119143534,"maxY":26.29344461108,"minX":94.2144278890359,"minY":25.7319800124677},"result":"Zunheboto, Nagaland, India"}