{"bounds":{"maxX":95.2424870919058,"maxY":27.0360247440468,"minX":94.7795020479812,"minY":26.2935961801197},"result":"Mon, Nagaland, India"}