{"bounds":{"maxX":95.1856834023672,"maxY":26.4619920308076,"minX":94.5592267564097,"minY":25.8802320835439},"result":"Tuensang, Nagaland, India"}