{"bounds":{"maxX":93.9400241428,"maxY":25.674996947751,"minX":93.326592448183,"minY":25.1985863521784},"result":"Peren, Nagaland, India"}