{"bounds":{"maxX":94.9171080211183,"maxY":26.7962269452174,"minX":94.6676286229626,"minY":26.3792701658855},"result":"Longleng, Nagaland, India"}