{"bounds":{"maxX":95.2447584561689,"maxY":27.0371597866618,"minX":93.3318327500007,"minY":25.1978306832848},"result":"Nagaland, India"}