{"bounds":{"maxX":95.0498377172369,"maxY":26.0412608454117,"minX":94.5698012530254,"minY":25.585023795212},"result":"Kiphire, Nagaland, India"}