{"bounds":{"maxX":94.0173278531979,"maxY":25.9923534525498,"minX":93.5125571656807,"minY":25.6495777225339},"result":"Dimapur, Nagaland, India"}