{"bounds":{"maxX":94.3905932742603,"maxY":26.5614958917221,"minX":93.9529059472517,"minY":25.9728471852495},"result":"Wokha, Nagaland, India"}