{"bounds":{"maxX":84.7914496764615,"maxY":20.8959960740596,"minX":83.5695802890991,"minY":20.3841504712673},"result":"Boudh, Odisha, India"}