{"bounds":{"maxX":84.5874979145971,"maxY":20.6895908024736,"minX":83.4951368940525,"minY":19.5731352472939},"result":"Kandhamal, Odisha, India"}