{"bounds":{"maxX":84.2790305652085,"maxY":21.1778039863649,"minX":83.4455949629373,"minY":20.5277415962977},"result":"Subarnapur, Odisha, India"}