{"bounds":{"maxX":86.4110589857836,"maxY":20.2036249677182,"minX":85.134987432624,"minY":19.4673358127976},"result":"Puri, Odisha, India"}