{"bounds":{"maxX":86.0318000572269,"maxY":21.1864753736396,"minX":85.1136938203136,"minY":20.4845024657163},"result":"Dhenkanal, Odisha, India"}