{"bounds":{"maxX":85.2128478431535,"maxY":21.7640513959552,"minX":84.393808893066,"minY":21.130679931134},"result":"Deogarh, Odisha, India"}