{"bounds":{"maxX":83.678497502258,"maxY":21.0710564955609,"minX":82.6843357977589,"minY":20.147139172335},"result":"Balangir, Odisha, India"}