{"bounds":{"maxX":86.7844306320681,"maxY":20.4024720355561,"minX":86.0108333619701,"minY":19.9604804237326},"result":"Jagatsinghpur, Odisha, India"}