{"bounds":{"maxX":87.4862158829567,"maxY":21.9794238814071,"minX":86.3529169971218,"minY":21.0602385695544},"result":"Baleswar, Odisha, India"}