{"bounds":{"maxX":86.2802019893304,"maxY":20.7028367685021,"minX":84.8484797190638,"minY":20.0374878380933},"result":"Cuttack, Odisha, India"}