{"bounds":{"maxX":85.3941042005485,"maxY":21.679364572617,"minX":84.26187070377,"minY":20.5280601505556},"result":"Angul, Odisha, India"}