{"bounds":{"maxX":82.8563980333426,"maxY":20.1051884401944,"minX":81.8448723905485,"minY":19.1142643490205},"result":"Nabarangapur, Odisha, India"}