{"bounds":{"maxX":85.1827017237056,"maxY":20.2811238849594,"minX":84.1302875128585,"minY":18.9388834577055},"result":"Ganjam, Odisha, India"}