{"bounds":{"maxX":86.3721407621865,"maxY":22.1631955274517,"minX":85.1843918376132,"minY":21.0157935991953},"result":"Kendujhar, Odisha, India"}