{"bounds":{"maxX":84.4393688734748,"maxY":19.6374754462349,"minX":83.791512538373,"minY":18.7584825561251},"result":"Gajapati, Odisha, India"}