{"bounds":{"maxX":87.4902021440753,"maxY":22.566853831677,"minX":81.3915022107413,"minY":17.8104520198128},"result":"Odisha, India"}