{"bounds":{"maxX":87.1860089612446,"maxY":22.5675123597077,"minX":85.6643526742366,"minY":21.2636696059676},"result":"Mayurbhanj, Odisha, India"}