{"bounds":{"maxX":87.0556496397191,"maxY":20.7966866483702,"minX":86.2456132108811,"minY":20.2968789028391},"result":"Kendrapara, Odisha, India"}