{"bounds":{"maxX":83.4128210640409,"maxY":19.2113253266026,"minX":82.0887213483117,"minY":18.2374000462752},"result":"Koraput, Odisha, India"}