{"bounds":{"maxX":86.9788547216681,"maxY":21.2370363796253,"minX":86.2730177974335,"minY":20.7311487566099},"result":"Bhadrak, Odisha, India"}