{"bounds":{"maxX":84.0338930354353,"maxY":19.9737813437341,"minX":82.8698461489806,"minY":18.9123022130767},"result":"Rayagada, Odisha, India"}