{"bounds":{"maxX":84.3925830011047,"maxY":22.0387462788178,"minX":83.418145875232,"minY":21.5633716662695},"result":"Jharsuguda, Odisha, India"}