{"bounds":{"maxX":82.861965116497,"maxY":21.0897044750815,"minX":82.3321239293759,"minY":19.9885476469564},"result":"Nuapada, Odisha, India"}