{"bounds":{"maxX":86.6248401928207,"maxY":21.1691986560932,"minX":85.6811950615029,"minY":20.5790728050659},"result":"Jajpur, Odisha, India"}