{"bounds":{"maxX":85.3786508575511,"maxY":22.5321770378401,"minX":83.5361778270452,"minY":21.5894776767534},"result":"Sundargarh, Odisha, India"}