{"bounds":{"maxX":83.790907772176,"maxY":20.4542674509821,"minX":82.5244958613949,"minY":19.1981723963391},"result":"Kalahandi, Odisha, India"}