{"bounds":{"maxX":84.7702119093522,"maxY":22.1899425432139,"minX":83.7997547089128,"minY":20.9222216934764},"result":"Sambalpur, Odisha, India"}