{"bounds":{"maxX":86.0812039001399,"maxY":20.4357031857535,"minX":84.9350053933842,"minY":19.6722696397321},"result":"Khordha, Odisha, India"}