{"bounds":{"maxX":85.4549875251542,"maxY":20.5812279916785,"minX":84.4833573686477,"minY":19.8974421319489},"result":"Nayagarh, Odisha, India"}