{"bounds":{"maxX":83.9128319214561,"maxY":21.7434887022418,"minX":82.6357324297079,"minY":20.7209856728506},"result":"Bargarh, Odisha, India"}