{"bounds":{"maxX":82.4283975280235,"maxY":18.7385054982302,"minX":81.3883622594108,"minY":17.8125086744358},"result":"Malkangiri, Odisha, India"}