{"bounds":{"maxX":76.9394179275953,"maxY":30.9398813817205,"minX":76.521501777585,"minY":30.3593480368825},"result":"Sahibzada Ajit Singh Nagar, Punjab, India"}