{"bounds":{"maxX":75.9571559696723,"maxY":31.6181669707292,"minX":75.0761002946929,"minY":30.9661359799915},"result":"Jalandhar, Punjab, India"}