{"bounds":{"maxX":75.555776703632,"maxY":11.762800408612,"minX":75.5266364668995,"minY":11.6939388240176},"result":"Mahe, Puducherry, India"}