{"bounds":{"maxX":75.7311081637109,"maxY":30.6059348322268,"minX":75.2536177737413,"minY":30.137712598058},"result":"Barnala, Punjab, India"}