{"bounds":{"maxX":79.8737934530055,"maxY":12.0518165705783,"minX":79.5993271166532,"minY":11.7752783850895},"result":"Puducherry, Puducherry, India"}