{"bounds":{"maxX":75.404228424802,"maxY":32.0552184617626,"minX":74.4865524010725,"minY":31.4912150887054},"result":"Amritsar, Punjab, India"}