{"bounds":{"maxX":76.7378722065371,"maxY":31.4372259857907,"minX":76.2872954488259,"minY":30.7456176664222},"result":"Rupnagar, Punjab, India"}