{"bounds":{"maxX":74.4627055235412,"maxY":30.6910128021991,"minX":73.8798483215429,"minY":29.9470537576249},"result":"Fazilka, Punjab, India"}