{"bounds":{"maxX":82.3123585967718,"maxY":16.7626879089506,"minX":75.5278303716483,"minY":10.8266965821834},"result":"Puducherry, India"}