{"bounds":{"maxX":76.9441212544372,"maxY":32.5760303969025,"minX":73.8853746519578,"minY":29.5438816788499},"result":"Punjab, India"}