{"bounds":{"maxX":82.3137857905818,"maxY":16.7607546199298,"minX":82.1858505943295,"minY":16.6946453241225},"result":"Yanam, Puducherry, India"}