{"bounds":{"maxX":74.821682224555,"maxY":30.668841460565,"minX":74.2440237146228,"minY":29.9043454437872},"result":"Sri Muktsar Sahib, Punjab, India"}