{"bounds":{"maxX":79.854360815899,"maxY":11.0038390445363,"minX":79.7187043175502,"minY":10.8274449284407},"result":"Karaikal, Puducherry, India"}