{"bounds":{"maxX":75.0541434170851,"maxY":30.8364462684805,"minX":74.4687760013115,"minY":30.3664929544863},"result":"Faridkot, Punjab, India"}