{"bounds":{"maxX":75.3770440210648,"maxY":30.5823591857279,"minX":74.6290828018299,"minY":29.7755382343021},"result":"Bathinda, Punjab, India"}