{"bounds":{"maxX":75.1500237098264,"maxY":31.1622917312784,"minX":74.2160031815017,"minY":30.6083226140974},"result":"Ferozepur, Punjab, India"}