{"bounds":{"maxX":76.5185352487028,"maxY":31.2846292521383,"minX":75.7879200352814,"minY":30.9690911819126},"result":"Shaheed Bhagat Singh Nagar, Punjab, India"}