{"bounds":{"maxX":75.9102219915517,"maxY":31.6516214729527,"minX":74.9601309128115,"minY":31.1197719360261},"result":"Kapurthala, Punjab, India"}