{"bounds":{"maxX":76.3493243784174,"maxY":32.0861379891769,"minX":75.4713441663003,"minY":31.1328813130222},"result":"Hoshiarpur, Punjab, India"}