{"bounds":{"maxX":75.7757261888126,"maxY":30.2098140200011,"minX":75.1675349741598,"minY":29.5420798258234},"result":"Mansa, Punjab, India"}