{"bounds":{"maxX":75.9364737803407,"maxY":32.5127519701274,"minX":75.3210063227836,"minY":32.0930809595187},"result":"Pathankot, Punjab, India"}