{"bounds":{"maxX":76.3236805933847,"maxY":31.0183273399348,"minX":75.3558000612239,"minY":30.5604836796781},"result":"Ludhiana, Punjab, India"}