{"bounds":{"maxX":76.7879590413767,"maxY":30.6279031204327,"minX":75.9829891042638,"minY":29.7909417737439},"result":"Patiala, Punjab, India"}