{"bounds":{"maxX":75.2904668128932,"maxY":31.5710295039085,"minX":74.5098364864647,"minY":31.0719991890114},"result":"Tarn Taran, Punjab, India"}