{"bounds":{"maxX":75.6008423761748,"maxY":32.2139629923983,"minX":74.8882953790286,"minY":31.5935856447617},"result":"Gurdaspur, Punjab, India"}