{"bounds":{"maxX":76.2039574062094,"maxY":30.6923626099465,"minX":75.5553715869293,"minY":29.7271330858233},"result":"Sangrur, Punjab, India"}