{"bounds":{"maxX":75.4196556712723,"maxY":31.0895451599812,"minX":74.904010507479,"minY":30.4867549641703},"result":"Moga, Punjab, India"}