{"bounds":{"maxX":76.6332974085486,"maxY":30.8787911392997,"minX":76.0757615270729,"minY":30.4428503271809},"result":"Fatehgarh Sahib, Punjab, India"}