{"bounds":{"maxX":77.4265397733919,"maxY":25.4313942261626,"minX":76.196389930451,"minY":24.4031853086551},"result":"Baran, Rajasthan, India"}