{"bounds":{"maxX":73.8703954584837,"maxY":27.6203288419026,"minX":71.8068724585971,"minY":25.8527832881183},"result":"Jodhpur, Rajasthan, India"}