{"bounds":{"maxX":78.2722535857345,"maxY":26.949922147689,"minX":77.2270541608209,"minY":26.3565070721437},"result":"Dholpur, Rajasthan, India"}