{"bounds":{"maxX":73.1719420698707,"maxY":25.2851131659399,"minX":72.2462803154842,"minY":24.3371159490418},"result":"Sirohi, Rajasthan, India"}