{"bounds":{"maxX":75.815721713886,"maxY":25.2157576673825,"minX":74.104171306061,"minY":24.2176434892557},"result":"Chittorgarh, Rajasthan, India"}