{"bounds":{"maxX":74.9824475992774,"maxY":24.5126925912901,"minX":74.2155718936281,"minY":23.5324738750693},"result":"Pratapgarh, Rajasthan, India"}