{"bounds":{"maxX":74.3806895248018,"maxY":24.0115041094272,"minX":73.3518619177933,"minY":23.333766700373},"result":"Dungarpur, Rajasthan, India"}