{"bounds":{"maxX":76.9814574453049,"maxY":26.7178384752655,"minX":75.9796167104429,"minY":25.7410429168971},"result":"Sawai Madhopur, Rajasthan, India"}