{"bounds":{"maxX":78.2707545175771,"maxY":30.1964342317272,"minX":69.4843652853585,"minY":23.0604641163887},"result":"Rajasthan, India"}