{"bounds":{"maxX":72.3377014259801,"maxY":28.0369539539619,"minX":69.484226854186,"minY":26.0177369773796},"result":"Jaisalmer, Rajasthan, India"}