{"bounds":{"maxX":73.0911502291998,"maxY":25.8099329767255,"minX":71.1875162614663,"minY":24.6092449833694},"result":"Jalore, Rajasthan, India"}