{"bounds":{"maxX":75.364105863295,"maxY":27.707699056966,"minX":73.0849713948141,"minY":26.4101535162718},"result":"Nagaur, Rajasthan, India"}