{"bounds":{"maxX":75.4610473470575,"maxY":25.9629420153618,"minX":74.0117068632812,"minY":25.0139649394305},"result":"Bhilwara, Rajasthan, India"}