{"bounds":{"maxX":76.3170323551591,"maxY":26.5646884634019,"minX":75.1111914955911,"minY":25.6801853758545},"result":"Tonk, Rajasthan, India"}