{"bounds":{"maxX":75.5280057458685,"maxY":29.9553438206609,"minX":73.83114550646,"minY":28.776202777736},"result":"Hanumangarh, Rajasthan, India"}