{"bounds":{"maxX":76.0958890586332,"maxY":28.5190363857207,"minX":75.0233921573222,"minY":27.6410355458538},"result":"Jhunjhunu, Rajasthan, India"}