{"bounds":{"maxX":72.8491351680536,"maxY":26.5156218356792,"minX":70.0831844065352,"minY":24.6501631625},"result":"Barmer, Rajasthan, India"}