{"bounds":{"maxX":76.2863907461361,"maxY":27.8606489094197,"minX":74.9134506208495,"minY":26.4401668148467},"result":"Jaipur, Rajasthan, India"}