{"bounds":{"maxX":74.7772578810464,"maxY":23.9251110914038,"minX":73.9623702635769,"minY":23.0612202691002},"result":"Banswara, Rajasthan, India"}