{"bounds":{"maxX":75.6713031541173,"maxY":28.999856787161,"minX":73.8572947419588,"minY":27.4105100792768},"result":"Churu, Rajasthan, India"}