{"bounds":{"maxX":77.7629708493253,"maxY":27.824611521005,"minX":76.8793460873521,"minY":26.706053835616},"result":"Bharatpur, Rajasthan, India"}