{"bounds":{"maxX":77.0742163629948,"maxY":27.2322516568885,"minX":76.1437387165686,"minY":26.3788645005963},"result":"Dausa, Rajasthan, India"}