{"bounds":{"maxX":74.2975590906796,"maxY":30.1981275611381,"minX":72.6614207115966,"minY":28.7248172571108},"result":"Sri Ganganagar, Rajasthan, India"}