{"bounds":{"maxX":74.3906253606719,"maxY":26.0244508436316,"minX":73.472007757552,"minY":24.7138556679048},"result":"Rajsamand, Rajasthan, India"}