{"bounds":{"maxX":76.3563420068782,"maxY":25.8809498756363,"minX":75.260078896324,"minY":25.0141839729121},"result":"Bundi, Rajasthan, India"}