{"bounds":{"maxX":77.2107426937204,"maxY":28.2216471631861,"minX":76.1130097905694,"minY":27.0543318202573},"result":"Alwar, Rajasthan, India"}