{"bounds":{"maxX":75.3526157372265,"maxY":26.9788242061722,"minX":73.9065606720374,"minY":25.6479366684425},"result":"Ajmer, Rajasthan, India"}