{"bounds":{"maxX":74.3582855915069,"maxY":29.0495600215778,"minX":71.8707938216776,"minY":27.1830094662139},"result":"Bikaner, Rajasthan, India"}