{"bounds":{"maxX":74.4310468910013,"maxY":25.1047531223588,"minX":73.0004859224874,"minY":23.8027145651251},"result":"Udaipur, Rajasthan, India"}