{"bounds":{"maxX":77.3949094757917,"maxY":26.9998376436923,"minX":76.4726650399597,"minY":26.0321203124025},"result":"Karauli, Rajasthan, India"}