{"bounds":{"maxX":76.5970196556327,"maxY":25.8487091739892,"minX":75.5402795852347,"minY":24.5409410800668},"result":"Kota, Rajasthan, India"}