{"bounds":{"maxX":74.3974843100529,"maxY":26.4614986825183,"minX":72.7770785179593,"minY":24.7488386255022},"result":"Pali, Rajasthan, India"}