{"bounds":{"maxX":76.9471444700413,"maxY":24.8706453907722,"minX":75.4593271930955,"minY":23.7553353659345},"result":"Jhalawar, Rajasthan, India"}