{"bounds":{"maxX":76.0910123103699,"maxY":28.2041308518574,"minX":74.6814376603198,"minY":27.1210806851255},"result":"Sikar, Rajasthan, India"}