{"bounds":{"maxX":88.3579169521057,"maxY":27.6181768406887,"minX":88.0134695352909,"minY":27.1097738750643},"result":"West Sikkim, Sikkim, India"}