{"bounds":{"maxX":88.8880202178588,"maxY":28.1289151361247,"minX":88.1146262844755,"minY":27.3758308155398},"result":"North Sikkim, Sikkim, India"}