{"bounds":{"maxX":88.5333865786278,"maxY":27.5281307657223,"minX":88.2633365673288,"minY":27.0794491151846},"result":"South Sikkim, Sikkim, India"}