{"bounds":{"maxX":88.9201484511901,"maxY":27.4229868083946,"minX":88.4381007224704,"minY":27.1346478665059},"result":"East Sikkim, Sikkim, India"}