{"bounds":{"maxX":88.9294768853326,"maxY":28.1306791921158,"minX":88.0168568998398,"minY":27.0813267150236},"result":"Sikkim, India"}