{"bounds":{"maxX":79.9944529657319,"maxY":18.2852858110913,"minX":79.4810119971061,"minY":17.6178301810181},"result":"Warangal Rural, Telangana, India"}