{"bounds":{"maxX":91.5764132311857,"maxY":23.7900759994079,"minX":91.1496852197971,"minY":23.2757713767477},"result":"Sepahijala, Tripura, India"}