{"bounds":{"maxX":78.3718716461596,"maxY":17.0134562206281,"minX":77.6744105110363,"minY":16.387955929023},"result":"Mahabubnagar, Telangana, India"}