{"bounds":{"maxX":80.343144053955,"maxY":18.8719809463636,"minX":79.5597834415527,"minY":18.132481229725},"result":"Jayashankar, Telangana, India"}