{"bounds":{"maxX":78.0730014794348,"maxY":17.6387233099329,"minX":77.3624865768941,"minY":16.9022367070584},"result":"Vikarabad, Telangana, India"}