{"bounds":{"maxX":79.4537168958182,"maxY":17.8125614763311,"minX":78.6765373526168,"minY":17.0436245416394},"result":"Yadadri Bhuvanagiri, Telangana, India"}