{"bounds":{"maxX":79.8324317363356,"maxY":18.8570791386913,"minX":79.1105578279814,"minY":18.3852459286567},"result":"Peddapalli, Telangana, India"}