{"bounds":{"maxX":78.5896352067994,"maxY":18.217520530648,"minX":77.7944796611075,"minY":17.6771024061512},"result":"Medak, Telangana, India"}