{"bounds":{"maxX":92.205064324559,"maxY":24.3954534530145,"minX":91.9100839972787,"minY":23.9891967426356},"result":"Unakoti, Tripura, India"}