{"bounds":{"maxX":77.7989354133387,"maxY":17.0402403756929,"minX":77.2359125962893,"minY":16.3407538719936},"result":"Narayanpet, Telangana, India"}