{"bounds":{"maxX":91.8431682092455,"maxY":23.7689434125085,"minX":91.3751689538842,"minY":23.2629170528797},"result":"Gomati, Tripura, India"}