{"bounds":{"maxX":79.2945122207625,"maxY":13.1597069700009,"minX":78.601532477542,"minY":12.6316989753276},"result":"Vellore, Tamil Nadu, India"}