{"bounds":{"maxX":78.954376138548,"maxY":19.342736399865,"minX":77.7618175758205,"minY":18.8432873588246},"result":"Nirmal, Telangana, India"}