{"bounds":{"maxX":78.549008487152,"maxY":17.4830366154475,"minX":78.3675576666531,"minY":17.2975350739845},"result":"Hyderabad, Telangana, India"}