{"bounds":{"maxX":79.6716720309395,"maxY":18.2678419410528,"minX":79.2286698356444,"minY":17.7866025688535},"result":"Warangal Urban, Telangana, India"}