{"bounds":{"maxX":77.0150249455448,"maxY":11.7050985679446,"minX":76.2334053531746,"minY":11.1856802508429},"result":"The Nilgiris, Tamil Nadu, India"}