{"bounds":{"maxX":79.6998454982712,"maxY":17.360187493658,"minX":78.6619126143757,"minY":16.3562084290758},"result":"Nalgonda, Telangana, India"}