{"bounds":{"maxX":79.7639623478841,"maxY":11.0173167550643,"minX":79.2679739034729,"minY":10.3589489298493},"result":"Thiruvarur, Tamil Nadu, India"}