{"bounds":{"maxX":77.8595938363866,"maxY":9.42024202265139,"minX":77.1470099931168,"minY":8.73991054073889},"result":"Tenkasi, Tamil Nadu, India"}