{"bounds":{"maxX":77.5892738881794,"maxY":8.57950161590691,"minX":77.0977326101719,"minY":8.07625206328214},"result":"Kanniyakumari, Tamil Nadu, India"}