{"bounds":{"maxX":80.1048565253085,"maxY":13.0562026116612,"minX":79.5562248170219,"minY":12.5319300365421},"result":"Kancheepuram, Tamil Nadu, India"}