{"bounds":{"maxX":79.9616788959643,"maxY":19.2927445316349,"minX":78.8773438516375,"minY":18.6704779377067},"result":"Mancherial, Telangana, India"}