{"bounds":{"maxX":77.892934760531,"maxY":11.3526897983958,"minX":77.0412664586804,"minY":10.2304595021044},"result":"Tiruppur, Tamil Nadu, India"}