{"bounds":{"maxX":77.7296478954341,"maxY":10.2188357376792,"minX":77.1656954455884,"minY":9.51922829764789},"result":"Theni, Tamil Nadu, India"}