{"bounds":{"maxX":78.7451742182157,"maxY":12.5137318196679,"minX":77.6739804867103,"minY":11.7760414274701},"result":"Dharmapuri, Tamil Nadu, India"}