{"bounds":{"maxX":77.9735057924584,"maxY":9.07010409432854,"minX":77.1699915789483,"minY":8.14009594437238},"result":"Tirunelveli, Tamil Nadu, India"}