{"bounds":{"maxX":78.5877475532071,"maxY":11.0969490080903,"minX":77.750123005972,"minY":10.5467679621718},"result":"Karur, Tamil Nadu, India"}