{"bounds":{"maxX":79.2343186114148,"maxY":16.832430084281,"minX":78.0999277768455,"minY":16.0011989865441},"result":"Nagarkurnool, Telangana, India"}