{"bounds":{"maxX":78.4898571893578,"maxY":11.5981745699006,"minX":77.683012928404,"minY":11.0127984378976},"result":"Namakkal, Tamil Nadu, India"}