{"bounds":{"maxX":78.9775799459578,"maxY":19.9168049753694,"minX":78.171751729159,"minY":19.1724059257929},"result":"Adilabad, Telangana, India"}