{"bounds":{"maxX":78.3150750495739,"maxY":16.6262266799174,"minX":77.6647195470695,"minY":15.9430852770639},"result":"Wanaparthy, Telangana, India"}