{"bounds":{"maxX":80.2778085231449,"maxY":18.1170581174382,"minX":79.510697607009,"minY":17.3243455414137},"result":"Mahabubabad, Telangana, India"}