{"bounds":{"maxX":78.9179488130873,"maxY":12.9107130528652,"minX":78.4067045302899,"minY":12.2584320002367},"result":"Tirupathur, Tamil Nadu, India"}