{"bounds":{"maxX":79.3016411682054,"maxY":19.0777115051819,"minX":78.5141378027175,"minY":18.5500041232917},"result":"Jagitial, Telangana, India"}