{"bounds":{"maxX":78.3850588855592,"maxY":9.37207255410516,"minX":77.6730714879589,"minY":8.32126367447904},"result":"Thoothukudi, Tamil Nadu, India"}