{"bounds":{"maxX":79.5727072200622,"maxY":11.1837840087251,"minX":78.7756997238632,"minY":10.13586653851},"result":"Thanjavur, Tamil Nadu, India"}