{"bounds":{"maxX":80.009869329506,"maxY":12.4508170893374,"minX":79.1672758642899,"minY":11.7823189912285},"result":"Viluppuram, Tamil Nadu, India"}