{"bounds":{"maxX":80.2554624405394,"maxY":13.0418271996657,"minX":79.6403395267479,"minY":12.2288696208365},"result":"Chengalpattu, Tamil Nadu, India"}