{"bounds":{"maxX":79.812997674703,"maxY":11.9050309780973,"minX":78.8775765161434,"minY":11.1506129386362},"result":"Cuddalore, Tamil Nadu, India"}