{"bounds":{"maxX":91.7843821908855,"maxY":24.2319776682348,"minX":91.4697510833459,"minY":23.683141817441},"result":"Khowai, Tripura, India"}