{"bounds":{"maxX":78.2536592237942,"maxY":16.3639704021124,"minX":77.4861808572608,"minY":15.8360258258313},"result":"Jogulamba Gadwal, Telangana, India"}