{"bounds":{"maxX":79.7561011967129,"maxY":12.8743530569481,"minX":78.6302575773254,"minY":11.9841249491072},"result":"Tiruvannamalai, Tamil Nadu, India"}