{"bounds":{"maxX":92.331958444027,"maxY":24.5276443068394,"minX":92.0625930659173,"minY":23.6517398019503},"result":"North Tripura, Tripura, India"}