{"bounds":{"maxX":79.1680834959566,"maxY":11.5235365372815,"minX":78.6341897091879,"minY":11.0556641816568},"result":"Perambalur, Tamil Nadu, India"}