{"bounds":{"maxX":79.5804919279602,"maxY":18.6783287080035,"minX":78.9225259594056,"minY":18.1300084421359},"result":"Karimnagar, Telangana, India"}