{"bounds":{"maxX":79.4969183016383,"maxY":9.94409117536748,"minX":78.2149553958749,"minY":8.93675762606364},"result":"Ramanathapuram, Tamil Nadu, India"}