{"bounds":{"maxX":78.4500565149962,"maxY":18.2860714111667,"minX":77.443144295373,"minY":17.4274262507209},"result":"Sangareddy, Telangana, India"}