{"bounds":{"maxX":91.5659911615629,"maxY":24.1098625793946,"minX":91.2194464618848,"minY":23.7215927245247},"result":"West Tripura, Tripura, India"}