{"bounds":{"maxX":79.1239390043816,"maxY":10.4099632517028,"minX":78.123152108583,"minY":9.5201448884759},"result":"Sivagangai, Tamil Nadu, India"}