{"bounds":{"maxX":79.979722665069,"maxY":19.6167009343008,"minX":78.8090011039179,"minY":19.0294888066632},"result":"Kumuram Bheem Asifabad, Telangana, India"}