{"bounds":{"maxX":78.4293728858501,"maxY":9.78652365494276,"minX":77.3392972800455,"minY":9.20015834333293},"result":"Virudhunagar, Tamil Nadu, India"}