{"bounds":{"maxX":78.8442309110278,"maxY":17.5224852079261,"minX":77.9227781861644,"minY":16.7461012346843},"result":"Ranga Reddy, Telangana, India"}