{"bounds":{"maxX":91.8351726112271,"maxY":23.4080382511644,"minX":91.3098135183792,"minY":22.939183734242},"result":"South Tripura, Tripura, India"}