{"bounds":{"maxX":80.3111037131659,"maxY":13.1502491237981,"minX":80.1199093012734,"minY":12.8507915639796},"result":"Chennai, Tamil Nadu, India"}