{"bounds":{"maxX":79.4636909124057,"maxY":12.0811269644379,"minX":78.626775187425,"minY":11.5046342888415},"result":"Kallakurichi, Tamil Nadu, India"}