{"bounds":{"maxX":79.2660143391905,"maxY":10.734710191722,"minX":78.4238058773394,"minY":9.84884845069547},"result":"Pudukkottai, Tamil Nadu, India"}