{"bounds":{"maxX":81.3226337950137,"maxY":18.2422961659354,"minX":80.2019069079775,"minY":17.1903808243156},"result":"Bhadradri Kothagudem, Telangana, India"}