{"bounds":{"maxX":80.0732656755706,"maxY":17.5289385279907,"minX":79.3629875366456,"minY":16.6313189776887},"result":"Suryapet, Telangana, India"}