{"bounds":{"maxX":78.3398190628995,"maxY":10.8352263583099,"minX":77.2666213675821,"minY":10.0181440649966},"result":"Dindigul, Tamil Nadu, India"}