{"bounds":{"maxX":78.5695189005768,"maxY":18.5567855574076,"minX":77.5202389232878,"minY":18.0598718023418},"result":"Kamareddy, Telangana, India"}