{"bounds":{"maxX":79.0122505591161,"maxY":11.4089717435511,"minX":78.1624376872495,"minY":10.2937874718144},"result":"Tiruchirappalli, Tamil Nadu, India"}