{"bounds":{"maxX":79.510139216152,"maxY":11.4197520194402,"minX":78.9417064329056,"minY":10.8865481116061},"result":"Ariyalur, Tamil Nadu, India"}