{"bounds":{"maxX":92.1756377562775,"maxY":24.2452721751708,"minX":91.7433473094308,"minY":23.4082955885706},"result":"Dhalai, Tripura, India"}