{"bounds":{"maxX":80.3463054069028,"maxY":13.5631526975041,"minX":76.2331006512215,"minY":8.07784703385616},"result":"Tamil Nadu, India"}