{"bounds":{"maxX":92.3365582409894,"maxY":24.5274978945617,"minX":91.1525089928822,"minY":22.9441809185641},"result":"Tripura, India"}