{"bounds":{"maxX":79.7919822002184,"maxY":13.2105738318169,"minX":79.1778555140208,"minY":12.6283052972517},"result":"Ranipet, Tamil Nadu, India"}