{"bounds":{"maxX":78.8429906182226,"maxY":11.9793364558128,"minX":77.6463576481871,"minY":11.3153107258095},"result":"Salem, Tamil Nadu, India"}