{"bounds":{"maxX":80.9264540304292,"maxY":17.5731283382023,"minX":79.801538318039,"minY":16.7680574692768},"result":"Khammam, Telangana, India"}