{"bounds":{"maxX":81.8030104788442,"maxY":19.916462020089,"minX":77.2389910662393,"minY":15.8331755174943},"result":"Telangana, India"}