{"bounds":{"maxX":77.29447961804,"maxY":11.4064995162397,"minX":76.6557605523077,"minY":10.219537806025},"result":"Coimbatore, Tamil Nadu, India"}