{"bounds":{"maxX":80.7941764639727,"maxY":18.6320181660056,"minX":79.8145047684803,"minY":17.9505596195308},"result":"Mulugu, Telangana, India"}