{"bounds":{"maxX":79.5631757157867,"maxY":18.0016539180939,"minX":78.8659359577783,"minY":17.4508382098156},"result":"Jangaon, Telangana, India"}