{"bounds":{"maxX":79.0247559721105,"maxY":18.6418489457723,"minX":78.5212287439115,"minY":18.2146664278134},"result":"Rajanna Sircilla, Telangana, India"}