{"bounds":{"maxX":80.3467768347832,"maxY":13.5653112168392,"minX":79.283987711164,"minY":12.9450805549237},"result":"Thiruvallur, Tamil Nadu, India"}