{"bounds":{"maxX":77.9330744909951,"maxY":11.9549206266856,"minX":76.8336855114773,"minY":11.023328431562},"result":"Erode, Tamil Nadu, India"}