{"bounds":{"maxX":79.8824601701008,"maxY":11.4238789093843,"minX":79.4718781838313,"minY":10.2718645876807},"result":"Nagapattinam, Tamil Nadu, India"}