{"bounds":{"maxX":78.7606971174781,"maxY":17.7079473761705,"minX":78.3476636098877,"minY":17.3605917074414},"result":"Medchal Malkajgiri, Telangana, India"}