{"bounds":{"maxX":78.6699083373999,"maxY":19.016341772355,"minX":77.7300034531968,"minY":18.4361502247531},"result":"Nizamabad, Telangana, India"}