{"bounds":{"maxX":78.6715087052626,"maxY":12.8909664426473,"minX":77.471096581642,"minY":12.1392840068515},"result":"Krishnagiri, Tamil Nadu, India"}