{"bounds":{"maxX":78.4736173991237,"maxY":10.3104002549678,"minX":77.4640730626218,"minY":9.56318217521726},"result":"Madurai, Tamil Nadu, India"}