{"bounds":{"maxX":79.3012253126981,"maxY":18.3445221811538,"minX":78.4991828846825,"minY":17.6678653120346},"result":"Siddipet, Telangana, India"}