{"bounds":{"maxX":83.1322083579294,"maxY":26.6525512857133,"minX":82.2200422510491,"minY":26.1566700854561},"result":"Ambedkar Nagar, Uttar Pradesh, India"}