{"bounds":{"maxX":78.4774738863109,"maxY":28.7153944377032,"minX":77.6215806756077,"minY":28.0592305756306},"result":"Bulandshahr, Uttar Pradesh, India"}