{"bounds":{"maxX":77.5044895162782,"maxY":29.2981829162086,"minX":77.1313979854287,"minY":28.7766748993272},"result":"Baghpat, Uttar Pradesh, India"}