{"bounds":{"maxX":83.6710769667287,"maxY":27.1162433559462,"minX":83.0678031191187,"minY":26.2187794504114},"result":"Gorakhpur, Uttar Pradesh, India"}