{"bounds":{"maxX":82.7106222617081,"maxY":25.5366090554636,"minX":82.1956240998724,"minY":25.178196244661},"result":"Bhadohi, Uttar Pradesh, India"}