{"bounds":{"maxX":80.1586410198672,"maxY":30.3167887847746,"minX":79.4706008785278,"minY":29.7009567762343},"result":"Bageshwar, Uttarakhand, India"}