{"bounds":{"maxX":80.0216454525756,"maxY":27.2287095070382,"minX":79.3163755931591,"minY":26.7689478167883},"result":"Kannauj, Uttar Pradesh, India"}