{"bounds":{"maxX":84.6347235797295,"maxY":26.1917065778963,"minX":83.6760050572876,"minY":25.5574581337859},"result":"Ballia, Uttar Pradesh, India"}