{"bounds":{"maxX":80.0779227419411,"maxY":29.9797813621202,"minX":79.0370960492434,"minY":29.425553290552},"result":"Almora, Uttarakhand, India"}