{"bounds":{"maxX":81.4164701149039,"maxY":27.906326054404,"minX":80.2986750456169,"minY":27.0994504754592},"result":"Sitapur, Uttar Pradesh, India"}