{"bounds":{"maxX":77.5023200529282,"maxY":29.6973229117231,"minX":77.083947398054,"minY":29.2649027097923},"result":"Shamli, Uttar Pradesh, India"}