{"bounds":{"maxX":79.3496533255406,"maxY":27.0064635580468,"minX":78.7413318323982,"minY":26.4250028314156},"result":"Etawah, Uttar Pradesh, India"}