{"bounds":{"maxX":83.2266339738788,"maxY":27.1017889340121,"minX":82.8194117117811,"minY":26.4081780330898},"result":"Sant Kabir Nagar, Uttar Pradesh, India"}