{"bounds":{"maxX":78.1238505643521,"maxY":29.266525172199,"minX":77.4225979630256,"minY":28.7367182591404},"result":"Meerut, Uttar Pradesh, India"}