{"bounds":{"maxX":79.4279478487143,"maxY":29.1694511283669,"minX":78.8585014854552,"minY":28.4173335888741},"result":"Rampur, Uttar Pradesh, India"}