{"bounds":{"maxX":78.3356514786329,"maxY":30.2424302767359,"minX":77.714120221671,"minY":29.5801161976045},"result":"Haridwar, Uttarakhand, India"}