{"bounds":{"maxX":82.0705165951648,"maxY":26.6662774798219,"minX":81.3062994473617,"minY":25.9276274543436},"result":"Amethi, Uttar Pradesh, India"}