{"bounds":{"maxX":82.9776611305568,"maxY":27.1243236449203,"minX":82.2287065975315,"minY":26.5530387004757},"result":"Basti, Uttar Pradesh, India"}