{"bounds":{"maxX":82.6139844655107,"maxY":27.4396774017907,"minX":81.514896763375,"minY":26.7811283748746},"result":"Gonda, Uttar Pradesh, India"}