{"bounds":{"maxX":80.2267241908688,"maxY":25.6432573456501,"minX":79.2735457377457,"minY":25.0320856518314},"result":"Mahoba, Uttar Pradesh, India"}