{"bounds":{"maxX":79.4200066731695,"maxY":25.9527604028704,"minX":78.3005303195187,"minY":25.1074649677341},"result":"Jhansi, Uttar Pradesh, India"}