{"bounds":{"maxX":78.3104070411521,"maxY":31.0331570588513,"minX":77.5723002619476,"minY":29.9622264968554},"result":"Dehradun, Uttarakhand, India"}