{"bounds":{"maxX":78.5272792990005,"maxY":27.8479525163956,"minX":77.8738341890966,"minY":27.2969559211789},"result":"Hathras, Uttar Pradesh, India"}