{"bounds":{"maxX":80.1897811114092,"maxY":26.827634087743,"minX":79.5057886567212,"minY":26.0901173069682},"result":"Kanpur Dehat, Uttar Pradesh, India"}