{"bounds":{"maxX":83.5479831618935,"maxY":24.9603134977697,"minX":82.5234813838588,"minY":23.8701260225979},"result":"Sonbhadra, Uttar Pradesh, India"}