{"bounds":{"maxX":81.0366486783939,"maxY":25.9137597483138,"minX":80.1037386122472,"minY":24.9739388760783},"result":"Banda, Uttar Pradesh, India"}