{"bounds":{"maxX":79.414415297528,"maxY":31.4561267674364,"minX":77.811342777747,"minY":30.4682944501288},"result":"Uttarkashi, Uttarakhand, India"}