{"bounds":{"maxX":84.6388735477036,"maxY":30.4075763317487,"minX":77.0962361385566,"minY":23.8719407360707},"result":"Uttar Pradesh, India"}