{"bounds":{"maxX":82.4771378799093,"maxY":26.8699112441087,"minX":81.543169369271,"minY":26.407443035168},"result":"Ayodhya, Uttar Pradesh, India"}