{"bounds":{"maxX":79.5100446614321,"maxY":28.4723023520719,"minX":78.5719653020571,"minY":27.6578289353571},"result":"Budaun, Uttar Pradesh, India"}