{"bounds":{"maxX":77.9895591343466,"maxY":27.9676671510182,"minX":77.2828948329303,"minY":27.2331435505345},"result":"Mathura, Uttar Pradesh, India"}