{"bounds":{"maxX":79.0010791905523,"maxY":29.268217937308,"minX":78.5263968572293,"minY":28.4585594008957},"result":"Moradabad, Uttar Pradesh, India"}