{"bounds":{"maxX":79.2148604587433,"maxY":28.0279841347601,"minX":78.4709274927097,"minY":27.5493189774889},"result":"Kasganj, Uttar Pradesh, India"}