{"bounds":{"maxX":78.8703059560551,"maxY":28.8104243234238,"minX":78.2693439596561,"minY":28.0439161742921},"result":"Sambhal, Uttar Pradesh, India"}