{"bounds":{"maxX":79.2772341200587,"maxY":27.7862018379445,"minX":78.1738456701416,"minY":27.3236955678962},"result":"Etah, Uttar Pradesh, India"}