{"bounds":{"maxX":82.6926065487533,"maxY":26.5147125545408,"minX":81.8086526978637,"minY":25.9736962261999},"result":"Sultanpur, Uttar Pradesh, India"}