{"bounds":{"maxX":81.7611924436764,"maxY":27.3593342346873,"minX":80.9239716839461,"minY":26.5252948671645},"result":"Barabanki, Uttar Pradesh, India"}