{"bounds":{"maxX":84.1861608906127,"maxY":26.7592073640287,"minX":83.4767865271766,"minY":26.0894974906167},"result":"Deoria, Uttar Pradesh, India"}