{"bounds":{"maxX":78.1148314407185,"maxY":29.7145368305104,"minX":77.2771045929027,"minY":29.1849844741542},"result":"Muzaffarnagar, Uttar Pradesh, India"}