{"bounds":{"maxX":80.5914707856483,"maxY":26.9634012314817,"minX":79.8907746398378,"minY":25.9196984349349},"result":"Kanpur Nagar, Uttar Pradesh, India"}