{"bounds":{"maxX":82.3527615240252,"maxY":25.7539180861508,"minX":81.5170445278827,"minY":24.8046270820742},"result":"Prayagraj, Uttar Pradesh, India"}