{"bounds":{"maxX":77.737910102869,"maxY":28.6544728406491,"minX":77.2970821202437,"minY":28.0851424593571},"result":"Gautam Buddha Nagar, Uttar Pradesh, India"}