{"bounds":{"maxX":79.9768176929822,"maxY":29.612057865678,"minX":78.8508872638362,"minY":28.9784609417192},"result":"Nainital, Uttarakhand, India"}