{"bounds":{"maxX":79.3560248171916,"maxY":30.8075344523531,"minX":78.8168491150947,"minY":30.1747876350414},"result":"Rudraprayag, Uttarakhand, India"}