{"bounds":{"maxX":80.3184067109011,"maxY":29.5236271826484,"minX":79.793527122179,"minY":28.9385825578388},"result":"Champawat, Uttarakhand, India"}