{"bounds":{"maxX":81.0429604051669,"maxY":31.4672338668138,"minX":77.5754023368455,"minY":28.709556072082},"result":"Uttarakhand, India"}