{"bounds":{"maxX":83.8612299879736,"maxY":26.2807989380206,"minX":83.2955248691774,"minY":25.7972677847805},"result":"Mau, Uttar Pradesh, India"}