{"bounds":{"maxX":81.3384055789543,"maxY":26.2312476575534,"minX":80.2130215122331,"minY":25.4383742701565},"result":"Fatehpur, Uttar Pradesh, India"}