{"bounds":{"maxX":81.2176069752817,"maxY":27.1586577911242,"minX":80.5604287795646,"minY":26.5037925689719},"result":"Lucknow, Uttar Pradesh, India"}