{"bounds":{"maxX":83.962602442249,"maxY":25.9000667310948,"minX":83.062835836105,"minY":25.3061247157831},"result":"Ghazipur, Uttar Pradesh, India"}