{"bounds":{"maxX":80.3515461815111,"maxY":26.1626830524809,"minX":79.355267976536,"minY":25.4766247246513},"result":"Hamirpur, Uttar Pradesh, India"}