{"bounds":{"maxX":78.8214209284332,"maxY":27.510738904377,"minX":78.1939796768207,"minY":26.8780213555012},"result":"Firozabad, Uttar Pradesh, India"}