{"bounds":{"maxX":81.0499173837803,"maxY":27.0313805110018,"minX":80.0440306826699,"minY":26.1035657193825},"result":"Unnao, Uttar Pradesh, India"}