{"bounds":{"maxX":79.954405473334,"maxY":26.4426202355355,"minX":78.93050163834,"minY":25.7664115039878},"result":"Jalaun, Uttar Pradesh, India"}