{"bounds":{"maxX":77.9616859767265,"maxY":30.4063341702858,"minX":77.1197720518388,"minY":29.5646951339733},"result":"Saharanpur, Uttar Pradesh, India"}