{"bounds":{"maxX":79.2318719482319,"maxY":30.26031962595,"minX":78.2020834479928,"minY":29.4343206849517},"result":"Pauri Garhwal, Uttarakhand, India"}