{"bounds":{"maxX":81.4496335182723,"maxY":26.6066559472142,"minX":80.6699029806381,"minY":25.8107194095732},"result":"Raebareli, Uttar Pradesh, India"}