{"bounds":{"maxX":82.434417670739,"maxY":26.1807105051857,"minX":81.3250024887739,"minY":25.5723973325709},"result":"Pratapgarh, Uttar Pradesh, India"}