{"bounds":{"maxX":79.7914323825984,"maxY":28.9012500701347,"minX":78.9694966622412,"minY":28.0154014358276},"result":"Bareilly, Uttar Pradesh, India"}