{"bounds":{"maxX":81.5622266743216,"maxY":25.5468937131744,"minX":80.6840774777934,"minY":24.8875295839232},"result":"Chitrakoot, Uttar Pradesh, India"}