{"bounds":{"maxX":80.0771733584638,"maxY":29.3684233350689,"minX":78.7183652346679,"minY":28.7228949067746},"result":"Udham Singh Nagar, Uttarakhand, India"}