{"bounds":{"maxX":82.7647292648438,"maxY":27.8435563280622,"minX":82.0217081646002,"minY":27.0517295455821},"result":"Balrampur, Uttar Pradesh, India"}