{"bounds":{"maxX":80.4499805569572,"maxY":28.887870715761,"minX":79.6215823335579,"minY":28.100899775904},"result":"Pilibhit, Uttar Pradesh, India"}