{"bounds":{"maxX":83.0901478572379,"maxY":26.201250364213,"minX":82.1225514991524,"minY":25.392676931795},"result":"Jaunpur, Uttar Pradesh, India"}