{"bounds":{"maxX":78.8539470128444,"maxY":27.4094027449408,"minX":77.3978652343931,"minY":26.7417020675964},"result":"Agra, Uttar Pradesh, India"}