{"bounds":{"maxX":84.4199291263282,"maxY":27.2972792040721,"minX":83.5244471772954,"minY":26.5511203080558},"result":"Kushinagar, Uttar Pradesh, India"}