{"bounds":{"maxX":83.1882023041931,"maxY":25.5802632960143,"minX":82.6666305397677,"minY":25.1643736504237},"result":"Varanasi, Uttar Pradesh, India"}