{"bounds":{"maxX":81.3055427694833,"maxY":28.6915799663424,"minX":80.0301541363044,"minY":27.6755487731574},"result":"Lakhimpur Kheri, Uttar Pradesh, India"}