{"bounds":{"maxX":80.1020478220494,"maxY":31.0762850017515,"minX":79.0759896736845,"minY":29.9256473640347},"result":"Chamoli, Uttarakhand, India"}