{"bounds":{"maxX":82.2071911566466,"maxY":27.9528666996385,"minX":81.6079123466775,"minY":27.4044443328397},"result":"Shrawasti, Uttar Pradesh, India"}