{"bounds":{"maxX":83.9348055291519,"maxY":27.4794080774209,"minX":83.1196592378836,"minY":26.8885783468133},"result":"Maharajganj, Uttar Pradesh, India"}