{"bounds":{"maxX":81.0452873564264,"maxY":30.8086380437108,"minX":79.8209538680267,"minY":29.4436672634335},"result":"Pithoragarh, Uttarakhand, India"}