{"bounds":{"maxX":78.6077183329348,"maxY":28.1797507096276,"minX":77.4755993414365,"minY":27.5712253104998},"result":"Aligarh, Uttar Pradesh, India"}