{"bounds":{"maxX":79.7371985858461,"maxY":27.715349182219,"minX":79.1202023248774,"minY":27.1568044349767},"result":"Farrukhabad, Uttar Pradesh, India"}