{"bounds":{"maxX":78.6702225011675,"maxY":29.0830230277905,"minX":78.0495542201512,"minY":28.4332341539331},"result":"Amroha, Uttar Pradesh, India"}