{"bounds":{"maxX":83.2929383740068,"maxY":27.5029267015061,"minX":82.4384640866483,"minY":26.9998520139594},"result":"Siddharthnagar, Uttar Pradesh, India"}