{"bounds":{"maxX":80.8269547227823,"maxY":27.7844817568277,"minX":79.6843446063186,"minY":26.8897523487919},"result":"Hardoi, Uttar Pradesh, India"}