{"bounds":{"maxX":79.0353151955399,"maxY":30.8787110726579,"minX":77.9361210712305,"minY":30.0525168888434},"result":"Tehri Garhwal, Uttarakhand, India"}