{"bounds":{"maxX":78.9936468909913,"maxY":25.224737656118,"minX":78.1688714929251,"minY":24.1768223092022},"result":"Lalitpur, Uttar Pradesh, India"}