{"bounds":{"maxX":78.9431164017006,"maxY":29.7966648218241,"minX":77.9859444469787,"minY":29.0174506605196},"result":"Bijnor, Uttar Pradesh, India"}