{"bounds":{"maxX":81.7133835762911,"maxY":25.8107193736003,"minX":81.1466912303161,"minY":25.2583518653464},"result":"Kaushambi, Uttar Pradesh, India"}