{"bounds":{"maxX":83.4683281326373,"maxY":26.4117857938793,"minX":82.6648958977275,"minY":25.6358808499214},"result":"Azamgarh, Uttar Pradesh, India"}