{"bounds":{"maxX":77.7095177585378,"maxY":28.9278144731595,"minX":77.1993912242257,"minY":28.6077242460772},"result":"Ghaziabad, Uttar Pradesh, India"}