{"bounds":{"maxX":79.7568656699148,"maxY":26.9473996221948,"minX":79.2050642570099,"minY":26.3642533583059},"result":"Auraiya, Uttar Pradesh, India"}