{"bounds":{"maxX":83.1816799476715,"maxY":25.2722405741432,"minX":82.0801587772058,"minY":24.5911532812989},"result":"Mirzapur, Uttar Pradesh, India"}