{"bounds":{"maxX":78.2121693717192,"maxY":28.8838974210292,"minX":77.5443605428048,"minY":28.5495715491877},"result":"Hapur, Uttar Pradesh, India"}