{"bounds":{"maxX":83.5542874633958,"maxY":25.5352913355268,"minX":83.0091485357764,"minY":24.7164939766158},"result":"Chandauli, Uttar Pradesh, India"}