{"bounds":{"maxX":79.4368632976032,"maxY":27.4734027582307,"minX":78.6883828107182,"minY":26.9451527658875},"result":"Mainpuri, Uttar Pradesh, India"}