{"bounds":{"maxX":81.9904581597164,"maxY":28.4138627192891,"minX":81.0385862911245,"minY":27.0590742511758},"result":"Bahraich, Uttar Pradesh, India"}