{"bounds":{"maxX":80.3586852598169,"maxY":28.3812855129161,"minX":79.3228871182459,"minY":27.4448610805745},"result":"Shahjahanpur, Uttar Pradesh, India"}