{"bounds":{"maxX":89.1196204830989,"maxY":26.9980871493025,"minX":88.3910462882557,"minY":26.2549548505859},"result":"Jalpaiguri, West Bengal, India"}