{"bounds":{"maxX":88.5129793552131,"maxY":27.2210975436168,"minX":87.9908589440851,"minY":26.4574962920203},"result":"Darjeeling, West Bengal, India"}