{"bounds":{"maxX":88.5020694870173,"maxY":23.2234411147157,"minX":87.504842275151,"minY":22.5940787502342},"result":"Hooghly, West Bengal, India"}