{"bounds":{"maxX":88.8011457172012,"maxY":24.1047904408262,"minX":88.1347042633911,"minY":22.875802271058},"result":"Nadia, West Bengal, India"}