{"bounds":{"maxX":86.9062910517907,"maxY":23.6991223259346,"minX":85.8196632389673,"minY":22.7046544679294},"result":"Purulia, West Bengal, India"}