{"bounds":{"maxX":88.4150492026586,"maxY":23.8456350704022,"minX":87.4341509245256,"minY":22.9338036812949},"result":"Purba Bardhaman, West Bengal, India"}