{"bounds":{"maxX":89.1369896347639,"maxY":22.6242410817605,"minX":87.8763823954313,"minY":21.4836753752185},"result":"South 24 Parganas, West Bengal, India"}