{"bounds":{"maxX":89.8602602361211,"maxY":26.5389814074661,"minX":88.7473590642695,"minY":25.9288329658687},"result":"Cooch Behar, West Bengal, India"}