{"bounds":{"maxX":88.5238806627625,"maxY":26.4996976301416,"minX":87.8093477251175,"minY":25.2430060596819},"result":"Uttar Dinajpur, West Bengal, India"}