{"bounds":{"maxX":89.095643374742,"maxY":23.2558746579891,"minX":88.3298477090046,"minY":22.1195736166292},"result":"North 24 Parganas, West Bengal, India"}