{"bounds":{"maxX":87.5349752420138,"maxY":23.8832213009223,"minX":86.7987176200222,"minY":23.4029439973676},"result":"Paschim Bardhaman, West Bengal, India"}