{"bounds":{"maxX":87.2582898276135,"maxY":22.7988659400112,"minX":86.5584676996247,"minY":21.8644425666712},"result":"Jhargram, West Bengal, India"}