{"bounds":{"maxX":88.1875560458749,"maxY":22.519417804688,"minX":87.4255624394551,"minY":21.6097664099919},"result":"Purba Medinipur, West Bengal, India"}