{"bounds":{"maxX":88.7468053390952,"maxY":24.8604675401449,"minX":87.8176327780303,"minY":23.7227119604887},"result":"Murshidabad, West Bengal, India"}