{"bounds":{"maxX":88.8768221655106,"maxY":27.1893488430747,"minX":88.3904666176404,"minY":26.8629443131296},"result":"Kalimpong, West Bengal, India"}