{"bounds":{"maxX":89.8741982628396,"maxY":26.8572740552535,"minX":89.0420020945211,"minY":26.3990706553865},"result":"Alipurduar, West Bengal, India"}