{"bounds":{"maxX":88.4646962564271,"maxY":25.5390402197304,"minX":87.7113670432545,"minY":24.6881353865389},"result":"Malda, West Bengal, India"}