{"bounds":{"maxX":88.4143115562334,"maxY":22.6329395161458,"minX":88.2336167049471,"minY":22.5030172084774},"result":"Kolkata, West Bengal, India"}