{"bounds":{"maxX":88.0249901052093,"maxY":24.5842268162147,"minX":87.0873632379232,"minY":23.5427401524361},"result":"Birbhum, West Bengal, India"}