{"bounds":{"maxX":87.7644627461589,"maxY":23.6393884760973,"minX":86.6081796358815,"minY":22.6269708335372},"result":"Bankura, West Bengal, India"}