{"bounds":{"maxX":88.3616506395654,"maxY":22.7813791381367,"minX":87.844823153266,"minY":22.2190182859651},"result":"Howrah, West Bengal, India"}