{"bounds":{"maxX":87.8935435411016,"maxY":22.9544358134621,"minX":87.0535966853388,"minY":21.7642126372035},"result":"Paschim Medinipur, West Bengal, India"}