{"bounds":{"maxX":89.0087884721104,"maxY":25.6081429683234,"minX":88.1633586719652,"minY":25.1653709643986},"result":"Dakshin Dinajpur, West Bengal, India"}