{"bounds":{"maxX":89.8827532274044,"maxY":27.2205800886937,"minX":85.8324960015023,"minY":21.5394450009043},"result":"West Bengal, India"}