{"bounds":{"maxX":97.4079909885091,"maxY":37.0782680598366,"minX":68.1862489922762,"minY":6.7559528993543},"result":"India"}