{"bounds":{"maxX":72.495698,"maxY":-5.235973,"minX":71.237357,"minY":-7.44458299999997},"result":"British Indian Ocean Territory"}