{"bounds":{"maxX":44.9247280580857,"maxY":37.3257235674864,"minX":43.8124426510899,"minY":36.3687659190053},"result":"Arbil, Iraq"}