{"bounds":{"maxX":44.287273,"maxY":35.107739,"minX":38.796838,"minY":30.406285},"result":"Al Anbar, Iraq"}