{"bounds":{"maxX":44.559316,"maxY":33.512353,"minX":44.223241,"minY":33.180969},"result":"Baghdad, Iraq"}