{"bounds":{"maxX":45.188523,"maxY":33.205738,"minX":43.830045,"minY":32.064812},"result":"Babil, Iraq"}