{"bounds":{"maxX":48.568557,"maxY":31.296632,"minX":46.542861,"minY":29.166356},"result":"Al Basrah, Iraq"}