{"bounds":{"maxX":47.185516,"maxY":31.982089,"minX":45.64185,"minY":30.561107},"result":"Dhi Qar, Iraq"}