{"bounds":{"maxX":45.951621,"maxY":35.087628,"minX":44.280231,"minY":33.012222},"result":"Diyalá, Iraq"}