{"bounds":{"maxX":44.04867055369,"maxY":37.3807548232124,"minX":42.3622129248668,"minY":36.6936049582119},"result":"Dahuk, Iraq"}