{"bounds":{"maxX":44.289238,"maxY":32.732487,"minX":43.161132,"minY":32.088814},"result":"Karbala', Iraq"}