{"bounds":{"maxX":46.665501,"maxY":31.683055,"minX":43.760059,"minY":28.986951},"result":"Al Muthanná, Iraq"}