{"bounds":{"maxX":47.864949,"maxY":32.86085,"minX":46.295659,"minY":31.134528},"result":"Maysan, Iraq"}