{"bounds":{"maxX":44.258919,"maxY":37.058223,"minX":41.218105,"minY":34.886662},"result":"Ninawá, Iraq"}