{"bounds":{"maxX":44.662743,"maxY":32.299488,"minX":42.730587,"minY":29.782591},"result":"An Najaf, Iraq"}