{"bounds":{"maxX":45.76847,"maxY":32.406085,"minX":44.3769,"minY":31.256658},"result":"Al Qadisiyah, Iraq"}