{"bounds":{"maxX":46.349212,"maxY":36.527816,"minX":44.506542,"minY":34.548575},"result":"As Sulaymaniyah, Iraq"}