{"bounds":{"maxX":44.918391,"maxY":35.67205,"minX":42.459416,"minY":33.411063},"result":"Salah ad Din, Iraq"}