{"bounds":{"maxX":44.732945,"maxY":35.863705,"minX":43.27711,"minY":34.695015},"result":"At Ta'mim, Iraq"}