{"bounds":{"maxX":46.564438,"maxY":33.502388,"minX":44.482472,"minY":31.908518},"result":"Wasit, Iraq"}