{"bounds":{"maxX":48.568557,"maxY":37.3807548232124,"minX":38.796838,"minY":28.986951},"result":"Iraq"}