{"bounds":{"maxX":48.882524,"maxY":39.696316,"minX":47.208243,"minY":37.149974},"result":"Ardabil, Iran"}