{"bounds":{"maxX":48.443694,"maxY":39.411171,"minX":45.089221,"minY":36.723625},"result":"Az¯arbayjan-e Sharqi, Iran"}