{"bounds":{"maxX":52.97089,"maxY":30.279342,"minX":50.04282,"minY":27.312917},"result":"Bushehr, Iran"}