{"bounds":{"maxX":45.5657753670544,"maxY":39.7815944595502,"minX":44.0294427445888,"minY":36.9048169035904},"result":"Az¯arbayjan-e Gharbi, Iran"}