{"bounds":{"maxX":47.898826,"maxY":34.047093,"minX":45.741599,"minY":32.112599},"result":"Ilam, Iran"}