{"bounds":{"maxX":53.103699,"maxY":36.3484,"minX":50.222434,"minY":34.875579},"result":"Tehran, Iran"}