{"bounds":{"maxX":51.331954,"maxY":32.668644,"minX":49.736119,"minY":31.092478},"result":"Chahar Mah¸all va Bakhtiari, Iran"}