{"bounds":{"maxX":55.40107,"maxY":34.542034,"minX":49.450345,"minY":30.772253},"result":"Esfahan, Iran"}