{"bounds":{"maxX":50.42987,"maxY":33.052478,"minX":47.607062,"minY":29.901805},"result":"Khuzestan, Iran"}