{"bounds":{"maxX":57.106869,"maxY":37.36473,"minX":51.788948,"minY":34.314971},"result":"Semnan, Iran"}