{"bounds":{"maxX":49.415969,"maxY":37.238252,"minX":47.173726,"minY":35.550958},"result":"Zanjan, Iran"}