{"bounds":{"maxX":48.225745,"maxY":36.507755,"minX":45.501941,"minY":34.731617},"result":"Kordestan, Iran"}