{"bounds":{"maxX":51.67957,"maxY":31.487949,"minX":49.915202,"minY":30.144868},"result":"Kohkiluyeh va Buyer Ahmad, Iran"}