{"bounds":{"maxX":59.515366,"maxY":32.049344,"minX":54.391181,"minY":26.010302},"result":"Kerman, Iran"}