{"bounds":{"maxX":50.5765,"maxY":38.445487,"minX":48.435065,"minY":36.56051},"result":"Gilan, Iran"}