{"bounds":{"maxX":63.317459,"maxY":31.452732,"minX":58.765097,"minY":25.058749},"result":"Sistan va Baluchestan, Iran"}