{"bounds":{"maxX":48.00131,"maxY":35.277432,"minX":45.412761,"minY":33.648914},"result":"Kermanshah, Iran"}