{"bounds":{"maxX":55.564954,"maxY":31.722561,"minX":50.567917,"minY":27.13524},"result":"Fars, Iran"}