{"bounds":{"maxX":54.120178,"maxY":36.985851,"minX":50.304536,"minY":35.765857},"result":"Mazandaran, Iran"}