{"bounds":{"maxX":56.323737,"maxY":38.111525,"minX":53.7053,"minY":36.466432},"result":"Golestan, Iran"}