{"bounds":{"maxX":50.800988,"maxY":36.813943,"minX":48.584748,"minY":35.434257},"result":"Qazvin, Iran"}