{"bounds":{"maxX":51.909389,"maxY":35.223671,"minX":50.034497,"minY":34.105853},"result":"Qom, Iran"}