{"bounds":{"maxX":50.001534,"maxY":34.358539,"minX":46.835055,"minY":32.601535},"result":"Lorestan, Iran"}