{"bounds":{"maxX":61.163188,"maxY":34.297586,"minX":57.834713,"minY":30.385226},"result":"Khorasan-e Janubi, Iran"}