{"bounds":{"maxX":51.046495,"maxY":35.684251,"minX":48.865533,"minY":33.498703},"result":"Markazi, Iran"}