{"bounds":{"maxX":49.575032,"maxY":35.776084,"minX":47.572522,"minY":33.988583},"result":"Hamadan, Iran"}