{"bounds":{"maxX":59.287945,"maxY":28.950795,"minX":52.67336,"minY":25.402083},"result":"Hormozgan, Iran"}