{"bounds":{"maxX":58.247624,"maxY":35.208709,"minX":52.819341,"minY":29.793227},"result":"Yazd, Iran"}