{"bounds":{"maxX":58.260693,"maxY":38.272594,"minX":55.867245,"minY":36.614979},"result":"Khorasan-e Shemali, Iran"}