{"bounds":{"maxX":61.283287,"maxY":37.901875,"minX":56.210515,"minY":32.748649},"result":"Khorasan-e Razavi, Iran"}