{"bounds":{"maxX":63.317459,"maxY":39.7815944595502,"minX":44.0294427445888,"minY":25.058749},"result":"Iran"}