{"bounds":{"maxX":-21.156407,"maxY":64.384727,"minX":-22.125427,"minY":63.82962},"result":"Höfuðborgarsvæði, Iceland"}