{"bounds":{"maxX":-21.695983,"maxY":64.082924,"minX":-22.769214,"minY":63.798278},"result":"Suðurnes, Iceland"}