{"bounds":{"maxX":-19.780967,"maxY":65.509888,"minX":-24.0608779999999,"minY":64.302491},"result":"Vesturland, Iceland"}