{"bounds":{"maxX":-20.977784,"maxY":66.470093,"minX":-24.546514,"minY":64.963684},"result":"Vestfirðir, Iceland"}