{"bounds":{"maxX":-18.280322,"maxY":66.159943,"minX":-21.121114,"minY":64.775505},"result":"Norðurland vestra, Iceland"}