{"bounds":{"maxX":-14.542016,"maxY":66.563888,"minX":-19.054871,"minY":64.408218},"result":"Norðurland eystra, Iceland"}