{"bounds":{"maxX":-13.495815,"maxY":66.196701,"minX":-17.374694,"minY":63.774474},"result":"Austurland, Iceland"}