{"bounds":{"maxX":-17.257772,"maxY":64.876427,"minX":-21.91089,"minY":63.286755},"result":"Suðurland, Iceland"}