{"bounds":{"maxX":-13.495815,"maxY":66.563888,"minX":-24.546514,"minY":63.286755},"result":"Iceland"}