{"bounds":{"maxX":7.940472,"maxY":45.99205,"minX":6.81216800000004,"minY":45.465269},"result":"Valle d'Aosta, Italy"}