{"bounds":{"maxX":9.21529200000003,"maxY":46.468006,"minX":6.63087899999999,"minY":44.061101},"result":"Piemonte, Italy"}