{"bounds":{"maxX":11.428678,"maxY":46.633419,"minX":8.49941000000001,"minY":44.680898},"result":"Lombardia, Italy"}