{"bounds":{"maxX":13.100415,"maxY":46.680464,"minX":10.624673,"minY":44.792085},"result":"Veneto, Italy"}