{"bounds":{"maxX":12.478064,"maxY":47.090962,"minX":10.387373,"minY":45.673966},"result":"Trentino-Alto Adige, Italy"}