{"bounds":{"maxX":13.909538,"maxY":46.64822,"minX":12.321929,"minY":45.577092},"result":"Friuli-Venezia Giulia, Italy"}