{"bounds":{"maxX":10.072035,"maxY":44.67722,"minX":7.49071000000004,"minY":43.775695},"result":"Liguria, Italy"}