{"bounds":{"maxX":12.756593,"maxY":45.140072,"minX":9.19908700000002,"minY":43.741601},"result":"Emilia-Romagna, Italy"}