{"bounds":{"maxX":12.372305,"maxY":44.47366,"minX":9.68772899999999,"minY":42.237363},"result":"Toscana, Italy"}