{"bounds":{"maxX":13.915416,"maxY":43.968749,"minX":12.097136,"minY":42.688121},"result":"Marche, Italy"}