{"bounds":{"maxX":13.265092,"maxY":43.618296,"minX":11.892847,"minY":42.365426},"result":"Umbria, Italy"}