{"bounds":{"maxX":15.155493,"maxY":42.070138,"minX":13.941912,"minY":41.364948},"result":"Molise, Italy"}