{"bounds":{"maxX":14.028537,"maxY":42.839724,"minX":11.450327,"minY":40.784585},"result":"Lazio, Italy"}