{"bounds":{"maxX":14.78389,"maxY":42.895736,"minX":13.019406,"minY":41.683081},"result":"Abruzzo, Italy"}