{"bounds":{"maxX":15.807277,"maxY":41.508353,"minX":13.762917,"minY":39.99014},"result":"Campania, Italy"}