{"bounds":{"maxX":17.206529,"maxY":40.144924,"minX":15.630418,"minY":37.915417},"result":"Calabria, Italy"}