{"bounds":{"maxX":16.867361,"maxY":41.140902,"minX":15.335827,"minY":39.895808},"result":"Basilicata, Italy"}