{"bounds":{"maxX":18.520694,"maxY":42.140415,"minX":14.934969,"minY":39.789585},"result":"Puglia, Italy"}