{"bounds":{"maxX":15.652639,"maxY":38.812084,"minX":10.917774,"minY":35.492917},"result":"Sicilia, Italy"}