{"bounds":{"maxX":9.82847000000004,"maxY":41.312362,"minX":8.13125000000002,"minY":38.859027},"result":"Sardegna, Italy"}