{"bounds":{"maxX":18.520694,"maxY":47.090962,"minX":6.63087899999999,"minY":35.492917},"result":"Italy"}