{"bounds":{"maxX":-1.92458399999998,"maxY":49.292915,"minX":-2.25513799999999,"minY":49.147084},"result":"Jersey"}