{"bounds":{"maxX":-76.6196219999999,"maxY":18.174565,"minX":-76.889381,"minY":17.927361},"result":"Saint Andrew, Jamaica"}