{"bounds":{"maxX":-75.969863,"maxY":18.089932,"minX":-76.661529,"minY":17.389305},"result":"Saint Thomas, Jamaica"}