{"bounds":{"maxX":-77.909501,"maxY":18.462917,"minX":-78.34903,"minY":18.308959},"result":"Hanover, Jamaica"}