{"bounds":{"maxX":-76.9981,"maxY":18.480138,"minX":-77.487357,"minY":18.182957},"result":"Saint Ann, Jamaica"}