{"bounds":{"maxX":-77.7341699999999,"maxY":18.52514,"minX":-77.995796,"minY":18.213536},"result":"Saint James, Jamaica"}