{"bounds":{"maxX":-77.44188,"maxY":18.510972,"minX":-77.772218,"minY":18.202364},"result":"Trelawny, Jamaica"}