{"bounds":{"maxX":-76.722505,"maxY":17.981962,"minX":-76.8085849999999,"minY":17.954583},"result":"Kingston, Jamaica"}