{"bounds":{"maxX":-76.699761,"maxY":18.424306,"minX":-77.0752419999999,"minY":18.133067},"result":"Saint Mary, Jamaica"}