{"bounds":{"maxX":-76.262085,"maxY":18.267084,"minX":-76.753549,"minY":17.987036},"result":"Portland, Jamaica"}