{"bounds":{"maxX":-77.1248629999999,"maxY":18.217976,"minX":-77.487296,"minY":17.705695},"result":"Clarendon, Jamaica"}