{"bounds":{"maxX":-77.359008,"maxY":18.249549,"minX":-77.6317519999999,"minY":17.842361},"result":"Manchester, Jamaica"}