{"bounds":{"maxX":-77.873192,"maxY":18.357037,"minX":-78.369025,"minY":18.058977},"result":"Westmoreland, Jamaica"}