{"bounds":{"maxX":-77.566993,"maxY":18.250941,"minX":-77.9523629999999,"minY":17.020415},"result":"Saint Elizabeth, Jamaica"}