{"bounds":{"maxX":-76.8395839999999,"maxY":18.259488,"minX":-77.212068,"minY":17.794305},"result":"Saint Catherine, Jamaica"}