{"bounds":{"maxX":-75.969863,"maxY":18.52514,"minX":-78.369025,"minY":17.020415},"result":"Jamaica"}