{"bounds":{"maxX":37.245549,"maxY":32.068172,"minX":35.7174,"minY":31.241682},"result":"Amman, Jordan"}