{"bounds":{"maxX":36.102478,"maxY":31.021891,"minX":35.334229,"minY":30.622744},"result":"At Tafilah, Jordan"}