{"bounds":{"maxX":35.967175,"maxY":32.420455,"minX":35.667038,"minY":32.169575},"result":"Ajlun, Jordan"}