{"bounds":{"maxX":35.742283,"maxY":30.888835,"minX":34.957638,"minY":29.237061},"result":"Al 'Aqaba, Jordan"}