{"bounds":{"maxX":37.733254,"maxY":32.177288,"minX":35.947738,"minY":31.488818},"result":"Az Zarqa', Jordan"}