{"bounds":{"maxX":35.951882,"maxY":32.245251,"minX":35.523434,"minY":31.708576},"result":"Al Balqa', Jordan"}