{"bounds":{"maxX":36.178403,"maxY":32.759557,"minX":35.557824,"minY":32.228397},"result":"Irbid, Jordan"}