{"bounds":{"maxX":36.074009,"maxY":32.374642,"minX":35.742673,"minY":32.110115},"result":"Jarash, Jordan"}