{"bounds":{"maxX":36.241227,"maxY":31.477707,"minX":35.389808,"minY":30.839369},"result":"Al Karak, Jordan"}