{"bounds":{"maxX":35.914237,"maxY":31.795503,"minX":35.475453,"minY":31.441254},"result":"Madabah, Jordan"}