{"bounds":{"maxX":39.302086,"maxY":33.368172,"minX":36.00494,"minY":31.677245},"result":"Al Mafraq, Jordan"}