{"bounds":{"maxX":37.996818,"maxY":31.264291,"minX":35.303226,"minY":29.185879},"result":"Ma‘an, Jordan"}