{"bounds":{"maxX":39.302086,"maxY":33.368172,"minX":34.957638,"minY":29.185879},"result":"Jordan"}