{"bounds":{"maxX":140.305694580078,"maxY":40.0131340026855,"minX":140.016098022461,"minY":39.8276672363281},"result":"Gojome, Akita, Japan"}