{"bounds":{"maxX":140.164093017578,"maxY":40.4693336486816,"minX":139.936401367188,"minY":40.2487335205078},"result":"Happo, Akita, Japan"}