{"bounds":{"maxX":142.742004394531,"maxY":43.9570007324219,"minX":142.149993896484,"minY":43.5450668334961},"result":"Asahikawa, Hokkaido, Japan"}