{"bounds":{"maxX":140.215896606445,"maxY":38.8212013244629,"minX":140.028991699219,"minY":38.6144676208496},"result":"Tozawa, Yamagata, Japan"}