{"bounds":{"maxX":140.648438,"maxY":39.13073,"minX":139.539748,"minY":37.730942},"result":"Yamagata, Japan"}