{"bounds":{"maxX":141.353698730469,"maxY":41.1579322814941,"minX":141.221298217773,"minY":40.9698677062988},"result":"Yokohama, Aomori, Japan"}