{"bounds":{"maxX":141.728805541992,"maxY":39.1265335083008,"minX":141.460800170898,"minY":38.9381980895996},"result":"Rikuzentakata, Iwate, Japan"}