{"bounds":{"maxX":139.963104248047,"maxY":36.4915351867676,"minX":139.864105224609,"minY":36.3947334289551},"result":"Kaminokawa, Tochigi, Japan"}