{"bounds":{"maxX":144.031692504883,"maxY":43.5598678588867,"minX":143.21240234375,"minY":43.1899337768555},"result":"Ashoro, Hokkaido, Japan"}