{"bounds":{"maxX":139.866409301758,"maxY":37.3115348815918,"minX":139.374496459961,"minY":36.9682006835938},"result":"Minamiaizu, Fukushima, Japan"}