{"bounds":{"maxX":140.515701293945,"maxY":39.8651313781738,"minX":140.015502929688,"minY":39.449333190918},"result":"Akita, Akita, Japan"}