{"bounds":{"maxX":140.312393188477,"maxY":38.3599319458008,"minX":140.204391479492,"minY":38.306999206543},"result":"Nakayama, Yamagata, Japan"}