{"bounds":{"maxX":141.189804077148,"maxY":42.5551986694336,"minX":140.969696044922,"minY":42.3527336120605},"result":"Noboribetsu, Hokkaido, Japan"}