{"bounds":{"maxX":143.525100708008,"maxY":42.677734375,"minX":142.825698852539,"minY":42.372200012207},"result":"Taiki, Hokkaido, Japan"}