{"bounds":{"maxX":140.110092163086,"maxY":38.2467994689941,"minX":139.878005981445,"minY":38.0429992675781},"result":"Nagai, Yamagata, Japan"}