{"bounds":{"maxX":143.101196289063,"maxY":44.6880683898926,"minX":142.58479309082,"minY":44.4326667785645},"result":"Omu, Hokkaido, Japan"}