{"bounds":{"maxX":140.028503417969,"maxY":36.1467323303223,"minX":139.895706176758,"minY":35.9683990478516},"result":"Joso, Ibaraki, Japan"}