{"bounds":{"maxX":140.355407714844,"maxY":39.598201751709,"minX":139.980499267578,"minY":39.0144004821777},"result":"Yurihonjo, Akita, Japan"}