{"bounds":{"maxX":142.062103271484,"maxY":43.4198684692383,"minX":141.69499206543,"minY":43.2490653991699},"result":"Bibai, Hokkaido, Japan"}