{"bounds":{"maxX":140.564193725586,"maxY":37.6261329650879,"minX":140.036193847656,"minY":37.2661323547363},"result":"Koriyama, Fukushima, Japan"}