{"bounds":{"maxX":141.967895507813,"maxY":39.5297317504883,"minX":141.703201293945,"minY":39.3444671630859},"result":"Otsuchi, Iwate, Japan"}