{"bounds":{"maxX":139.8125,"maxY":36.4972686767578,"minX":139.563903808594,"minY":36.1997985839844},"result":"Tochigi, Tochigi, Japan"}