{"bounds":{"maxX":140.712493896484,"maxY":36.082332611084,"minX":140.553560550488,"minY":35.9286651611328},"result":"Kashima, Ibaraki, Japan"}