{"bounds":{"maxX":141.036804199219,"maxY":37.3377990722656,"minX":140.868103027344,"minY":37.2394676208496},"result":"Naraha, Fukushima, Japan"}