{"bounds":{"maxX":142.678298950195,"maxY":43.4021339416504,"minX":142.27229309082,"minY":43.1578674316406},"result":"Furano, Hokkaido, Japan"}