{"bounds":{"maxX":140.121398925781,"maxY":39.9872665405273,"minX":140.044403076172,"minY":39.9332008361816},"result":"Hachirogata, Akita, Japan"}