{"bounds":{"maxX":140.740905761719,"maxY":39.7242012023926,"minX":140.228302001953,"minY":39.3660659790039},"result":"Daisen, Akita, Japan"}