{"bounds":{"maxX":140.807205200195,"maxY":42.8786659240723,"minX":140.562698364258,"minY":42.7081985473633},"result":"Niseko, Hokkaido, Japan"}