{"bounds":{"maxX":143.777297973633,"maxY":44.2533340454102,"minX":143.411499023438,"minY":43.987865447998},"result":"Yubetsu, Hokkaido, Japan"}