{"bounds":{"maxX":141.425003051758,"maxY":42.7139320373535,"minX":141.085693359375,"minY":42.4528007507324},"result":"Shiraoi, Hokkaido, Japan"}