{"bounds":{"maxX":141.059692382813,"maxY":38.3749351501465,"minX":140.933898925781,"minY":38.3089332580566},"result":"Rifu, Miyagi, Japan"}