{"bounds":{"maxX":141.089904785156,"maxY":38.3279991149902,"minX":141.032302856445,"minY":38.2770652770996},"result":"Shichigahama, Miyagi, Japan"}