{"bounds":{"maxX":143.950393676758,"maxY":43.6410675048828,"minX":143.457000732422,"minY":43.3465347290039},"result":"Rikubetsu, Hokkaido, Japan"}