{"bounds":{"maxX":141.56689453125,"maxY":38.7534696678892,"minX":141.36799621582,"minY":38.5936660766602},"result":"Minamisanriku, Miyagi, Japan"}