{"bounds":{"maxX":140.910903930664,"maxY":42.8276672363281,"minX":140.720108032227,"minY":42.659065246582},"result":"Makkari, Hokkaido, Japan"}