{"bounds":{"maxX":140.56640625,"maxY":36.5157318115234,"minX":140.386901855469,"minY":36.398998260498},"result":"Naka, Ibaraki, Japan"}