{"bounds":{"maxX":140.252502441406,"maxY":37.1486663818359,"minX":139.931304931641,"minY":36.9152679443359},"result":"Nasu, Tochigi, Japan"}