{"bounds":{"maxX":140.217391967773,"maxY":39.9337310791016,"minX":140.016098022461,"minY":39.8545341491699},"result":"Ikawa, Akita, Japan"}