{"bounds":{"maxX":145.246398925781,"maxY":43.9028015136719,"minX":144.721298217773,"minY":43.5645332336426},"result":"Shibetsu, Hokkaido, Japan"}