{"bounds":{"maxX":141.045501708984,"maxY":43.1332015991211,"minX":140.76220703125,"minY":42.9553985595703},"result":"Akaigawa, Hokkaido, Japan"}