{"bounds":{"maxX":141.993698120117,"maxY":43.7496681213379,"minX":141.900497436523,"minY":43.6627349853516},"result":"Moseushi, Hokkaido, Japan"}