{"bounds":{"maxX":141.728393554688,"maxY":43.5856666564941,"minX":141.398803710938,"minY":43.1622657775879},"result":"Tobetsu, Hokkaido, Japan"}