{"bounds":{"maxX":144.59489440918,"maxY":43.7055320739746,"minX":144.217803955078,"minY":43.3892021179199},"result":"Teshikaga, Hokkaido, Japan"}