{"bounds":{"maxX":140.642593383789,"maxY":42.913932800293,"minX":140.358901977539,"minY":42.6363334655762},"result":"Rankoshi, Hokkaido, Japan"}