{"bounds":{"maxX":142.545196533203,"maxY":43.9942016601563,"minX":142.432800292969,"minY":43.8396682739258},"result":"Pippu, Hokkaido, Japan"}