{"bounds":{"maxX":140.412094116211,"maxY":37.2617988586426,"minX":140.099594116211,"minY":37.0005989074707},"result":"Shirakawa, Fukushima, Japan"}