{"bounds":{"maxX":140.96240234375,"maxY":38.2188682556152,"minX":140.784393310547,"minY":38.110466003418},"result":"Natori, Miyagi, Japan"}