{"bounds":{"maxX":143.411895751953,"maxY":43.5958671569824,"minX":143.00959777832,"minY":43.1882667541504},"result":"Kamishihoro, Hokkaido, Japan"}