{"bounds":{"maxX":141.794799804688,"maxY":40.4508666992188,"minX":141.571090698242,"minY":40.2150650024414},"result":"Hirono, Iwate, Japan"}