{"bounds":{"maxX":140.664901733398,"maxY":37.1677322387695,"minX":140.493804931641,"minY":36.9926681518555},"result":"Furudono, Fukushima, Japan"}