{"bounds":{"maxX":140.378997802734,"maxY":35.9160652160645,"minX":140.199005126953,"minY":35.854133605957},"result":"Kawachi, Ibaraki, Japan"}