{"bounds":{"maxX":141.039093017578,"maxY":37.3838653564453,"minX":140.901397705078,"minY":37.3043327331543},"result":"Tomioka, Fukushima, Japan"}