{"bounds":{"maxX":143.869995117188,"maxY":43.1647987365723,"minX":143.550201416016,"minY":42.6991996765137},"result":"Urahoro, Hokkaido, Japan"}