{"bounds":{"maxX":140.290498,"maxY":37.151218,"minX":137.534787,"minY":34.677802},"result":"Tochigi, Japan"}