{"bounds":{"maxX":141.053192138672,"maxY":42.9869346618652,"minX":140.807205200195,"minY":42.8054656982422},"result":"Kyogoku, Hokkaido, Japan"}