{"bounds":{"maxX":140.085403442383,"maxY":36.6778678894043,"minX":139.95539855957,"minY":36.576000213623},"result":"Takanezawa, Tochigi, Japan"}