{"bounds":{"maxX":140.446105957031,"maxY":38.2238655090332,"minX":140.183502197266,"minY":38.0538673400879},"result":"Kaminoyama, Yamagata, Japan"}