{"bounds":{"maxX":141.770401000977,"maxY":43.0838661193848,"minX":141.580200195313,"minY":42.8861999511719},"result":"Naganuma, Hokkaido, Japan"}