{"bounds":{"maxX":140.299697875977,"maxY":40.3747329711914,"minX":139.972702026367,"minY":40.0479354858398},"result":"Noshiro, Akita, Japan"}