{"bounds":{"maxX":140.563903808594,"maxY":37.5116004943848,"minX":140.423706054688,"minY":37.3703994750977},"result":"Miharu, Fukushima, Japan"}