{"bounds":{"maxX":140.535095214844,"maxY":37.3724670410156,"minX":140.106506347656,"minY":37.2244682312012},"result":"Sukagawa, Fukushima, Japan"}