{"bounds":{"maxX":140.285003662109,"maxY":37.7561340332031,"minX":140.014801025391,"minY":37.4491310119629},"result":"Inawashiro, Fukushima, Japan"}