{"bounds":{"maxX":140.459899902344,"maxY":36.7240676879883,"minX":140.220596313477,"minY":36.4907341003418},"result":"Hitachiomiya, Ibaraki, Japan"}