{"bounds":{"maxX":140.567480701075,"maxY":36.1659355163574,"minX":140.362594604492,"minY":35.9697750788764},"result":"Namegata, Ibaraki, Japan"}