{"bounds":{"maxX":141.939804077148,"maxY":44.6436653137207,"minX":141.747299194336,"minY":44.3887329101563},"result":"Shosambetsu, Hokkaido, Japan"}