{"bounds":{"maxX":140.897399902344,"maxY":39.6044006347656,"minX":140.654098510742,"minY":39.1655311584473},"result":"Nishiwaga, Iwate, Japan"}