{"bounds":{"maxX":140.889694213867,"maxY":38.5731315612793,"minX":140.619705200195,"minY":38.4476013183594},"result":"Shikama, Miyagi, Japan"}