{"bounds":{"maxX":142.334503173828,"maxY":42.987735748291,"minX":141.877502441406,"minY":42.5285339355469},"result":"Mukawa, Hokkaido, Japan"}