{"bounds":{"maxX":143.276794433594,"maxY":44.4987335205078,"minX":142.85710144043,"minY":44.2876663208008},"result":"Okoppe, Hokkaido, Japan"}