{"bounds":{"maxX":140.035995483398,"maxY":38.1074676513672,"minX":139.731796264648,"minY":37.803466796875},"result":"Iide, Yamagata, Japan"}