{"bounds":{"maxX":140.242492675781,"maxY":36.7451324462891,"minX":140.029907226563,"minY":36.5872650146484},"result":"Nasukarasuyama, Tochigi, Japan"}