{"bounds":{"maxX":141.398895263672,"maxY":41.1330642700195,"minX":141.232803344727,"minY":40.8324661254883},"result":"Rokkasho, Aomori, Japan"}