{"bounds":{"maxX":142.240600585938,"maxY":44.0498657226563,"minX":141.962478637695,"minY":43.6318664550781},"result":"Fukagawa, Hokkaido, Japan"}