{"bounds":{"maxX":143.69140625,"maxY":42.8945999145508,"minX":143.328994750977,"minY":42.5738639831543},"result":"Toyokoro, Hokkaido, Japan"}