{"bounds":{"maxX":140.03759765625,"maxY":36.2449340820313,"minX":139.905502319336,"minY":36.1325988769531},"result":"Shimotsuma, Ibaraki, Japan"}