{"bounds":{"maxX":141.955001831055,"maxY":42.9227981567383,"minX":141.736999511719,"minY":42.6975326538086},"result":"Abira, Hokkaido, Japan"}