{"bounds":{"maxX":140.586303710938,"maxY":38.4875335693359,"minX":140.327896118164,"minY":38.3499984741211},"result":"Higashine, Yamagata, Japan"}