{"bounds":{"maxX":141.046798706055,"maxY":38.4549980163574,"minX":140.46989440918,"minY":38.1741981506348},"result":"Sendai, Miyagi, Japan"}