{"bounds":{"maxX":140.317398071289,"maxY":37.3422660827637,"minX":139.948196411133,"minY":37.1966667175293},"result":"Tenei, Fukushima, Japan"}