{"bounds":{"maxX":139.714904785156,"maxY":37.5019989013672,"minX":139.586807250977,"minY":37.3675346374512},"result":"Mishima, Fukushima, Japan"}