{"bounds":{"maxX":140.59260559082,"maxY":37.0170669555664,"minX":140.289703369141,"minY":36.8419990539551},"result":"Hanawa, Fukushima, Japan"}