{"bounds":{"maxX":140.4375,"maxY":41.0126647949219,"minX":140.250198364258,"minY":40.7575988769531},"result":"Tsugaru, Aomori, Japan"}