{"bounds":{"maxX":143.559707641602,"maxY":44.401668548584,"minX":143.095901489258,"minY":43.9930000305176},"result":"Mombetsu, Hokkaido, Japan"}