{"bounds":{"maxX":143.416198730469,"maxY":43.2502670288086,"minX":143.100997924805,"minY":43.0790672302246},"result":"Shihoro, Hokkaido, Japan"}