{"bounds":{"maxX":139.939193725586,"maxY":36.9071311950684,"minX":139.727096557617,"minY":36.7191314697266},"result":"Shioya, Tochigi, Japan"}