{"bounds":{"maxX":144.38850402832,"maxY":43.9687995910645,"minX":144.047607421875,"minY":43.7061996459961},"result":"Ozora, Hokkaido, Japan"}