{"bounds":{"maxX":142.05419921875,"maxY":45.5264802907489,"minX":141.569595336914,"minY":45.1699981689453},"result":"Wakkanai, Hokkaido, Japan"}