{"bounds":{"maxX":140.463592529297,"maxY":38.5789985656738,"minX":140.208206176758,"minY":38.4552001953125},"result":"Murayama, Yamagata, Japan"}