{"bounds":{"maxX":140.620101928711,"maxY":38.7219314575195,"minX":140.313003540039,"minY":38.437198638916},"result":"Obanazawa, Yamagata, Japan"}