{"bounds":{"maxX":140.906600952148,"maxY":38.7081336975098,"minX":140.537994384766,"minY":38.4555320739746},"result":"Kami, Miyagi, Japan"}