{"bounds":{"maxX":140.492599487305,"maxY":38.9651336669922,"minX":140.281494140625,"minY":38.8434677124023},"result":"Kaneyama, Yamagata, Japan"}