{"bounds":{"maxX":142.09309387207,"maxY":43.5359344482422,"minX":141.969696044922,"minY":43.437198638916},"result":"Utashinai, Hokkaido, Japan"}