{"bounds":{"maxX":141.673294067383,"maxY":43.2869338989258,"minX":141.56689453125,"minY":43.158332824707},"result":"Shinshinotsu, Hokkaido, Japan"}