{"bounds":{"maxX":140.95930480957,"maxY":37.903865814209,"minX":140.85090637207,"minY":37.8363990783691},"result":"Shinchi, Fukushima, Japan"}