{"bounds":{"maxX":142.448196411133,"maxY":44.1870651245117,"minX":142.268508911133,"minY":44.0380668640137},"result":"Kembuchi, Hokkaido, Japan"}