{"bounds":{"maxX":141.303802490234,"maxY":40.7021980285645,"minX":140.851699829102,"minY":40.4216003417969},"result":"Towada, Aomori, Japan"}