{"bounds":{"maxX":140.865005493164,"maxY":42.0980682373047,"minX":140.677795410156,"minY":41.9273338317871},"result":"Shikabe, Hokkaido, Japan"}