{"bounds":{"maxX":142.562194824219,"maxY":43.4715347290039,"minX":142.346603393555,"minY":43.3522682189941},"result":"Nakafurano, Hokkaido, Japan"}