{"bounds":{"maxX":140.135696411133,"maxY":38.0665321350098,"minX":139.922607421875,"minY":37.8750686645508},"result":"Kawanishi, Yamagata, Japan"}