{"bounds":{"maxX":141.238693237305,"maxY":40.4991989135742,"minX":140.979095458984,"minY":40.4015312194824},"result":"Shingo, Aomori, Japan"}