{"bounds":{"maxX":140.600692749023,"maxY":36.8637351989746,"minX":140.414794921875,"minY":36.4907989501953},"result":"Hitachiota, Ibaraki, Japan"}