{"bounds":{"maxX":140.172393798828,"maxY":36.2361335754395,"minX":139.995895385742,"minY":35.9474639892578},"result":"Tsukuba, Ibaraki, Japan"}