{"bounds":{"maxX":140.879699707031,"maxY":40.6315994262695,"minX":140.509201049805,"minY":40.4034004211426},"result":"Hirakawa, Aomori, Japan"}