{"bounds":{"maxX":142.043701171875,"maxY":43.3382682800293,"minX":141.610702514648,"minY":43.0764007568359},"result":"Iwamizawa, Hokkaido, Japan"}