{"bounds":{"maxX":141.414993286133,"maxY":38.8229331970215,"minX":141.05549621582,"minY":38.5476684570313},"result":"Tome, Miyagi, Japan"}