{"bounds":{"maxX":140.084503173828,"maxY":36.8024673461914,"minX":139.906997680664,"minY":36.640266418457},"result":"Sakura, Tochigi, Japan"}