{"bounds":{"maxX":142.222900390625,"maxY":44.9060668945313,"minX":141.977096557617,"minY":44.4607315063477},"result":"Nakagawa, Hokkaido, Japan"}