{"bounds":{"maxX":141.922607421875,"maxY":39.2035331726074,"minX":141.61799621582,"minY":38.9858665466309},"result":"Ofunato, Iwate, Japan"}