{"bounds":{"maxX":145.817398071289,"maxY":43.3997344970703,"minX":145.196701049805,"minY":43.1593322753906},"result":"Nemuro, Hokkaido, Japan"}