{"bounds":{"maxX":140.405473915975,"maxY":36.2091979980469,"minX":140.176498413086,"minY":36.0377255418219},"result":"Kasumigaura, Ibaraki, Japan"}