{"bounds":{"maxX":141.292892456055,"maxY":43.239933013916,"minX":140.84489440918,"minY":43.061466217041},"result":"Otaru, Hokkaido, Japan"}