{"bounds":{"maxX":140.199203491211,"maxY":38.3630676269531,"minX":139.916702270508,"minY":38.1800003051758},"result":"Asahi, Yamagata, Japan"}