{"bounds":{"maxX":141.406692504883,"maxY":39.3190650939941,"minX":140.749603271484,"minY":38.9855995178223},"result":"Oshu, Iwate, Japan"}