{"bounds":{"maxX":141.166595458984,"maxY":38.9644012451172,"minX":140.707595825195,"minY":38.6279335021973},"result":"Kurihara, Miyagi, Japan"}