{"bounds":{"maxX":140.072601318359,"maxY":37.6151313781738,"minX":139.927597045898,"minY":37.534065246582},"result":"Bandai, Fukushima, Japan"}