{"bounds":{"maxX":142.010406494141,"maxY":43.8146667480469,"minX":141.895599365234,"minY":43.7459335327148},"result":"Chippubetsu, Hokkaido, Japan"}