{"bounds":{"maxX":143.834594726563,"maxY":43.7845344543457,"minX":143.61799621582,"minY":43.6174011230469},"result":"Kunneppu, Hokkaido, Japan"}