{"bounds":{"maxX":144.73420715332,"maxY":43.8842658996582,"minX":144.482208251953,"minY":43.6013336181641},"result":"Kiyosato, Hokkaido, Japan"}