{"bounds":{"maxX":140.532806396484,"maxY":36.345531463623,"minX":140.342697143555,"minY":36.2196006774902},"result":"Ibaraki, Ibaraki, Japan"}