{"bounds":{"maxX":145.817459,"maxY":45.522785,"minX":139.401671,"minY":41.397952},"result":"Hokkaido, Japan"}