{"bounds":{"maxX":141.527191162109,"maxY":39.9303321838379,"minX":140.994598388672,"minY":39.5642013549805},"result":"Morioka, Iwate, Japan"}