{"bounds":{"maxX":140.453796386719,"maxY":39.0618667602539,"minX":140.110397338867,"minY":38.8335990905762},"result":"Mamurogawa, Yamagata, Japan"}