{"bounds":{"maxX":140.519393920898,"maxY":37.2568016052246,"minX":140.388595581055,"minY":37.1801338195801},"result":"Tamakawa, Fukushima, Japan"}