{"bounds":{"maxX":140.706192016602,"maxY":38.0968017578125,"minX":140.46809387207,"minY":37.8999328613281},"result":"Shiroishi, Miyagi, Japan"}