{"bounds":{"maxX":140.071502685547,"maxY":40.0940017700195,"minX":139.922607421875,"minY":39.9202651977539},"result":"Ogata, Akita, Japan"}