{"bounds":{"maxX":142.072998046875,"maxY":43.4855346679688,"minX":141.945892333984,"minY":43.4098663330078},"result":"Kamisunagawa, Hokkaido, Japan"}