{"bounds":{"maxX":140.753799438477,"maxY":38.0768013000488,"minX":140.677200317383,"minY":38.0226669311523},"result":"Ogawara, Miyagi, Japan"}