{"bounds":{"maxX":141.046189,"maxY":37.973683,"minX":139.168044,"minY":36.79261},"result":"Fukushima, Japan"}