{"bounds":{"maxX":140.31379699707,"maxY":38.8748664855957,"minX":140.088897705078,"minY":38.7655982971191},"result":"Sakegawa, Yamagata, Japan"}