{"bounds":{"maxX":141.199493408203,"maxY":42.8277320861816,"minX":140.773498535156,"minY":42.380199432373},"result":"Date, Hokkaido, Japan"}