{"bounds":{"maxX":140.528305053711,"maxY":36.9406661987305,"minX":140.283294677734,"minY":36.7918014526367},"result":"Yamatsuri, Fukushima, Japan"}