{"bounds":{"maxX":141.998306274414,"maxY":43.5637321472168,"minX":141.869903564453,"minY":43.4501342773438},"result":"Sunagawa, Hokkaido, Japan"}