{"bounds":{"maxX":140.404098510742,"maxY":38.650333404541,"minX":140.246398925781,"minY":38.5443992614746},"result":"Oishida, Yamagata, Japan"}