{"bounds":{"maxX":140.141403198242,"maxY":37.1549987792969,"minX":139.733306884766,"minY":36.8372650146484},"result":"Nasushiobara, Tochigi, Japan"}