{"bounds":{"maxX":141.746200561523,"maxY":39.558666229248,"minX":141.300201416016,"minY":39.1927337646484},"result":"Tono, Iwate, Japan"}