{"bounds":{"maxX":141.131698608398,"maxY":38.3542671203613,"minX":140.994094848633,"minY":38.3030662536621},"result":"Shiogama, Miyagi, Japan"}