{"bounds":{"maxX":140.686492919922,"maxY":37.6514015197754,"minX":140.280807495117,"minY":37.4993324279785},"result":"Nihommatsu, Fukushima, Japan"}