{"bounds":{"maxX":140.833694458008,"maxY":43.1758651733398,"minX":140.633193969727,"minY":43.0027313232422},"result":"Niki, Hokkaido, Japan"}