{"bounds":{"maxX":140.067398071289,"maxY":36.378532409668,"minX":139.888305664063,"minY":36.1990013122559},"result":"Chikusei, Ibaraki, Japan"}