{"bounds":{"maxX":140.6123046875,"maxY":36.2782669067383,"minX":140.415496826172,"minY":36.0616222716886},"result":"Hokota, Ibaraki, Japan"}