{"bounds":{"maxX":140.460403442383,"maxY":39.2641983032227,"minX":140.220993041992,"minY":39.0827980041504},"result":"Ugo, Akita, Japan"}