{"bounds":{"maxX":142.419296264648,"maxY":44.828067779541,"minX":142.140701293945,"minY":44.6038665771484},"result":"Otoineppu, Hokkaido, Japan"}