{"bounds":{"maxX":140.541107177734,"maxY":43.2826652526855,"minX":140.325698852539,"minY":43.1194686889648},"result":"Kamoenai, Hokkaido, Japan"}