{"bounds":{"maxX":142.368698120117,"maxY":43.6615982055664,"minX":142.047103881836,"minY":43.2077980041504},"result":"Ashibetsu, Hokkaido, Japan"}