{"bounds":{"maxX":140.743896484375,"maxY":40.4875984191895,"minX":140.332992553711,"minY":40.0488662719727},"result":"Odate, Akita, Japan"}