{"bounds":{"maxX":140.501205444336,"maxY":40.7902641296387,"minX":140.340103149414,"minY":40.7220687866211},"result":"Tsuruta, Aomori, Japan"}