{"bounds":{"maxX":141.675551,"maxY":38.999146,"minX":140.279006,"minY":37.772297},"result":"Miyagi, Japan"}