{"bounds":{"maxX":141.589904785156,"maxY":38.6325988769531,"minX":141.162200927734,"minY":38.2463989257813},"result":"Ishinomaki, Miyagi, Japan"}