{"bounds":{"maxX":140.749801635742,"maxY":38.2670669555664,"minX":140.446105957031,"minY":38.1346015930176},"result":"Kawasaki, Miyagi, Japan"}