{"bounds":{"maxX":140.546600341797,"maxY":42.6324005126953,"minX":140.188903808594,"minY":42.3754005432129},"result":"Oshamambe, Hokkaido, Japan"}