{"bounds":{"maxX":139.548202514648,"maxY":36.44580078125,"minX":139.361099243164,"minY":36.2711334228516},"result":"Ashikaga, Tochigi, Japan"}