{"bounds":{"maxX":140.113585907771,"maxY":37.5833320617676,"minX":139.839096069336,"minY":37.3232002258301},"result":"Aizuwakamatsu, Fukushima, Japan"}