{"bounds":{"maxX":141.868499755859,"maxY":43.5018653869629,"minX":141.720794677734,"minY":43.3573989868164},"result":"Urausu, Hokkaido, Japan"}