{"bounds":{"maxX":139.786804199219,"maxY":36.1359329223633,"minX":139.710098266602,"minY":36.0811996459961},"result":"Goka, Ibaraki, Japan"}