{"bounds":{"maxX":141.330505371094,"maxY":45.2602005004883,"minX":141.149703979492,"minY":45.1015319824219},"result":"Rishirifuji, Hokkaido, Japan"}