{"bounds":{"maxX":141.162200927734,"maxY":38.9240646362305,"minX":140.539794921875,"minY":38.4416007995605},"result":"Osaki, Miyagi, Japan"}