{"bounds":{"maxX":144.786193847656,"maxY":43.1192016601563,"minX":144.398300170898,"minY":42.9336013793945},"result":"Kushiro, Hokkaido, Japan"}