{"bounds":{"maxX":141.911895751953,"maxY":43.8522682189941,"minX":141.52409362793,"minY":43.7061996459961},"result":"Hokuryu, Hokkaido, Japan"}