{"bounds":{"maxX":140.570495605469,"maxY":37.9768676757813,"minX":140.230194091797,"minY":37.6245346069336},"result":"Fukushima, Fukushima, Japan"}