{"bounds":{"maxX":140.012603759766,"maxY":37.3617324829102,"minX":139.705596923828,"minY":37.1463356018066},"result":"Shimogo, Fukushima, Japan"}