{"bounds":{"maxX":140.940902709961,"maxY":41.469066619873,"minX":140.778594970703,"minY":41.2108001708984},"result":"Sai, Aomori, Japan"}