{"bounds":{"maxX":141.115997314453,"maxY":41.5296669006348,"minX":140.934707641602,"minY":41.4214668273926},"result":"Kazamaura, Aomori, Japan"}