{"bounds":{"maxX":141.309707641602,"maxY":39.6078681945801,"minX":140.962203979492,"minY":39.4837341308594},"result":"Shiwa, Iwate, Japan"}