{"bounds":{"maxX":141.468994140625,"maxY":41.4316673278809,"minX":141.226898193359,"minY":41.1072006225586},"result":"Higashidori, Aomori, Japan"}