{"bounds":{"maxX":140.283798217773,"maxY":36.175464630127,"minX":140.124893188477,"minY":36.0148010253906},"result":"Tsuchiura, Ibaraki, Japan"}