{"bounds":{"maxX":139.872695922852,"maxY":37.6373329162598,"minX":139.717895507813,"minY":37.5144653320313},"result":"Aizubange, Fukushima, Japan"}