{"bounds":{"maxX":140.154296875,"maxY":35.9542655944824,"minX":139.995208740234,"minY":35.8708648681641},"result":"Toride, Ibaraki, Japan"}