{"bounds":{"maxX":140.347198486328,"maxY":38.473331451416,"minX":140.254699707031,"minY":38.3755989074707},"result":"Kahoku, Yamagata, Japan"}