{"bounds":{"maxX":141.06120300293,"maxY":38.5058670043945,"minX":140.947998046875,"minY":38.3632011413574},"result":"Osato, Miyagi, Japan"}