{"bounds":{"maxX":140.238006591797,"maxY":38.2234687805176,"minX":140.070098876953,"minY":38.0196685791016},"result":"Nanyo, Yamagata, Japan"}