{"bounds":{"maxX":143.452407836914,"maxY":42.9434661865234,"minX":143.203994750977,"minY":42.5098648071289},"result":"Makubetsu, Hokkaido, Japan"}