{"bounds":{"maxX":141.598602294922,"maxY":43.7386665344238,"minX":141.248199462891,"minY":43.1344680786133},"result":"Ishikari, Hokkaido, Japan"}