{"bounds":{"maxX":140.591995239258,"maxY":41.1280670166016,"minX":140.306106567383,"minY":40.7301330566406},"result":"Goshogawara, Aomori, Japan"}