{"bounds":{"maxX":139.459899902344,"maxY":37.2028007507324,"minX":139.230606079102,"minY":36.9109344482422},"result":"Hinoemata, Fukushima, Japan"}