{"bounds":{"maxX":140.000900268555,"maxY":37.856201171875,"minX":139.669097900391,"minY":37.5785331726074},"result":"Kitakata, Fukushima, Japan"}