{"bounds":{"maxX":140.916900634766,"maxY":37.4047317504883,"minX":140.699203491211,"minY":37.2518005371094},"result":"Kawauchi, Fukushima, Japan"}