{"bounds":{"maxX":141.45329284668,"maxY":40.5039329528809,"minX":141.212203979492,"minY":40.3315353393555},"result":"Nambu, Aomori, Japan"}