{"bounds":{"maxX":141.997604370117,"maxY":39.4122009277344,"minX":141.654693603516,"minY":39.1684646606445},"result":"Kamaishi, Iwate, Japan"}