{"bounds":{"maxX":141.589599609375,"maxY":40.153865814209,"minX":141.287704467773,"minY":39.8748664855957},"result":"Kuzumaki, Iwate, Japan"}