{"bounds":{"maxX":140.598403930664,"maxY":40.761531829834,"minX":140.155303955078,"minY":40.4680023193359},"result":"Hirosaki, Aomori, Japan"}