{"bounds":{"maxX":139.906799316406,"maxY":37.5937347412109,"minX":139.858795166016,"minY":37.5425987243652},"result":"Yugawa, Fukushima, Japan"}