{"bounds":{"maxX":142.088104248047,"maxY":44.3484687805176,"minX":141.64860534668,"minY":44.0917320251465},"result":"Tomamae, Hokkaido, Japan"}