{"bounds":{"maxX":142.1123046875,"maxY":42.8747329711914,"minX":141.799392700195,"minY":42.5873336791992},"result":"Atsuma, Hokkaido, Japan"}