{"bounds":{"maxX":142.086196899414,"maxY":44.0071334838867,"minX":141.858993530273,"minY":43.7682685852051},"result":"Numata, Hokkaido, Japan"}