{"bounds":{"maxX":142.019302368164,"maxY":45.2746658325195,"minX":141.5791015625,"minY":45.0323333740234},"result":"Toyotomi, Hokkaido, Japan"}