{"bounds":{"maxX":140.732894897461,"maxY":40.3554000854492,"minX":140.243301391602,"minY":39.796199798584},"result":"Kitaakita, Akita, Japan"}