{"bounds":{"maxX":142.345596313477,"maxY":45.4033317565918,"minX":141.960494995117,"minY":45.052131652832},"result":"Sarufutsu, Hokkaido, Japan"}