{"bounds":{"maxX":140.173400878906,"maxY":38.2690658569336,"minX":139.97770690918,"minY":38.1286659240723},"result":"Shirataka, Yamagata, Japan"}