{"bounds":{"maxX":140.679306030273,"maxY":40.5504684448242,"minX":140.433700561523,"minY":40.3975982666016},"result":"Owani, Aomori, Japan"}