{"bounds":{"maxX":140.968002319336,"maxY":41.5561981201172,"minX":140.882507324219,"minY":41.4216003417969},"result":"Oma, Aomori, Japan"}