{"bounds":{"maxX":140.190994262695,"maxY":36.414665222168,"minX":140.034698486328,"minY":36.2261352539063},"result":"Sakuragawa, Ibaraki, Japan"}