{"bounds":{"maxX":142.149398803711,"maxY":43.6489334106445,"minX":141.975601196289,"minY":43.4828681945801},"result":"Akabira, Hokkaido, Japan"}