{"bounds":{"maxX":140.010604858398,"maxY":36.7302017211914,"minX":139.74299621582,"minY":36.4641342163086},"result":"Utsunomiya, Tochigi, Japan"}