{"bounds":{"maxX":140.449905395508,"maxY":36.2807998657227,"minX":140.272094726563,"minY":36.1295318603516},"result":"Omitama, Ibaraki, Japan"}