{"bounds":{"maxX":139.993301391602,"maxY":36.9276008605957,"minX":139.787292480469,"minY":36.7266654968262},"result":"Yaita, Tochigi, Japan"}