{"bounds":{"maxX":140.155899047852,"maxY":36.6258659362793,"minX":140.044891357422,"minY":36.487865447998},"result":"Ichikai, Tochigi, Japan"}