{"bounds":{"maxX":140.40883325339,"maxY":36.0514678955078,"minX":140.267501831055,"minY":35.973934173584},"result":"Miho, Ibaraki, Japan"}