{"bounds":{"maxX":140.408996582031,"maxY":41.6272659301758,"minX":140.164794921875,"minY":41.4053993225098},"result":"Fukushima, Hokkaido, Japan"}