{"bounds":{"maxX":139.832000732422,"maxY":36.7147979736328,"minX":139.464096069336,"minY":36.4612655639648},"result":"Kanuma, Tochigi, Japan"}