{"bounds":{"maxX":141.087692260742,"maxY":42.6459350585938,"minX":140.826095581055,"minY":42.5043334960938},"result":"Sobetsu, Hokkaido, Japan"}