{"bounds":{"maxX":141.493804931641,"maxY":39.1624641418457,"minX":140.764205932617,"minY":38.7484016418457},"result":"Ichinoseki, Iwate, Japan"}