{"bounds":{"maxX":139.852798461914,"maxY":37.091667175293,"minX":139.327301025391,"minY":36.6011352539063},"result":"Nikko, Tochigi, Japan"}