{"bounds":{"maxX":143.02490234375,"maxY":43.1206016540527,"minX":142.741302490234,"minY":42.8400650024414},"result":"Shimizu, Hokkaido, Japan"}