{"bounds":{"maxX":143.591796875,"maxY":43.1164016723633,"minX":143.320602416992,"minY":42.8745346069336},"result":"Ikeda, Hokkaido, Japan"}