{"bounds":{"maxX":143.15119934082,"maxY":43.3972015380859,"minX":142.923797607422,"minY":43.011531829834},"result":"Shikaoi, Hokkaido, Japan"}