{"bounds":{"maxX":140.072296142578,"maxY":36.5098686218262,"minX":139.90739440918,"minY":36.3350677490234},"result":"Moka, Tochigi, Japan"}