{"bounds":{"maxX":142.775100708008,"maxY":44.0293312072754,"minX":142.511001586914,"minY":43.8294677734375},"result":"Aibetsu, Hokkaido, Japan"}