{"bounds":{"maxX":141.176696777344,"maxY":38.5929985046387,"minX":140.992492675781,"minY":38.4386672973633},"result":"Misato, Miyagi, Japan"}