{"bounds":{"maxX":141.339202880859,"maxY":41.4561996459961,"minX":140.764602661133,"minY":41.128532409668},"result":"Mutsu, Aomori, Japan"}