{"bounds":{"maxX":139.915100097656,"maxY":36.3888664245605,"minX":139.688705444336,"minY":36.2234687805176},"result":"Oyama, Tochigi, Japan"}