{"bounds":{"maxX":141.06770324707,"maxY":45.5056248515946,"minX":140.960860566791,"minY":45.274600982666},"result":"Rebun, Hokkaido, Japan"}