{"bounds":{"maxX":142.65739440918,"maxY":44.671199798584,"minX":142.180603027344,"minY":44.3941993713379},"result":"Bifuka, Hokkaido, Japan"}