{"bounds":{"maxX":140.603698730469,"maxY":41.2296676635742,"minX":140.407104492188,"minY":41.1032676696777},"result":"Imabetsu, Aomori, Japan"}