{"bounds":{"maxX":140.705902099609,"maxY":38.1497993469238,"minX":140.443206787109,"minY":38.0343322753906},"result":"Zao, Miyagi, Japan"}