{"bounds":{"maxX":142.330505371094,"maxY":43.2262001037598,"minX":141.903198242188,"minY":42.8605346679688},"result":"Yubari, Hokkaido, Japan"}