{"bounds":{"maxX":141.876403808594,"maxY":40.2961311340332,"minX":141.457305908203,"minY":40.0087356567383},"result":"Kuji, Iwate, Japan"}