{"bounds":{"maxX":139.908508300781,"maxY":36.3231353759766,"minX":139.816101074219,"minY":36.2018013000488},"result":"Yuki, Ibaraki, Japan"}