{"bounds":{"maxX":141.054901123047,"maxY":42.4379997253418,"minX":140.908493041992,"minY":42.3017311096191},"result":"Muroran, Hokkaido, Japan"}