{"bounds":{"maxX":140.595901489258,"maxY":36.3367347717285,"minX":140.522598266602,"minY":36.2557983398438},"result":"Oarai, Ibaraki, Japan"}