{"bounds":{"maxX":140.693695068359,"maxY":37.3664016723633,"minX":140.537902832031,"minY":37.2041320800781},"result":"Ono, Fukushima, Japan"}