{"bounds":{"maxX":142.695907592773,"maxY":42.8921318054199,"minX":142.047698974609,"minY":42.5220680236816},"result":"Biratori, Hokkaido, Japan"}