{"bounds":{"maxX":140.358505249023,"maxY":41.8577346801758,"minX":139.992599487305,"minY":41.5764007568359},"result":"Kaminokuni, Hokkaido, Japan"}