{"bounds":{"maxX":140.292602539063,"maxY":36.8428649902344,"minX":140.046401977539,"minY":36.6735343933105},"result":"Nakagawa, Tochigi, Japan"}