{"bounds":{"maxX":140.265899658203,"maxY":38.7259330749512,"minX":140.035995483398,"minY":38.4939346313477},"result":"Okura, Yamagata, Japan"}