{"bounds":{"maxX":145.326797485352,"maxY":43.2611999511719,"minX":144.913299560547,"minY":42.9917984008789},"result":"Hamanaka, Hokkaido, Japan"}