{"bounds":{"maxX":140.265899658203,"maxY":42.6185989379883,"minX":139.923004150391,"minY":42.2730674743652},"result":"Imakane, Hokkaido, Japan"}