{"bounds":{"maxX":140.245498657227,"maxY":40.1575317382813,"minX":139.945602416992,"minY":39.9749336242676},"result":"Mitane, Akita, Japan"}