{"bounds":{"maxX":143.197906494141,"maxY":44.2925338745117,"minX":142.838897705078,"minY":43.9149322509766},"result":"Takinoe, Hokkaido, Japan"}