{"bounds":{"maxX":141.980804443359,"maxY":40.0485343933105,"minX":141.395401000977,"minY":39.6770668029785},"result":"Iwaizumi, Iwate, Japan"}