{"bounds":{"maxX":140.32209777832,"maxY":38.5354652404785,"minX":140.150299072266,"minY":38.3424682617188},"result":"Sagae, Yamagata, Japan"}