{"bounds":{"maxX":140.351898193359,"maxY":36.3218002319336,"minX":140.110397338867,"minY":36.1255340576172},"result":"Ishioka, Ibaraki, Japan"}