{"bounds":{"maxX":141.106506347656,"maxY":42.886531829834,"minX":140.807205200195,"minY":42.7161331176758},"result":"Kimobetsu, Hokkaido, Japan"}