{"bounds":{"maxX":142.065994262695,"maxY":44.4560661315918,"minX":141.292999267578,"minY":44.2083320617676},"result":"Haboro, Hokkaido, Japan"}