{"bounds":{"maxX":143.967407226563,"maxY":44.145133972168,"minX":143.572601318359,"minY":43.8754005432129},"result":"Saroma, Hokkaido, Japan"}