{"bounds":{"maxX":141.256805419922,"maxY":45.2254676818848,"minX":141.128494262695,"minY":45.0985984802246},"result":"Rishiri, Hokkaido, Japan"}