{"bounds":{"maxX":145.389297485352,"maxY":43.6158676147461,"minX":144.639205932617,"minY":43.215934753418},"result":"Betsukai, Hokkaido, Japan"}