{"bounds":{"maxX":140.927093505859,"maxY":40.5114669799805,"minX":140.67610168457,"minY":40.2830009460449},"result":"Kosaka, Akita, Japan"}