{"bounds":{"maxX":140.767501831055,"maxY":42.1774673461914,"minX":140.394104003906,"minY":41.9615325927734},"result":"Mori, Hokkaido, Japan"}