{"bounds":{"maxX":143.11750793457,"maxY":42.4672660827637,"minX":142.649795532227,"minY":42.1366653442383},"result":"Urakawa, Hokkaido, Japan"}