{"bounds":{"maxX":140.172500610352,"maxY":37.7792663574219,"minX":139.909301757813,"minY":37.6027984619141},"result":"Kitashiobara, Fukushima, Japan"}