{"bounds":{"maxX":139.770095825195,"maxY":37.5754013061523,"minX":139.595001220703,"minY":37.3480644226074},"result":"Yanaizu, Fukushima, Japan"}