{"bounds":{"maxX":140.06689453125,"maxY":39.1339340209961,"minX":139.840408325195,"minY":38.9766654968262},"result":"Yuza, Yamagata, Japan"}