{"bounds":{"maxX":140.232604980469,"maxY":42.8072662353516,"minX":139.823394775391,"minY":42.5463333129883},"result":"Shimamaki, Hokkaido, Japan"}