{"bounds":{"maxX":141.855392456055,"maxY":40.1360015869141,"minX":141.734298706055,"minY":40.0131340026855},"result":"Noda, Iwate, Japan"}