{"bounds":{"maxX":141.040405273438,"maxY":37.4336013793945,"minX":140.853805541992,"minY":37.3728675842285},"result":"Okuma, Fukushima, Japan"}