{"bounds":{"maxX":141.494995117188,"maxY":39.5768661499023,"minX":140.879806518555,"minY":39.2607345581055},"result":"Hanamaki, Iwate, Japan"}