{"bounds":{"maxX":140.6376953125,"maxY":36.0120231190393,"minX":140.48487643669,"minY":35.9031982421875},"result":"Itako, Ibaraki, Japan"}