{"bounds":{"maxX":140.287796020508,"maxY":36.0552673339844,"minX":140.15869140625,"minY":35.9684677124023},"result":"Ami, Ibaraki, Japan"}