{"bounds":{"maxX":142.902297973633,"maxY":44.2973327636719,"minX":142.172897338867,"minY":43.9160652160645},"result":"Shibetsu, Hokkaido, Japan"}