{"bounds":{"maxX":140.861999511719,"maxY":37.9673347473145,"minX":140.618804931641,"minY":37.7733993530273},"result":"Marumori, Miyagi, Japan"}