{"bounds":{"maxX":140.117599487305,"maxY":38.8851318359375,"minX":139.847900390625,"minY":38.5279350280762},"result":"Shonai, Yamagata, Japan"}