{"bounds":{"maxX":140.26139831543,"maxY":41.9777984619141,"minX":140.111206054688,"minY":41.8109321594238},"result":"Esashi, Hokkaido, Japan"}