{"bounds":{"maxX":144.48649597168,"maxY":43.5315322875977,"minX":143.704406738281,"minY":42.8429985046387},"result":"Kushiro, Hokkaido, Japan"}