{"bounds":{"maxX":140.532791137695,"maxY":40.7607345581055,"minX":140.427093505859,"minY":40.6667327880859},"result":"Itayanagi, Aomori, Japan"}