{"bounds":{"maxX":140.216705322266,"maxY":35.8888664245605,"minX":140.126403808594,"minY":35.842601776123},"result":"Tone, Ibaraki, Japan"}