{"bounds":{"maxX":140.298797607422,"maxY":37.987865447998,"minX":139.93620300293,"minY":37.7343330383301},"result":"Yonezawa, Yamagata, Japan"}