{"bounds":{"maxX":140.647094726563,"maxY":41.2613334655762,"minX":140.339202880859,"minY":41.0231323242188},"result":"Sotogahama, Aomori, Japan"}