{"bounds":{"maxX":141.963592529297,"maxY":39.9904670715332,"minX":141.771301269531,"minY":39.8576011657715},"result":"Tanohata, Iwate, Japan"}