{"bounds":{"maxX":140.997436,"maxY":40.507873,"minX":139.539046,"minY":38.871681},"result":"Akita, Japan"}