{"bounds":{"maxX":143.375595092773,"maxY":43.1674003601074,"minX":143.042404174805,"minY":42.9257316589355},"result":"Otofuke, Hokkaido, Japan"}