{"bounds":{"maxX":145.338500976563,"maxY":44.3458671569824,"minX":144.554901123047,"minY":43.7575988769531},"result":"Shari, Hokkaido, Japan"}