{"bounds":{"maxX":140.39680480957,"maxY":37.2804679870605,"minX":140.310302734375,"minY":37.2150001525879},"result":"Kagamiishi, Fukushima, Japan"}