{"bounds":{"maxX":140.939498901367,"maxY":38.4320678710938,"minX":140.857696533203,"minY":38.3327980041504},"result":"Tomiya, Miyagi, Japan"}