{"bounds":{"maxX":140.598495483398,"maxY":37.9227981567383,"minX":140.487503051758,"minY":37.85693359375},"result":"Kunimi, Fukushima, Japan"}