{"bounds":{"maxX":139.745895385742,"maxY":37.8125991821289,"minX":139.546798706055,"minY":37.5059356689453},"result":"Nishiaizu, Fukushima, Japan"}