{"bounds":{"maxX":140.439102172852,"maxY":41.6697311401367,"minX":140.212203979492,"minY":41.5172653198242},"result":"Shiriuchi, Hokkaido, Japan"}