{"bounds":{"maxX":141.271697998047,"maxY":40.8171997070313,"minX":140.901702880859,"minY":40.633731842041},"result":"Shichinohe, Aomori, Japan"}