{"bounds":{"maxX":141.257995605469,"maxY":40.9724655151367,"minX":141.039794921875,"minY":40.830867767334},"result":"Noheji, Aomori, Japan"}