{"bounds":{"maxX":141.438995361328,"maxY":40.8871994018555,"minX":141.310699462891,"minY":40.6619987487793},"result":"Misawa, Aomori, Japan"}