{"bounds":{"maxX":141.231094360352,"maxY":38.6038665771484,"minX":141.066192626953,"minY":38.5105323791504},"result":"Wakuya, Miyagi, Japan"}