{"bounds":{"maxX":140.529907226563,"maxY":38.3523330688477,"minX":140.179595947266,"minY":38.1437339782715},"result":"Yamagata, Yamagata, Japan"}