{"bounds":{"maxX":141.900894165039,"maxY":43.9946670532227,"minX":141.6083984375,"minY":43.757266998291},"result":"Rumoi, Hokkaido, Japan"}