{"bounds":{"maxX":140.340194702148,"maxY":37.1923980712891,"minX":140.235000610352,"minY":37.1213989257813},"result":"Izumizaki, Fukushima, Japan"}