{"bounds":{"maxX":139.560699462891,"maxY":42.2532005310059,"minX":139.401812751821,"minY":42.052131652832},"result":"Okushiri, Hokkaido, Japan"}