{"bounds":{"maxX":141.434600830078,"maxY":40.0812683105469,"minX":141.123901367188,"minY":39.8349342346191},"result":"Iwate, Iwate, Japan"}