{"bounds":{"maxX":143.045196533203,"maxY":43.5707321166992,"minX":142.672393798828,"minY":43.0137329101563},"result":"Shintoku, Hokkaido, Japan"}