{"bounds":{"maxX":140.7333984375,"maxY":36.8747329711914,"minX":140.535995483398,"minY":36.6927337646484},"result":"Takahagi, Ibaraki, Japan"}