{"bounds":{"maxX":140.356399536133,"maxY":40.4467353820801,"minX":140.100204467773,"minY":40.2413330078125},"result":"Fujisato, Akita, Japan"}