{"bounds":{"maxX":141.197601318359,"maxY":39.6511993408203,"minX":141.044296264648,"minY":39.5709342956543},"result":"Yahaba, Iwate, Japan"}