{"bounds":{"maxX":142.072784,"maxY":40.448177,"minX":140.659287,"minY":38.749911},"result":"Iwate, Japan"}