{"bounds":{"maxX":140.159896850586,"maxY":36.5251998901367,"minX":140.063400268555,"minY":36.3941993713379},"result":"Mashiko, Tochigi, Japan"}