{"bounds":{"maxX":142.431503295898,"maxY":45.025333404541,"minX":142.126907348633,"minY":44.7789993286133},"result":"Nakatombetsu, Hokkaido, Japan"}