{"bounds":{"maxX":140.369903564453,"maxY":36.4491996765137,"minX":140.163299560547,"minY":36.2656669616699},"result":"Kasama, Ibaraki, Japan"}