{"bounds":{"maxX":140.716903686523,"maxY":36.7141990661621,"minX":140.517501831055,"minY":36.4801788330078},"result":"Hitachi, Ibaraki, Japan"}