{"bounds":{"maxX":140.698394775391,"maxY":39.4988670349121,"minX":140.484802246094,"minY":39.351734161377},"result":"Misato, Akita, Japan"}