{"bounds":{"maxX":142.630294799805,"maxY":43.7321357727051,"minX":142.391998291016,"minY":43.6255989074707},"result":"Higashikagura, Hokkaido, Japan"}