{"bounds":{"maxX":143.591003417969,"maxY":44.1132011413574,"minX":143.007904052734,"minY":43.6979331970215},"result":"Engaru, Hokkaido, Japan"}