{"bounds":{"maxX":140.771697998047,"maxY":43.0967330932617,"minX":140.522399902344,"minY":42.8883323669434},"result":"Kyowa, Hokkaido, Japan"}