{"bounds":{"maxX":140.167098999023,"maxY":40.7692642211914,"minX":139.497259276958,"minY":40.420467376709},"result":"Fukaura, Aomori, Japan"}