{"bounds":{"maxX":141.684739,"maxY":41.555794,"minX":139.334717,"minY":40.215247},"result":"Aomori, Japan"}