{"bounds":{"maxX":140.289596557617,"maxY":38.0827331542969,"minX":140.110595703125,"minY":37.8964653015137},"result":"Takahata, Yamagata, Japan"}