{"bounds":{"maxX":141.14289855957,"maxY":39.2590675354004,"minX":140.890899658203,"minY":39.1305313110352},"result":"Kanegasaki, Iwate, Japan"}