{"bounds":{"maxX":143.304107666016,"maxY":42.7262649536133,"minX":143.041107177734,"minY":42.5710639953613},"result":"Sarabetsu, Hokkaido, Japan"}