{"bounds":{"maxX":141.192398071289,"maxY":39.0270004272461,"minX":141.006698608398,"minY":38.9503326416016},"result":"Hiraizumi, Iwate, Japan"}