{"bounds":{"maxX":141.669296264648,"maxY":43.1734657287598,"minX":141.445098876953,"minY":43.0168685913086},"result":"Ebetsu, Hokkaido, Japan"}