{"bounds":{"maxX":144.451309204102,"maxY":43.4543991088867,"minX":144.128997802734,"minY":43.0732650756836},"result":"Tsurui, Hokkaido, Japan"}