{"bounds":{"maxX":139.646408081055,"maxY":36.5782661437988,"minX":139.406600952148,"minY":36.2669982910156},"result":"Sano, Tochigi, Japan"}