{"bounds":{"maxX":139.5751953125,"maxY":37.4700660705566,"minX":139.164794921875,"minY":37.114933013916},"result":"Tadami, Fukushima, Japan"}