{"bounds":{"maxX":141.773498535156,"maxY":43.4603996276855,"minX":141.582504272461,"minY":43.2843322753906},"result":"Tsukigata, Hokkaido, Japan"}