{"bounds":{"maxX":140.736099243164,"maxY":37.915599822998,"minX":140.484497070313,"minY":37.6896667480469},"result":"Date, Fukushima, Japan"}