{"bounds":{"maxX":142.728302001953,"maxY":43.1335983276367,"minX":142.273895263672,"minY":42.8847312927246},"result":"Shimukappu, Hokkaido, Japan"}