{"bounds":{"maxX":140.586898803711,"maxY":36.4640655517578,"minX":140.321792602539,"minY":36.3012008666992},"result":"Mito, Ibaraki, Japan"}