{"bounds":{"maxX":140.404693603516,"maxY":37.17919921875,"minX":140.336395263672,"minY":37.1174011230469},"result":"Nakajima, Fukushima, Japan"}