{"bounds":{"maxX":141.381103515625,"maxY":40.7015991210938,"minX":141.257904052734,"minY":40.5634002685547},"result":"Rokunohe, Aomori, Japan"}