{"bounds":{"maxX":144.434204101563,"maxY":44.1167335510254,"minX":144.021408081055,"minY":43.7768669128418},"result":"Abashiri, Hokkaido, Japan"}