{"bounds":{"maxX":141.005294799805,"maxY":37.3197326660156,"minX":140.567199707031,"minY":36.8563346862793},"result":"Iwaki, Fukushima, Japan"}