{"bounds":{"maxX":139.85400390625,"maxY":36.1548652648926,"minX":139.75910949707,"minY":36.0572662353516},"result":"Sakai, Ibaraki, Japan"}