{"bounds":{"maxX":142.713302612305,"maxY":43.8983993530273,"minX":142.458206176758,"minY":43.739933013916},"result":"Toma, Hokkaido, Japan"}