{"bounds":{"maxX":142.02880859375,"maxY":44.9944686889648,"minX":141.714797973633,"minY":44.764331817627},"result":"Teshio, Hokkaido, Japan"}