{"bounds":{"maxX":140.981002807617,"maxY":40.9706001281738,"minX":140.520599365234,"minY":40.6063995361328},"result":"Aomori, Aomori, Japan"}