{"bounds":{"maxX":142.060699462891,"maxY":39.5637321472168,"minX":141.748504638672,"minY":39.3996658325195},"result":"Yamada, Iwate, Japan"}