{"bounds":{"maxX":141.401306152344,"maxY":40.2517356872559,"minX":141.158203125,"minY":40.031665802002},"result":"Ichinohe, Iwate, Japan"}