{"bounds":{"maxX":140.921997070313,"maxY":38.095531463623,"minX":140.823394775391,"minY":37.989200592041},"result":"Watari, Miyagi, Japan"}