{"bounds":{"maxX":140.280395507813,"maxY":42.0937995910645,"minX":140.070999145508,"minY":41.9531326293945},"result":"Otobe, Hokkaido, Japan"}