{"bounds":{"maxX":141.68310546875,"maxY":40.4796676635742,"minX":141.519500732422,"minY":40.3592681884766},"result":"Hashikami, Aomori, Japan"}