{"bounds":{"maxX":144.5625,"maxY":43.9566650390625,"minX":144.332595825195,"minY":43.6790008544922},"result":"Koshimizu, Hokkaido, Japan"}