{"bounds":{"maxX":140.261108398438,"maxY":36.0077323913574,"minX":140.087692260742,"minY":35.8722686767578},"result":"Ryugasaki, Ibaraki, Japan"}