{"bounds":{"maxX":140.150894165039,"maxY":39.2085342407227,"minX":139.520273126537,"minY":38.7745323181152},"result":"Sakata, Yamagata, Japan"}