{"bounds":{"maxX":143.676803588867,"maxY":43.7765998840332,"minX":143.173599243164,"minY":43.5089340209961},"result":"Oketo, Hokkaido, Japan"}