{"bounds":{"maxX":139.847793579102,"maxY":36.5111999511719,"minX":139.756896972656,"minY":36.3968658447266},"result":"Mibu, Tochigi, Japan"}