{"bounds":{"maxX":140.810302734375,"maxY":39.2096672058105,"minX":140.620101928711,"minY":38.9575996398926},"result":"Higashinaruse, Akita, Japan"}