{"bounds":{"maxX":140.557006835938,"maxY":42.7713317871094,"minX":140.195495605469,"minY":42.5883979797363},"result":"Kuromatsunai, Hokkaido, Japan"}