{"bounds":{"maxX":140.457000732422,"maxY":42.3956642150879,"minX":139.921401977539,"minY":42.0237998962402},"result":"Yakumo, Hokkaido, Japan"}