{"bounds":{"maxX":141.870498657227,"maxY":42.9539337158203,"minX":141.171890258789,"minY":42.6823844909668},"result":"Chitose, Hokkaido, Japan"}