{"bounds":{"maxX":140.578598022461,"maxY":40.7225341796875,"minX":140.460906982422,"minY":40.6417999267578},"result":"Fujisaki, Aomori, Japan"}