{"bounds":{"maxX":140.337097167969,"maxY":40.8010673522949,"minX":140.068496704102,"minY":40.4356651306152},"result":"Ajigasawa, Aomori, Japan"}