{"bounds":{"maxX":141.424606323242,"maxY":40.5877342224121,"minX":141.176406860352,"minY":40.4196662902832},"result":"Gonohe, Aomori, Japan"}