{"bounds":{"maxX":141.186904907227,"maxY":42.0101318359375,"minX":140.692901611328,"minY":41.7109336853027},"result":"Hakodate, Hokkaido, Japan"}