{"bounds":{"maxX":142.842803955078,"maxY":45.0544013977051,"minX":142.303695678711,"minY":44.5794677734375},"result":"Esashi, Hokkaido, Japan"}