{"bounds":{"maxX":141.011291503906,"maxY":42.7733345031738,"minX":140.777801513672,"minY":42.6693344116211},"result":"Rusutsu, Hokkaido, Japan"}