{"bounds":{"maxX":140.348205566406,"maxY":40.6196022033691,"minX":140.120407104492,"minY":40.4318008422852},"result":"Nishimeya, Aomori, Japan"}