{"bounds":{"maxX":140.114395141602,"maxY":36.0455322265625,"minX":139.971603393555,"minY":35.9314651489258},"result":"Tsukubamirai, Ibaraki, Japan"}