{"bounds":{"maxX":142.908096313477,"maxY":43.7515983581543,"minX":142.47380065918,"minY":43.6164665222168},"result":"Higashikawa, Hokkaido, Japan"}