{"bounds":{"maxX":140.380493164063,"maxY":42.8783988952637,"minX":140.173599243164,"minY":42.7214660644531},"result":"Suttsu, Hokkaido, Japan"}