{"bounds":{"maxX":140.630401611328,"maxY":43.3764686584473,"minX":140.336898803711,"minY":43.2127342224121},"result":"Shakotan, Hokkaido, Japan"}