{"bounds":{"maxX":141.062393188477,"maxY":39.8866653442383,"minX":140.77490234375,"minY":39.5180015563965},"result":"Shizukuishi, Iwate, Japan"}