{"bounds":{"maxX":140.591003417969,"maxY":43.1615982055664,"minX":140.445602416992,"minY":43.0288009643555},"result":"Tomari, Hokkaido, Japan"}