{"bounds":{"maxX":141.317398071289,"maxY":40.4221992492676,"minX":140.982604980469,"minY":40.3052673339844},"result":"Sannohe, Aomori, Japan"}