{"bounds":{"maxX":140.762893676758,"maxY":42.7184677124023,"minX":140.533401489258,"minY":42.5676002502441},"result":"Toyoura, Hokkaido, Japan"}