{"bounds":{"maxX":141.037506103516,"maxY":37.4770660400391,"minX":140.893203735352,"minY":37.4166641235352},"result":"Futaba, Fukushima, Japan"}