{"bounds":{"maxX":140.089401245117,"maxY":36.6167335510254,"minX":139.993499755859,"minY":36.4890670776367},"result":"Haga, Tochigi, Japan"}