{"bounds":{"maxX":140.03840637207,"maxY":42.6174659729004,"minX":139.766799926758,"minY":42.1360664367676},"result":"Setana, Hokkaido, Japan"}