{"bounds":{"maxX":143.179992675781,"maxY":43.9538650512695,"minX":142.682205200195,"minY":43.5270652770996},"result":"Kamikawa, Hokkaido, Japan"}