{"bounds":{"maxX":141.464294433594,"maxY":40.6743354797363,"minX":141.34489440918,"minY":40.5815315246582},"result":"Oirase, Aomori, Japan"}