{"bounds":{"maxX":141.605895996094,"maxY":38.4928016662598,"minX":141.399993896484,"minY":38.3849334716797},"result":"Onagawa, Miyagi, Japan"}