{"bounds":{"maxX":140.586303710938,"maxY":37.0855331420898,"minX":140.435394287109,"minY":36.9375343322754},"result":"Samegawa, Fukushima, Japan"}