{"bounds":{"maxX":139.959197998047,"maxY":36.1551322937012,"minX":139.820205688477,"minY":35.9702644348145},"result":"Bando, Ibaraki, Japan"}