{"bounds":{"maxX":140.53239440918,"maxY":38.1300659179688,"minX":140.275207519531,"minY":37.9469985961914},"result":"Shichikashuku, Miyagi, Japan"}