{"bounds":{"maxX":140.409698486328,"maxY":37.2378005981445,"minX":140.280303955078,"minY":37.1442642211914},"result":"Yabuki, Fukushima, Japan"}