{"bounds":{"maxX":141.505905151367,"maxY":43.1903991699219,"minX":140.991607666016,"minY":42.7816009521484},"result":"Sapporo, Hokkaido, Japan"}