{"bounds":{"maxX":140.461395263672,"maxY":37.0865325927734,"minX":140.240798950195,"minY":36.9307327270508},"result":"Tanagura, Fukushima, Japan"}