{"bounds":{"maxX":144.332702636719,"maxY":43.8947334289551,"minX":143.91259765625,"minY":43.5987319946289},"result":"Bihoro, Hokkaido, Japan"}