{"bounds":{"maxX":143.268997192383,"maxY":42.9531326293945,"minX":142.687606811523,"minY":42.615535736084},"result":"Obihiro, Hokkaido, Japan"}