{"bounds":{"maxX":140.539108276367,"maxY":37.2033996582031,"minX":140.368103027344,"minY":37.0769996643066},"result":"Ishikawa, Fukushima, Japan"}