{"bounds":{"maxX":140.266998291016,"maxY":36.9481353759766,"minX":139.92170715332,"minY":36.7686004638672},"result":"Otawara, Tochigi, Japan"}