{"bounds":{"maxX":142.072601318359,"maxY":39.8313980102539,"minX":141.337692260742,"minY":39.4393997192383},"result":"Miyako, Iwate, Japan"}