{"bounds":{"maxX":141.597702026367,"maxY":43.0255355834961,"minX":141.414001464844,"minY":42.8921318054199},"result":"Kitahiroshima, Hokkaido, Japan"}