{"bounds":{"maxX":140.983200073242,"maxY":38.4970664978027,"minX":140.626007080078,"minY":38.3471336364746},"result":"Taiwa, Miyagi, Japan"}