{"bounds":{"maxX":140.78759765625,"maxY":42.063533782959,"minX":140.575607299805,"minY":41.846866607666},"result":"Nanae, Hokkaido, Japan"}