{"bounds":{"maxX":141.168304443359,"maxY":39.879467010498,"minX":141.000793457031,"minY":39.690601348877},"result":"Takizawa, Iwate, Japan"}