{"bounds":{"maxX":141.704803466797,"maxY":43.9039344787598,"minX":141.337905883789,"minY":43.6852684020996},"result":"Mashike, Hokkaido, Japan"}