{"bounds":{"maxX":143.389099121094,"maxY":42.4487991333008,"minX":143.000396728516,"minY":42.1607322692871},"result":"Hiroo, Hokkaido, Japan"}