{"bounds":{"maxX":143.064102172852,"maxY":44.4392013549805,"minX":142.803298950195,"minY":44.2162666320801},"result":"Nishiokoppe, Hokkaido, Japan"}