{"bounds":{"maxX":140.288299560547,"maxY":38.3293342590332,"minX":140.153594970703,"minY":38.2221336364746},"result":"Yamanobe, Yamagata, Japan"}