{"bounds":{"maxX":140.065994262695,"maxY":39.3134651184082,"minX":139.86979675293,"minY":39.1059341430664},"result":"Nikaho, Akita, Japan"}