{"bounds":{"maxX":140.862106323242,"maxY":37.5383987426758,"minX":140.504806518555,"minY":37.2748680114746},"result":"Tamura, Fukushima, Japan"}