{"bounds":{"maxX":140.842300415039,"maxY":37.7616004943848,"minX":140.645797729492,"minY":37.5941352844238},"result":"Iitate, Fukushima, Japan"}