{"bounds":{"maxX":140.581909179688,"maxY":40.674934387207,"minX":140.497406005859,"minY":40.6157341003418},"result":"Inakadate, Aomori, Japan"}