{"bounds":{"maxX":144.81770324707,"maxY":43.5775337219238,"minX":144.238403320313,"minY":43.0227355957031},"result":"Shibecha, Hokkaido, Japan"}