{"bounds":{"maxX":144.229095458984,"maxY":43.3758010864258,"minX":143.755508422852,"minY":42.9207992553711},"result":"Shiranuka, Hokkaido, Japan"}