{"bounds":{"maxX":142.505096435547,"maxY":45.1933326721191,"minX":142.154098510742,"minY":44.9691314697266},"result":"Hamatombetsu, Hokkaido, Japan"}