{"bounds":{"maxX":143.325897216797,"maxY":42.1915969848633,"minX":143.068298339844,"minY":41.9151031696605},"result":"Erimo, Hokkaido, Japan"}