{"bounds":{"maxX":141.652404785156,"maxY":42.9883346557617,"minX":141.235992431641,"minY":42.7966651916504},"result":"Eniwa, Hokkaido, Japan"}