{"bounds":{"maxX":140.995803833008,"maxY":40.4311332702637,"minX":140.697402954102,"minY":39.9597320556641},"result":"Kazuno, Akita, Japan"}