{"bounds":{"maxX":139.864898681641,"maxY":36.2397994995117,"minX":139.687896728516,"minY":36.1261329650879},"result":"Koga, Ibaraki, Japan"}