{"bounds":{"maxX":140.245193481445,"maxY":38.407398223877,"minX":139.945205688477,"minY":38.2694664001465},"result":"Oe, Yamagata, Japan"}