{"bounds":{"maxX":140.844604492188,"maxY":40.6925315856934,"minX":140.565704345703,"minY":40.5355339050293},"result":"Kuroishi, Aomori, Japan"}