{"bounds":{"maxX":140.626800537109,"maxY":36.4630012512207,"minX":140.48210144043,"minY":36.3363990783691},"result":"Hitachinaka, Ibaraki, Japan"}