{"bounds":{"maxX":140.961303710938,"maxY":38.5139350891113,"minX":140.786697387695,"minY":38.4442672729492},"result":"Ohira, Miyagi, Japan"}