{"bounds":{"maxX":140.725601196289,"maxY":37.7144660949707,"minX":140.540496826172,"minY":37.5475997924805},"result":"Kawamata, Fukushima, Japan"}