{"bounds":{"maxX":140.414505004883,"maxY":36.5498657226563,"minX":140.202102661133,"minY":36.4267349243164},"result":"Shirosato, Ibaraki, Japan"}