{"bounds":{"maxX":139.925994873047,"maxY":37.5320014953613,"minX":139.714599609375,"minY":37.2817993164063},"result":"Aizumisato, Fukushima, Japan"}