{"bounds":{"maxX":144.123092651367,"maxY":44.1847991943359,"minX":143.136596679688,"minY":43.5922660827637},"result":"Kitami, Hokkaido, Japan"}