{"bounds":{"maxX":140.515106201172,"maxY":38.4051322937012,"minX":140.307098388672,"minY":38.3106651306152},"result":"Tendo, Yamagata, Japan"}