{"bounds":{"maxX":144.235595703125,"maxY":43.7685317993164,"minX":143.775207519531,"minY":43.4620666503906},"result":"Tsubetsu, Hokkaido, Japan"}