{"bounds":{"maxX":142.044296264648,"maxY":43.0540008544922,"minX":141.746795654297,"minY":42.8383979797363},"result":"Yuni, Hokkaido, Japan"}