{"bounds":{"maxX":141.385894775391,"maxY":40.3732681274414,"minX":141.026092529297,"minY":40.0891990661621},"result":"Ninohe, Iwate, Japan"}