{"bounds":{"maxX":140.20539855957,"maxY":38.5470008850098,"minX":139.875198364258,"minY":38.2635345458984},"result":"Nishikawa, Yamagata, Japan"}