{"bounds":{"maxX":141.084396362305,"maxY":41.0178642272949,"minX":140.838302612305,"minY":40.8067321777344},"result":"Hiranai, Aomori, Japan"}