{"bounds":{"maxX":141.035003662109,"maxY":37.7466011047363,"minX":140.810699462891,"minY":37.5076675415039},"result":"Minamisoma, Fukushima, Japan"}