{"bounds":{"maxX":143.197402954102,"maxY":42.732666015625,"minX":142.752090454102,"minY":42.5611343383789},"result":"Nakasatsunai, Hokkaido, Japan"}