{"bounds":{"maxX":139.746398925781,"maxY":37.3937339782715,"minX":139.516906738281,"minY":37.206600189209},"result":"Showa, Fukushima, Japan"}