{"bounds":{"maxX":142.882995605469,"maxY":44.4864654541016,"minX":142.531494140625,"minY":44.1429328918457},"result":"Shimokawa, Hokkaido, Japan"}