{"bounds":{"maxX":140.022506713867,"maxY":35.9785995483398,"minX":139.932098388672,"minY":35.9095344543457},"result":"Moriya, Ibaraki, Japan"}