{"bounds":{"maxX":145.008605957031,"maxY":43.3523330688477,"minX":144.571197509766,"minY":42.9471321105957},"result":"Akkeshi, Hokkaido, Japan"}