{"bounds":{"maxX":140.851898193359,"maxY":37.5438652038574,"minX":140.682098388672,"minY":37.4619331359863},"result":"Katsurao, Fukushima, Japan"}