{"bounds":{"maxX":142.085708618164,"maxY":43.6734657287598,"minX":141.878601074219,"minY":43.5334663391113},"result":"Takikawa, Hokkaido, Japan"}