{"bounds":{"maxX":141.182907104492,"maxY":40.3968658447266,"minX":140.944305419922,"minY":40.2184677124023},"result":"Takko, Aomori, Japan"}