{"bounds":{"maxX":141.044494628906,"maxY":38.3144683837891,"minX":140.956405639648,"minY":38.276798248291},"result":"Tagajo, Miyagi, Japan"}