{"bounds":{"maxX":141.674606323242,"maxY":39.0029335021973,"minX":141.399307250977,"minY":38.7398643493652},"result":"Kesennuma, Miyagi, Japan"}