{"bounds":{"maxX":141.368301391602,"maxY":40.931999206543,"minX":141.00700378418,"minY":40.6650657653809},"result":"Tohoku, Aomori, Japan"}