{"bounds":{"maxX":140.494598388672,"maxY":38.9029312133789,"minX":140.193298339844,"minY":38.6983337402344},"result":"Shinjo, Yamagata, Japan"}