{"bounds":{"maxX":140.627014160156,"maxY":36.4956665039063,"minX":140.539596557617,"minY":36.4250679016113},"result":"Tokai, Ibaraki, Japan"}