{"bounds":{"maxX":140.564804077148,"maxY":37.901798248291,"minX":140.459106445313,"minY":37.8272666931152},"result":"Koori, Fukushima, Japan"}