{"bounds":{"maxX":143.147903442383,"maxY":43.0353317260742,"minX":142.717102050781,"minY":42.7234687805176},"result":"Memuro, Hokkaido, Japan"}