{"bounds":{"maxX":140.755905151367,"maxY":39.2180671691895,"minX":140.329406738281,"minY":38.8741340637207},"result":"Yuzawa, Akita, Japan"}