{"bounds":{"maxX":141.043304443359,"maxY":37.614933013916,"minX":140.683807373047,"minY":37.4198684692383},"result":"Namie, Fukushima, Japan"}