{"bounds":{"maxX":140.198394775391,"maxY":39.9281997680664,"minX":139.953796386719,"minY":39.8049354553223},"result":"Katagami, Akita, Japan"}