{"bounds":{"maxX":140.522399902344,"maxY":41.2496681213379,"minX":140.248992919922,"minY":40.9189987182617},"result":"Nakadomari, Aomori, Japan"}