{"bounds":{"maxX":142.162002563477,"maxY":43.3596687316895,"minX":141.800094604492,"minY":43.143798828125},"result":"Mikasa, Hokkaido, Japan"}