{"bounds":{"maxX":141.168899536133,"maxY":40.2481994628906,"minX":140.844696044922,"minY":39.8406677246094},"result":"Hachimantai, Iwate, Japan"}