{"bounds":{"maxX":142.323806762695,"maxY":44.4792671203613,"minX":142.022201538086,"minY":43.9062004089355},"result":"Horokanai, Hokkaido, Japan"}