{"bounds":{"maxX":140.613998413086,"maxY":37.2736015319824,"minX":140.496292114258,"minY":37.1558647155762},"result":"Hirata, Fukushima, Japan"}