{"bounds":{"maxX":141.972702026367,"maxY":43.1306686401367,"minX":141.755599975586,"minY":42.9029350280762},"result":"Kuriyama, Hokkaido, Japan"}