{"bounds":{"maxX":140.646301269531,"maxY":38.9009323120117,"minX":140.389602661133,"minY":38.6342658996582},"result":"Mogami, Yamagata, Japan"}