{"bounds":{"maxX":141.028396606445,"maxY":37.2486000061035,"minX":140.867401123047,"minY":37.1837348937988},"result":"Hirono, Fukushima, Japan"}