{"bounds":{"maxX":141.728393554688,"maxY":39.2670669555664,"minX":141.373596191406,"minY":39.096134185791},"result":"Sumita, Iwate, Japan"}