{"bounds":{"maxX":140.029907226563,"maxY":38.8269996643066,"minX":139.540298461914,"minY":38.3170013427734},"result":"Tsuruoka, Yamagata, Japan"}