{"bounds":{"maxX":141.012405395508,"maxY":37.8437347412109,"minX":140.67790222168,"minY":37.7216644287109},"result":"Soma, Fukushima, Japan"}