{"bounds":{"maxX":140.555908203125,"maxY":41.8139343261719,"minX":140.282196044922,"minY":41.6526679992676},"result":"Kikonai, Hokkaido, Japan"}