{"bounds":{"maxX":140.87890625,"maxY":40.0002670288086,"minX":140.464202880859,"minY":39.5516014099121},"result":"Semboku, Akita, Japan"}