{"bounds":{"maxX":140.473403930664,"maxY":42.0545997619629,"minX":140.151596069336,"minY":41.7877349853516},"result":"Assabu, Hokkaido, Japan"}