{"bounds":{"maxX":140.931198120117,"maxY":38.0012016296387,"minX":140.843307495117,"minY":37.8912658691406},"result":"Yamamoto, Miyagi, Japan"}