{"bounds":{"maxX":140.660797119141,"maxY":41.0367317199707,"minX":140.516708374023,"minY":40.948600769043},"result":"Yomogita, Aomori, Japan"}