{"bounds":{"maxX":140.459899902344,"maxY":38.7521324157715,"minX":140.233795166016,"minY":38.568733215332},"result":"Funagata, Yamagata, Japan"}