{"bounds":{"maxX":141.613204956055,"maxY":40.3773994445801,"minX":141.35139465332,"minY":40.221134185791},"result":"Karumai, Iwate, Japan"}