{"bounds":{"maxX":142.787796020508,"maxY":43.0104675292969,"minX":141.966094970703,"minY":42.4218673706055},"result":"Hidaka, Hokkaido, Japan"}