{"bounds":{"maxX":141.94889831543,"maxY":40.0560684204102,"minX":141.793899536133,"minY":39.9624671936035},"result":"Fudai, Iwate, Japan"}