{"bounds":{"maxX":140.272903442383,"maxY":36.0279998779297,"minX":140.114700317383,"minY":35.9325981140137},"result":"Ushiku, Ibaraki, Japan"}