{"bounds":{"maxX":140.209701538086,"maxY":37.246467590332,"minX":139.95930480957,"minY":37.0930671691895},"result":"Nishigo, Fukushima, Japan"}