{"bounds":{"maxX":141.507400512695,"maxY":40.2809982299805,"minX":141.373901367188,"minY":40.1036682128906},"result":"Kunohe, Iwate, Japan"}