{"bounds":{"maxX":141.921203613281,"maxY":43.7469329833984,"minX":141.525695800781,"minY":43.6077995300293},"result":"Uryu, Hokkaido, Japan"}