{"bounds":{"maxX":143.794403076172,"maxY":43.2452659606934,"minX":143.389602661133,"minY":43.057201385498},"result":"Hombetsu, Hokkaido, Japan"}