{"bounds":{"maxX":140.972106933594,"maxY":42.699535369873,"minX":140.72590637207,"minY":42.5211334228516},"result":"Toyako, Hokkaido, Japan"}