{"bounds":{"maxX":140.924102783203,"maxY":43.2532005310059,"minX":140.647399902344,"minY":43.1118659973145},"result":"Yoichi, Hokkaido, Japan"}