{"bounds":{"maxX":140.941696166992,"maxY":38.1483993530273,"minX":140.777801513672,"minY":38.0471343994141},"result":"Iwanuma, Miyagi, Japan"}