{"bounds":{"maxX":140.260299682617,"maxY":36.6244010925293,"minX":140.129104614258,"minY":36.3980674743652},"result":"Motegi, Tochigi, Japan"}