{"bounds":{"maxX":140.535293579102,"maxY":42.9916687011719,"minX":140.381195068359,"minY":42.9001312255859},"result":"Iwanai, Hokkaido, Japan"}