{"bounds":{"maxX":142.641098022461,"maxY":44.4836654663086,"minX":142.278701782227,"minY":44.1734008789063},"result":"Nayoro, Hokkaido, Japan"}