{"bounds":{"maxX":141.258697509766,"maxY":38.472599029541,"minX":141.094299316406,"minY":38.3175315856934},"result":"Higashimatsushima, Miyagi, Japan"}