{"bounds":{"maxX":140.851898193359,"maxY":35.9406661987305,"minX":140.598892211914,"minY":35.7395973205566},"result":"Kamisu, Ibaraki, Japan"}