{"bounds":{"maxX":139.944198608398,"maxY":36.2346649169922,"minX":139.850997924805,"minY":36.1211318969727},"result":"Yachiyo, Ibaraki, Japan"}