{"bounds":{"maxX":141.126892089844,"maxY":38.450267791748,"minX":141.017303466797,"minY":38.3507995605469},"result":"Matsushima, Miyagi, Japan"}