{"bounds":{"maxX":139.925201416016,"maxY":36.4874687194824,"minX":139.79719543457,"minY":36.3502655029297},"result":"Shimotsuke, Tochigi, Japan"}