{"bounds":{"maxX":142.890594482422,"maxY":42.6680679321289,"minX":142.334899902344,"minY":42.209400177002},"result":"Shinhidaka, Hokkaido, Japan"}