{"bounds":{"maxX":139.889205932617,"maxY":38.8409996032715,"minX":139.810897827148,"minY":38.7467994689941},"result":"Mikawa, Yamagata, Japan"}