{"bounds":{"maxX":142.116500854492,"maxY":44.8462677001953,"minX":141.763595581055,"minY":44.3563995361328},"result":"Embetsu, Hokkaido, Japan"}