{"bounds":{"maxX":142.686904907227,"maxY":43.5518684387207,"minX":142.382598876953,"minY":43.3823356628418},"result":"Kamifurano, Hokkaido, Japan"}