{"bounds":{"maxX":140.700698852539,"maxY":43.2956008911133,"minX":140.526504516602,"minY":43.0789985656738},"result":"Furubira, Hokkaido, Japan"}