{"bounds":{"maxX":140.467803955078,"maxY":37.1208686828613,"minX":140.373107910156,"minY":37.0226669311523},"result":"Asakawa, Fukushima, Japan"}