{"bounds":{"maxX":140.517807006836,"maxY":37.5543327331543,"minX":140.315795898438,"minY":37.4680671691895},"result":"Motomiya, Fukushima, Japan"}