{"bounds":{"maxX":140.788803100586,"maxY":39.40966796875,"minX":140.262298583984,"minY":39.0927314758301},"result":"Yokote, Akita, Japan"}