{"bounds":{"maxX":140.835205078125,"maxY":38.1380004882813,"minX":140.743896484375,"minY":38.0393333435059},"result":"Shibata, Miyagi, Japan"}