{"bounds":{"maxX":141.646606445313,"maxY":40.6065330505371,"minX":141.355194091797,"minY":40.3478012084961},"result":"Hachinohe, Aomori, Japan"}