{"bounds":{"maxX":140.469604492188,"maxY":36.9352684020996,"minX":140.248901367188,"minY":36.6793327331543},"result":"Daigo, Ibaraki, Japan"}