{"bounds":{"maxX":140.511306762695,"maxY":36.0230938727935,"minX":140.248199462891,"minY":35.8814659118652},"result":"Inashiki, Ibaraki, Japan"}