{"bounds":{"maxX":141.710205078125,"maxY":43.1213340759277,"minX":141.565704345703,"minY":42.9972648620605},"result":"Namporo, Hokkaido, Japan"}