{"bounds":{"maxX":139.61540222168,"maxY":37.5181312561035,"minX":139.365203857422,"minY":37.3338661193848},"result":"Kaneyama, Fukushima, Japan"}