{"bounds":{"maxX":140.208694458008,"maxY":41.6326675415039,"minX":139.33479309082,"minY":41.3534660339355},"result":"Matsumae, Hokkaido, Japan"}