{"bounds":{"maxX":142.053802490234,"maxY":43.4613990783691,"minX":141.823501586914,"minY":43.3728675842285},"result":"Naie, Hokkaido, Japan"}