{"bounds":{"maxX":145.367706298828,"maxY":44.3419990539551,"minX":144.877304077148,"minY":43.8605995178223},"result":"Rausu, Hokkaido, Japan"}