{"bounds":{"maxX":142.077896118164,"maxY":44.2162017822266,"minX":141.651306152344,"minY":43.9258651733398},"result":"Obira, Hokkaido, Japan"}