{"bounds":{"maxX":140.856292724609,"maxY":38.0774002075195,"minX":140.686599731445,"minY":37.9124641418457},"result":"Kakuda, Miyagi, Japan"}