{"bounds":{"maxX":140.418502807617,"maxY":37.6209335327148,"minX":140.277893066406,"minY":37.5068664550781},"result":"Otama, Fukushima, Japan"}