{"bounds":{"maxX":141.254699707031,"maxY":39.4809341430664,"minX":140.817199707031,"minY":39.1755981445313},"result":"Kitakami, Iwate, Japan"}