{"bounds":{"maxX":142.172698974609,"maxY":45.1014671325684,"minX":141.664093017578,"minY":44.8789329528809},"result":"Horonobe, Hokkaido, Japan"}