{"bounds":{"maxX":142.764694213867,"maxY":42.7393341064453,"minX":142.222702026367,"minY":42.345531463623},"result":"Niikappu, Hokkaido, Japan"}