{"bounds":{"maxX":142.421493530273,"maxY":43.9635353088379,"minX":142.272796630859,"minY":43.7882652282715},"result":"Takasu, Hokkaido, Japan"}