{"bounds":{"maxX":142.492401123047,"maxY":44.1140670776367,"minX":142.236907958984,"minY":43.9398002624512},"result":"Wassamu, Hokkaido, Japan"}