{"bounds":{"maxX":140.923400878906,"maxY":43.0153312683105,"minX":140.618301391602,"minY":42.8212013244629},"result":"Kutchan, Hokkaido, Japan"}