{"bounds":{"maxX":139.787399291992,"maxY":36.262866973877,"minX":139.684997558594,"minY":36.2015991210938},"result":"Nogi, Tochigi, Japan"}