{"bounds":{"maxX":139.976593017578,"maxY":40.0735321044922,"minX":139.693099975586,"minY":39.8571357727051},"result":"Oga, Akita, Japan"}