{"bounds":{"maxX":141.90510559082,"maxY":43.7091331481934,"minX":141.491104125977,"minY":43.4437980651855},"result":"Shintotsukawa, Hokkaido, Japan"}