{"bounds":{"maxX":140.401504516602,"maxY":40.0915336608887,"minX":140.235107421875,"minY":39.7970657348633},"result":"Kamikoani, Akita, Japan"}