{"bounds":{"maxX":143.203506469727,"maxY":42.2609329223633,"minX":142.864501953125,"minY":42.0615997314453},"result":"Samani, Hokkaido, Japan"}