{"bounds":{"maxX":142.912506103516,"maxY":43.6696662902832,"minX":142.321105957031,"minY":43.4185333251953},"result":"Biei, Hokkaido, Japan"}