{"bounds":{"maxX":140.806198120117,"maxY":36.9454650878906,"minX":140.565002441406,"minY":36.7486000061035},"result":"Kitaibaraki, Ibaraki, Japan"}