{"bounds":{"maxX":140.881774,"maxY":36.942128,"minX":139.694611,"minY":35.718941},"result":"Ibaraki, Japan"}