{"bounds":{"maxX":145.113906860352,"maxY":43.7015991210938,"minX":144.571502685547,"minY":43.4621353149414},"result":"Nakashibetsu, Hokkaido, Japan"}