{"bounds":{"maxX":139.923004150391,"maxY":38.276065826416,"minX":139.624893188477,"minY":37.8310661315918},"result":"Oguni, Yamagata, Japan"}