{"bounds":{"maxX":142.779998779297,"maxY":43.4056015014648,"minX":142.244201660156,"minY":43.0056686401367},"result":"Minamifurano, Hokkaido, Japan"}