{"bounds":{"maxX":140.71989440918,"maxY":42.0004653930664,"minX":140.428100585938,"minY":41.7234001159668},"result":"Hokuto, Hokkaido, Japan"}