{"bounds":{"maxX":140.796798706055,"maxY":38.1806678771973,"minX":140.636795043945,"minY":38.0587348937988},"result":"Murata, Miyagi, Japan"}