{"bounds":{"maxX":141.830291748047,"maxY":42.7883987426758,"minX":141.34049987793,"minY":42.5751342773438},"result":"Tomakomai, Hokkaido, Japan"}