{"bounds":{"maxX":139.171691894531,"maxY":36.3344650268555,"minX":139.087799072266,"minY":36.273868560791},"result":"Tamamura, Gunma, Japan"}