{"bounds":{"maxX":139.37939453125,"maxY":36.0099334716797,"minX":139.287902832031,"minY":35.9619331359863},"result":"Hatoyama, Saitama, Japan"}