{"bounds":{"maxX":138.715393066406,"maxY":37.0655326843262,"minX":138.565795898438,"minY":36.8456001281738},"result":"Tsunan, Niigata, Japan"}