{"bounds":{"maxX":140.650497436523,"maxY":35.958667755127,"minX":140.425003051758,"minY":35.7539978027344},"result":"Katori, Chiba, Japan"}