{"bounds":{"maxX":139.607406616211,"maxY":35.860466003418,"minX":139.555206298828,"minY":35.818733215332},"result":"Shiki, Saitama, Japan"}