{"bounds":{"maxX":139.632095336914,"maxY":33.9007339477539,"minX":139.298287837415,"minY":33.6506350549397},"result":"Mikurajima, Tokyo, Japan"}