{"bounds":{"maxX":139.667602539063,"maxY":35.7304000854492,"minX":139.585098266602,"minY":35.6660652160645},"result":"Suginami City, Tokyo, Japan"}