{"bounds":{"maxX":139.772308349609,"maxY":35.7359313964844,"minX":139.717803955078,"minY":35.6998672485352},"result":"Bunkyo City, Tokyo, Japan"}