{"bounds":{"maxX":139.361099243164,"maxY":35.968864440918,"minX":139.261306762695,"minY":35.9005317687988},"result":"Moroyama, Saitama, Japan"}