{"bounds":{"maxX":139.587005615234,"maxY":35.8883323669434,"minX":139.512191772461,"minY":35.8279991149902},"result":"Fujimi, Saitama, Japan"}