{"bounds":{"maxX":138.869201660156,"maxY":35.8671989440918,"minX":138.700500488281,"minY":35.6052017211914},"result":"Koshu, Yamanashi, Japan"}