{"bounds":{"maxX":137.064804077148,"maxY":36.6868667602539,"minX":136.907104492188,"minY":36.5409317016602},"result":"Tonami, Toyama, Japan"}