{"bounds":{"maxX":136.885299682617,"maxY":36.9671325683594,"minX":136.74870300293,"minY":36.865535736084},"result":"Hakui, Ishikawa, Japan"}