{"bounds":{"maxX":139.159103393555,"maxY":36.1262664794922,"minX":139.004302978516,"minY":36.0270004272461},"result":"Minano, Saitama, Japan"}