{"bounds":{"maxX":139.160995483398,"maxY":35.1868667602539,"minX":139.102996826172,"minY":35.1403312683105},"result":"Manazuru, Kanagawa, Japan"}