{"bounds":{"maxX":139.680908203125,"maxY":35.779468536377,"minX":139.562805175781,"minY":35.7118644714355},"result":"Nerima City, Tokyo, Japan"}