{"bounds":{"maxX":140.430297851563,"maxY":35.5603981018066,"minX":140.271606445313,"minY":35.4716682434082},"result":"Oamishirasato, Chiba, Japan"}