{"bounds":{"maxX":139.143005371094,"maxY":35.3521347045898,"minX":139.107406616211,"minY":35.3176002502441},"result":"Kaisei, Kanagawa, Japan"}