{"bounds":{"maxX":138.985992431641,"maxY":35.8588676452637,"minX":138.81689453125,"minY":35.7408676147461},"result":"Tabayama, Yamanashi, Japan"}