{"bounds":{"maxX":139.545303344727,"maxY":36.0197982788086,"minX":139.422500610352,"minY":35.9480667114258},"result":"Kawajima, Saitama, Japan"}