{"bounds":{"maxX":138.772796630859,"maxY":36.2143325805664,"minX":138.577301025391,"minY":36.1167335510254},"result":"Nammoku, Gunma, Japan"}