{"bounds":{"maxX":139.956497192383,"maxY":35.9192008972168,"minX":139.874694824219,"minY":35.8274002075195},"result":"Nagareyama, Chiba, Japan"}