{"bounds":{"maxX":139.808700561523,"maxY":35.6125335693359,"minX":139.653106689453,"minY":35.526668548584},"result":"Ota City, Tokyo, Japan"}