{"bounds":{"maxX":139.840896606445,"maxY":35.871265411377,"minX":139.763595581055,"minY":35.8055992126465},"result":"Soka, Saitama, Japan"}