{"bounds":{"maxX":139.849395751953,"maxY":35.9689331054688,"minX":139.802505493164,"minY":35.9061317443848},"result":"Matsubushi, Saitama, Japan"}