{"bounds":{"maxX":139.500701904297,"maxY":36.2886009216309,"minX":139.427597045898,"minY":36.2193984985352},"result":"Ora, Gunma, Japan"}