{"bounds":{"maxX":139.298904418945,"maxY":34.4774017333984,"minX":139.194900512695,"minY":34.3162689208984},"result":"Niijima, Tokyo, Japan"}