{"bounds":{"maxX":136.497695922852,"maxY":36.3838653564453,"minX":136.243698120117,"minY":36.1363983154297},"result":"Kaga, Ishikawa, Japan"}