{"bounds":{"maxX":139.695297241211,"maxY":36.036865234375,"minX":139.588104248047,"minY":35.9621315002441},"result":"Hasuda, Saitama, Japan"}