{"bounds":{"maxX":139.238403320313,"maxY":36.0920677185059,"minX":139.151596069336,"minY":35.9977340698242},"result":"Higashichichibu, Saitama, Japan"}