{"bounds":{"maxX":139.787994384766,"maxY":35.8863334655762,"minX":139.675399780273,"minY":35.7805328369141},"result":"Kawaguchi, Saitama, Japan"}