{"bounds":{"maxX":139.594207763672,"maxY":35.7067337036133,"minX":139.525299072266,"minY":35.660400390625},"result":"Mitaka, Tokyo, Japan"}