{"bounds":{"maxX":139.282104492188,"maxY":36.4081344604492,"minX":139.136093139648,"minY":36.2426681518555},"result":"Isesaki, Gunma, Japan"}