{"bounds":{"maxX":139.893798828125,"maxY":35.7970657348633,"minX":139.813903808594,"minY":35.7112655639648},"result":"Katsushika City, Tokyo, Japan"}