{"bounds":{"maxX":139.28450012207,"maxY":35.7886009216309,"minX":139.163101196289,"minY":35.7316665649414},"result":"Hinode, Tokyo, Japan"}