{"bounds":{"maxX":138.596298217773,"maxY":36.6479988098145,"minX":138.397201538086,"minY":36.4015998840332},"result":"Tsumagoi, Gunma, Japan"}