{"bounds":{"maxX":139.524597167969,"maxY":35.7460670471191,"minX":139.423294067383,"minY":35.7080001831055},"result":"Kodaira, Tokyo, Japan"}