{"bounds":{"maxX":139.647201538086,"maxY":35.8130645751953,"minX":139.596893310547,"minY":35.7666664123535},"result":"Wako, Saitama, Japan"}