{"bounds":{"maxX":137.627105712891,"maxY":36.7393341064453,"minX":137.31640625,"minY":36.592399597168},"result":"Kamiichi, Toyama, Japan"}