{"bounds":{"maxX":139.4833984375,"maxY":36.633602142334,"minX":139.232681366897,"minY":36.3688659667969},"result":"Midori, Gunma, Japan"}