{"bounds":{"maxX":139.570297241211,"maxY":36.1248016357422,"minX":139.430297851563,"minY":36.0309982299805},"result":"Konosu, Saitama, Japan"}