{"bounds":{"maxX":139.752700805664,"maxY":35.7452011108398,"minX":139.677307128906,"minY":35.7122650146484},"result":"Toshima City, Tokyo, Japan"}