{"bounds":{"maxX":140.384994506836,"maxY":35.2238655090332,"minX":140.304397583008,"minY":35.1736640930176},"result":"Onjuku, Chiba, Japan"}