{"bounds":{"maxX":139.77360534668,"maxY":35.6418685913086,"minX":139.695205688477,"minY":35.5849342346191},"result":"Shinagawa City, Tokyo, Japan"}