{"bounds":{"maxX":137.762496948242,"maxY":36.9225311279297,"minX":137.409393310547,"minY":36.6230659484863},"result":"Kurobe, Toyama, Japan"}