{"bounds":{"maxX":139.121398925781,"maxY":35.289665222168,"minX":138.974700927734,"minY":35.1755332946777},"result":"Hakone, Kanagawa, Japan"}