{"bounds":{"maxX":137.765824,"maxY":36.980511,"minX":136.782149,"minY":36.271401},"result":"Toyama, Japan"}