{"bounds":{"maxX":140.214706420898,"maxY":35.7068672180176,"minX":140.136505126953,"minY":35.6262664794922},"result":"Yotsukaido, Chiba, Japan"}