{"bounds":{"maxX":140.260192871094,"maxY":35.4867324829102,"minX":140.171203613281,"minY":35.3909339904785},"result":"Nagara, Chiba, Japan"}