{"bounds":{"maxX":136.176696777344,"maxY":35.765998840332,"minX":135.964309692383,"minY":35.5265998840332},"result":"Tsuruga, Fukui, Japan"}