{"bounds":{"maxX":136.630905151367,"maxY":36.4720001220703,"minX":136.426391601563,"minY":36.3889999389648},"result":"Nomi, Ishikawa, Japan"}