{"bounds":{"maxX":140.397903442383,"maxY":35.3908653259277,"minX":140.340606689453,"minY":35.3289337158203},"result":"Ichinomiya, Chiba, Japan"}