{"bounds":{"maxX":137.734802246094,"maxY":36.9803314208984,"minX":137.526794433594,"minY":36.8201332092285},"result":"Asahi, Toyama, Japan"}