{"bounds":{"maxX":136.155395507813,"maxY":36.0279312133789,"minX":135.957504272461,"minY":35.8723983764648},"result":"Echizen, Fukui, Japan"}