{"bounds":{"maxX":138.828994750977,"maxY":36.1327323913574,"minX":138.630401611328,"minY":35.9852676391602},"result":"Ueno, Gunma, Japan"}