{"bounds":{"maxX":140.285995483398,"maxY":35.327465057373,"minX":140.14030456543,"minY":35.1655311584473},"result":"Otaki, Chiba, Japan"}