{"bounds":{"maxX":138.42170715332,"maxY":35.6502647399902,"minX":138.228302001953,"minY":35.3045997619629},"result":"Hayakawa, Yamanashi, Japan"}