{"bounds":{"maxX":136.335800170898,"maxY":36.0009994506836,"minX":136.124603271484,"minY":35.9266014099121},"result":"Sabae, Fukui, Japan"}