{"bounds":{"maxX":139.419403076172,"maxY":35.8616676330566,"minX":139.315994262695,"minY":35.7742652893066},"result":"Iruma, Saitama, Japan"}