{"bounds":{"maxX":140.381393432617,"maxY":35.5022010803223,"minX":140.244506835938,"minY":35.3799324035645},"result":"Mobara, Chiba, Japan"}