{"bounds":{"maxX":139.593200683594,"maxY":35.3674011230469,"minX":139.48860168457,"minY":35.2994003295898},"result":"Kamakura, Kanagawa, Japan"}