{"bounds":{"maxX":137.064193725586,"maxY":36.6279335021973,"minX":136.768798828125,"minY":36.2744674682617},"result":"Nanto, Toyama, Japan"}