{"bounds":{"maxX":139.375,"maxY":35.4037322998047,"minX":139.238906860352,"minY":35.3121337890625},"result":"Hiratsuka, Kanagawa, Japan"}