{"bounds":{"maxX":136.612106323242,"maxY":36.4435997009277,"minX":136.371795654297,"minY":36.1467323303223},"result":"Komatsu, Ishikawa, Japan"}