{"bounds":{"maxX":139.547805786133,"maxY":35.7737998962402,"minX":139.485305786133,"minY":35.7322006225586},"result":"Higashikurume, Tokyo, Japan"}