{"bounds":{"maxX":140.11100769043,"maxY":35.8353996276855,"minX":140.01530456543,"minY":35.7655982971191},"result":"Shiroi, Chiba, Japan"}