{"bounds":{"maxX":139.473907470703,"maxY":35.6579322814941,"minX":139.393493652344,"minY":35.6054649353027},"result":"Tama, Tokyo, Japan"}