{"bounds":{"maxX":139.564300537109,"maxY":36.0574645996094,"minX":139.494201660156,"minY":35.9958648681641},"result":"Kitamoto, Saitama, Japan"}