{"bounds":{"maxX":139.727096557617,"maxY":36.145133972168,"minX":139.558303833008,"minY":36.0289993286133},"result":"Kuki, Saitama, Japan"}