{"bounds":{"maxX":138.573501586914,"maxY":38.3365325927734,"minX":138.203903198242,"minY":37.8026657104492},"result":"Sado, Niigata, Japan"}