{"bounds":{"maxX":136.33349609375,"maxY":35.9487991333008,"minX":136.019302368164,"minY":35.807933807373},"result":"Echizen, Fukui, Japan"}