{"bounds":{"maxX":140.256393432617,"maxY":35.554931640625,"minX":140.011199951172,"minY":35.2310676574707},"result":"Ichihara, Chiba, Japan"}