{"bounds":{"maxX":139.806900024414,"maxY":36.0623321533203,"minX":139.696105957031,"minY":35.9997329711914},"result":"Sugito, Saitama, Japan"}