{"bounds":{"maxX":139.316604614258,"maxY":36.0379333496094,"minX":139.16960144043,"minY":35.9563331604004},"result":"Tokigawa, Saitama, Japan"}