{"bounds":{"maxX":139.525405883789,"maxY":35.6519317626953,"minX":139.464096069336,"minY":35.6045341491699},"result":"Inagi, Tokyo, Japan"}