{"bounds":{"maxX":139.858795166016,"maxY":33.1587982177734,"minX":139.675704956055,"minY":33.0460662841797},"result":"Hachijo, Tokyo, Japan"}