{"bounds":{"maxX":137.611099243164,"maxY":36.861198425293,"minX":137.382095336914,"minY":36.6727981567383},"result":"Uozu, Toyama, Japan"}