{"bounds":{"maxX":139.770706176758,"maxY":35.7988662719727,"minX":139.689498901367,"minY":35.7320671081543},"result":"Kita City, Tokyo, Japan"}