{"bounds":{"maxX":139.569305419922,"maxY":35.7617340087891,"minX":139.516906738281,"minY":35.7113342285156},"result":"Nishitokyo, Tokyo, Japan"}