{"bounds":{"maxX":139.814498901367,"maxY":35.7548675537109,"minX":139.749801635742,"minY":35.724666595459},"result":"Arakawa City, Tokyo, Japan"}