{"bounds":{"maxX":139.321502685547,"maxY":35.9935989379883,"minX":139.212692260742,"minY":35.9221992492676},"result":"Ogose, Saitama, Japan"}