{"bounds":{"maxX":140.405395507813,"maxY":35.7775344848633,"minX":140.289001464844,"minY":35.6762657165527},"result":"Tomisato, Chiba, Japan"}