{"bounds":{"maxX":139.593002319336,"maxY":35.6879997253418,"minX":139.517196655273,"minY":35.6325340270996},"result":"Chofu, Tokyo, Japan"}