{"bounds":{"maxX":139.027297973633,"maxY":35.6042671203613,"minX":138.799194335938,"minY":35.4504661560059},"result":"Tsuru, Yamanashi, Japan"}