{"bounds":{"maxX":139.401596069336,"maxY":35.9283332824707,"minX":139.27619934082,"minY":35.8681983947754},"result":"Hidaka, Saitama, Japan"}