{"bounds":{"maxX":140.084701538086,"maxY":35.7084655761719,"minX":139.986694335938,"minY":35.6526679992676},"result":"Narashino, Chiba, Japan"}