{"bounds":{"maxX":136.658599853516,"maxY":36.1590003967285,"minX":136.388000488281,"minY":36.0073356628418},"result":"Katsuyama, Fukui, Japan"}