{"bounds":{"maxX":139.269302368164,"maxY":35.3297996520996,"minX":139.233001708984,"minY":35.2862014770508},"result":"Ninomiya, Kanagawa, Japan"}