{"bounds":{"maxX":137.4501953125,"maxY":36.8005981445313,"minX":137.315902709961,"minY":36.6987991333008},"result":"Namerikawa, Toyama, Japan"}