{"bounds":{"maxX":136.460296630859,"maxY":35.9524002075195,"minX":136.255599975586,"minY":35.7805328369141},"result":"Ikeda, Fukui, Japan"}