{"bounds":{"maxX":139.681396484375,"maxY":35.2092666625977,"minX":139.606994628906,"minY":35.1286659240723},"result":"Miura, Kanagawa, Japan"}