{"bounds":{"maxX":139.842208862305,"maxY":35.7433319091797,"minX":139.78889465332,"minY":35.6865997314453},"result":"Sumida City, Tokyo, Japan"}