{"bounds":{"maxX":139.917828047898,"maxY":32.4723358154297,"minX":139.754608154297,"minY":31.8863151563613},"result":"Aogashima, Tokyo, Japan"}