{"bounds":{"maxX":139.903838,"maxY":36.275928,"minX":138.715346,"minY":35.758464},"result":"Saitama, Japan"}