{"bounds":{"maxX":138.510803222656,"maxY":35.7533340454102,"minX":138.180297851563,"minY":35.5638008117676},"result":"Minami-Alps, Yamanashi, Japan"}