{"bounds":{"maxX":139.631896972656,"maxY":38.1526679992676,"minX":139.31379699707,"minY":37.8618011474609},"result":"Tainai, Niigata, Japan"}