{"bounds":{"maxX":139.593795776367,"maxY":35.6506652832031,"minX":139.561996459961,"minY":35.6184005737305},"result":"Komae, Tokyo, Japan"}