{"bounds":{"maxX":140.129898071289,"maxY":35.4439315795898,"minX":139.887496948242,"minY":35.3126678466797},"result":"Kisarazu, Chiba, Japan"}