{"bounds":{"maxX":139.975997924805,"maxY":35.7754669189453,"minX":139.885803222656,"minY":35.6554679870605},"result":"Ichikawa, Chiba, Japan"}