{"bounds":{"maxX":140.092391967773,"maxY":35.479133605957,"minX":139.938903808594,"minY":35.3434677124023},"result":"Sodegaura, Chiba, Japan"}