{"bounds":{"maxX":139.178604125977,"maxY":36.0086669921875,"minX":139.087097167969,"minY":35.9273338317871},"result":"Yokoze, Saitama, Japan"}