{"bounds":{"maxX":139.858001708984,"maxY":35.8175315856934,"minX":139.735794067383,"minY":35.7387313842773},"result":"Adachi City, Tokyo, Japan"}