{"bounds":{"maxX":139.33610534668,"maxY":36.2504005432129,"minX":139.180603027344,"minY":36.1049995422363},"result":"Fukaya, Saitama, Japan"}