{"bounds":{"maxX":140.300903320313,"maxY":35.7661323547363,"minX":140.12629699707,"minY":35.6248664855957},"result":"Sakura, Chiba, Japan"}