{"bounds":{"maxX":139.451095581055,"maxY":35.7693977355957,"minX":139.391906738281,"minY":35.7299346923828},"result":"Higashiyamato, Tokyo, Japan"}