{"bounds":{"maxX":139.796295166016,"maxY":35.6426658630371,"minX":139.449295043945,"minY":35.4696655273438},"result":"Kawasaki, Kanagawa, Japan"}