{"bounds":{"maxX":140.001098632813,"maxY":35.8497314453125,"minX":139.880493164063,"minY":35.7470664978027},"result":"Matsudo, Chiba, Japan"}