{"bounds":{"maxX":138.914993286133,"maxY":37.3847312927246,"minX":138.720504760742,"minY":37.2059326171875},"result":"Ojiya, Niigata, Japan"}