{"bounds":{"maxX":139.436798095703,"maxY":35.4772682189941,"minX":139.369400024414,"minY":35.4004669189453},"result":"Ebina, Kanagawa, Japan"}