{"bounds":{"maxX":139.22900390625,"maxY":36.5617980957031,"minX":139.002304077148,"minY":36.3163986206055},"result":"Maebashi, Gunma, Japan"}