{"bounds":{"maxX":138.478897094727,"maxY":35.594799041748,"minX":138.321502685547,"minY":35.478401184082},"result":"Fujikawa, Yamanashi, Japan"}