{"bounds":{"maxX":139.725402832031,"maxY":35.5925331115723,"minX":139.465393066406,"minY":35.3124008178711},"result":"Yokohama, Kanagawa, Japan"}