{"bounds":{"maxX":139.371795654297,"maxY":36.7970008850098,"minX":138.985305786133,"minY":36.5589332580566},"result":"Numata, Gunma, Japan"}