{"bounds":{"maxX":139.899993896484,"maxY":35.8680000305176,"minX":139.839904785156,"minY":35.7808647155762},"result":"Misato, Saitama, Japan"}