{"bounds":{"maxX":139.266906738281,"maxY":37.9934005737305,"minX":138.784698486328,"minY":37.6797332763672},"result":"Niigata, Niigata, Japan"}