{"bounds":{"maxX":140.354400634766,"maxY":35.7157325744629,"minX":140.248504638672,"minY":35.5729331970215},"result":"Yachimata, Chiba, Japan"}