{"bounds":{"maxX":139.648895263672,"maxY":36.0098648071289,"minX":139.534805297852,"minY":35.9285316467285},"result":"Ageo, Saitama, Japan"}