{"bounds":{"maxX":138.621505737305,"maxY":35.9716644287109,"minX":138.185501098633,"minY":35.7102661132813},"result":"Hokuto, Yamanashi, Japan"}