{"bounds":{"maxX":139.535095214844,"maxY":36.1977996826172,"minX":139.417999267578,"minY":36.09033203125},"result":"Gyoda, Saitama, Japan"}