{"bounds":{"maxX":138.920700073242,"maxY":36.763801574707,"minX":138.514007568359,"minY":36.5590667724609},"result":"Nakanojo, Gunma, Japan"}