{"bounds":{"maxX":139.699295043945,"maxY":35.8352661132813,"minX":139.618804931641,"minY":35.7975311279297},"result":"Toda, Saitama, Japan"}