{"bounds":{"maxX":139.208297729492,"maxY":36.210865020752,"minX":139.136703491211,"minY":36.1323356628418},"result":"Misato, Saitama, Japan"}