{"bounds":{"maxX":139.293106079102,"maxY":34.5344657897949,"minX":139.268493652344,"minY":34.5111351013184},"result":"Toshima, Tokyo, Japan"}