{"bounds":{"maxX":139.591598510742,"maxY":36.2215347290039,"minX":139.478607177734,"minY":36.191333770752},"result":"Meiwa, Gunma, Japan"}