{"bounds":{"maxX":139.56559753418,"maxY":34.1244659423828,"minX":139.38287726111,"minY":34.0453987121582},"result":"Miyake, Tokyo, Japan"}