{"bounds":{"maxX":139.436096191406,"maxY":36.2764663696289,"minX":139.382598876953,"minY":36.2180671691895},"result":"Oizumi, Gunma, Japan"}