{"bounds":{"maxX":139.308898925781,"maxY":36.0990676879883,"minX":139.185699462891,"minY":36.0051345825195},"result":"Ogawa, Saitama, Japan"}