{"bounds":{"maxX":138.72119140625,"maxY":36.5825347900391,"minX":138.562698364258,"minY":36.4115333557129},"result":"Naganohara, Gunma, Japan"}