{"bounds":{"maxX":138.865600585938,"maxY":35.5505981445313,"minX":138.802703857422,"minY":35.5017318725586},"result":"Nishikatsura, Yamanashi, Japan"}