{"bounds":{"maxX":139.446701049805,"maxY":36.2543983459473,"minX":139.289794921875,"minY":36.0697326660156},"result":"Kumagaya, Saitama, Japan"}