{"bounds":{"maxX":138.596298217773,"maxY":35.5835990905762,"minX":138.446395874023,"minY":35.4682655334473},"result":"Ichikawamisato, Yamanashi, Japan"}