{"bounds":{"maxX":138.962600708008,"maxY":36.1605339050293,"minX":138.764404296875,"minY":36.041332244873},"result":"Kanna, Gunma, Japan"}