{"bounds":{"maxX":138.901306152344,"maxY":35.4862670898438,"minX":138.806396484375,"minY":35.4368667602539},"result":"Oshino, Yamanashi, Japan"}