{"bounds":{"maxX":139.839797973633,"maxY":35.958065032959,"minX":139.745193481445,"minY":35.8552017211914},"result":"Koshigaya, Saitama, Japan"}