{"bounds":{"maxX":140.089797973633,"maxY":35.7995338439941,"minX":139.938995361328,"minY":35.6638641357422},"result":"Funabashi, Chiba, Japan"}