{"bounds":{"maxX":138.630294799805,"maxY":36.6562652587891,"minX":138.511795043945,"minY":36.5673332214355},"result":"Kusatsu, Gunma, Japan"}