{"bounds":{"maxX":140.472702026367,"maxY":35.9023323059082,"minX":140.250091552734,"minY":35.723331451416},"result":"Narita, Chiba, Japan"}