{"bounds":{"maxX":139.328796386719,"maxY":35.7785987854004,"minX":139.136001586914,"minY":35.687931060791},"result":"Akiruno, Tokyo, Japan"}