{"bounds":{"maxX":140.26530456543,"maxY":35.8496017456055,"minX":140.087997436523,"minY":35.7396659851074},"result":"Inzai, Chiba, Japan"}