{"bounds":{"maxX":138.813598632813,"maxY":35.9094009399414,"minX":138.593505859375,"minY":35.6604652404785},"result":"Yamanashi, Yamanashi, Japan"}