{"bounds":{"maxX":139.756500244141,"maxY":36.0024642944336,"minX":139.541305541992,"minY":35.8287315368652},"result":"Saitama, Saitama, Japan"}