{"bounds":{"maxX":139.449600219727,"maxY":34.7988014221191,"minX":139.34880065918,"minY":34.6786003112793},"result":"Oshima, Tokyo, Japan"}