{"bounds":{"maxX":139.370300292969,"maxY":37.8923988342285,"minX":139.151306152344,"minY":37.7351341247559},"result":"Agano, Niigata, Japan"}