{"bounds":{"maxX":139.066604614258,"maxY":35.742000579834,"minX":138.767105102539,"minY":35.5695991516113},"result":"Otsuki, Yamanashi, Japan"}