{"bounds":{"maxX":139.129302978516,"maxY":36.4834671020508,"minX":138.642807006836,"minY":36.1990013122559},"result":"Takasaki, Gunma, Japan"}