{"bounds":{"maxX":139.162292480469,"maxY":35.4453315734863,"minX":139.099899291992,"minY":35.3366661071777},"result":"Matsuda, Kanagawa, Japan"}