{"bounds":{"maxX":139.516693115234,"maxY":35.4287338256836,"minX":139.394195556641,"minY":35.2975311279297},"result":"Fujisawa, Kanagawa, Japan"}