{"bounds":{"maxX":136.81689453125,"maxY":36.6742668151855,"minX":136.556594848633,"minY":36.3387985229492},"result":"Kanazawa, Ishikawa, Japan"}