{"bounds":{"maxX":139.002395629883,"maxY":36.4717330932617,"minX":138.899703979492,"minY":36.4126014709473},"result":"Shinto, Gunma, Japan"}