{"bounds":{"maxX":138.661102294922,"maxY":35.8758659362793,"minX":138.524002075195,"minY":35.5020221090292},"result":"Kofu, Yamanashi, Japan"}