{"bounds":{"maxX":139.459396362305,"maxY":35.7042655944824,"minX":139.417495727539,"minY":35.6707992553711},"result":"Kunitachi, Tokyo, Japan"}