{"bounds":{"maxX":139.137496948242,"maxY":35.2008666992188,"minX":139.026107788086,"minY":35.1407356262207},"result":"Yugawara, Kanagawa, Japan"}