{"bounds":{"maxX":139.265106201172,"maxY":38.4957907112711,"minX":139.215103149414,"minY":38.4369354248047},"result":"Awashimaura, Niigata, Japan"}