{"bounds":{"maxX":139.316299438477,"maxY":38.0310668945313,"minX":139.224807739258,"minY":37.9461326599121},"result":"Seiro, Niigata, Japan"}