{"bounds":{"maxX":138.871795654297,"maxY":37.7186660766602,"minX":138.804901123047,"minY":37.6562004089355},"result":"Yahiko, Niigata, Japan"}