{"bounds":{"maxX":137.083206176758,"maxY":37.3058013916016,"minX":136.786392211914,"minY":37.169132232666},"result":"Anamizu, Ishikawa, Japan"}