{"bounds":{"maxX":138.583908081055,"maxY":35.6234664916992,"minX":138.495803833008,"minY":35.5451316833496},"result":"Chuo, Yamanashi, Japan"}