{"bounds":{"maxX":137.752395629883,"maxY":36.7054672241211,"minX":137.278198242188,"minY":36.5197982788086},"result":"Tateyama, Toyama, Japan"}