{"bounds":{"maxX":138.708099365234,"maxY":37.4578666687012,"minX":138.591003417969,"minY":37.3997344970703},"result":"Kariwa, Niigata, Japan"}