{"bounds":{"maxX":139.45100402832,"maxY":36.5953330993652,"minX":139.188705444336,"minY":36.3592681884766},"result":"Kiryu, Gunma, Japan"}