{"bounds":{"maxX":135.60969543457,"maxY":35.5579986572266,"minX":135.449005126953,"minY":35.4485321044922},"result":"Takahama, Fukui, Japan"}