{"bounds":{"maxX":140.559692382813,"maxY":35.7216644287109,"minX":140.416900634766,"minY":35.6025314331055},"result":"Yokoshibahikari, Chiba, Japan"}