{"bounds":{"maxX":138.382095336914,"maxY":37.0705986022949,"minX":138.003295898438,"minY":36.8001327514648},"result":"Myoko, Niigata, Japan"}