{"bounds":{"maxX":138.519805908203,"maxY":35.773998260498,"minX":138.296691894531,"minY":35.6627311706543},"result":"Nirasaki, Yamanashi, Japan"}