{"bounds":{"maxX":136.818099975586,"maxY":36.7919998168945,"minX":136.669097900391,"minY":36.6822662353516},"result":"Kahoku, Ishikawa, Japan"}