{"bounds":{"maxX":139.478302001953,"maxY":35.9007339477539,"minX":139.360900878906,"minY":35.817798614502},"result":"Sayama, Saitama, Japan"}