{"bounds":{"maxX":139.868301391602,"maxY":35.8575325012207,"minX":139.812103271484,"minY":35.7909317016602},"result":"Yashio, Saitama, Japan"}