{"bounds":{"maxX":140.41569519043,"maxY":35.4769325256348,"minX":140.340606689453,"minY":35.4186668395996},"result":"Shirako, Chiba, Japan"}