{"bounds":{"maxX":139.833404541016,"maxY":36.0432014465332,"minX":139.707901000977,"minY":35.9355316162109},"result":"Kasukabe, Saitama, Japan"}