{"bounds":{"maxX":140.289398193359,"maxY":35.8741340637207,"minX":140.167907714844,"minY":35.8003311157227},"result":"Sakae, Chiba, Japan"}