{"bounds":{"maxX":139.809799194336,"maxY":35.7313995361328,"minX":139.762405395508,"minY":35.6946640014648},"result":"Taito City, Tokyo, Japan"}