{"bounds":{"maxX":139.44189453125,"maxY":35.6915321350098,"minX":139.358306884766,"minY":35.6394004821777},"result":"Hino, Tokyo, Japan"}