{"bounds":{"maxX":140.309600830078,"maxY":35.7576675415039,"minX":140.246734619141,"minY":35.7001342773438},"result":"Shisui, Chiba, Japan"}