{"bounds":{"maxX":140.870713,"maxY":36.100227,"minX":139.740005,"minY":34.898888},"result":"Chiba, Japan"}