{"bounds":{"maxX":136.985702514648,"maxY":37.0287322998047,"minX":136.822601318359,"minY":36.9140014648438},"result":"Nakanoto, Ishikawa, Japan"}