{"bounds":{"maxX":139.504898071289,"maxY":35.7815322875977,"minX":139.440795898438,"minY":35.7344017028809},"result":"Higashimurayama, Tokyo, Japan"}