{"bounds":{"maxX":139.137435,"maxY":35.968422,"minX":138.184738,"minY":35.128708},"result":"Yamanashi, Japan"}