{"bounds":{"maxX":138.952590942383,"maxY":36.5986671447754,"minX":138.640106201172,"minY":36.451732635498},"result":"Higashiagatsuma, Gunma, Japan"}