{"bounds":{"maxX":140.038101196289,"maxY":35.128532409668,"minX":139.810699462891,"minY":34.8995323181152},"result":"Minamiboso, Chiba, Japan"}