{"bounds":{"maxX":139.160598754883,"maxY":36.1480674743652,"minX":139.082504272461,"minY":36.0843315124512},"result":"Nagatoro, Saitama, Japan"}