{"bounds":{"maxX":140.870895385742,"maxY":35.8134651184082,"minX":140.691299438477,"minY":35.6934013366699},"result":"Choshi, Chiba, Japan"}