{"bounds":{"maxX":140.761199951172,"maxY":35.8058013916016,"minX":140.564895629883,"minY":35.6724014282227},"result":"Asahi, Chiba, Japan"}