{"bounds":{"maxX":139.359802246094,"maxY":35.7546653747559,"minX":139.31379699707,"minY":35.711799621582},"result":"Fussa, Tokyo, Japan"}