{"bounds":{"maxX":140.469802856445,"maxY":35.569465637207,"minX":140.388397216797,"minY":35.4982643127441},"result":"Kujukuri, Chiba, Japan"}