{"bounds":{"maxX":139.237899780273,"maxY":35.3296012878418,"minX":139.060195922852,"minY":35.1778678894043},"result":"Odawara, Kanagawa, Japan"}