{"bounds":{"maxX":139.260101318359,"maxY":37.413932800293,"minX":138.834899902344,"minY":36.940601348877},"result":"Uonuma, Niigata, Japan"}