{"bounds":{"maxX":139.723205566406,"maxY":35.692066192627,"minX":139.661697387695,"minY":35.6416015625},"result":"Shibuya City, Tokyo, Japan"}