{"bounds":{"maxX":139.108001708984,"maxY":37.737133026123,"minX":139.031600952148,"minY":37.6689987182617},"result":"Tagami, Niigata, Japan"}