{"bounds":{"maxX":136.861404418945,"maxY":37.2270011901855,"minX":136.670104980469,"minY":36.9385986328125},"result":"Shika, Ishikawa, Japan"}