{"bounds":{"maxX":139.741500854492,"maxY":37.8545341491699,"minX":139.252395629883,"minY":37.4472007751465},"result":"Aga, Niigata, Japan"}