{"bounds":{"maxX":139.78190612793,"maxY":35.6825332641602,"minX":139.709396362305,"minY":35.6231346130371},"result":"Minato City, Tokyo, Japan"}