{"bounds":{"maxX":140.000991821289,"maxY":35.3589324951172,"minX":139.739395141602,"minY":35.1391983032227},"result":"Futtsu, Chiba, Japan"}