{"bounds":{"maxX":139.195892333984,"maxY":35.3586654663086,"minX":139.135604858398,"minY":35.3131980895996},"result":"Oi, Kanagawa, Japan"}