{"bounds":{"maxX":137.179992675781,"maxY":36.794132232666,"minX":137.010894775391,"minY":36.6461334228516},"result":"Imizu, Toyama, Japan"}