{"bounds":{"maxX":138.874694824219,"maxY":37.2373352050781,"minX":138.52360534668,"minY":36.868335723877},"result":"Tokamachi, Niigata, Japan"}