{"bounds":{"maxX":139.251007080078,"maxY":35.3613319396973,"minX":139.186492919922,"minY":35.3078002929688},"result":"Nakai, Kanagawa, Japan"}