{"bounds":{"maxX":139.041198730469,"maxY":36.4743347167969,"minX":138.929092407227,"minY":36.4174003601074},"result":"Yoshioka, Gunma, Japan"}