{"bounds":{"maxX":139.710006713867,"maxY":35.835334777832,"minX":139.662902832031,"minY":35.8138008117676},"result":"Warabi, Saitama, Japan"}