{"bounds":{"maxX":140.342741821458,"maxY":35.7080001831055,"minX":139.77099609375,"minY":29.7927860357181},"result":"Koto City, Tokyo, Japan"}