{"bounds":{"maxX":140.111999511719,"maxY":35.935733795166,"minX":139.913299560547,"minY":35.7826652526855},"result":"Kashiwa, Chiba, Japan"}