{"bounds":{"maxX":137.051605224609,"maxY":36.9672660827637,"minX":136.848693847656,"minY":36.7704010009766},"result":"Himi, Toyama, Japan"}