{"bounds":{"maxX":139.504898071289,"maxY":36.0837326049805,"minX":139.41389465332,"minY":36.0117340087891},"result":"Yoshimi, Saitama, Japan"}