{"bounds":{"maxX":137.267593383789,"maxY":37.4056663513184,"minX":136.962005615234,"minY":37.2471351623535},"result":"Noto, Ishikawa, Japan"}