{"bounds":{"maxX":139.123901367188,"maxY":37.7103996276855,"minX":138.643096923828,"minY":37.1766014099121},"result":"Nagaoka, Niigata, Japan"}