{"bounds":{"maxX":136.873107910156,"maxY":36.8915328979492,"minX":136.724105834961,"minY":36.7558670043945},"result":"Hodatsushimizu, Ishikawa, Japan"}