{"bounds":{"maxX":139.443893432617,"maxY":35.3845329284668,"minX":139.369293212891,"minY":35.3148651123047},"result":"Chigasaki, Kanagawa, Japan"}