{"bounds":{"maxX":139.480697631836,"maxY":35.5199317932129,"minX":139.429397583008,"minY":35.423267364502},"result":"Yamato, Kanagawa, Japan"}