{"bounds":{"maxX":137.057403564453,"maxY":37.2006683349609,"minX":136.776504516602,"minY":36.9595336914063},"result":"Nanao, Ishikawa, Japan"}