{"bounds":{"maxX":139.387298583984,"maxY":36.104133605957,"minX":139.320999145508,"minY":36.0364685058594},"result":"Namegawa, Saitama, Japan"}