{"bounds":{"maxX":139.134292602539,"maxY":35.7389984130859,"minX":138.968399047852,"minY":35.543399810791},"result":"Uenohara, Yamanashi, Japan"}