{"bounds":{"maxX":139.722702026367,"maxY":35.800666809082,"minX":139.624694824219,"minY":35.7358665466309},"result":"Itabashi City, Tokyo, Japan"}