{"bounds":{"maxX":139.594100952148,"maxY":35.8256645202637,"minX":139.516098022461,"minY":35.7536659240723},"result":"Niiza, Saitama, Japan"}