{"bounds":{"maxX":139.011901855469,"maxY":35.7799339294434,"minX":138.851196289063,"minY":35.7122650146484},"result":"Kosuge, Yamanashi, Japan"}