{"bounds":{"maxX":138.750198364258,"maxY":35.4953994750977,"minX":138.638900756836,"minY":35.357666015625},"result":"Narusawa, Yamanashi, Japan"}