{"bounds":{"maxX":139.348403930664,"maxY":37.7778015136719,"minX":139.094207763672,"minY":37.5098686218262},"result":"Gosen, Niigata, Japan"}