{"bounds":{"maxX":139.111099243164,"maxY":36.291332244873,"minX":138.80940246582,"minY":36.1160011291504},"result":"Fujioka, Gunma, Japan"}