{"bounds":{"maxX":139.166107177734,"maxY":35.5097312927246,"minX":138.916198730469,"minY":35.3297996520996},"result":"Yamakita, Kanagawa, Japan"}