{"bounds":{"maxX":139.942504882813,"maxY":35.0563316345215,"minX":139.752899169922,"minY":34.9105987548828},"result":"Tateyama, Chiba, Japan"}