{"bounds":{"maxX":153.986939,"maxY":35.894138,"minX":138.815537,"minY":24.224718},"result":"Tokyo, Japan"}