{"bounds":{"maxX":139.746597290039,"maxY":35.3303985595703,"minX":139.576705932617,"minY":35.1898651123047},"result":"Yokosuka, Kanagawa, Japan"}