{"bounds":{"maxX":140.151901245117,"maxY":35.7839317321777,"minX":140.063003540039,"minY":35.6928672790527},"result":"Yachiyo, Chiba, Japan"}