{"bounds":{"maxX":139.642105102539,"maxY":35.2916641235352,"minX":139.567596435547,"minY":35.2529335021973},"result":"Hayama, Kanagawa, Japan"}