{"bounds":{"maxX":139.443695068359,"maxY":36.3783988952637,"minX":139.255996704102,"minY":36.2297325134277},"result":"Ota, Gunma, Japan"}