{"bounds":{"maxX":139.346099853516,"maxY":36.1105995178223,"minX":139.288101196289,"minY":36.0069999694824},"result":"Ranzan, Saitama, Japan"}