{"bounds":{"maxX":140.146606445313,"maxY":35.9009323120117,"minX":139.989501953125,"minY":35.8407325744629},"result":"Abiko, Chiba, Japan"}