{"bounds":{"maxX":137.705307006836,"maxY":36.7663345336914,"minX":137.028198242188,"minY":36.3701324462891},"result":"Toyama, Toyama, Japan"}