{"bounds":{"maxX":138.534896850586,"maxY":35.380199432373,"minX":138.36669921875,"minY":35.1684646606445},"result":"Nambu, Yamanashi, Japan"}