{"bounds":{"maxX":139.4580078125,"maxY":35.6721343994141,"minX":139.066192626953,"minY":35.4743347167969},"result":"Sagamihara, Kanagawa, Japan"}