{"bounds":{"maxX":140.625106811523,"maxY":35.7611312866211,"minX":140.486297607422,"minY":35.627799987793},"result":"Sosa, Chiba, Japan"}