{"bounds":{"maxX":137.610595703125,"maxY":36.9612007141113,"minX":137.425796508789,"minY":36.8519325256348},"result":"Nyuzen, Toyama, Japan"}