{"bounds":{"maxX":136.600997924805,"maxY":36.4819984436035,"minX":136.480392456055,"minY":36.4583320617676},"result":"Kawakita, Ishikawa, Japan"}