{"bounds":{"maxX":139.333602905273,"maxY":35.3343353271484,"minX":139.25080871582,"minY":35.2972679138184},"result":"Oiso, Kanagawa, Japan"}