{"bounds":{"maxX":139.438003540039,"maxY":35.5153312683105,"minX":139.37370300293,"minY":35.4686012268066},"result":"Zama, Kanagawa, Japan"}