{"bounds":{"maxX":137.320602416992,"maxY":36.7128677368164,"minX":137.292999267578,"minY":36.6869354248047},"result":"Funahashi, Toyama, Japan"}