{"bounds":{"maxX":139.343200683594,"maxY":35.7810668945313,"minX":139.292602539063,"minY":35.7471313476563},"result":"Hamura, Tokyo, Japan"}