{"bounds":{"maxX":135.859100341797,"maxY":35.5769309997559,"minX":135.588500976563,"minY":35.385066986084},"result":"Obama, Fukui, Japan"}