{"bounds":{"maxX":139.624298095703,"maxY":35.3203315734863,"minX":139.552108764648,"minY":35.2760009765625},"result":"Zushi, Kanagawa, Japan"}