{"bounds":{"maxX":140.161407470703,"maxY":35.3746681213379,"minX":139.839202880859,"minY":35.1542015075684},"result":"Kimitsu, Chiba, Japan"}