{"bounds":{"maxX":138.60139465332,"maxY":35.5189323425293,"minX":138.335494995117,"minY":35.2955322265625},"result":"Minobu, Yamanashi, Japan"}