{"bounds":{"maxX":139.682098388672,"maxY":38.0494651794434,"minX":139.242202758789,"minY":37.7893333435059},"result":"Shibata, Niigata, Japan"}