{"bounds":{"maxX":139.902099,"maxY":38.546426,"minX":137.637787,"minY":36.734337},"result":"Niigata, Japan"}