{"bounds":{"maxX":139.939605712891,"maxY":35.6727333068848,"minX":139.872406005859,"minY":35.6166687011719},"result":"Urayasu, Chiba, Japan"}