{"bounds":{"maxX":136.629302978516,"maxY":36.554931640625,"minX":136.580108642578,"minY":36.495532989502},"result":"Nonoichi, Ishikawa, Japan"}