{"bounds":{"maxX":139.197799682617,"maxY":37.0587997436523,"minX":138.789398193359,"minY":36.6447334289551},"result":"Minakami, Gunma, Japan"}