{"bounds":{"maxX":138.974304199219,"maxY":37.7318687438965,"minX":138.787292480469,"minY":37.5939331054688},"result":"Tsubame, Niigata, Japan"}