{"bounds":{"maxX":139.456497192383,"maxY":35.467601776123,"minX":139.403594970703,"minY":35.4070663452148},"result":"Ayase, Kanagawa, Japan"}