{"bounds":{"maxX":138.112503051758,"maxY":37.1483993530273,"minX":137.634902954102,"minY":36.7663993835449},"result":"Itoigawa, Niigata, Japan"}