{"bounds":{"maxX":139.169296264648,"maxY":36.5921325683594,"minX":138.880996704102,"minY":36.4487991333008},"result":"Shibukawa, Gunma, Japan"}