{"bounds":{"maxX":139.752899169922,"maxY":36.0576667785645,"minX":139.683502197266,"minY":35.996997833252},"result":"Miyashiro, Saitama, Japan"}