{"bounds":{"maxX":140.720794677734,"maxY":35.855598449707,"minX":140.62370300293,"minY":35.7652015686035},"result":"Tonosho, Chiba, Japan"}