{"bounds":{"maxX":139.000396728516,"maxY":37.5939331054688,"minX":138.871795654297,"minY":37.4611320495605},"result":"Mitsuke, Niigata, Japan"}