{"bounds":{"maxX":137.170593261719,"maxY":37.8554000854492,"minX":136.695205688477,"minY":37.1911315917969},"result":"Wajima, Ishikawa, Japan"}