{"bounds":{"maxX":138.564697265625,"maxY":35.806999206543,"minX":138.466003417969,"minY":35.6289329528809},"result":"Kai, Yamanashi, Japan"}