{"bounds":{"maxX":139.900100708008,"maxY":38.5533981323242,"minX":139.408203125,"minY":38.078800201416},"result":"Murakami, Niigata, Japan"}