{"bounds":{"maxX":137.10319519043,"maxY":36.8296012878418,"minX":136.833206176758,"minY":36.6567344665527},"result":"Takaoka, Toyama, Japan"}