{"bounds":{"maxX":139.899200439453,"maxY":35.9394645690918,"minX":139.828399658203,"minY":35.8594665527344},"result":"Yoshikawa, Saitama, Japan"}