{"bounds":{"maxX":138.810302734375,"maxY":35.5721321105957,"minX":138.581802368164,"minY":35.3931999206543},"result":"Fujikawaguchiko, Yamanashi, Japan"}