{"bounds":{"maxX":139.693298339844,"maxY":38.1698684692383,"minX":139.490005493164,"minY":37.9186668395996},"result":"Sekikawa, Niigata, Japan"}