{"bounds":{"maxX":139.298400878906,"maxY":35.5425338745117,"minX":139.162994384766,"minY":35.4477310180664},"result":"Kiyokawa, Kanagawa, Japan"}