{"bounds":{"maxX":138.949600219727,"maxY":36.307933807373,"minX":138.740005493164,"minY":36.1783981323242},"result":"Tomioka, Gunma, Japan"}