{"bounds":{"maxX":139.546401977539,"maxY":35.8073997497559,"minX":139.496795654297,"minY":35.7611312866211},"result":"Kiyose, Tokyo, Japan"}