{"bounds":{"maxX":139.79280090332,"maxY":35.6963310241699,"minX":139.758102416992,"minY":35.6459999084473},"result":"Chuo City, Tokyo, Japan"}