{"bounds":{"maxX":138.932098388672,"maxY":36.9643325805664,"minX":138.669204711914,"minY":36.7368659973145},"result":"Yuzawa, Niigata, Japan"}