{"bounds":{"maxX":139.557495117188,"maxY":35.9617347717285,"minX":139.37939453125,"minY":35.8376655578613},"result":"Kawagoe, Saitama, Japan"}