{"bounds":{"maxX":139.291595458984,"maxY":35.4609985351563,"minX":139.1416015625,"minY":35.346134185791},"result":"Hadano, Kanagawa, Japan"}