{"bounds":{"maxX":140.455093383789,"maxY":35.7749328613281,"minX":140.366195678711,"minY":35.674732208252},"result":"Shibayama, Chiba, Japan"}