{"bounds":{"maxX":139.379608154297,"maxY":35.5275344848633,"minX":139.228302001953,"minY":35.3933982849121},"result":"Atsugi, Kanagawa, Japan"}