{"bounds":{"maxX":139.918701171875,"maxY":35.7508010864258,"minX":139.833206176758,"minY":35.6335983276367},"result":"Edogawa City, Tokyo, Japan"}