{"bounds":{"maxX":139.525695800781,"maxY":35.6998672485352,"minX":139.429794311523,"minY":35.6461334228516},"result":"Fuchu, Tokyo, Japan"}