{"bounds":{"maxX":139.176300048828,"maxY":36.1258010864258,"minX":138.712295532227,"minY":35.8398666381836},"result":"Chichibu, Saitama, Japan"}