{"bounds":{"maxX":136.331802368164,"maxY":36.2956008911133,"minX":136.167602539063,"minY":36.1753997802734},"result":"Awara, Fukui, Japan"}