{"bounds":{"maxX":140.440399169922,"maxY":35.9117317199707,"minX":140.375900268555,"minY":35.8534660339355},"result":"Kozaki, Chiba, Japan"}