{"bounds":{"maxX":139.645706176758,"maxY":36.0272674560547,"minX":139.59049987793,"minY":35.9697341918945},"result":"Ina, Saitama, Japan"}