{"bounds":{"maxX":140.550598144531,"maxY":35.8070640563965,"minX":140.40299987793,"minY":35.6909980773926},"result":"Tako, Chiba, Japan"}