{"bounds":{"maxX":139.685806274414,"maxY":35.6822662353516,"minX":139.582794189453,"minY":35.5901336669922},"result":"Setagaya City, Tokyo, Japan"}