{"bounds":{"maxX":138.937194824219,"maxY":35.4580001831055,"minX":138.802597045898,"minY":35.3814659118652},"result":"Yamanakako, Yamanashi, Japan"}