{"bounds":{"maxX":139.550308227539,"maxY":35.8917999267578,"minX":139.468994140625,"minY":35.8421325683594},"result":"Fujimino, Saitama, Japan"}