{"bounds":{"maxX":135.95353716775,"maxY":35.642333984375,"minX":135.795593261719,"minY":35.3950653076172},"result":"Wakasa, Fukui, Japan"}