{"bounds":{"maxX":139.234497070313,"maxY":37.710334777832,"minX":138.990097045898,"minY":37.5533981323242},"result":"Kamo, Niigata, Japan"}