{"bounds":{"maxX":139.196899414063,"maxY":36.8049354553223,"minX":139.073394775391,"minY":36.6628684997559},"result":"Kawaba, Gunma, Japan"}