{"bounds":{"maxX":138.952697753906,"maxY":36.4160652160645,"minX":138.648101806641,"minY":36.2764015197754},"result":"Annaka, Gunma, Japan"}