{"bounds":{"maxX":139.625595092773,"maxY":36.2845993041992,"minX":139.459991455078,"minY":36.2102012634277},"result":"Tatebayashi, Gunma, Japan"}