{"bounds":{"maxX":139.177597045898,"maxY":35.8981323242188,"minX":138.944000244141,"minY":35.7388000488281},"result":"Okutama, Tokyo, Japan"}