{"bounds":{"maxX":138.553802490234,"maxY":35.6515998840332,"minX":138.508193969727,"minY":35.6082649230957},"result":"Showa, Yamanashi, Japan"}