{"bounds":{"maxX":140.414794921875,"maxY":35.3457984924316,"minX":140.255004882813,"minY":35.1921997070313},"result":"Isumi, Chiba, Japan"}