{"bounds":{"maxX":139.595596313477,"maxY":36.0404663085938,"minX":139.506896972656,"minY":35.9607315063477},"result":"Okegawa, Saitama, Japan"}