{"bounds":{"maxX":139.493499755859,"maxY":36.2454643249512,"minX":139.409805297852,"minY":36.1893348693848},"result":"Chiyoda, Gunma, Japan"}