{"bounds":{"maxX":139.404998779297,"maxY":35.4014015197754,"minX":139.368804931641,"minY":35.3504676818848},"result":"Samukawa, Kanagawa, Japan"}