{"bounds":{"maxX":139.097900390625,"maxY":37.2088661193848,"minX":138.764801025391,"minY":36.8874015808105},"result":"Minamiuonuma, Niigata, Japan"}