{"bounds":{"maxX":137.360504150391,"maxY":37.5334663391113,"minX":137.085693359375,"minY":37.3554649353027},"result":"Suzu, Ishikawa, Japan"}