{"bounds":{"maxX":139.398300170898,"maxY":35.7263336181641,"minX":139.332107543945,"minY":35.6912651062012},"result":"Akishima, Tokyo, Japan"}