{"bounds":{"maxX":139.192993164063,"maxY":34.243465423584,"minX":138.815299526027,"minY":33.9428589230253},"result":"Kozushima, Tokyo, Japan"}