{"bounds":{"maxX":139.136199951172,"maxY":36.2383346557617,"minX":138.97639465332,"minY":36.0951995849609},"result":"Kamikawa, Saitama, Japan"}