{"bounds":{"maxX":139.375,"maxY":35.9698677062988,"minX":139.100204467773,"minY":35.8189315795898},"result":"Hanno, Saitama, Japan"}