{"bounds":{"maxX":139.713897705078,"maxY":36.050666809082,"minX":139.604202270508,"minY":35.9953994750977},"result":"Shiraoka, Saitama, Japan"}