{"bounds":{"maxX":139.246795654297,"maxY":36.2748680114746,"minX":139.056793212891,"minY":36.1187324523926},"result":"Honjo, Saitama, Japan"}