{"bounds":{"maxX":139.429794311523,"maxY":35.7191314697266,"minX":139.161697387695,"minY":35.5987319946289},"result":"Hachioji, Tokyo, Japan"}