{"bounds":{"maxX":139.534103393555,"maxY":35.7190017700195,"minX":139.484497070313,"minY":35.6839332580566},"result":"Koganei, Tokyo, Japan"}