{"bounds":{"maxX":139.288208007813,"maxY":36.1768684387207,"minX":139.137893676758,"minY":36.068733215332},"result":"Yorii, Saitama, Japan"}