{"bounds":{"maxX":138.96240234375,"maxY":36.2681999206543,"minX":138.826599121094,"minY":36.1580657958984},"result":"Kanra, Gunma, Japan"}