{"bounds":{"maxX":139.931701660156,"maxY":35.1637344360352,"minX":139.817199707031,"minY":35.099666595459},"result":"Kyonan, Chiba, Japan"}