{"bounds":{"maxX":139.172500610352,"maxY":35.7791328430176,"minX":139.012496948242,"minY":35.666332244873},"result":"Hinohara, Tokyo, Japan"}