{"bounds":{"maxX":136.437896728516,"maxY":36.130199432373,"minX":136.269805908203,"minY":36.0337333679199},"result":"Eiheiji, Fukui, Japan"}