{"bounds":{"maxX":139.298400878906,"maxY":37.6824684143066,"minX":138.872604370117,"minY":37.3979339599609},"result":"Sanjo, Niigata, Japan"}