{"bounds":{"maxX":139.357498168945,"maxY":35.4472007751465,"minX":139.230499267578,"minY":35.3691329956055},"result":"Isehara, Kanagawa, Japan"}