{"bounds":{"maxX":140.525497436523,"maxY":35.6869316101074,"minX":140.320495605469,"minY":35.5474662780762},"result":"Sammu, Chiba, Japan"}