{"bounds":{"maxX":135.79069519043,"maxY":35.5475997924805,"minX":135.485702514648,"minY":35.3437347412109},"result":"Oi, Fukui, Japan"}