{"bounds":{"maxX":136.46630859375,"maxY":36.1730003356934,"minX":135.963897705078,"minY":35.9206657409668},"result":"Fukui, Fukui, Japan"}