{"bounds":{"maxX":139.491500854492,"maxY":35.7227325439453,"minX":139.428298950195,"minY":35.6888656616211},"result":"Kokubunji, Tokyo, Japan"}