{"bounds":{"maxX":139.703094482422,"maxY":36.2146682739258,"minX":139.524505615234,"minY":36.0713996887207},"result":"Kazo, Saitama, Japan"}