{"bounds":{"maxX":138.866104125977,"maxY":35.5327339172363,"minX":138.727493286133,"minY":35.3644676208496},"result":"Fujiyoshida, Yamanashi, Japan"}