{"bounds":{"maxX":139.354995727539,"maxY":35.5565338134766,"minX":139.246398925781,"minY":35.4985313415527},"result":"Aikawa, Kanagawa, Japan"}