{"bounds":{"maxX":136.028991699219,"maxY":35.7302017211914,"minX":135.814300537109,"minY":35.4868011474609},"result":"Mihama, Fukui, Japan"}