{"bounds":{"maxX":139.662475,"maxY":37.055527,"minX":138.400955,"minY":35.98619},"result":"Gunma, Japan"}