{"bounds":{"maxX":136.692901611328,"maxY":36.7012672424316,"minX":136.61930847168,"minY":36.6260681152344},"result":"Uchinada, Ishikawa, Japan"}