{"bounds":{"maxX":138.721694946289,"maxY":37.5237312316895,"minX":138.418106079102,"minY":37.1660003662109},"result":"Kashiwazaki, Niigata, Japan"}