{"bounds":{"maxX":139.171600341797,"maxY":36.2834014892578,"minX":139.095901489258,"minY":36.2187995910645},"result":"Kamisato, Saitama, Japan"}