{"bounds":{"maxX":140.346801757813,"maxY":35.244068145752,"minX":140.188095092773,"minY":35.1143341064453},"result":"Katsuura, Chiba, Japan"}