{"bounds":{"maxX":136.937393188477,"maxY":36.7432670593262,"minX":136.783599853516,"minY":36.5857315063477},"result":"Oyabe, Toyama, Japan"}