{"bounds":{"maxX":139.717407226563,"maxY":35.6637344360352,"minX":139.661697387695,"minY":35.6006660461426},"result":"Meguro City, Tokyo, Japan"}