{"bounds":{"maxX":138.764297485352,"maxY":37.5782661437988,"minX":138.660095214844,"minY":37.4875984191895},"result":"Izumozaki, Niigata, Japan"}