{"bounds":{"maxX":140.397201538086,"maxY":35.4346008300781,"minX":140.312393188477,"minY":35.3807983398438},"result":"Chosei, Chiba, Japan"}