{"bounds":{"maxX":139.669296264648,"maxY":36.2741317749023,"minX":139.574401855469,"minY":36.1865997314453},"result":"Itakura, Gunma, Japan"}