{"bounds":{"maxX":139.555297851563,"maxY":35.8510665893555,"minX":139.477996826172,"minY":35.8145332336426},"result":"Miyoshi, Saitama, Japan"}