{"bounds":{"maxX":140.215896606445,"maxY":35.1907997131348,"minX":139.930892944336,"minY":35.051399230957},"result":"Kamogawa, Chiba, Japan"}