{"bounds":{"maxX":140.028457641602,"maxY":35.8036651611328,"minX":139.968399047852,"minY":35.7386665344238},"result":"Kamagaya, Chiba, Japan"}