{"bounds":{"maxX":140.309799194336,"maxY":35.4273338317871,"minX":140.197601318359,"minY":35.3165321350098},"result":"Chonan, Chiba, Japan"}