{"bounds":{"maxX":139.694000244141,"maxY":35.7355346679688,"minX":139.624496459961,"minY":35.6763343811035},"result":"Nakano City, Tokyo, Japan"}