{"bounds":{"maxX":140.351104736328,"maxY":35.4078674316406,"minX":140.251403808594,"minY":35.3132667541504},"result":"Mutsuzawa, Chiba, Japan"}