{"bounds":{"maxX":139.783096313477,"maxY":35.705265045166,"minX":139.73030090332,"minY":35.6686668395996},"result":"Chiyoda City, Tokyo, Japan"}