{"bounds":{"maxX":138.793395996094,"maxY":35.7114677429199,"minX":138.58479309082,"minY":35.5162658691406},"result":"Fuefuki, Yamanashi, Japan"}