{"bounds":{"maxX":139.507202148438,"maxY":35.6235313415527,"minX":139.268905639648,"minY":35.5015983581543},"result":"Machida, Tokyo, Japan"}