{"bounds":{"maxX":139.595504760742,"maxY":35.7218017578125,"minX":139.525192260742,"minY":35.6940650939941},"result":"Musashino, Tokyo, Japan"}