{"bounds":{"maxX":139.613006591797,"maxY":36.2103996276855,"minX":139.488204956055,"minY":36.1371994018555},"result":"Hanyu, Saitama, Japan"}