{"bounds":{"maxX":139.112991333008,"maxY":35.5498008728027,"minX":138.923904418945,"minY":35.4488639831543},"result":"Doshi, Yamanashi, Japan"}