{"bounds":{"maxX":139.623397827148,"maxY":35.8352661132813,"minX":139.573104858398,"minY":35.7784004211426},"result":"Asaka, Saitama, Japan"}