{"bounds":{"maxX":136.832000732422,"maxY":36.0863990783691,"minX":136.415603637695,"minY":35.7504005432129},"result":"Ono, Fukui, Japan"}