{"bounds":{"maxX":153.986865760334,"maxY":27.7450184437179,"minX":136.069526928543,"minY":20.422740332936},"result":"Ogasawara, Tokyo, Japan"}