{"bounds":{"maxX":139.137298583984,"maxY":35.3521995544434,"minX":139.004806518555,"minY":35.271800994873},"result":"Minamiashigara, Kanagawa, Japan"}