{"bounds":{"maxX":139.406402587891,"maxY":36.9646682739258,"minX":139.139099121094,"minY":36.7098655700684},"result":"Katashina, Gunma, Japan"}