{"bounds":{"maxX":139.051193237305,"maxY":36.0935325622559,"minX":138.828506469727,"minY":35.9665985107422},"result":"Ogano, Saitama, Japan"}