{"bounds":{"maxX":139.789596557617,"maxY":36.1092681884766,"minX":139.692108154297,"minY":36.038200378418},"result":"Satte, Saitama, Japan"}