{"bounds":{"maxX":139.381500244141,"maxY":35.7958679199219,"minX":139.319107055664,"minY":35.7416648864746},"result":"Mizuho, Tokyo, Japan"}