{"bounds":{"maxX":139.33039855957,"maxY":35.8508644104004,"minX":139.137496948242,"minY":35.754467010498},"result":"Ome, Tokyo, Japan"}