{"bounds":{"maxX":136.851501464844,"maxY":36.5679321289063,"minX":136.464706420898,"minY":36.0676002502441},"result":"Hakusan, Ishikawa, Japan"}