{"bounds":{"maxX":139.414505004883,"maxY":35.7740669250488,"minX":139.354598999023,"minY":35.7324676513672},"result":"Musashimurayama, Tokyo, Japan"}