{"bounds":{"maxX":136.84489440918,"maxY":36.7829322814941,"minX":136.686004638672,"minY":36.6292686462402},"result":"Tsubata, Ishikawa, Japan"}