{"bounds":{"maxX":139.457107543945,"maxY":36.1050643920898,"minX":139.331207275391,"minY":35.9816017150879},"result":"Higashimatsuyama, Saitama, Japan"}