{"bounds":{"maxX":137.360824,"maxY":37.855836,"minX":136.244079,"minY":36.066033},"result":"Ishikawa, Japan"}