{"bounds":{"maxX":136.834474,"maxY":36.295143,"minX":135.452438,"minY":35.341751},"result":"Fukui, Japan"}