{"bounds":{"maxX":139.162399291992,"maxY":36.6591987609863,"minX":139.042694091797,"minY":36.5696678161621},"result":"Showa, Gunma, Japan"}