{"bounds":{"maxX":139.745407104492,"maxY":35.7294654846191,"minX":139.673599243164,"minY":35.6738014221191},"result":"Shinjuku City, Tokyo, Japan"}