{"bounds":{"maxX":138.568603515625,"maxY":37.3066673278809,"minX":138.067596435547,"minY":36.9415321350098},"result":"Joetsu, Niigata, Japan"}