{"bounds":{"maxX":139.545806884766,"maxY":35.8432655334473,"minX":139.379196166992,"minY":35.7632675170898},"result":"Tokorozawa, Saitama, Japan"}