{"bounds":{"maxX":138.841293334961,"maxY":36.3030662536621,"minX":138.600402832031,"minY":36.1370658874512},"result":"Shimonita, Gunma, Japan"}