{"bounds":{"maxX":139.428695678711,"maxY":35.9587326049805,"minX":139.352493286133,"minY":35.914665222168},"result":"Tsurugashima, Saitama, Japan"}