{"bounds":{"maxX":136.356704711914,"maxY":35.8790664672852,"minX":136.010803222656,"minY":35.6586647033691},"result":"Minamiechizen, Fukui, Japan"}