{"bounds":{"maxX":136.440093994141,"maxY":36.2578659057617,"minX":136.099807739258,"minY":36.1023330688477},"result":"Sakai, Fukui, Japan"}