{"bounds":{"maxX":139.952102661133,"maxY":36.104133605957,"minX":139.77619934082,"minY":35.9129333496094},"result":"Noda, Chiba, Japan"}