{"bounds":{"maxX":139.446197509766,"maxY":35.7451324462891,"minX":139.352905273438,"minY":35.682731628418},"result":"Tachikawa, Tokyo, Japan"}