{"bounds":{"maxX":139.467697143555,"maxY":35.9980659484863,"minX":139.324493408203,"minY":35.919864654541},"result":"Sakado, Saitama, Japan"}