{"bounds":{"maxX":140.435195922852,"maxY":35.631534576416,"minX":140.287002563477,"minY":35.5004005432129},"result":"Togane, Chiba, Japan"}