{"bounds":{"maxX":139.792281,"maxY":35.670006,"minX":138.919557,"minY":35.128392},"result":"Kanagawa, Japan"}