{"bounds":{"maxX":140.300094604492,"maxY":35.7142677307129,"minX":140.019805908203,"minY":35.4934005737305},"result":"Chiba, Chiba, Japan"}