{"bounds":{"maxX":138.995193481445,"maxY":36.6619987487793,"minX":138.888702392578,"minY":36.5803985595703},"result":"Takayama, Gunma, Japan"}