{"bounds":{"maxX":135.97770690918,"maxY":34.7979354858398,"minX":135.903106689453,"minY":34.7379341125488},"result":"Kasagi, Kyoto, Japan"}