{"bounds":{"maxX":135.388000488281,"maxY":34.4186668395996,"minX":135.335494995117,"minY":34.3553314208984},"result":"Kumatori, Osaka, Japan"}