{"bounds":{"maxX":136.988053,"maxY":35.254326,"minX":135.855972,"minY":33.721958},"result":"Mie, Japan"}