{"bounds":{"maxX":136.229003,"maxY":34.778027,"minX":135.542771,"minY":33.871207},"result":"Nara, Japan"}