{"bounds":{"maxX":138.299102783203,"maxY":36.2965316772461,"minX":138.11979675293,"minY":36.1056671142578},"result":"Nagawa, Nagano, Japan"}