{"bounds":{"maxX":134.906707763672,"maxY":35.1954002380371,"minX":134.656204223633,"minY":35.0359344482422},"result":"Kamikawa, Hyogo, Japan"}