{"bounds":{"maxX":136.171493530273,"maxY":34.560733795166,"minX":136.068298339844,"minY":34.4732666015625},"result":"Soni, Nara, Japan"}