{"bounds":{"maxX":135.729705810547,"maxY":34.2241325378418,"minX":135.539596557617,"minY":34.0648002624512},"result":"Nosegawa, Nara, Japan"}