{"bounds":{"maxX":138.348098754883,"maxY":36.7247352600098,"minX":138.281097412109,"minY":36.6822662353516},"result":"Obuse, Nagano, Japan"}