{"bounds":{"maxX":137.837997436523,"maxY":35.234733581543,"minX":137.653396606445,"minY":35.0951995849609},"result":"Toyone, Aichi, Japan"}