{"bounds":{"maxX":138.164505004883,"maxY":35.7035331726074,"minX":137.990997314453,"minY":35.4537315368652},"result":"Oshika, Nagano, Japan"}