{"bounds":{"maxX":136.908203125,"maxY":34.4237976074219,"minX":136.701797485352,"minY":34.2465324401855},"result":"Shima, Mie, Japan"}