{"bounds":{"maxX":137.670104980469,"maxY":35.3183326721191,"minX":137.5458984375,"minY":35.1983985900879},"result":"Neba, Nagano, Japan"}