{"bounds":{"maxX":135.801803588867,"maxY":34.853931427002,"minX":135.718399047852,"minY":34.7516670227051},"result":"Kyotanabe, Kyoto, Japan"}