{"bounds":{"maxX":136.22900390625,"maxY":34.5288009643555,"minX":136.080902099609,"minY":34.4351997375488},"result":"Mitsue, Nara, Japan"}