{"bounds":{"maxX":134.848098754883,"maxY":35.0600662231445,"minX":134.705505371094,"minY":34.9636650085449},"result":"Ichikawa, Hyogo, Japan"}