{"bounds":{"maxX":136.819305419922,"maxY":35.399600982666,"minX":136.762802124023,"minY":35.3695335388184},"result":"Ginan, Gifu, Japan"}