{"bounds":{"maxX":138.012802124023,"maxY":36.6727333068848,"minX":137.906097412109,"minY":36.5948677062988},"result":"Ogawa, Nagano, Japan"}