{"bounds":{"maxX":135.48649597168,"maxY":35.6881980895996,"minX":135.158996582031,"minY":35.380931854248},"result":"Maizuru, Kyoto, Japan"}