{"bounds":{"maxX":137.1708984375,"maxY":34.9137992858887,"minX":136.970748901367,"minY":34.7154769897461},"result":"Nishio, Aichi, Japan"}