{"bounds":{"maxX":138.031799316406,"maxY":36.9198684692383,"minX":137.764694213867,"minY":36.7312660217285},"result":"Otari, Nagano, Japan"}