{"bounds":{"maxX":136.820693969727,"maxY":35.3829345703125,"minX":136.728698730469,"minY":35.3449325561523},"result":"Kasamatsu, Gifu, Japan"}