{"bounds":{"maxX":135.878799438477,"maxY":34.9568672180176,"minX":135.759399414063,"minY":34.8580017089844},"result":"Uji, Kyoto, Japan"}