{"bounds":{"maxX":138.993103027344,"maxY":35.3600006103516,"minX":138.731597900391,"minY":35.21533203125},"result":"Gotemba, Shizuoka, Japan"}