{"bounds":{"maxX":135.684204101563,"maxY":34.5149345397949,"minX":135.6123046875,"minY":34.4464683532715},"result":"Kanan, Osaka, Japan"}