{"bounds":{"maxX":136.552597045898,"maxY":34.4592666625977,"minX":136.09260559082,"minY":34.1651344299316},"result":"Odai, Mie, Japan"}