{"bounds":{"maxX":136.982696533203,"maxY":35.0032005310059,"minX":136.914398193359,"minY":34.9320678710938},"result":"Higashiura, Aichi, Japan"}