{"bounds":{"maxX":136.684600830078,"maxY":35.046932220459,"minX":136.640197753906,"minY":35.0249328613281},"result":"Asahi, Mie, Japan"}