{"bounds":{"maxX":138.25080871582,"maxY":35.0642013549805,"minX":138.009704589844,"minY":34.7859992980957},"result":"Shimada, Shizuoka, Japan"}