{"bounds":{"maxX":137.125198364258,"maxY":35.0106010437012,"minX":137.010604858398,"minY":34.8884658813477},"result":"Anjo, Aichi, Japan"}