{"bounds":{"maxX":136.06999206543,"maxY":34.7575340270996,"minX":135.712905883789,"minY":34.5587348937988},"result":"Nara, Nara, Japan"}