{"bounds":{"maxX":136.3623046875,"maxY":35.7037315368652,"minX":136.092193603516,"minY":35.3425331115723},"result":"Nagahama, Shiga, Japan"}