{"bounds":{"maxX":136.820297241211,"maxY":35.7190017700195,"minX":136.663208007813,"minY":35.4848670959473},"result":"Yamagata, Gifu, Japan"}