{"bounds":{"maxX":138.343704223633,"maxY":36.3237991333008,"minX":138.233795166016,"minY":36.0865325927734},"result":"Tateshina, Nagano, Japan"}