{"bounds":{"maxX":139.001495361328,"maxY":35.3310012817383,"minX":138.749496459961,"minY":35.1484642028809},"result":"Susono, Shizuoka, Japan"}