{"bounds":{"maxX":136.786193847656,"maxY":35.200782550134,"minX":136.706941090229,"minY":35.1333061162966},"result":"Tsushima, Aichi, Japan"}