{"bounds":{"maxX":137.211791992188,"maxY":34.9094657897949,"minX":137.101593017578,"minY":34.8148651123047},"result":"Kota, Aichi, Japan"}