{"bounds":{"maxX":135.765701293945,"maxY":34.5321998596191,"minX":135.714096069336,"minY":34.4766654968262},"result":"Yamatotakada, Nara, Japan"}