{"bounds":{"maxX":139.082504272461,"maxY":34.8833351135254,"minX":138.96110534668,"minY":34.7640686035156},"result":"Higashiizu, Shizuoka, Japan"}