{"bounds":{"maxX":137.707305908203,"maxY":35.0732650756836,"minX":137.383499145508,"minY":34.826732635498},"result":"Shinshiro, Aichi, Japan"}