{"bounds":{"maxX":135.947204589844,"maxY":34.5917320251465,"minX":135.818099975586,"minY":34.4434013366699},"result":"Sakurai, Nara, Japan"}