{"bounds":{"maxX":138.741928,"maxY":37.027336,"minX":137.329285,"minY":35.194847},"result":"Nagano, Japan"}