{"bounds":{"maxX":135.793792724609,"maxY":34.5815353393555,"minX":135.752197265625,"minY":34.5614013671875},"result":"Miyake, Nara, Japan"}