{"bounds":{"maxX":135.533996582031,"maxY":35.454532623291,"minX":135.172393798828,"minY":35.2641983032227},"result":"Ayabe, Kyoto, Japan"}