{"bounds":{"maxX":138.250396728516,"maxY":36.5010643005371,"minX":138.128509521484,"minY":36.4154663085938},"result":"Sakaki, Nagano, Japan"}