{"bounds":{"maxX":134.965301513672,"maxY":34.7799339294434,"minX":134.88020324707,"minY":34.7212677001953},"result":"Inami, Hyogo, Japan"}