{"bounds":{"maxX":135.626693725586,"maxY":34.5319328308105,"minX":135.558197021484,"minY":34.4391326904297},"result":"Tondabayashi, Osaka, Japan"}