{"bounds":{"maxX":135.408798217773,"maxY":34.455314384406,"minX":135.229403035525,"minY":34.3289337158203},"result":"Izumisano, Osaka, Japan"}