{"bounds":{"maxX":138.09049987793,"maxY":35.962532043457,"minX":137.886795043945,"minY":35.877799987793},"result":"Minowa, Nagano, Japan"}