{"bounds":{"maxX":135.745407104492,"maxY":34.8812675476074,"minX":135.613906860352,"minY":34.7730674743652},"result":"Hirakata, Osaka, Japan"}