{"bounds":{"maxX":138.153701782227,"maxY":36.4072685241699,"minX":138.064102172852,"minY":36.3124008178711},"result":"Aoki, Nagano, Japan"}