{"bounds":{"maxX":137.653823,"maxY":36.462584,"minX":136.27893,"minY":35.144585},"result":"Gifu, Japan"}