{"bounds":{"maxX":135.566299438477,"maxY":34.5293998718262,"minX":135.532302856445,"minY":34.4664688110352},"result":"Osakasayama, Osaka, Japan"}