{"bounds":{"maxX":135.282196044922,"maxY":34.3768005371094,"minX":135.187805175781,"minY":34.3008689880371},"result":"Hannan, Osaka, Japan"}