{"bounds":{"maxX":136.753601074219,"maxY":35.3567314147949,"minX":136.656997680664,"minY":35.2410011291504},"result":"Hashima, Gifu, Japan"}