{"bounds":{"maxX":136.942001342773,"maxY":34.8155326843262,"minX":136.839797973633,"minY":34.7264671325684},"result":"Mihama, Aichi, Japan"}