{"bounds":{"maxX":135.706100463867,"maxY":34.9140014648438,"minX":135.666702270508,"minY":34.8877983093262},"result":"Oyamazaki, Kyoto, Japan"}