{"bounds":{"maxX":136.494995117188,"maxY":34.9524002075195,"minX":136.266998291016,"minY":34.8021354675293},"result":"Kameyama, Mie, Japan"}