{"bounds":{"maxX":135.339996337891,"maxY":34.4383221104238,"minX":135.201282018724,"minY":34.2993316650391},"result":"Sennan, Osaka, Japan"}