{"bounds":{"maxX":135.434494018555,"maxY":34.5320053100586,"minX":135.367156982422,"minY":34.4821319580078},"result":"Izumiotsu, Osaka, Japan"}