{"bounds":{"maxX":134.502395629883,"maxY":34.9217987060547,"minX":134.408508300781,"minY":34.7536659240723},"result":"Aioi, Hyogo, Japan"}