{"bounds":{"maxX":135.676696777344,"maxY":34.5410003662109,"minX":135.619995117188,"minY":34.4974670410156},"result":"Taishi, Osaka, Japan"}