{"bounds":{"maxX":138.555694580078,"maxY":36.8949317932129,"minX":138.384201049805,"minY":36.7935981750488},"result":"Kijimadaira, Nagano, Japan"}