{"bounds":{"maxX":136.986404418945,"maxY":34.5506019592285,"minX":136.782196044922,"minY":34.3758659362793},"result":"Toba, Mie, Japan"}