{"bounds":{"maxX":136.031494140625,"maxY":33.8297348022461,"minX":135.901092529297,"minY":33.7233352661133},"result":"Kiho, Mie, Japan"}