{"bounds":{"maxX":137.977005004883,"maxY":36.4888687133789,"minX":137.905502319336,"minY":36.3815994262695},"result":"Ikusaka, Nagano, Japan"}