{"bounds":{"maxX":136.16340637207,"maxY":35.0971984863281,"minX":136.072799682617,"minY":35.0194664001465},"result":"Ryuo, Shiga, Japan"}