{"bounds":{"maxX":136.195098876953,"maxY":34.6880683898926,"minX":136.040191650391,"minY":34.5459327697754},"result":"Nabari, Mie, Japan"}