{"bounds":{"maxX":135.746704,"maxY":35.046913,"minX":135.092544,"minY":34.269069},"result":"Osaka, Japan"}