{"bounds":{"maxX":138.641998291016,"maxY":36.8241348266602,"minX":138.383605957031,"minY":36.666332244873},"result":"Yamanochi, Nagano, Japan"}