{"bounds":{"maxX":136.892196655273,"maxY":34.9423980712891,"minX":136.798431396484,"minY":34.8130683898926},"result":"Tokoname, Aichi, Japan"}