{"bounds":{"maxX":137.420394897461,"maxY":35.0410652160645,"minX":137.103103637695,"minY":34.8609352111816},"result":"Okazaki, Aichi, Japan"}