{"bounds":{"maxX":135.718002319336,"maxY":34.9694671630859,"minX":135.682708740234,"minY":34.92919921875},"result":"Muko, Kyoto, Japan"}