{"bounds":{"maxX":138.58349609375,"maxY":36.1283988952637,"minX":138.353302001953,"minY":36.0160675048828},"result":"Koumi, Nagano, Japan"}