{"bounds":{"maxX":135.94660949707,"maxY":34.8931999206543,"minX":135.828903198242,"minY":34.813533782959},"result":"Ujitawara, Kyoto, Japan"}