{"bounds":{"maxX":138.294906616211,"maxY":34.802734375,"minX":138.223495483398,"minY":34.7402000427246},"result":"Yoshida, Shizuoka, Japan"}