{"bounds":{"maxX":138.278991699219,"maxY":36.8702659606934,"minX":138.089004516602,"minY":36.7469329833984},"result":"Shinano, Nagano, Japan"}