{"bounds":{"maxX":135.459503173828,"maxY":34.8776016235352,"minX":135.41569519043,"minY":34.7917327880859},"result":"Ikeda, Osaka, Japan"}