{"bounds":{"maxX":135.681503295898,"maxY":34.6068000793457,"minX":135.608093261719,"minY":34.546932220459},"result":"Kashiwara, Osaka, Japan"}