{"bounds":{"maxX":136.802398681641,"maxY":35.157398223877,"minX":136.764801025391,"minY":35.096866607666},"result":"Kanie, Aichi, Japan"}