{"bounds":{"maxX":135.299194335938,"maxY":34.4459806001059,"minX":135.218034964903,"minY":34.3830642700195},"result":"Tajiri, Osaka, Japan"}