{"bounds":{"maxX":136.884399414063,"maxY":35.3020668029785,"minX":136.843505859375,"minY":35.2582664489746},"result":"Iwakura, Aichi, Japan"}