{"bounds":{"maxX":135.445297241211,"maxY":34.8153991699219,"minX":135.36979675293,"minY":34.7566680908203},"result":"Itami, Hyogo, Japan"}