{"bounds":{"maxX":138.457595825195,"maxY":36.4347343444824,"minX":138.294296264648,"minY":36.2859344482422},"result":"Tomi, Nagano, Japan"}