{"bounds":{"maxX":137.936996459961,"maxY":36.4752655029297,"minX":137.869003295898,"minY":36.364200592041},"result":"Ikeda, Nagano, Japan"}