{"bounds":{"maxX":137.900100708008,"maxY":36.1487998962402,"minX":137.754699707031,"minY":36.0544662475586},"result":"Asahi, Nagano, Japan"}