{"bounds":{"maxX":134.870498657227,"maxY":34.3560676574707,"minX":134.654296875,"minY":34.1564674377441},"result":"Minamiawaji, Hyogo, Japan"}