{"bounds":{"maxX":134.933502197266,"maxY":35.0184669494629,"minX":134.786605834961,"minY":34.8398666381836},"result":"Kasai, Hyogo, Japan"}