{"bounds":{"maxX":136.698593139648,"maxY":35.8068656921387,"minX":136.512603759766,"minY":35.4179344177246},"result":"Motosu, Gifu, Japan"}