{"bounds":{"maxX":138.910797119141,"maxY":35.2210655212402,"minX":138.811599731445,"minY":35.114933013916},"result":"Nagaizumi, Shizuoka, Japan"}