{"bounds":{"maxX":135.554306030273,"maxY":34.8306007385254,"minX":135.48649597168,"minY":34.7446670532227},"result":"Suita, Osaka, Japan"}