{"bounds":{"maxX":135.752807617188,"maxY":34.5952682495117,"minX":135.708709716797,"minY":34.5553359985352},"result":"Kawai, Nara, Japan"}