{"bounds":{"maxX":136.079406738281,"maxY":35.1887733477406,"minX":135.959375020739,"minY":35.025333404541},"result":"Yasu, Shiga, Japan"}