{"bounds":{"maxX":136.620193481445,"maxY":35.1156005859375,"minX":136.561996459961,"minY":35.0485992431641},"result":"Toin, Mie, Japan"}