{"bounds":{"maxX":137.912094116211,"maxY":34.8909339904785,"minX":137.787506103516,"minY":34.6446685791016},"result":"Iwata, Shizuoka, Japan"}