{"bounds":{"maxX":135.383804321289,"maxY":34.8613319396973,"minX":135.23030090332,"minY":34.6883392333984},"result":"Nishinomiya, Hyogo, Japan"}