{"bounds":{"maxX":136.97509765625,"maxY":36.3675346374512,"minX":136.764801025391,"minY":36.0936660766602},"result":"Shirakawa, Gifu, Japan"}