{"bounds":{"maxX":138.044006347656,"maxY":34.975399017334,"minX":137.871795654297,"minY":34.7843322753906},"result":"Mori, Shizuoka, Japan"}