{"bounds":{"maxX":137.068099975586,"maxY":35.0690650939941,"minX":136.979202270508,"minY":34.9476661682129},"result":"Kariya, Aichi, Japan"}