{"bounds":{"maxX":137.809005737305,"maxY":35.8227310180664,"minX":137.532302856445,"minY":35.7060012817383},"result":"Agematsu, Nagano, Japan"}