{"bounds":{"maxX":136.651504516602,"maxY":34.4589347839355,"minX":136.512100219727,"minY":34.3172645568848},"result":"Watarai, Mie, Japan"}