{"bounds":{"maxX":137.160400390625,"maxY":35.4651336669922,"minX":136.977996826172,"minY":35.3650016784668},"result":"Kani, Gifu, Japan"}