{"bounds":{"maxX":136.939804077148,"maxY":35.3790664672852,"minX":136.891799926758,"minY":35.3413314819336},"result":"Fuso, Aichi, Japan"}