{"bounds":{"maxX":136.601501464844,"maxY":34.5233993530273,"minX":136.399795532227,"minY":34.4154014587402},"result":"Taki, Mie, Japan"}