{"bounds":{"maxX":136.558898925781,"maxY":35.0924682617188,"minX":136.416702270508,"minY":34.9908676147461},"result":"Komono, Mie, Japan"}