{"bounds":{"maxX":134.813003540039,"maxY":35.0940017700195,"minX":134.43359375,"minY":34.5931358337402},"result":"Himeji, Hyogo, Japan"}