{"bounds":{"maxX":137.011093139648,"maxY":35.5101318359375,"minX":136.947296142578,"minY":35.4686660766602},"result":"Tomika, Gifu, Japan"}