{"bounds":{"maxX":136.141906738281,"maxY":35.0564651489258,"minX":136.035003662109,"minY":34.9465980529785},"result":"Konan, Shiga, Japan"}