{"bounds":{"maxX":135.288101196289,"maxY":35.6947326660156,"minX":135.123001098633,"minY":35.4554672241211},"result":"Miyazu, Kyoto, Japan"}