{"bounds":{"maxX":137.987503051758,"maxY":35.5303993225098,"minX":137.862503051758,"minY":35.4269981384277},"result":"Takagi, Nagano, Japan"}