{"bounds":{"maxX":139.177215,"maxY":35.641261,"minX":137.478149,"minY":34.57347},"result":"Shizuoka, Japan"}