{"bounds":{"maxX":136.876998901367,"maxY":35.3696670532227,"minX":136.704406738281,"minY":35.2505989074707},"result":"Ichinomiya, Aichi, Japan"}