{"bounds":{"maxX":135.720001220703,"maxY":34.6616020202637,"minX":135.658401489258,"minY":34.6063346862793},"result":"Heguri, Nara, Japan"}