{"bounds":{"maxX":135.875793457031,"maxY":34.8261985778809,"minX":135.790496826172,"minY":34.7900657653809},"result":"Ide, Kyoto, Japan"}