{"bounds":{"maxX":135.703796386719,"maxY":34.7499351501465,"minX":135.624603271484,"minY":34.7016677856445},"result":"Shijonawate, Osaka, Japan"}