{"bounds":{"maxX":135.998001098633,"maxY":35.0853195931363,"minX":135.893555623772,"minY":34.9718017578125},"result":"Kusatsu, Shiga, Japan"}