{"bounds":{"maxX":138.145492553711,"maxY":34.8131332397461,"minX":138.043395996094,"minY":34.6576652526855},"result":"Kikugawa, Shizuoka, Japan"}