{"bounds":{"maxX":138.360000610352,"maxY":35.9665336608887,"minX":138.168807983398,"minY":35.7807998657227},"result":"Fujimi, Nagano, Japan"}