{"bounds":{"maxX":138.124099731445,"maxY":36.4752655029297,"minX":137.960800170898,"minY":36.3678016662598},"result":"Chikuhoku, Nagano, Japan"}