{"bounds":{"maxX":136.118194580078,"maxY":34.2360687255859,"minX":135.902908325195,"minY":34.022533416748},"result":"Kamikitayama, Nara, Japan"}