{"bounds":{"maxX":135.165893554688,"maxY":34.9423332214355,"minX":134.925201416016,"minY":34.7623329162598},"result":"Miki, Hyogo, Japan"}