{"bounds":{"maxX":134.934600830078,"maxY":34.8671989440918,"minX":134.76350402832,"minY":34.7063331604004},"result":"Kakogawa, Hyogo, Japan"}