{"bounds":{"maxX":135.469558,"maxY":35.674665,"minX":134.256425,"minY":34.155769},"result":"Hyogo, Japan"}