{"bounds":{"maxX":135.92170715332,"maxY":34.8026657104492,"minX":135.773895263672,"minY":34.7059326171875},"result":"Kizugawa, Kyoto, Japan"}