{"bounds":{"maxX":135.627197265625,"maxY":34.5888671875,"minX":135.580795288086,"minY":34.5536003112793},"result":"Fujiidera, Osaka, Japan"}