{"bounds":{"maxX":135.750198364258,"maxY":34.5408668518066,"minX":135.666305541992,"minY":34.4645347595215},"result":"Katsuragi, Nara, Japan"}