{"bounds":{"maxX":137.398696899414,"maxY":35.7109985351563,"minX":137.135696411133,"minY":35.5270652770996},"result":"Shirakawa, Gifu, Japan"}