{"bounds":{"maxX":135.418197631836,"maxY":35.0265350341797,"minX":135.285003662109,"minY":34.8639984130859},"result":"Inagawa, Hyogo, Japan"}