{"bounds":{"maxX":137.652801513672,"maxY":36.3930015563965,"minX":136.753997802734,"minY":35.8981323242188},"result":"Takayama, Gifu, Japan"}