{"bounds":{"maxX":137.185394287109,"maxY":35.4029998779297,"minX":137.0458984375,"minY":35.2703323364258},"result":"Tajimi, Gifu, Japan"}