{"bounds":{"maxX":135.75260925293,"maxY":34.8991317749023,"minX":135.679595947266,"minY":34.8226661682129},"result":"Yawata, Kyoto, Japan"}