{"bounds":{"maxX":138.101104736328,"maxY":34.9200668334961,"minX":137.937301635742,"minY":34.6422004699707},"result":"Kakegawa, Shizuoka, Japan"}