{"bounds":{"maxX":136.351196289063,"maxY":35.3618574367077,"minX":136.088289654642,"minY":35.1902008056641},"result":"Hikone, Shiga, Japan"}