{"bounds":{"maxX":137.286895751953,"maxY":35.5547332763672,"minX":137.076095581055,"minY":35.4449310302734},"result":"Yaotsu, Gifu, Japan"}