{"bounds":{"maxX":135.716201782227,"maxY":34.9466667175293,"minX":135.642807006836,"minY":34.903133392334},"result":"Nagaokakyo, Kyoto, Japan"}