{"bounds":{"maxX":137.006393432617,"maxY":35.4525337219238,"minX":136.948196411133,"minY":35.4145317077637},"result":"Sakahogi, Gifu, Japan"}