{"bounds":{"maxX":136.878799438477,"maxY":35.2522010803223,"minX":136.822601318359,"minY":35.1805992126465},"result":"Kiyosu, Aichi, Japan"}