{"bounds":{"maxX":136.625,"maxY":35.3437995910645,"minX":136.50749206543,"minY":35.2275314331055},"result":"Yoro, Gifu, Japan"}