{"bounds":{"maxX":134.938110351563,"maxY":35.4217987060547,"minX":134.685195922852,"minY":35.1260643005371},"result":"Asago, Hyogo, Japan"}