{"bounds":{"maxX":135.831497192383,"maxY":34.537467956543,"minX":135.750305175781,"minY":34.4634666442871},"result":"Kashihara, Nara, Japan"}