{"bounds":{"maxX":136.028106689453,"maxY":34.8544006347656,"minX":135.860702514648,"minY":34.763599395752},"result":"Wazuka, Kyoto, Japan"}