{"bounds":{"maxX":136.931106567383,"maxY":35.2648658752441,"minX":136.901504516602,"minY":35.2362670898438},"result":"Toyoyama, Aichi, Japan"}