{"bounds":{"maxX":136.562301635742,"maxY":35.437801361084,"minX":136.463500976563,"minY":35.333065032959},"result":"Tarui, Gifu, Japan"}