{"bounds":{"maxX":135.672500610352,"maxY":34.9762687683105,"minX":135.556793212891,"minY":34.7804679870605},"result":"Takatsuki, Osaka, Japan"}