{"bounds":{"maxX":139.044097900391,"maxY":35.182201385498,"minX":138.912994384766,"minY":35.0614013671875},"result":"Kannami, Shizuoka, Japan"}