{"bounds":{"maxX":135.646408081055,"maxY":35.1012001037598,"minX":135.377899169922,"minY":34.9153327941895},"result":"Kameoka, Kyoto, Japan"}