{"bounds":{"maxX":135.459899902344,"maxY":34.7810668945313,"minX":135.368453979492,"minY":34.676570892334},"result":"Amagasaki, Hyogo, Japan"}