{"bounds":{"maxX":136.806396484375,"maxY":35.1318664550781,"minX":136.701599121094,"minY":35.0149345397949},"result":"Yatomi, Aichi, Japan"}