{"bounds":{"maxX":137.729598999023,"maxY":35.6905326843262,"minX":137.509094238281,"minY":35.5088653564453},"result":"Nagiso, Nagano, Japan"}