{"bounds":{"maxX":136.772308349609,"maxY":35.2353324890137,"minX":136.671096801758,"minY":35.116268157959},"result":"Aisai, Aichi, Japan"}