{"bounds":{"maxX":139.018692016602,"maxY":35.4048652648926,"minX":138.729995727539,"minY":35.2848663330078},"result":"Oyama, Shizuoka, Japan"}