{"bounds":{"maxX":137.900192260742,"maxY":36.1903343200684,"minX":137.810699462891,"minY":36.1347312927246},"result":"Yamagata, Nagano, Japan"}