{"bounds":{"maxX":137.967102050781,"maxY":36.6651344299316,"minX":137.587005615234,"minY":36.3372650146484},"result":"Omachi, Nagano, Japan"}