{"bounds":{"maxX":135.324401855469,"maxY":34.7812004089355,"minX":135.266494750977,"minY":34.7048225402832},"result":"Ashiya, Hyogo, Japan"}