{"bounds":{"maxX":136.670394897461,"maxY":34.5209312438965,"minX":136.578506469727,"minY":34.4459342956543},"result":"Tamaki, Mie, Japan"}