{"bounds":{"maxX":135.768707275391,"maxY":34.6188011169434,"minX":135.739593505859,"minY":34.5890655517578},"result":"Ando, Nara, Japan"}