{"bounds":{"maxX":135.025604248047,"maxY":34.9167327880859,"minX":134.882095336914,"minY":34.8061332702637},"result":"Ono, Hyogo, Japan"}