{"bounds":{"maxX":137.100296020508,"maxY":35.8102684020996,"minX":136.665802001953,"minY":35.4274673461914},"result":"Seki, Gifu, Japan"}