{"bounds":{"maxX":138.896392822266,"maxY":34.8017997741699,"minX":138.739105224609,"minY":34.7001991271973},"result":"Matsuzaki, Shizuoka, Japan"}