{"bounds":{"maxX":137.874496459961,"maxY":36.4524002075195,"minX":137.752593994141,"minY":36.3793334960938},"result":"Matsukawa, Nagano, Japan"}