{"bounds":{"maxX":136.055801391602,"maxY":34.1275329589844,"minX":135.891006469727,"minY":33.9724655151367},"result":"Shimokitayama, Nara, Japan"}