{"bounds":{"maxX":136.772506713867,"maxY":35.104866027832,"minX":136.714096069336,"minY":35.0207328796387},"result":"Kisosaki, Mie, Japan"}