{"bounds":{"maxX":137.166397094727,"maxY":36.0677337646484,"minX":136.72639465332,"minY":35.5984001159668},"result":"Gujo, Gifu, Japan"}