{"bounds":{"maxX":135.756698608398,"maxY":34.7812652587891,"minX":135.670806884766,"minY":34.6464653015137},"result":"Ikoma, Nara, Japan"}