{"bounds":{"maxX":138.235595703125,"maxY":35.9748687744141,"minX":137.824005126953,"minY":35.5703315734863},"result":"Ina, Nagano, Japan"}