{"bounds":{"maxX":138.10090637207,"maxY":36.1684684753418,"minX":137.991500854492,"minY":36.0098648071289},"result":"Okaya, Nagano, Japan"}