{"bounds":{"maxX":137.46110534668,"maxY":34.9095993041992,"minX":137.256301879883,"minY":34.7844657897949},"result":"Toyokawa, Aichi, Japan"}