{"bounds":{"maxX":134.890502929688,"maxY":34.73046875,"minX":134.839706420898,"minY":34.6900672912598},"result":"Harima, Hyogo, Japan"}