{"bounds":{"maxX":136.817092895508,"maxY":34.5661315917969,"minX":136.632400512695,"minY":34.3846664428711},"result":"Ise, Mie, Japan"}