{"bounds":{"maxX":137.412399291992,"maxY":35.6959991455078,"minX":137.257095336914,"minY":35.5978012084961},"result":"Higashishirakawa, Gifu, Japan"}