{"bounds":{"maxX":136.380905151367,"maxY":34.2741317749023,"minX":136.098999023438,"minY":34.0866661071777},"result":"Kihoku, Mie, Japan"}