{"bounds":{"maxX":135.846405029297,"maxY":34.4714012145996,"minX":135.759002685547,"minY":34.4123992919922},"result":"Takatori, Nara, Japan"}