{"bounds":{"maxX":137.734603881836,"maxY":35.3065986633301,"minX":137.658599853516,"minY":35.2276000976563},"result":"Urugi, Nagano, Japan"}