{"bounds":{"maxX":139.068695068359,"maxY":35.0153999328613,"minX":138.753799438477,"minY":34.8265991210938},"result":"Izu, Shizuoka, Japan"}