{"bounds":{"maxX":137.04899597168,"maxY":35.4246673583984,"minX":136.917205810547,"minY":35.3130683898926},"result":"Inuyama, Aichi, Japan"}