{"bounds":{"maxX":136.68310546875,"maxY":35.2921333312988,"minX":136.535903930664,"minY":35.1335983276367},"result":"Kaizu, Gifu, Japan"}