{"bounds":{"maxX":136.903793334961,"maxY":35.2667350769043,"minX":136.838806152344,"minY":35.2255325317383},"result":"Kitanagoya, Aichi, Japan"}