{"bounds":{"maxX":135.458892822266,"maxY":34.5472946166992,"minX":135.393737792969,"minY":34.5111351013184},"result":"Takaishi, Osaka, Japan"}