{"bounds":{"maxX":135.867599487305,"maxY":34.4945335388184,"minX":135.780303955078,"minY":34.4288673400879},"result":"Asuka, Nara, Japan"}