{"bounds":{"maxX":136.231506347656,"maxY":34.0404663085938,"minX":135.853103637695,"minY":33.7806015014648},"result":"Kumano, Mie, Japan"}