{"bounds":{"maxX":138.201705932617,"maxY":36.5600662231445,"minX":138.030303955078,"minY":36.437198638916},"result":"Chikuma, Nagano, Japan"}