{"bounds":{"maxX":137.991500854492,"maxY":36.4253997802734,"minX":137.70100402832,"minY":36.2374649047852},"result":"Azumino, Nagano, Japan"}