{"bounds":{"maxX":137.351303100586,"maxY":35.4747314453125,"minX":137.192001342773,"minY":35.288200378418},"result":"Mizunami, Gifu, Japan"}