{"bounds":{"maxX":137.992797851563,"maxY":35.9255332946777,"minX":137.847991943359,"minY":35.8503341674805},"result":"Minamiminowa, Nagano, Japan"}