{"bounds":{"maxX":138.579696655273,"maxY":36.4140014648438,"minX":138.460205078125,"minY":36.2799339294434},"result":"Miyota, Nagano, Japan"}