{"bounds":{"maxX":135.601898193359,"maxY":34.798999786377,"minX":135.536697387695,"minY":34.7538681030273},"result":"Settsu, Osaka, Japan"}