{"bounds":{"maxX":135.674301147461,"maxY":34.7320671081543,"minX":135.591400146484,"minY":34.6959342956543},"result":"Daito, Osaka, Japan"}