{"bounds":{"maxX":137.815200805664,"maxY":36.086799621582,"minX":137.696105957031,"minY":35.9042015075684},"result":"Kiso, Nagano, Japan"}