{"bounds":{"maxX":138.233291625977,"maxY":34.7001342773438,"minX":138.078109741211,"minY":34.5946006774902},"result":"Omaezaki, Shizuoka, Japan"}