{"bounds":{"maxX":136.457732,"maxY":35.69997,"minX":135.770965,"minY":34.788341},"result":"Shiga, Japan"}