{"bounds":{"maxX":137.132293701172,"maxY":35.5550003051758,"minX":137.036605834961,"minY":35.4612655639648},"result":"Kawabe, Gifu, Japan"}