{"bounds":{"maxX":138.742202758789,"maxY":35.4457321166992,"minX":138.512496948242,"minY":35.1515998840332},"result":"Fujinomiya, Shizuoka, Japan"}