{"bounds":{"maxX":138.639297485352,"maxY":35.6459999084473,"minX":138.083099365234,"minY":34.8984642028809},"result":"Shizuoka, Shizuoka, Japan"}