{"bounds":{"maxX":137.012191772461,"maxY":34.7658004760742,"minX":136.85139465332,"minY":34.6668663024902},"result":"Minamichita, Aichi, Japan"}