{"bounds":{"maxX":136.593994140625,"maxY":35.2575340270996,"minX":136.408294677734,"minY":35.0643348693848},"result":"Inabe, Mie, Japan"}