{"bounds":{"maxX":136.042098999023,"maxY":35.28466796875,"minX":135.815002441406,"minY":34.8712005615234},"result":"Otsu, Shiga, Japan"}