{"bounds":{"maxX":136.341995239258,"maxY":34.9018669128418,"minX":136.020294189453,"minY":34.5578002929688},"result":"Iga, Mie, Japan"}