{"bounds":{"maxX":136.600204467773,"maxY":35.4729347229004,"minX":136.516006469727,"minY":35.4043312072754},"result":"Ikeda, Gifu, Japan"}