{"bounds":{"maxX":137.040496826172,"maxY":34.9368667602539,"minX":136.948501586914,"minY":34.8206787109375},"result":"Hekinan, Aichi, Japan"}