{"bounds":{"maxX":138.087005615234,"maxY":36.4949340820313,"minX":137.977005004883,"minY":36.4199981689453},"result":"Omi, Nagano, Japan"}