{"bounds":{"maxX":138.048095703125,"maxY":36.0640678405762,"minX":137.829299926758,"minY":35.9085311889648},"result":"Tatsuno, Nagano, Japan"}