{"bounds":{"maxX":135.307998657227,"maxY":35.7686653137207,"minX":135.188293457031,"minY":35.6598663330078},"result":"Ine, Kyoto, Japan"}