{"bounds":{"maxX":137.677200317383,"maxY":35.2174682617188,"minX":137.429000854492,"minY":35.0168685913086},"result":"Shitara, Aichi, Japan"}