{"bounds":{"maxX":136.048188,"maxY":35.779083,"minX":134.867311,"minY":34.702613},"result":"Kyoto, Japan"}