{"bounds":{"maxX":138.152099609375,"maxY":35.6557998657227,"minX":137.690093994141,"minY":35.2533340454102},"result":"Iida, Nagano, Japan"}