{"bounds":{"maxX":137.634796142578,"maxY":35.8013343811035,"minX":137.324798583984,"minY":35.3593330383301},"result":"Nakatsugawa, Gifu, Japan"}