{"bounds":{"maxX":136.83869934082,"maxY":35.2763328552246,"minX":136.677703857422,"minY":35.1942672729492},"result":"Inazawa, Aichi, Japan"}