{"bounds":{"maxX":135.823501586914,"maxY":34.6665344238281,"minX":135.725204467773,"minY":34.5957984924316},"result":"Yamatokoriyama, Nara, Japan"}