{"bounds":{"maxX":137.189804077148,"maxY":35.3016014099121,"minX":137.048400878906,"minY":35.1790657043457},"result":"Seto, Aichi, Japan"}