{"bounds":{"maxX":137.962707519531,"maxY":35.807731628418,"minX":137.804504394531,"minY":35.7448654174805},"result":"Miyada, Nagano, Japan"}