{"bounds":{"maxX":136.690200805664,"maxY":35.410400390625,"minX":136.37809753418,"minY":35.2170677185059},"result":"Ogaki, Gifu, Japan"}