{"bounds":{"maxX":137.94140625,"maxY":36.7678680419922,"minX":137.749893188477,"minY":36.6141357421875},"result":"Hakuba, Nagano, Japan"}