{"bounds":{"maxX":136.688705444336,"maxY":35.3827323913574,"minX":136.6376953125,"minY":35.3073348999023},"result":"Ampachi, Gifu, Japan"}