{"bounds":{"maxX":137.625,"maxY":35.9051322937012,"minX":137.325500488281,"minY":35.7088661193848},"result":"Otaki, Nagano, Japan"}