{"bounds":{"maxX":137.539794921875,"maxY":36.4651336669922,"minX":136.951293945313,"minY":36.1833343505859},"result":"Hida, Gifu, Japan"}