{"bounds":{"maxX":135.304351806641,"maxY":34.8901329040527,"minX":134.909805297852,"minY":34.6254653930664},"result":"Kobe, Hyogo, Japan"}