{"bounds":{"maxX":137.130096435547,"maxY":35.1447982788086,"minX":137.044692993164,"minY":35.0555992126465},"result":"Miyoshi, Aichi, Japan"}