{"bounds":{"maxX":136.302993774414,"maxY":34.1200675964355,"minX":136.092391967773,"minY":33.947135925293},"result":"Owase, Mie, Japan"}