{"bounds":{"maxX":138.811798095703,"maxY":35.3587341308594,"minX":138.558395385742,"minY":35.114933013916},"result":"Fuji, Shizuoka, Japan"}