{"bounds":{"maxX":138.695693969727,"maxY":37.0232009887695,"minX":138.481506347656,"minY":36.7238655090332},"result":"Sakae, Nagano, Japan"}