{"bounds":{"maxX":137.831023,"maxY":35.42176,"minX":136.670884,"minY":34.57838},"result":"Aichi, Japan"}