{"bounds":{"maxX":136.940002441406,"maxY":35.0688667297363,"minX":136.851806640625,"minY":34.9693984985352},"result":"Tokai, Aichi, Japan"}