{"bounds":{"maxX":136.34489440918,"maxY":35.0690002441406,"minX":136.180404663086,"minY":34.9564666748047},"result":"Hino, Shiga, Japan"}