{"bounds":{"maxX":135.756698608398,"maxY":34.6483345031738,"minX":135.708908081055,"minY":34.5911331176758},"result":"Ikaruga, Nara, Japan"}