{"bounds":{"maxX":136.444091796875,"maxY":35.5597343444824,"minX":136.210369934432,"minY":35.2741317749023},"result":"Maibara, Shiga, Japan"}