{"bounds":{"maxX":137.084899902344,"maxY":35.021800994873,"minX":137.016693115234,"minY":34.9790000915527},"result":"Chiryu, Aichi, Japan"}