{"bounds":{"maxX":134.977996826172,"maxY":35.2156677246094,"minX":134.83479309082,"minY":34.980598449707},"result":"Taka, Hyogo, Japan"}