{"bounds":{"maxX":138.317794799805,"maxY":36.836067199707,"minX":137.909805297852,"minY":36.460865020752},"result":"Nagano, Nagano, Japan"}