{"bounds":{"maxX":138.992492675781,"maxY":34.7739334106445,"minX":138.846801757813,"minY":34.6288681030273},"result":"Shimoda, Shizuoka, Japan"}