{"bounds":{"maxX":136.884994506836,"maxY":35.5432014465332,"minX":136.678604125977,"minY":35.3513336181641},"result":"Gifu, Gifu, Japan"}