{"bounds":{"maxX":136.015502929688,"maxY":35.1453202737773,"minX":135.923427515975,"minY":35.0370674133301},"result":"Moriyama, Shiga, Japan"}