{"bounds":{"maxX":136.095794677734,"maxY":34.4795989990234,"minX":135.936401367188,"minY":34.3441314697266},"result":"Higashiyoshino, Nara, Japan"}