{"bounds":{"maxX":136.653594970703,"maxY":35.7952003479004,"minX":136.275894165039,"minY":35.3889999389648},"result":"Ibigawa, Gifu, Japan"}