{"bounds":{"maxX":136.847702026367,"maxY":35.2175331115723,"minX":136.761199951172,"minY":35.1474685668945},"result":"Ama, Aichi, Japan"}