{"bounds":{"maxX":139.147903442383,"maxY":35.0363349914551,"minX":139.03450012207,"minY":34.8515319824219},"result":"Ito, Shizuoka, Japan"}