{"bounds":{"maxX":135.663101196289,"maxY":34.4794006347656,"minX":135.485000610352,"minY":34.3365325927734},"result":"Kawachinagano, Osaka, Japan"}