{"bounds":{"maxX":136.978500366211,"maxY":35.652400970459,"minX":136.838394165039,"minY":35.5108642578125},"result":"Mino, Gifu, Japan"}