{"bounds":{"maxX":135.794708251953,"maxY":34.5974655151367,"minX":135.750595092773,"minY":34.578800201416},"result":"Kawanishi, Nara, Japan"}