{"bounds":{"maxX":135.492797851563,"maxY":35.0508651733398,"minX":135.33039855957,"minY":34.9266014099121},"result":"Nose, Osaka, Japan"}