{"bounds":{"maxX":135.68229675293,"maxY":34.9352684020996,"minX":135.627700805664,"minY":34.8699989318848},"result":"Shimamoto, Osaka, Japan"}