{"bounds":{"maxX":138.251205444336,"maxY":34.8015327453613,"minX":138.132095336914,"minY":34.6185340881348},"result":"Makinohara, Shizuoka, Japan"}