{"bounds":{"maxX":135.309906005859,"maxY":35.0370674133301,"minX":135.092498779297,"minY":34.8730010986328},"result":"Sanda, Hyogo, Japan"}