{"bounds":{"maxX":135.66389465332,"maxY":34.6506004333496,"minX":135.561492919922,"minY":34.5834007263184},"result":"Yao, Osaka, Japan"}