{"bounds":{"maxX":136.660995483398,"maxY":34.6009330749512,"minX":136.587493896484,"minY":34.5039329528809},"result":"Meiwa, Mie, Japan"}