{"bounds":{"maxX":135.508102416992,"maxY":34.8249320983887,"minX":135.44059753418,"minY":34.7306671142578},"result":"Toyonaka, Osaka, Japan"}