{"bounds":{"maxX":136.29020690918,"maxY":35.2283325195313,"minX":136.237106323242,"minY":35.179931640625},"result":"Kora, Shiga, Japan"}