{"bounds":{"maxX":138.636993408203,"maxY":36.3160667419434,"minX":138.28059387207,"minY":36.1082000732422},"result":"Saku, Nagano, Japan"}