{"bounds":{"maxX":138.13020324707,"maxY":36.3790664672852,"minX":137.550994873047,"minY":36.010066986084},"result":"Matsumoto, Nagano, Japan"}