{"bounds":{"maxX":137.817291259766,"maxY":35.7791328430176,"minX":137.485305786133,"minY":35.6131324768066},"result":"Okuwa, Nagano, Japan"}