{"bounds":{"maxX":136.706192016602,"maxY":35.4287986755371,"minX":136.632705688477,"minY":35.3666648864746},"result":"Mizuho, Gifu, Japan"}