{"bounds":{"maxX":138.914794921875,"maxY":35.1198654174805,"minX":138.884201049805,"minY":35.0771980285645},"result":"Shimizu, Shizuoka, Japan"}