{"bounds":{"maxX":137.096496582031,"maxY":35.3396644592285,"minX":136.925903320313,"minY":35.2161331176758},"result":"Kasugai, Aichi, Japan"}