{"bounds":{"maxX":137.045791625977,"maxY":35.3393325805664,"minX":136.880401611328,"minY":35.2554664611816},"result":"Komaki, Aichi, Japan"}