{"bounds":{"maxX":135.623504638672,"maxY":34.7499351501465,"minX":135.570693969727,"minY":34.7109336853027},"result":"Kadoma, Osaka, Japan"}