{"bounds":{"maxX":138.688598632813,"maxY":36.060131072998,"minX":138.491104125977,"minY":35.9875984191895},"result":"Minamiaiki, Nagano, Japan"}