{"bounds":{"maxX":138.04280090332,"maxY":36.1717987060547,"minX":137.795303344727,"minY":35.8132667541504},"result":"Shiojiri, Nagano, Japan"}