{"bounds":{"maxX":137.184707641602,"maxY":35.6332015991211,"minX":137.043792724609,"minY":35.5164642333984},"result":"Hichiso, Gifu, Japan"}