{"bounds":{"maxX":136.106796264648,"maxY":34.6356010437012,"minX":135.887100219727,"minY":34.4272003173828},"result":"Uda, Nara, Japan"}