{"bounds":{"maxX":136.755798339844,"maxY":34.3983345031738,"minX":136.417007446289,"minY":34.2196006774902},"result":"Minamiise, Mie, Japan"}