{"bounds":{"maxX":137.098297119141,"maxY":35.1682662963867,"minX":137.0,"minY":35.1082000732422},"result":"Nisshin, Aichi, Japan"}