{"bounds":{"maxX":136.94059753418,"maxY":34.8782653808594,"minX":136.875503540039,"minY":34.811466217041},"result":"Taketoyo, Aichi, Japan"}