{"bounds":{"maxX":137.59877542404,"maxY":34.7867317199707,"minX":137.474807739258,"minY":34.6738014221191},"result":"Kosai, Shizuoka, Japan"}