{"bounds":{"maxX":136.067504882813,"maxY":33.8940010070801,"minX":135.935592651367,"minY":33.7720680236816},"result":"Mihama, Mie, Japan"}