{"bounds":{"maxX":135.417907714844,"maxY":34.508674621582,"minX":135.370864868164,"minY":34.4735336303711},"result":"Tadaoka, Osaka, Japan"}