{"bounds":{"maxX":137.778198242188,"maxY":35.1461334228516,"minX":137.606094360352,"minY":35.0146675109863},"result":"Toei, Aichi, Japan"}