{"bounds":{"maxX":137.205795288086,"maxY":35.4734649658203,"minX":137.069396972656,"minY":35.3924674987793},"result":"Mitake, Gifu, Japan"}