{"bounds":{"maxX":136.335403442383,"maxY":35.1987991333008,"minX":136.19140625,"minY":35.1370658874512},"result":"Aisho, Shiga, Japan"}