{"bounds":{"maxX":138.174392700195,"maxY":36.1665992736816,"minX":138.069000244141,"minY":36.0501327514648},"result":"Shimosuwa, Nagano, Japan"}