{"bounds":{"maxX":136.534301757813,"maxY":34.4351348876953,"minX":136.264892578125,"minY":34.1834678649902},"result":"Taiki, Mie, Japan"}