{"bounds":{"maxX":135.794906616211,"maxY":35.3774642944336,"minX":135.368804931641,"minY":35.0246658325195},"result":"Nantan, Kyoto, Japan"}