{"bounds":{"maxX":135.858001708984,"maxY":34.4288673400879,"minX":135.740005493164,"minY":34.3773994445801},"result":"Oyodo, Nara, Japan"}