{"bounds":{"maxX":138.017501831055,"maxY":35.6525344848633,"minX":137.80810546875,"minY":35.5480003356934},"result":"Matsukawa, Nagano, Japan"}