{"bounds":{"maxX":138.370101928711,"maxY":35.9867324829102,"minX":138.177307128906,"minY":35.9315986633301},"result":"Hara, Nagano, Japan"}