{"bounds":{"maxX":135.433898925781,"maxY":34.4664001464844,"minX":135.327896118164,"minY":34.3400688171387},"result":"Kaizuka, Osaka, Japan"}