{"bounds":{"maxX":134.804901123047,"maxY":35.0198669433594,"minX":134.694595336914,"minY":34.9179344177246},"result":"Fukusaki, Hyogo, Japan"}