{"bounds":{"maxX":136.256195068359,"maxY":35.2180671691895,"minX":136.213195800781,"minY":35.1762008666992},"result":"Toyosato, Shiga, Japan"}