{"bounds":{"maxX":137.088500976563,"maxY":35.1253318786621,"minX":137.020797729492,"minY":35.068000793457},"result":"Togo, Aichi, Japan"}