{"bounds":{"maxX":134.862197875977,"maxY":35.4519309997559,"minX":134.502395629883,"minY":35.242000579834},"result":"Yabu, Hyogo, Japan"}