{"bounds":{"maxX":136.060806274414,"maxY":35.0508651733398,"minX":135.958602905273,"minY":34.9402656555176},"result":"Ritto, Shiga, Japan"}