{"bounds":{"maxX":136.755004882813,"maxY":35.1809310913086,"minX":136.573608398438,"minY":35.0209999084473},"result":"Kuwana, Mie, Japan"}