{"bounds":{"maxX":136.944000244141,"maxY":34.9631996154785,"minX":136.877197265625,"minY":34.9101333618164},"result":"Agui, Aichi, Japan"}