{"bounds":{"maxX":135.711700439453,"maxY":34.6160659790039,"minX":135.650299072266,"minY":34.5849342346191},"result":"Sango, Nara, Japan"}