{"bounds":{"maxX":135.661407470703,"maxY":34.7914009094238,"minX":135.58659362793,"minY":34.7288017272949},"result":"Neyagawa, Osaka, Japan"}