{"bounds":{"maxX":135.716003417969,"maxY":34.6009330749512,"minX":135.671096801758,"minY":34.5706672668457},"result":"Oji, Nara, Japan"}