{"bounds":{"maxX":135.807205200195,"maxY":34.7900657653809,"minX":135.736297607422,"minY":34.7234001159668},"result":"Seika, Kyoto, Japan"}