{"bounds":{"maxX":137.844192504883,"maxY":35.3915328979492,"minX":137.6748046875,"minY":35.2288665771484},"result":"Anan, Nagano, Japan"}