{"bounds":{"maxX":136.899505615234,"maxY":35.3781318664551,"minX":136.832397460938,"minY":35.2994003295898},"result":"Konan, Aichi, Japan"}