{"bounds":{"maxX":138.506698608398,"maxY":36.4149322509766,"minX":138.363998413086,"minY":36.2761344909668},"result":"Komoro, Nagano, Japan"}