{"bounds":{"maxX":136.416702270508,"maxY":35.2870674133301,"minX":136.257400512695,"minY":35.1311340332031},"result":"Taga, Shiga, Japan"}