{"bounds":{"maxX":138.646697998047,"maxY":36.1797981262207,"minX":138.319702148438,"minY":36.0466651916504},"result":"Sakuho, Nagano, Japan"}