{"bounds":{"maxX":135.915298461914,"maxY":34.1525993347168,"minX":135.550903320313,"minY":33.8587989807129},"result":"Totsukawa, Nara, Japan"}