{"bounds":{"maxX":137.483901977539,"maxY":36.0375328063965,"minX":137.049606323242,"minY":35.6200675964355},"result":"Gero, Gifu, Japan"}