{"bounds":{"maxX":135.208099365234,"maxY":34.3377990722656,"minX":135.093109130859,"minY":34.2719993591309},"result":"Misaki, Osaka, Japan"}