{"bounds":{"maxX":139.013793945313,"maxY":35.1897315979004,"minX":138.905197143555,"minY":35.0754013061523},"result":"Mishima, Shizuoka, Japan"}