{"bounds":{"maxX":138.063507080078,"maxY":35.7817344665527,"minX":137.803405761719,"minY":35.6669311523438},"result":"Komagane, Nagano, Japan"}