{"bounds":{"maxX":135.525802612305,"maxY":34.5149345397949,"minX":135.414306640625,"minY":34.3472671508789},"result":"Izumi, Osaka, Japan"}