{"bounds":{"maxX":136.67219543457,"maxY":35.3127326965332,"minX":136.605606079102,"minY":35.2526664733887},"result":"Wanochi, Gifu, Japan"}