{"bounds":{"maxX":137.04280090332,"maxY":35.0951347351074,"minX":136.972900390625,"minY":35.0270004272461},"result":"Toyoake, Aichi, Japan"}