{"bounds":{"maxX":139.175598144531,"maxY":35.1498680114746,"minX":139.027694702148,"minY":35.0246658325195},"result":"Atami, Shizuoka, Japan"}