{"bounds":{"maxX":134.597198486328,"maxY":35.0085983276367,"minX":134.426406860352,"minY":34.755199432373},"result":"Tatsuno, Hyogo, Japan"}