{"bounds":{"maxX":138.643798828125,"maxY":36.0982666015625,"minX":138.504699707031,"minY":36.0283317565918},"result":"Kitaaiki, Nagano, Japan"}