{"bounds":{"maxX":138.55810546875,"maxY":36.0533981323242,"minX":138.359405517578,"minY":35.8963317871094},"result":"Minamimaki, Nagano, Japan"}