{"bounds":{"maxX":135.727905273438,"maxY":34.5824012756348,"minX":135.703994750977,"minY":34.5481986999512},"result":"Kammaki, Nara, Japan"}