{"bounds":{"maxX":135.978805541992,"maxY":34.4533348083496,"minX":135.817596435547,"minY":34.3334655761719},"result":"Yoshino, Nara, Japan"}