{"bounds":{"maxX":135.868408203125,"maxY":34.3873329162598,"minX":135.767807006836,"minY":34.2798004150391},"result":"Shimoichi, Nara, Japan"}