{"bounds":{"maxX":138.892593383789,"maxY":34.8824653625488,"minX":138.751693725586,"minY":34.7624664306641},"result":"Nishiizu, Shizuoka, Japan"}