{"bounds":{"maxX":135.228302001953,"maxY":35.3082656860352,"minX":134.899002075195,"minY":35.0468673706055},"result":"Tamba, Hyogo, Japan"}