{"bounds":{"maxX":135.598999023438,"maxY":34.7683982849121,"minX":135.372863769531,"minY":34.5865325927734},"result":"Osaka, Osaka, Japan"}