{"bounds":{"maxX":134.9580078125,"maxY":34.4272003173828,"minX":134.740203857422,"minY":34.2397994995117},"result":"Sumoto, Hyogo, Japan"}