{"bounds":{"maxX":135.677795410156,"maxY":34.7029342651367,"minX":135.556701660156,"minY":34.6321983337402},"result":"Higashiosaka, Osaka, Japan"}