{"bounds":{"maxX":137.977996826172,"maxY":35.7168655395508,"minX":137.801300048828,"minY":35.6357345581055},"result":"Iijima, Nagano, Japan"}