{"bounds":{"maxX":136.840896606445,"maxY":35.1904678344727,"minX":136.806991577148,"minY":35.1577339172363},"result":"Oharu, Aichi, Japan"}