{"bounds":{"maxX":136.454299926758,"maxY":35.2520030481465,"minX":136.091614562051,"minY":35.0139350891113},"result":"Higashiomi, Shiga, Japan"}