{"bounds":{"maxX":135.324401855469,"maxY":35.4700012207031,"minX":134.917007446289,"minY":35.1608657836914},"result":"Fukuchiyama, Kyoto, Japan"}