{"bounds":{"maxX":138.904800415039,"maxY":34.715934753418,"minX":138.739196777344,"minY":34.6011352539063},"result":"Minamiizu, Shizuoka, Japan"}