{"bounds":{"maxX":137.817398071289,"maxY":35.4268684387207,"minX":137.725601196289,"minY":35.3470649719238},"result":"Shimojo, Nagano, Japan"}