{"bounds":{"maxX":137.580307006836,"maxY":35.2910652160645,"minX":137.039596557617,"minY":34.990665435791},"result":"Toyota, Aichi, Japan"}