{"bounds":{"maxX":134.822006225586,"maxY":34.8156661987305,"minX":134.742294311523,"minY":34.7330681896321},"result":"Takasago, Hyogo, Japan"}