{"bounds":{"maxX":136.659301757813,"maxY":35.5101318359375,"minX":136.592300415039,"minY":35.4039993286133},"result":"Ono, Gifu, Japan"}