{"bounds":{"maxX":138.348297119141,"maxY":34.9220657348633,"minX":138.236602783203,"minY":34.7666664123535},"result":"Yaizu, Shizuoka, Japan"}