{"bounds":{"maxX":136.641998291016,"maxY":35.4485321044922,"minX":136.584106445313,"minY":35.3873329162598},"result":"Godo, Gifu, Japan"}