{"bounds":{"maxX":137.92790222168,"maxY":35.421199798584,"minX":137.807495117188,"minY":35.3118667602539},"result":"Yasuoka, Nagano, Japan"}