{"bounds":{"maxX":138.40559387207,"maxY":36.8399314880371,"minX":138.275695800781,"minY":36.695068359375},"result":"Nakano, Nagano, Japan"}