{"bounds":{"maxX":138.539398193359,"maxY":37.0305328369141,"minX":138.274703979492,"minY":36.8037338256836},"result":"Iiyama, Nagano, Japan"}