{"bounds":{"maxX":137.096893310547,"maxY":35.1952667236328,"minX":137.018203735352,"minY":35.1553993225098},"result":"Nagakute, Aichi, Japan"}