{"bounds":{"maxX":138.038299560547,"maxY":35.6854667663574,"minX":137.898895263672,"minY":35.5971984863281},"result":"Nakagawa, Nagano, Japan"}