{"bounds":{"maxX":137.60400390625,"maxY":35.5479316711426,"minX":137.250305175781,"minY":35.2228012084961},"result":"Ena, Gifu, Japan"}