{"bounds":{"maxX":136.838394165039,"maxY":35.0977325439453,"minX":136.758102416992,"minY":34.99609375},"result":"Tobishima, Aichi, Japan"}