{"bounds":{"maxX":135.77180480957,"maxY":34.4817314147949,"minX":135.664703369141,"minY":34.3862686157227},"result":"Gose, Nara, Japan"}