{"bounds":{"maxX":138.303497314453,"maxY":36.836799621582,"minX":138.133804321289,"minY":36.709400177002},"result":"Iizuna, Nagano, Japan"}