{"bounds":{"maxX":136.4208984375,"maxY":35.0306663513184,"minX":135.94140625,"minY":34.7907333374023},"result":"Koka, Shiga, Japan"}