{"bounds":{"maxX":138.199493408203,"maxY":36.1238670349121,"minX":138.034301757813,"minY":35.9463996887207},"result":"Suwa, Nagano, Japan"}