{"bounds":{"maxX":136.055206298828,"maxY":34.8256683349609,"minX":135.951202392578,"minY":34.7061996459961},"result":"Minamiyamashiro, Kyoto, Japan"}