{"bounds":{"maxX":137.001403808594,"maxY":35.0533332824707,"minX":136.914596557617,"minY":34.9756660461426},"result":"Obu, Aichi, Japan"}