{"bounds":{"maxX":135.524795532227,"maxY":34.9473991394043,"minX":135.418197631836,"minY":34.8734664916992},"result":"Toyono, Osaka, Japan"}