{"bounds":{"maxX":137.067199707031,"maxY":35.2462005615234,"minX":137.00129699707,"minY":35.1912651062012},"result":"Owariasahi, Aichi, Japan"}