{"bounds":{"maxX":135.411499023438,"maxY":34.9623985290527,"minX":135.274597167969,"minY":34.7726669311523},"result":"Takarazuka, Hyogo, Japan"}