{"bounds":{"maxX":137.086502075195,"maxY":35.5535316467285,"minX":136.959396362305,"minY":35.4298667907715},"result":"Minokamo, Gifu, Japan"}