{"bounds":{"maxX":135.467102050781,"maxY":34.939266204834,"minX":135.360397338867,"minY":34.8004684448242},"result":"Kawanishi, Hyogo, Japan"}