{"bounds":{"maxX":135.586807250977,"maxY":34.6086117750025,"minX":135.402038574219,"minY":34.4304008483887},"result":"Sakai, Osaka, Japan"}