{"bounds":{"maxX":137.500991821289,"maxY":34.860668182373,"minX":137.306091308594,"minY":34.6475982666016},"result":"Toyohashi, Aichi, Japan"}