{"bounds":{"maxX":135.099395751953,"maxY":35.0723342895508,"minX":134.891403198242,"minY":34.9535980224609},"result":"Nishiwaki, Hyogo, Japan"}