{"bounds":{"maxX":139.025802612305,"maxY":34.8415336608887,"minX":138.876403808594,"minY":34.7169990539551},"result":"Kawazu, Shizuoka, Japan"}