{"bounds":{"maxX":135.832794189453,"maxY":34.9113349914551,"minX":135.714706420898,"minY":34.858268737793},"result":"Kumiyama, Kyoto, Japan"}