{"bounds":{"maxX":137.301391601563,"maxY":34.8701324462891,"minX":137.163497924805,"minY":34.7652015686035},"result":"Gamagori, Aichi, Japan"}