{"bounds":{"maxX":138.534393310547,"maxY":36.7041320800781,"minX":138.331405639648,"minY":36.610466003418},"result":"Takayama, Nagano, Japan"}