{"bounds":{"maxX":136.975006103516,"maxY":34.9416656494141,"minX":136.866302490234,"minY":34.8626670837402},"result":"Handa, Aichi, Japan"}