{"bounds":{"maxX":135.463302612305,"maxY":34.5001411437988,"minX":135.353988647461,"minY":34.347599029541},"result":"Kishiwada, Osaka, Japan"}