{"bounds":{"maxX":138.738708496094,"maxY":35.9947319030762,"minX":138.483596801758,"minY":35.8698654174805},"result":"Kawakami, Nagano, Japan"}