{"bounds":{"maxX":135.585296630859,"maxY":34.5993995666504,"minX":135.520599365234,"minY":34.5538673400879},"result":"Matsubara, Osaka, Japan"}