{"bounds":{"maxX":135.971694946289,"maxY":34.2918014526367,"minX":135.742904663086,"minY":34.1700019836426},"result":"Tenkawa, Nara, Japan"}