{"bounds":{"maxX":136.677673339844,"maxY":35.0704650878906,"minX":136.412994384766,"minY":34.9005355834961},"result":"Yokkaichi, Mie, Japan"}