{"bounds":{"maxX":137.917602539063,"maxY":35.6156005859375,"minX":137.811294555664,"minY":35.5299987792969},"result":"Takamori, Nagano, Japan"}