{"bounds":{"maxX":135.915710449219,"maxY":34.3456687927246,"minX":135.815200805664,"minY":34.2698669433594},"result":"Kurotaki, Nara, Japan"}