{"bounds":{"maxX":135.403106689453,"maxY":35.1775321960449,"minX":135.059005737305,"minY":34.9553985595703},"result":"Tamba-Sasayama, Hyogo, Japan"}