{"bounds":{"maxX":137.688201904297,"maxY":35.4002647399902,"minX":137.574905395508,"minY":35.2644004821777},"result":"Hiraya, Nagano, Japan"}