{"bounds":{"maxX":137.282302856445,"maxY":35.4038009643555,"minX":137.144302368164,"minY":35.2519340515137},"result":"Toki, Gifu, Japan"}