{"bounds":{"maxX":136.917098999023,"maxY":35.0103988647461,"minX":136.810943603516,"minY":34.9320678710938},"result":"Chita, Aichi, Japan"}