{"bounds":{"maxX":134.451202392578,"maxY":34.9459991455078,"minX":134.25309753418,"minY":34.8180656433105},"result":"Kamigori, Hyogo, Japan"}