{"bounds":{"maxX":136.570098876953,"maxY":34.8440017700195,"minX":136.160095214844,"minY":34.4477348327637},"result":"Tsu, Mie, Japan"}