{"bounds":{"maxX":138.923400878906,"maxY":35.2191352844238,"minX":138.752502441406,"minY":34.9389991760254},"result":"Numazu, Shizuoka, Japan"}