{"bounds":{"maxX":136.941696166992,"maxY":35.3592681884766,"minX":136.882507324219,"minY":35.3047332763672},"result":"Oguchi, Aichi, Japan"}