{"bounds":{"maxX":138.009506225586,"maxY":34.822265625,"minX":137.851104736328,"minY":34.6654014587402},"result":"Fukuroi, Shizuoka, Japan"}