{"bounds":{"maxX":135.606109619141,"maxY":34.7674674987793,"minX":135.55419921875,"minY":34.7085342407227},"result":"Moriguchi, Osaka, Japan"}