{"bounds":{"maxX":138.657104492188,"maxY":36.4244651794434,"minX":138.507904052734,"minY":36.2784652709961},"result":"Karuizawa, Nagano, Japan"}