{"bounds":{"maxX":135.524993896484,"maxY":34.9104652404785,"minX":135.436599731445,"minY":34.8072662353516},"result":"Minoo, Osaka, Japan"}