{"bounds":{"maxX":138.058197021484,"maxY":35.30419921875,"minX":137.486801147461,"minY":34.6446685791016},"result":"Hamamatsu, Shizuoka, Japan"}