{"bounds":{"maxX":138.012908935547,"maxY":35.5793342590332,"minX":137.878005981445,"minY":35.4873313903809},"result":"Toyooka, Nagano, Japan"}