{"bounds":{"maxX":135.659805297852,"maxY":34.5819320678711,"minX":135.56689453125,"minY":34.5253982543945},"result":"Habikino, Osaka, Japan"}