{"bounds":{"maxX":136.131103515625,"maxY":34.3811988830566,"minX":135.888107299805,"minY":34.1955986022949},"result":"Kawakami, Nara, Japan"}