{"bounds":{"maxX":136.698104858398,"maxY":35.4492683410645,"minX":136.676559448242,"minY":35.4115982055664},"result":"Kitagata, Gifu, Japan"}