{"bounds":{"maxX":135.501907348633,"maxY":35.3484001159668,"minX":135.27799987793,"minY":35.0971336364746},"result":"Kyotamba, Kyoto, Japan"}