{"bounds":{"maxX":136.085494995117,"maxY":34.7029342651367,"minX":135.953598022461,"minY":34.6195983886719},"result":"Yamazoe, Nara, Japan"}