{"bounds":{"maxX":135.180908203125,"maxY":35.6066017150879,"minX":135.032806396484,"minY":35.4431991577148},"result":"Yosano, Kyoto, Japan"}