{"bounds":{"maxX":134.630905151367,"maxY":34.8601341247559,"minX":134.556594848633,"minY":34.8073310852051},"result":"Taishi, Hyogo, Japan"}