{"bounds":{"maxX":135.910308837891,"maxY":34.4082679748535,"minX":135.650695800781,"minY":34.0834007263184},"result":"Gojo, Nara, Japan"}