{"bounds":{"maxX":135.050399780273,"maxY":35.6746673583984,"minX":134.616302490234,"minY":35.3862686157227},"result":"Toyooka, Hyogo, Japan"}