{"bounds":{"maxX":135.825805664063,"maxY":34.589599609375,"minX":135.762298583984,"minY":34.529468536377},"result":"Tawaramoto, Nara, Japan"}