{"bounds":{"maxX":135.769500732422,"maxY":34.5783348083496,"minX":135.719497680664,"minY":34.5270652770996},"result":"Koryo, Nara, Japan"}