{"bounds":{"maxX":136.152840310137,"maxY":35.5404014587402,"minX":135.763702392578,"minY":35.2387857831915},"result":"Takashima, Shiga, Japan"}