{"bounds":{"maxX":139.051300048828,"maxY":35.0821990966797,"minX":138.903091430664,"minY":34.9893341064453},"result":"Izunokuni, Shizuoka, Japan"}