{"bounds":{"maxX":135.606002807617,"maxY":34.9287986755371,"minX":135.496200561523,"minY":34.7757339477539},"result":"Ibaraki, Osaka, Japan"}