{"bounds":{"maxX":138.239593505859,"maxY":35.3471336364746,"minX":137.998901367188,"minY":34.9742660522461},"result":"Kawanehon, Shizuoka, Japan"}