{"bounds":{"maxX":136.962203979492,"maxY":35.4467315673828,"minX":136.793304443359,"minY":35.3558654785156},"result":"Kakamigahara, Gifu, Japan"}