{"bounds":{"maxX":136.182693481445,"maxY":35.263304650594,"minX":135.997587920824,"minY":35.0739326477051},"result":"Omihachiman, Shiga, Japan"}