{"bounds":{"maxX":137.770492553711,"maxY":35.5540657043457,"minX":137.593307495117,"minY":35.3405342102051},"result":"Achi, Nagano, Japan"}