{"bounds":{"maxX":137.024505615234,"maxY":34.9571342468262,"minX":136.977294921875,"minY":34.9073333740234},"result":"Takahama, Aichi, Japan"}