{"bounds":{"maxX":134.48600769043,"maxY":35.1526679992676,"minX":134.253601074219,"minY":34.9075355529785},"result":"Sayo, Hyogo, Japan"}