{"bounds":{"maxX":138.326797485352,"maxY":35.015266418457,"minX":138.152404785156,"minY":34.8157348632813},"result":"Fujieda, Shizuoka, Japan"}