{"bounds":{"maxX":138.413497924805,"maxY":36.5544013977051,"minX":138.069000244141,"minY":36.2174682617188},"result":"Ueda, Nagano, Japan"}