{"bounds":{"maxX":135.716293334961,"maxY":34.8026657104492,"minX":135.658706665039,"minY":34.7423324584961},"result":"Katano, Osaka, Japan"}