{"bounds":{"maxX":137.341094970703,"maxY":34.7308654785156,"minX":137.015396118164,"minY":34.5782661437988},"result":"Tahara, Aichi, Japan"}