{"bounds":{"maxX":135.234603881836,"maxY":35.7791976928711,"minX":134.854202270508,"minY":35.5124664306641},"result":"Kyotango, Kyoto, Japan"}