{"bounds":{"maxX":135.686401367188,"maxY":34.4765319824219,"minX":135.601699829102,"minY":34.3961334228516},"result":"Chihayaakasaka, Osaka, Japan"}