{"bounds":{"maxX":138.52099609375,"maxY":36.9841995239258,"minX":138.418792724609,"minY":36.8818664550781},"result":"Nozawaonsen, Nagano, Japan"}