{"bounds":{"maxX":134.727798461914,"maxY":35.3385314941406,"minX":134.380004882813,"minY":34.9531326293945},"result":"Shiso, Hyogo, Japan"}