{"bounds":{"maxX":135.950500488281,"maxY":34.6445999145508,"minX":135.785995483398,"minY":34.5485343933105},"result":"Tenri, Nara, Japan"}