{"bounds":{"maxX":136.616394042969,"maxY":34.6506004333496,"minX":136.068695068359,"minY":34.3134002685547},"result":"Matsusaka, Mie, Japan"}