{"bounds":{"maxX":136.699996948242,"maxY":35.038932800293,"minX":136.654907226563,"minY":35.0040664672852},"result":"Kawagoe, Mie, Japan"}