{"bounds":{"maxX":136.642105102539,"maxY":34.9874687194824,"minX":136.395202636719,"minY":34.7992668151855},"result":"Suzuka, Mie, Japan"}