{"bounds":{"maxX":137.05940246582,"maxY":35.2602005004883,"minX":136.79280090332,"minY":35.0340003967285},"result":"Nagoya, Aichi, Japan"}