{"bounds":{"maxX":135.117599487305,"maxY":35.0088005065918,"minX":134.897308349609,"minY":34.8525352478027},"result":"Kato, Hyogo, Japan"}