{"bounds":{"maxX":138.373504638672,"maxY":36.112133026123,"minX":138.112594604492,"minY":35.9166641235352},"result":"Chino, Nagano, Japan"}