{"bounds":{"maxX":135.878204345703,"maxY":35.3212013244629,"minX":135.559204101563,"minY":34.8749351501465},"result":"Kyoto, Kyoto, Japan"}