{"bounds":{"maxX":138.441497802734,"maxY":36.6877326965332,"minX":138.257202148438,"minY":36.5375328063965},"result":"Suzaka, Nagano, Japan"}