{"bounds":{"maxX":134.585693359375,"maxY":35.6665992736816,"minX":134.369506835938,"minY":35.4291343688965},"result":"Shinonsen, Hyogo, Japan"}