{"bounds":{"maxX":134.732406616211,"maxY":35.6698684692383,"minX":134.471908569336,"minY":35.3660011291504},"result":"Kami, Hyogo, Japan"}