{"bounds":{"maxX":137.828201293945,"maxY":36.0268669128418,"minX":137.475997924805,"minY":35.7894668579102},"result":"Kiso, Nagano, Japan"}