{"bounds":{"maxX":137.899505615234,"maxY":35.3139343261719,"minX":137.721694946289,"minY":35.2032012939453},"result":"Tenryu, Nagano, Japan"}