{"bounds":{"maxX":135.025405883789,"maxY":34.609001159668,"minX":134.787094116211,"minY":34.3942680358887},"result":"Awaji, Hyogo, Japan"}