{"bounds":{"maxX":134.45849609375,"maxY":34.8596649169922,"minX":134.294998168945,"minY":34.7218017578125},"result":"Ako, Hyogo, Japan"}