{"bounds":{"maxX":135.847503662109,"maxY":34.8693313598633,"minX":135.749099731445,"minY":34.821533203125},"result":"Joyo, Kyoto, Japan"}