{"bounds":{"maxX":135.728302001953,"maxY":34.575065612793,"minX":135.650497436523,"minY":34.5191993713379},"result":"Kashiba, Nara, Japan"}