{"bounds":{"maxX":135.03190612793,"maxY":34.7256660461426,"minX":134.862503051758,"minY":34.6413993835449},"result":"Akashi, Hyogo, Japan"}