{"bounds":{"maxX":136.507797241211,"maxY":35.3952674865723,"minX":136.402297973633,"minY":35.2876663208008},"result":"Sekigahara, Gifu, Japan"}