{"bounds":{"maxX":134.033493041992,"maxY":34.5781326293945,"minX":133.858093261719,"minY":34.4184646606445},"result":"Tamano, Okayama, Japan"}