{"bounds":{"maxX":133.330108642578,"maxY":35.1057357788086,"minX":132.763000488281,"minY":34.734733581543},"result":"Shobara, Hiroshima, Japan"}