{"bounds":{"maxX":132.780395507813,"maxY":33.7908668518066,"minX":132.53059387207,"minY":33.6017990112305},"result":"Iyo, Ehime, Japan"}