{"bounds":{"maxX":135.839202880859,"maxY":33.728199005127,"minX":135.630401611328,"minY":33.5169982910156},"result":"Kozagawa, Wakayama, Japan"}