{"bounds":{"maxX":132.836303710938,"maxY":33.7956657409668,"minX":132.735794067383,"minY":33.6072006225586},"result":"Tobe, Ehime, Japan"}