{"bounds":{"maxX":133.648391723633,"maxY":34.7061347961426,"minX":133.518295288086,"minY":34.573600769043},"result":"Yakage, Okayama, Japan"}