{"bounds":{"maxX":133.194396972656,"maxY":35.2501335144043,"minX":132.892105102539,"minY":35.0680656433105},"result":"Okuizumo, Shimane, Japan"}