{"bounds":{"maxX":134.023406982422,"maxY":34.5124664306641,"minX":133.9501953125,"minY":34.4356002807617},"result":"Naoshima, Kagawa, Japan"}