{"bounds":{"maxX":135.240295410156,"maxY":34.0624656677246,"minX":135.13850402832,"minY":34.0071983337402},"result":"Yuasa, Wakayama, Japan"}