{"bounds":{"maxX":134.184997558594,"maxY":35.1036643981934,"minX":134.0791015625,"minY":35.0116653442383},"result":"Shoo, Okayama, Japan"}