{"bounds":{"maxX":134.821197509766,"maxY":33.986400604248,"minX":134.466796875,"minY":33.7858009338379},"result":"Anan, Tokushima, Japan"}