{"bounds":{"maxX":135.960906982422,"maxY":33.6182670593262,"minX":135.921401977539,"minY":33.5776672363281},"result":"Taiji, Wakayama, Japan"}