{"bounds":{"maxX":133.584899902344,"maxY":34.5381317138672,"minX":133.529205322266,"minY":34.4915313720703},"result":"Satosho, Okayama, Japan"}