{"bounds":{"maxX":132.571090698242,"maxY":35.0581321716309,"minX":132.382995605469,"minY":34.9415321350098},"result":"Kawamoto, Shimane, Japan"}