{"bounds":{"maxX":133.257705688477,"maxY":33.4811325073242,"minX":132.956207275391,"minY":33.3428001403809},"result":"Tsuno, Kochi, Japan"}