{"bounds":{"maxX":133.822006225586,"maxY":34.258731842041,"minX":133.726501464844,"minY":34.1875991821289},"result":"Zentsuji, Kagawa, Japan"}