{"bounds":{"maxX":132.350494384766,"maxY":34.5825347900391,"minX":132.035903930664,"minY":34.2313995361328},"result":"Hatsukaichi, Hiroshima, Japan"}