{"bounds":{"maxX":132.60319519043,"maxY":34.8205986022949,"minX":132.129898071289,"minY":34.5833320617676},"result":"Kitahiroshima, Hiroshima, Japan"}