{"bounds":{"maxX":133.608200073242,"maxY":35.2554016113281,"minX":133.505294799805,"minY":35.1479339599609},"result":"Shinjo, Okayama, Japan"}