{"bounds":{"maxX":133.62109375,"maxY":35.1927337646484,"minX":133.266708374023,"minY":34.8559341430664},"result":"Niimi, Okayama, Japan"}