{"bounds":{"maxX":134.437194824219,"maxY":35.6145973205566,"minX":134.277297973633,"minY":35.4710655212402},"result":"Iwami, Tottori, Japan"}