{"bounds":{"maxX":132.464294433594,"maxY":35.0646667480469,"minX":132.143295288086,"minY":34.8962669372559},"result":"Gotsu, Shimane, Japan"}