{"bounds":{"maxX":133.442398071289,"maxY":33.4674682617188,"minX":133.1748046875,"minY":33.34033203125},"result":"Susaki, Kochi, Japan"}