{"bounds":{"maxX":132.57829284668,"maxY":34.3860664367676,"minX":132.518096923828,"minY":34.3436660766602},"result":"Kaita, Hiroshima, Japan"}