{"bounds":{"maxX":133.255798339844,"maxY":33.356201171875,"minX":132.786392211914,"minY":33.117733001709},"result":"Shimanto, Kochi, Japan"}