{"bounds":{"maxX":135.192001342773,"maxY":34.1175994873047,"minX":135.075500488281,"minY":34.0553321838379},"result":"Arida, Wakayama, Japan"}