{"bounds":{"maxX":136.012893676758,"maxY":34.0096664428711,"minX":135.891998291016,"minY":33.9143333435059},"result":"Kitayama, Wakayama, Japan"}