{"bounds":{"maxX":132.867294311523,"maxY":34.3329315185547,"minX":132.447402954102,"minY":34.0352668762207},"result":"Kure, Hiroshima, Japan"}