{"bounds":{"maxX":133.078796386719,"maxY":36.032398223877,"minX":132.999298095703,"minY":35.9931983947754},"result":"Chibu, Shimane, Japan"}