{"bounds":{"maxX":133.160507202148,"maxY":33.772533416748,"minX":132.821105957031,"minY":33.4662666320801},"result":"Kumakogen, Ehime, Japan"}