{"bounds":{"maxX":132.786697387695,"maxY":33.2773323059082,"minX":132.633804321289,"minY":33.1348648071289},"result":"Matsuno, Ehime, Japan"}