{"bounds":{"maxX":133.642501831055,"maxY":33.8820686340332,"minX":133.506805419922,"minY":33.7016677856445},"result":"Motoyama, Kochi, Japan"}