{"bounds":{"maxX":133.723999023438,"maxY":35.5222663879395,"minX":133.558395385742,"minY":35.3554000854492},"result":"Kotoura, Tottori, Japan"}