{"bounds":{"maxX":133.886001586914,"maxY":33.662467956543,"minX":133.679092407227,"minY":33.5155334472656},"result":"Konan, Kochi, Japan"}