{"bounds":{"maxX":133.590606689453,"maxY":34.6038017272949,"minX":133.445495605469,"minY":34.2984008789063},"result":"Kasaoka, Okayama, Japan"}