{"bounds":{"maxX":134.574096679688,"maxY":34.1437339782715,"minX":134.52799987793,"minY":34.108268737793},"result":"Kitajima, Tokushima, Japan"}