{"bounds":{"maxX":133.377807617188,"maxY":34.861400604248,"minX":133.134902954102,"minY":34.6366004943848},"result":"Jinsekikogen, Hiroshima, Japan"}