{"bounds":{"maxX":132.540052585307,"maxY":34.4210665758591,"minX":132.496686387482,"minY":34.373871133193},"result":"Fuchu, Hiroshima, Japan"}