{"bounds":{"maxX":131.968994140625,"maxY":34.6016006469727,"minX":131.667205810547,"minY":34.4287986755371},"result":"Tsuwano, Shimane, Japan"}