{"bounds":{"maxX":132.063400268555,"maxY":34.0327339172363,"minX":131.8916015625,"minY":33.8522682189941},"result":"Hikari, Yamaguchi, Japan"}