{"bounds":{"maxX":135.214706420898,"maxY":33.9525337219238,"minX":135.140899658203,"minY":33.812801361084},"result":"Gobo, Wakayama, Japan"}