{"bounds":{"maxX":133.341705322266,"maxY":33.5583343505859,"minX":133.194793701172,"minY":33.4400672912598},"result":"Sakawa, Kochi, Japan"}