{"bounds":{"maxX":132.901504516602,"maxY":33.3880653381348,"minX":132.601898193359,"minY":33.2014656066895},"result":"Kihoku, Ehime, Japan"}