{"bounds":{"maxX":133.309906005859,"maxY":33.6132659912109,"minX":133.145797729492,"minY":33.4641342163086},"result":"Ochi, Kochi, Japan"}