{"bounds":{"maxX":134.312225,"maxY":33.879417,"minX":132.479385,"minY":32.70222},"result":"Kochi, Japan"}