{"bounds":{"maxX":133.95329284668,"maxY":34.427131652832,"minX":133.795303344727,"minY":34.2639312744141},"result":"Sakaide, Kagawa, Japan"}