{"bounds":{"maxX":134.126495361328,"maxY":34.0579986572266,"minX":133.965805053711,"minY":33.8698654174805},"result":"Tsurugi, Tokushima, Japan"}