{"bounds":{"maxX":132.161193847656,"maxY":34.8373985290527,"minX":131.683700561523,"minY":34.4505348205566},"result":"Masuda, Shimane, Japan"}