{"bounds":{"maxX":132.273101806641,"maxY":34.0526657104492,"minX":132.056793212891,"minY":33.7664680480957},"result":"Yanai, Yamaguchi, Japan"}