{"bounds":{"maxX":135.898803710938,"maxY":33.5867347717285,"minX":135.621795654297,"minY":33.4332656860352},"result":"Kushimoto, Wakayama, Japan"}