{"bounds":{"maxX":136.011306762695,"maxY":33.9211349487305,"minX":135.72200012207,"minY":33.6698684692383},"result":"Shingu, Wakayama, Japan"}