{"bounds":{"maxX":133.296096801758,"maxY":34.5730018615723,"minX":133.051406860352,"minY":34.2564659118652},"result":"Onomichi, Hiroshima, Japan"}