{"bounds":{"maxX":134.255996704102,"maxY":34.1767349243164,"minX":133.998596191406,"minY":33.852668762207},"result":"Mima, Tokushima, Japan"}