{"bounds":{"maxX":134.400695800781,"maxY":34.1853332519531,"minX":134.179306030273,"minY":34.063533782959},"result":"Awa, Tokushima, Japan"}