{"bounds":{"maxX":134.029602050781,"maxY":35.3527984619141,"minX":133.766006469727,"minY":35.0620651245117},"result":"Kagamino, Okayama, Japan"}