{"bounds":{"maxX":133.870498657227,"maxY":33.5932655334473,"minX":133.769500732422,"minY":33.5151329040527},"result":"Geisei, Kochi, Japan"}