{"bounds":{"maxX":135.507904052734,"maxY":34.2018661499023,"minX":135.290893554688,"minY":34.1042671203613},"result":"Kimino, Wakayama, Japan"}