{"bounds":{"maxX":132.319396972656,"maxY":34.3312644958496,"minX":132.123901367188,"minY":34.1188659667969},"result":"Otake, Hiroshima, Japan"}