{"bounds":{"maxX":132.490997314453,"maxY":34.0097312927246,"minX":132.153594970703,"minY":33.7777328491211},"result":"Suooshima, Yamaguchi, Japan"}