{"bounds":{"maxX":132.900299072266,"maxY":33.5217323303223,"minX":132.368804931641,"minY":33.3033332824707},"result":"Seiyo, Ehime, Japan"}