{"bounds":{"maxX":134.215408325195,"maxY":33.6122016906738,"minX":134.017395019531,"minY":33.4351997375488},"result":"Kitagawa, Kochi, Japan"}