{"bounds":{"maxX":135.54670715332,"maxY":34.0425987243652,"minX":135.171905517578,"minY":33.8722686767578},"result":"Hidakagawa, Wakayama, Japan"}