{"bounds":{"maxX":134.498306274414,"maxY":34.021800994873,"minX":134.399597167969,"minY":33.9511337280273},"result":"Sanagochi, Tokushima, Japan"}