{"bounds":{"maxX":133.606994628906,"maxY":35.5320014953613,"minX":133.428695678711,"minY":35.3462677001953},"result":"Daisen, Tottori, Japan"}