{"bounds":{"maxX":134.231307983398,"maxY":35.190601348877,"minX":134.130798339844,"minY":35.0895347595215},"result":"Nagi, Okayama, Japan"}