{"bounds":{"maxX":134.15119934082,"maxY":34.9509353637695,"minX":133.954895019531,"minY":34.7197341918945},"result":"Akaiwa, Okayama, Japan"}