{"bounds":{"maxX":134.555694580078,"maxY":33.916934967041,"minX":134.03239440918,"minY":33.6848678588867},"result":"Naka, Tokushima, Japan"}