{"bounds":{"maxX":133.023498535156,"maxY":33.9077987670898,"minX":132.821701049805,"minY":33.7194671630859},"result":"Toon, Ehime, Japan"}