{"bounds":{"maxX":133.877502441406,"maxY":34.9553985595703,"minX":133.639694213867,"minY":34.7434005737305},"result":"Kibichuo, Okayama, Japan"}