{"bounds":{"maxX":134.121994018555,"maxY":34.9490013122559,"minX":133.739395141602,"minY":34.5183982849121},"result":"Okayama, Okayama, Japan"}