{"bounds":{"maxX":133.160995483398,"maxY":34.683666229248,"minX":132.866394042969,"minY":34.5376014709473},"result":"Sera, Hiroshima, Japan"}