{"bounds":{"maxX":134.40380859375,"maxY":34.0923347473145,"minX":134.182907104492,"minY":33.9789352416992},"result":"Yoshinogawa, Tokushima, Japan"}