{"bounds":{"maxX":133.469696044922,"maxY":34.7122001647949,"minX":133.210403442383,"minY":34.310001373291},"result":"Fukuyama, Hiroshima, Japan"}