{"bounds":{"maxX":132.392395019531,"maxY":34.9638671875,"minX":131.893402099609,"minY":34.7008666992188},"result":"Hamada, Shimane, Japan"}