{"bounds":{"maxX":134.364807128906,"maxY":34.564266204834,"minX":134.199096679688,"minY":34.4145317077637},"result":"Shodoshima, Kagawa, Japan"}