{"bounds":{"maxX":134.3125,"maxY":33.5670013427734,"minX":134.193695068359,"minY":33.442066192627},"result":"Toyo, Kochi, Japan"}