{"bounds":{"maxX":132.63020324707,"maxY":34.3807334899902,"minX":132.550598144531,"minY":34.3050003051758},"result":"Kumano, Hiroshima, Japan"}