{"bounds":{"maxX":133.970199584961,"maxY":35.5256652832031,"minX":133.846206665039,"minY":35.4225311279297},"result":"Yurihama, Tottori, Japan"}