{"bounds":{"maxX":133.391006469727,"maxY":35.4569320678711,"minX":133.367202758789,"minY":35.4303321838379},"result":"Hiezu, Tottori, Japan"}