{"bounds":{"maxX":133.695053,"maxY":34.315372,"minX":132.012923,"minY":32.897499},"result":"Ehime, Japan"}