{"bounds":{"maxX":133.364791870117,"maxY":34.2922019958496,"minX":133.130004882813,"minY":34.1628684997559},"result":"Kamijima, Ehime, Japan"}