{"bounds":{"maxX":132.246002197266,"maxY":34.2106666564941,"minX":132.183303833008,"minY":34.1798667907715},"result":"Waki, Yamaguchi, Japan"}