{"bounds":{"maxX":136.010299,"maxY":34.380909,"minX":134.998657,"minY":33.435067},"result":"Wakayama, Japan"}