{"bounds":{"maxX":131.225997924805,"maxY":34.1194000244141,"minX":131.067001342773,"minY":33.9313316345215},"result":"Sanyoonoda, Yamaguchi, Japan"}