{"bounds":{"maxX":132.497299194336,"maxY":34.296199798584,"minX":132.353500366211,"minY":34.1283988952637},"result":"Etajima, Hiroshima, Japan"}