{"bounds":{"maxX":135.667694091797,"maxY":33.7047996520996,"minX":135.330001831055,"minY":33.5457992553711},"result":"Shirahama, Wakayama, Japan"}