{"bounds":{"maxX":132.134201049805,"maxY":33.9584655761719,"minX":132.044097900391,"minY":33.859001159668},"result":"Hirao, Yamaguchi, Japan"}