{"bounds":{"maxX":134.678497314453,"maxY":33.8162002563477,"minX":134.391494750977,"minY":33.681468963623},"result":"Minami, Tokushima, Japan"}