{"bounds":{"maxX":132.943801879883,"maxY":34.2998008728027,"minX":132.83740234375,"minY":34.2057991027832},"result":"Osakikamijima, Hiroshima, Japan"}