{"bounds":{"maxX":131.408905029297,"maxY":34.3365325927734,"minX":131.081802368164,"minY":34.0820007324219},"result":"Mine, Yamaguchi, Japan"}