{"bounds":{"maxX":132.029693603516,"maxY":34.356201171875,"minX":131.634002685547,"minY":33.9676666259766},"result":"Shunan, Yamaguchi, Japan"}