{"bounds":{"maxX":133.478607177734,"maxY":33.5228652954102,"minX":133.304901123047,"minY":33.4192657470703},"result":"Tosa, Kochi, Japan"}