{"bounds":{"maxX":135.667495727539,"maxY":33.635799407959,"minX":135.459594726563,"minY":33.4980010986328},"result":"Susami, Wakayama, Japan"}