{"bounds":{"maxX":133.881393432617,"maxY":34.669132232666,"minX":133.601898193359,"minY":34.4174003601074},"result":"Kurashiki, Okayama, Japan"}