{"bounds":{"maxX":132.925506591797,"maxY":33.6543998718262,"minX":132.602401733398,"minY":33.4914016723633},"result":"Uchiko, Ehime, Japan"}