{"bounds":{"maxX":134.415527,"maxY":35.349751,"minX":133.272141,"minY":34.298381},"result":"Okayama, Japan"}