{"bounds":{"maxX":132.859191894531,"maxY":35.1742668151855,"minX":132.628295898438,"minY":34.9481353759766},"result":"Iinan, Shimane, Japan"}