{"bounds":{"maxX":134.028305053711,"maxY":34.2783317565918,"minX":133.893096923828,"minY":34.1386680603027},"result":"Ayagawa, Kagawa, Japan"}