{"bounds":{"maxX":131.794204711914,"maxY":34.5040664672852,"minX":131.292205810547,"minY":33.9826011657715},"result":"Yamaguchi, Yamaguchi, Japan"}