{"bounds":{"maxX":134.503692626953,"maxY":33.7228012084961,"minX":134.360000610352,"minY":33.6290016174316},"result":"Mugi, Tokushima, Japan"}