{"bounds":{"maxX":133.684799194336,"maxY":33.7060012817383,"minX":133.559707641602,"minY":33.5191993713379},"result":"Nankoku, Kochi, Japan"}