{"bounds":{"maxX":134.168106079102,"maxY":35.3071975708008,"minX":133.821701049805,"minY":34.9839324951172},"result":"Tsuyama, Okayama, Japan"}