{"bounds":{"maxX":133.470763,"maxY":35.101619,"minX":132.040893,"minY":34.034218},"result":"Hiroshima, Japan"}