{"bounds":{"maxX":132.404098510742,"maxY":34.7145347595215,"minX":132.115692138672,"minY":34.4965324401855},"result":"Akiota, Hiroshima, Japan"}