{"bounds":{"maxX":134.386596679688,"maxY":35.3140640258789,"minX":134.136703491211,"minY":35.1698684692383},"result":"Chizu, Tottori, Japan"}