{"bounds":{"maxX":133.091201782227,"maxY":36.1428642272949,"minX":132.945602416992,"minY":36.0388679504395},"result":"Nishinoshima, Shimane, Japan"}