{"bounds":{"maxX":133.190795898438,"maxY":34.2992668151855,"minX":132.807800292969,"minY":33.9017333984375},"result":"Imabari, Ehime, Japan"}