{"bounds":{"maxX":134.095306396484,"maxY":34.1153335571289,"minX":133.660202026367,"minY":33.7914657592773},"result":"Miyoshi, Tokushima, Japan"}