{"bounds":{"maxX":133.582901000977,"maxY":33.8357353210449,"minX":133.35920715332,"minY":33.6615333557129},"result":"Tosa, Kochi, Japan"}