{"bounds":{"maxX":133.649505615234,"maxY":34.5900001525879,"minX":133.54020690918,"minY":34.4658660888672},"result":"Asakuchi, Okayama, Japan"}