{"bounds":{"maxX":131.700103759766,"maxY":34.1598663330078,"minX":131.455001831055,"minY":33.9354019165039},"result":"Hofu, Yamaguchi, Japan"}