{"bounds":{"maxX":134.183502197266,"maxY":33.6959342956543,"minX":134.006607055664,"minY":33.526668548584},"result":"Umaji, Kochi, Japan"}