{"bounds":{"maxX":131.378005981445,"maxY":34.1665344238281,"minX":131.183502197266,"minY":33.9228019714355},"result":"Ube, Yamaguchi, Japan"}