{"bounds":{"maxX":134.439697265625,"maxY":34.2778015136719,"minX":134.206909179688,"minY":34.1567993164063},"result":"Higashikagawa, Kagawa, Japan"}