{"bounds":{"maxX":134.440399169922,"maxY":35.5728645324707,"minX":133.945999145508,"minY":35.2716674804688},"result":"Tottori, Tottori, Japan"}