{"bounds":{"maxX":135.51139831543,"maxY":33.76953125,"minX":135.396499633789,"minY":33.6669998168945},"result":"Kamitonda, Wakayama, Japan"}