{"bounds":{"maxX":132.770004272461,"maxY":33.8080673217773,"minX":132.686401367188,"minY":33.7701988220215},"result":"Masaki, Ehime, Japan"}