{"bounds":{"maxX":133.492706298828,"maxY":33.8396682739258,"minX":133.325805664063,"minY":33.7547340393066},"result":"Okawa, Kochi, Japan"}