{"bounds":{"maxX":132.375701904297,"maxY":33.5162010192871,"minX":132.011901855469,"minY":33.3428001403809},"result":"Ikata, Ehime, Japan"}