{"bounds":{"maxX":132.072494506836,"maxY":34.0211982727051,"minX":131.979400634766,"minY":33.8867340087891},"result":"Tabuse, Yamaguchi, Japan"}