{"bounds":{"maxX":133.021697998047,"maxY":32.9365997314453,"minX":132.760803222656,"minY":32.7216644287109},"result":"Tosashimizu, Kochi, Japan"}