{"bounds":{"maxX":132.830001831055,"maxY":33.1089324951172,"minX":132.479400634766,"minY":32.7022666931152},"result":"Sukumo, Kochi, Japan"}