{"bounds":{"maxX":134.821395,"maxY":34.251668,"minX":133.663223,"minY":33.539071},"result":"Tokushima, Japan"}