{"bounds":{"maxX":134.514602661133,"maxY":35.442798614502,"minX":134.353698730469,"minY":35.2294654846191},"result":"Wakasa, Tottori, Japan"}