{"bounds":{"maxX":133.034408569336,"maxY":33.4790687561035,"minX":132.806304931641,"minY":33.2826652526855},"result":"Yusuhara, Kochi, Japan"}