{"bounds":{"maxX":134.456298828125,"maxY":33.9574661254883,"minX":134.298309326172,"minY":33.8486671447754},"result":"Kamikatsu, Tokushima, Japan"}