{"bounds":{"maxX":134.049102783203,"maxY":34.226131439209,"minX":133.800903320313,"minY":34.0729331970215},"result":"Manno, Kagawa, Japan"}