{"bounds":{"maxX":132.501693725586,"maxY":33.5514678955078,"minX":132.33479309082,"minY":33.3691329956055},"result":"Yawatahama, Ehime, Japan"}