{"bounds":{"maxX":133.454605102539,"maxY":34.0074653625488,"minX":133.233703613281,"minY":33.8145332336426},"result":"Niihama, Ehime, Japan"}