{"bounds":{"maxX":134.486206054688,"maxY":34.1923332214355,"minX":134.412399291992,"minY":34.114200592041},"result":"Itano, Tokushima, Japan"}