{"bounds":{"maxX":135.830001831055,"maxY":34.0683326721191,"minX":135.335906982422,"minY":33.6443328857422},"result":"Tanabe, Wakayama, Japan"}