{"bounds":{"maxX":132.67170715332,"maxY":33.3372688293457,"minX":132.259704589844,"minY":33.0226669311523},"result":"Uwajima, Ehime, Japan"}