{"bounds":{"maxX":135.314300537109,"maxY":34.3154678344727,"minX":134.99870300293,"minY":34.1562652587891},"result":"Wakayama, Wakayama, Japan"}