{"bounds":{"maxX":134.445999145508,"maxY":35.4498672485352,"minX":134.214797973633,"minY":35.3023338317871},"result":"Yazu, Tottori, Japan"}