{"bounds":{"maxX":133.402893066406,"maxY":33.5803985595703,"minX":133.296600341797,"minY":33.4977340698242},"result":"Hidaka, Kochi, Japan"}