{"bounds":{"maxX":134.444335,"maxY":34.43386,"minX":133.527227,"minY":34.01002},"result":"Kagawa, Japan"}