{"bounds":{"maxX":133.427200317383,"maxY":35.3880653381348,"minX":133.291900634766,"minY":35.2325325012207},"result":"Nambu, Tottori, Japan"}