{"bounds":{"maxX":135.401596069336,"maxY":33.9188690185547,"minX":135.178298950195,"minY":33.7801322937012},"result":"Inami, Wakayama, Japan"}