{"bounds":{"maxX":135.464401245117,"maxY":33.8881988525391,"minX":135.259094238281,"minY":33.7414665222168},"result":"Minabe, Wakayama, Japan"}