{"bounds":{"maxX":133.838500976563,"maxY":34.627799987793,"minX":133.801803588867,"minY":34.5908012390137},"result":"Hayashima, Okayama, Japan"}