{"bounds":{"maxX":134.606292724609,"maxY":34.1302642822266,"minX":134.422805786133,"minY":33.9552001953125},"result":"Tokushima, Tokushima, Japan"}