{"bounds":{"maxX":132.534408,"maxY":34.798984,"minX":130.70787,"minY":33.712871},"result":"Yamaguchi, Japan"}