{"bounds":{"maxX":132.838897705078,"maxY":33.7381324768066,"minX":132.424591064453,"minY":33.4184684753418},"result":"Ozu, Ehime, Japan"}