{"bounds":{"maxX":133.608001708984,"maxY":34.7443313598633,"minX":133.357604980469,"minY":34.5409317016602},"result":"Ibara, Okayama, Japan"}