{"bounds":{"maxX":133.108901977539,"maxY":35.0039329528809,"minX":132.632995605469,"minY":34.6054649353027},"result":"Miyoshi, Hiroshima, Japan"}