{"bounds":{"maxX":132.72119140625,"maxY":35.1231994628906,"minX":132.474197387695,"minY":34.903865814209},"result":"Misato, Shimane, Japan"}