{"bounds":{"maxX":133.010498046875,"maxY":34.4295349121094,"minX":132.781600952148,"minY":34.2965316772461},"result":"Takehara, Hiroshima, Japan"}