{"bounds":{"maxX":135.548797607422,"maxY":34.1546669006348,"minX":135.185897827148,"minY":34.0014686584473},"result":"Aridagawa, Wakayama, Japan"}