{"bounds":{"maxX":134.175704956055,"maxY":34.4340019226074,"minX":133.919403076172,"minY":34.111400604248},"result":"Takamatsu, Kagawa, Japan"}