{"bounds":{"maxX":135.645095825195,"maxY":34.3042678833008,"minX":135.526596069336,"minY":34.2341346740723},"result":"Kudoyama, Wakayama, Japan"}