{"bounds":{"maxX":131.348297119141,"maxY":34.4419326782227,"minX":130.931396484375,"minY":34.2624664306641},"result":"Nagato, Yamaguchi, Japan"}