{"bounds":{"maxX":134.272994995117,"maxY":34.7278671264648,"minX":134.052001953125,"minY":34.5884017944336},"result":"Setouchi, Okayama, Japan"}