{"bounds":{"maxX":134.067306518555,"maxY":33.8408012390137,"minX":133.595993041992,"minY":33.5736656188965},"result":"Kami, Kochi, Japan"}