{"bounds":{"maxX":133.268295288086,"maxY":34.7574005126953,"minX":133.083694458008,"minY":34.5275993347168},"result":"Fuchu, Hiroshima, Japan"}