{"bounds":{"maxX":133.264801025391,"maxY":35.5516014099121,"minX":133.197906494141,"minY":35.4771995544434},"result":"Sakaiminato, Tottori, Japan"}