{"bounds":{"maxX":134.618698120117,"maxY":34.1548652648926,"minX":134.559295654297,"minY":34.1014671325684},"result":"Matsushige, Tokushima, Japan"}