{"bounds":{"maxX":133.479095458984,"maxY":35.5006675720215,"minX":133.226303100586,"minY":35.374267578125},"result":"Yonago, Tottori, Japan"}