{"bounds":{"maxX":132.670700073242,"maxY":35.2725982666016,"minX":132.312805175781,"minY":34.9984664916992},"result":"Oda, Shimane, Japan"}