{"bounds":{"maxX":133.473403930664,"maxY":33.8314666748047,"minX":133.157302856445,"minY":33.5098686218262},"result":"Ino, Kochi, Japan"}