{"bounds":{"maxX":134.642303466797,"maxY":34.2514686584473,"minX":134.43830871582,"minY":34.1310005187988},"result":"Naruto, Tokushima, Japan"}