{"bounds":{"maxX":133.3251953125,"maxY":35.6040000915527,"minX":132.874404907227,"minY":35.3296661376953},"result":"Matsue, Shimane, Japan"}