{"bounds":{"maxX":135.317794799805,"maxY":34.2028656005859,"minX":135.111694335938,"minY":34.0937995910645},"result":"Kainan, Wakayama, Japan"}