{"bounds":{"maxX":134.393997192383,"maxY":33.7316665649414,"minX":134.149200439453,"minY":33.5397338867188},"result":"Kaiyo, Tokushima, Japan"}