{"bounds":{"maxX":133.161193847656,"maxY":34.5930671691895,"minX":132.847106933594,"minY":34.3176002502441},"result":"Mihara, Hiroshima, Japan"}