{"bounds":{"maxX":134.651306152344,"maxY":34.0285339355469,"minX":134.546401977539,"minY":33.9382019042969},"result":"Komatsushima, Tokushima, Japan"}