{"bounds":{"maxX":134.402206420898,"maxY":35.2526016235352,"minX":134.279602050781,"minY":35.144401550293},"result":"Nishiawakura, Okayama, Japan"}