{"bounds":{"maxX":134.452194213867,"maxY":34.0568656921387,"minX":134.220596313477,"minY":33.906665802002},"result":"Kamiyama, Tokushima, Japan"}