{"bounds":{"maxX":132.709899902344,"maxY":34.9679336547852,"minX":132.305801391602,"minY":34.7793998718262},"result":"Onan, Shimane, Japan"}