{"bounds":{"maxX":133.873092651367,"maxY":33.882999420166,"minX":133.579498291016,"minY":33.683666229248},"result":"Otoyo, Kochi, Japan"}