{"bounds":{"maxX":135.278900146484,"maxY":34.031867980957,"minX":135.119003295898,"minY":33.9475326538086},"result":"Hirogawa, Wakayama, Japan"}