{"bounds":{"maxX":134.4580078125,"maxY":34.1721343994141,"minX":134.367599487305,"minY":34.0871315002441},"result":"Kamiita, Tokushima, Japan"}