{"bounds":{"maxX":134.568603515625,"maxY":33.9696655273438,"minX":134.428604125977,"minY":33.8561325073242},"result":"Katsuura, Tokushima, Japan"}