{"bounds":{"maxX":133.385299682617,"maxY":36.3484687805176,"minX":133.169799804688,"minY":36.1336669921875},"result":"Okinoshima, Shimane, Japan"}