{"bounds":{"maxX":133.385804,"maxY":36.35611,"minX":131.670761,"minY":34.300236},"result":"Shimane, Japan"}