{"bounds":{"maxX":134.068695068359,"maxY":33.5467987060547,"minX":133.955505371094,"minY":33.4276008605957},"result":"Yasuda, Kochi, Japan"}