{"bounds":{"maxX":133.167602539063,"maxY":36.1485328674316,"minX":133.063598632813,"minY":36.0351333618164},"result":"Ama, Shimane, Japan"}