{"bounds":{"maxX":134.041595458984,"maxY":35.4311981201172,"minX":133.761795043945,"minY":35.2489318847656},"result":"Misasa, Tottori, Japan"}