{"bounds":{"maxX":133.739898681641,"maxY":34.165599822998,"minX":133.451599121094,"minY":34.0124015808105},"result":"Kanonji, Kagawa, Japan"}