{"bounds":{"maxX":132.434600830078,"maxY":34.4693984985352,"minX":131.878005981445,"minY":33.9804000854492},"result":"Iwakuni, Yamaguchi, Japan"}