{"bounds":{"maxX":131.934906005859,"maxY":34.1147994995117,"minX":131.80549621582,"minY":33.9306678771973},"result":"Kudamatsu, Yamaguchi, Japan"}