{"bounds":{"maxX":134.070007324219,"maxY":33.7197341918945,"minX":133.819595336914,"minY":33.4459991455078},"result":"Aki, Kochi, Japan"}