{"bounds":{"maxX":132.693298339844,"maxY":34.6147994995117,"minX":132.178100585938,"minY":34.2973327636719},"result":"Hiroshima, Hiroshima, Japan"}