{"bounds":{"maxX":135.337905883789,"maxY":34.3190650939941,"minX":135.270095825195,"minY":34.2388000488281},"result":"Iwade, Wakayama, Japan"}