{"bounds":{"maxX":134.107604980469,"maxY":33.4480667114258,"minX":134.010696411133,"minY":33.3783340454102},"result":"Nahari, Kochi, Japan"}