{"bounds":{"maxX":134.168395996094,"maxY":34.3172645568848,"minX":134.104995727539,"minY":34.151065826416},"result":"Miki, Kagawa, Japan"}