{"bounds":{"maxX":133.32389831543,"maxY":35.4814643859863,"minX":133.060195922852,"minY":35.2089996337891},"result":"Yasugi, Shimane, Japan"}