{"bounds":{"maxX":134.215408325195,"maxY":34.9234008789063,"minX":134.037399291992,"minY":34.7595329284668},"result":"Wake, Okayama, Japan"}