{"bounds":{"maxX":134.287704467773,"maxY":34.3695983886719,"minX":134.154907226563,"minY":34.1665344238281},"result":"Sanuki, Kagawa, Japan"}