{"bounds":{"maxX":135.98860168457,"maxY":33.7229347229004,"minX":135.777694702148,"minY":33.545467376709},"result":"Nachikatsuura, Wakayama, Japan"}