{"bounds":{"maxX":133.886901855469,"maxY":35.4812660217285,"minX":133.575698852539,"minY":35.3082656860352},"result":"Kurayoshi, Tottori, Japan"}