{"bounds":{"maxX":132.535797119141,"maxY":34.3566017150879,"minX":132.491104125977,"minY":34.2966651916504},"result":"Saka, Hiroshima, Japan"}