{"bounds":{"maxX":132.919403076172,"maxY":34.6235313415527,"minX":132.600006103516,"minY":34.2685317993164},"result":"Higashihiroshima, Hiroshima, Japan"}