{"bounds":{"maxX":133.903900146484,"maxY":34.4150009155273,"minX":133.642395019531,"minY":34.2016677856445},"result":"Marugame, Kagawa, Japan"}