{"bounds":{"maxX":133.526901245117,"maxY":35.4048652648926,"minX":133.357406616211,"minY":35.2354011535645},"result":"Hoki, Tottori, Japan"}