{"bounds":{"maxX":135.177597045898,"maxY":33.9837989807129,"minX":135.056396484375,"minY":33.8796653747559},"result":"Hidaka, Wakayama, Japan"}