{"bounds":{"maxX":135.68049621582,"maxY":34.3843994140625,"minX":135.526306152344,"minY":34.2415313720703},"result":"Hashimoto, Wakayama, Japan"}