{"bounds":{"maxX":131.17170715332,"maxY":34.3740005493164,"minX":130.774200439453,"minY":33.9113349914551},"result":"Shimonoseki, Yamaguchi, Japan"}