{"bounds":{"maxX":133.803604125977,"maxY":34.7816009521484,"minX":133.581192016602,"minY":34.622200012207},"result":"Soja, Okayama, Japan"}