{"bounds":{"maxX":133.845092773438,"maxY":35.3451347351074,"minX":133.565902709961,"minY":34.900333404541},"result":"Maniwa, Okayama, Japan"}