{"bounds":{"maxX":134.518279,"maxY":35.612957,"minX":133.139726,"minY":35.054569},"result":"Tottori, Japan"}