{"bounds":{"maxX":133.718505859375,"maxY":34.960132598877,"minX":133.328308105469,"minY":34.6840019226074},"result":"Takahashi, Okayama, Japan"}