{"bounds":{"maxX":134.029403686523,"maxY":33.4592666625977,"minX":133.991897583008,"minY":33.4218673706055},"result":"Tano, Kochi, Japan"}