{"bounds":{"maxX":133.822601318359,"maxY":34.2863998413086,"minX":133.557098388672,"minY":34.0501327514648},"result":"Mitoyo, Kagawa, Japan"}