{"bounds":{"maxX":134.467803955078,"maxY":34.1123313903809,"minX":134.396896362305,"minY":34.0524673461914},"result":"Ishii, Tokushima, Japan"}