{"bounds":{"maxX":135.729705810547,"maxY":34.2778015136719,"minX":135.512405395508,"minY":34.1542663574219},"result":"Koya, Wakayama, Japan"}