{"bounds":{"maxX":132.925796508789,"maxY":34.0737991333008,"minX":132.491302490234,"minY":33.6872673034668},"result":"Matsuyama, Ehime, Japan"}