{"bounds":{"maxX":132.785797119141,"maxY":32.8880004882813,"minX":132.597595214844,"minY":32.7445983886719},"result":"Otsuki, Kochi, Japan"}