{"bounds":{"maxX":133.595703125,"maxY":35.3636665344238,"minX":133.443405151367,"minY":35.2304649353027},"result":"Kofu, Tottori, Japan"}