{"bounds":{"maxX":132.690795898438,"maxY":33.0632019042969,"minX":132.377700805664,"minY":32.8980674743652},"result":"Ainan, Ehime, Japan"}