{"bounds":{"maxX":133.855194091797,"maxY":35.5050659179688,"minX":133.669998168945,"minY":35.4196014404297},"result":"Hokuei, Tottori, Japan"}