{"bounds":{"maxX":133.775802612305,"maxY":34.3545341491699,"minX":133.616897583008,"minY":34.2299995422363},"result":"Tadotsu, Kagawa, Japan"}