{"bounds":{"maxX":135.4873046875,"maxY":34.3481330871582,"minX":135.274505615234,"minY":34.1762657165527},"result":"Kinokawa, Wakayama, Japan"}