{"bounds":{"maxX":133.527893066406,"maxY":35.2710647583008,"minX":133.293395996094,"minY":35.15966796875},"result":"Hino, Tottori, Japan"}