{"bounds":{"maxX":135.604202270508,"maxY":34.362735748291,"minX":135.443801879883,"minY":34.0970649719238},"result":"Katsuragi, Wakayama, Japan"}