{"bounds":{"maxX":133.41130065918,"maxY":35.2684669494629,"minX":133.135696411133,"minY":35.0578002929688},"result":"Nichinan, Tottori, Japan"}