{"bounds":{"maxX":132.805801391602,"maxY":34.8512687683105,"minX":132.536499023438,"minY":34.5302658081055},"result":"Akitakata, Hiroshima, Japan"}