{"bounds":{"maxX":134.002899169922,"maxY":34.1080017089844,"minX":133.818298339844,"minY":33.960132598877},"result":"Higashimiyoshi, Tokushima, Japan"}