{"bounds":{"maxX":132.151992797852,"maxY":33.8618659973145,"minX":131.930206298828,"minY":33.713134765625},"result":"Kaminoseki, Yamaguchi, Japan"}