{"bounds":{"maxX":133.056304931641,"maxY":33.262134552002,"minX":132.614196777344,"minY":32.9086685180664},"result":"Shimanto, Kochi, Japan"}