{"bounds":{"maxX":135.153991699219,"maxY":33.9162673950195,"minX":135.057205200195,"minY":33.8752021789551},"result":"Mihama, Wakayama, Japan"}