{"bounds":{"maxX":133.182403564453,"maxY":33.1889991760254,"minX":132.952194213867,"minY":32.9788017272949},"result":"Kuroshio, Kochi, Japan"}