{"bounds":{"maxX":133.263305664063,"maxY":33.4214668273926,"minX":133.049697875977,"minY":33.2350006103516},"result":"Nakatosa, Kochi, Japan"}