{"bounds":{"maxX":134.23469543457,"maxY":33.4875335693359,"minX":134.033203125,"minY":33.243465423584},"result":"Muroto, Kochi, Japan"}