{"bounds":{"maxX":134.346603393555,"maxY":34.9491996765137,"minX":134.101806640625,"minY":34.6800689697266},"result":"Bizen, Okayama, Japan"}