{"bounds":{"maxX":133.072601318359,"maxY":35.3805999755859,"minX":132.699691772461,"minY":35.092601776123},"result":"Unnan, Shimane, Japan"}