{"bounds":{"maxX":134.412002563477,"maxY":35.2103996276855,"minX":134.085800170898,"minY":34.880931854248},"result":"Mimasaka, Okayama, Japan"}