{"bounds":{"maxX":133.843002319336,"maxY":34.3378677368164,"minX":133.805801391602,"minY":34.2873344421387},"result":"Utazu, Kagawa, Japan"}