{"bounds":{"maxX":133.692001342773,"maxY":34.0436019897461,"minX":133.349594116211,"minY":33.8293342590332},"result":"Shikokuchuo, Ehime, Japan"}