{"bounds":{"maxX":131.725997924805,"maxY":34.7983322143555,"minX":131.126907348633,"minY":34.2102012634277},"result":"Hagi, Yamaguchi, Japan"}