{"bounds":{"maxX":132.054504394531,"maxY":34.4839324951172,"minX":131.763702392578,"minY":34.3025360107422},"result":"Yoshika, Shimane, Japan"}