{"bounds":{"maxX":133.276702880859,"maxY":33.9826011657715,"minX":132.956497192383,"minY":33.7501983642578},"result":"Saijo, Ehime, Japan"}