{"bounds":{"maxX":133.624496459961,"maxY":33.6818008422852,"minX":133.393707275391,"minY":33.4582672119141},"result":"Kochi, Kochi, Japan"}