{"bounds":{"maxX":134.121200561523,"maxY":35.0516014099121,"minX":133.76139831543,"minY":34.9227333068848},"result":"Misaki, Okayama, Japan"}