{"bounds":{"maxX":134.529403686523,"maxY":34.1478652954102,"minX":134.457305908203,"minY":34.1067314147949},"result":"Aizumi, Tokushima, Japan"}