{"bounds":{"maxX":133.835006713867,"maxY":34.2226676940918,"minX":133.799591064453,"minY":34.1749992370605},"result":"Kotohira, Kagawa, Japan"}