{"bounds":{"maxX":132.933807373047,"maxY":35.5133323669434,"minX":132.575302124023,"minY":35.1603317260742},"result":"Izumo, Shimane, Japan"}