{"bounds":{"maxX":134.015106201172,"maxY":34.9752655029297,"minX":133.893402099609,"minY":34.8700675964355},"result":"Kumenan, Okayama, Japan"}