{"bounds":{"maxX":132.917205810547,"maxY":32.9448661804199,"minX":132.765502929688,"minY":32.8588676452637},"result":"Mihara, Kochi, Japan"}