{"bounds":{"maxX":135.175201416016,"maxY":34.0078010559082,"minX":135.067504882813,"minY":33.9445343017578},"result":"Yura, Wakayama, Japan"}