{"bounds":{"maxX":131.647094726563,"maxY":34.6071319580078,"minX":131.449401855469,"minY":34.4799346923828},"result":"Abu, Yamaguchi, Japan"}