{"bounds":{"maxX":134.332000732422,"maxY":34.5639343261719,"minX":134.035903930664,"minY":34.4598007202148},"result":"Tonosho, Kagawa, Japan"}