{"bounds":{"maxX":133.23420715332,"maxY":33.7313995361328,"minX":133.013198852539,"minY":33.4426002502441},"result":"Niyodogawa, Kochi, Japan"}