{"bounds":{"maxX":130.869400024414,"maxY":33.6457328796387,"minX":130.831298828125,"minY":33.5811996459961},"result":"Oto, Fukuoka, Japan"}