{"bounds":{"maxX":127.827697753906,"maxY":26.325267791748,"minX":127.774696350098,"minY":26.28466796875},"result":"Kitanakagusuku, Okinawa, Japan"}