{"bounds":{"maxX":131.278198242188,"maxY":33.6174011230469,"minX":130.925399780273,"minY":33.3484001159668},"result":"Nakatsu, Oita, Japan"}