{"bounds":{"maxX":130.875198364258,"maxY":32.7201995849609,"minX":130.752502441406,"minY":32.6260681152344},"result":"Kosa, Kumamoto, Japan"}