{"bounds":{"maxX":130.830093383789,"maxY":33.7421989440918,"minX":130.74299621582,"minY":33.663932800293},"result":"Fukuchi, Fukuoka, Japan"}