{"bounds":{"maxX":131.878327,"maxY":32.83405,"minX":130.705659,"minY":31.359898},"result":"Miyazaki, Japan"}