{"bounds":{"maxX":127.751495361328,"maxY":26.2739334106445,"minX":127.667602539063,"minY":26.2327327728271},"result":"Urasoe, Okinawa, Japan"}