{"bounds":{"maxX":131.447692871094,"maxY":33.582935333252,"minX":131.214904785156,"minY":33.3093338012695},"result":"Usa, Oita, Japan"}