{"bounds":{"maxX":131.267105102539,"maxY":32.7442016601563,"minX":131.104095458984,"minY":32.5578002929688},"result":"Gokase, Miyazaki, Japan"}