{"bounds":{"maxX":130.719696044922,"maxY":32.1868667602539,"minX":130.474807739258,"minY":31.9346008300781},"result":"Isa, Kagoshima, Japan"}