{"bounds":{"maxX":131.262802124023,"maxY":33.0711326599121,"minX":131.15119934082,"minY":32.9600677490234},"result":"Ubuyama, Kumamoto, Japan"}