{"bounds":{"maxX":131.731903076172,"maxY":32.5475997924805,"minX":131.505599975586,"minY":32.4370002746582},"result":"Kadogawa, Miyazaki, Japan"}