{"bounds":{"maxX":130.378204345703,"maxY":33.481201171875,"minX":130.139007568359,"minY":33.1403999328613},"result":"Saga, Saga, Japan"}