{"bounds":{"maxX":124.097900390625,"maxY":24.4761333465576,"minX":123.55379486084,"minY":24.0447330474854},"result":"Taketomi, Okinawa, Japan"}