{"bounds":{"maxX":131.531600952148,"maxY":32.5685348510742,"minX":131.194000244141,"minY":32.3088684082031},"result":"Misato, Miyazaki, Japan"}