{"bounds":{"maxX":131.081497192383,"maxY":30.8390674591064,"minX":130.836196899414,"minY":30.5869998931885},"result":"Nishinoomote, Kagoshima, Japan"}