{"bounds":{"maxX":130.867004394531,"maxY":33.3727989196777,"minX":130.715805053711,"minY":33.2533340454102},"result":"Ukiha, Fukuoka, Japan"}