{"bounds":{"maxX":128.020599365234,"maxY":27.0944671630859,"minX":127.912002563477,"minY":26.9889335632324},"result":"Iheya, Okinawa, Japan"}