{"bounds":{"maxX":130.900207519531,"maxY":31.2473335266113,"minX":130.652908325195,"minY":30.9941997528076},"result":"Minamiosumi, Kagoshima, Japan"}