{"bounds":{"maxX":130.44450378418,"maxY":30.8505992889404,"minX":129.903793334961,"minY":30.7722663879395},"result":"Mishima, Kagoshima, Japan"}