{"bounds":{"maxX":129.866897583008,"maxY":32.8910675048828,"minX":129.790893554688,"minY":32.8103332519531},"result":"Togitsu, Nagasaki, Japan"}