{"bounds":{"maxX":130.79150390625,"maxY":33.6745986938477,"minX":130.748901367188,"minY":33.6399345397949},"result":"Itoda, Fukuoka, Japan"}