{"bounds":{"maxX":130.860900878906,"maxY":33.4994010925293,"minX":130.614791870117,"minY":33.3434677124023},"result":"Asakura, Fukuoka, Japan"}