{"bounds":{"maxX":130.565002441406,"maxY":33.184398651123,"minX":130.410003662109,"minY":33.0717315673828},"result":"Miyama, Fukuoka, Japan"}