{"bounds":{"maxX":131.594604492188,"maxY":33.6840667724609,"minX":131.412506103516,"minY":33.4756011962891},"result":"Bungotakada, Oita, Japan"}