{"bounds":{"maxX":130.921600341797,"maxY":33.6498680114746,"minX":130.854904174805,"minY":33.5573348999023},"result":"Aka, Fukuoka, Japan"}