{"bounds":{"maxX":128.19889831543,"maxY":26.7166004180908,"minX":128.079299926758,"minY":26.614465713501},"result":"Ogimi, Okinawa, Japan"}