{"bounds":{"maxX":129.64729309082,"maxY":28.4771995544434,"minX":129.52180480957,"minY":28.343599319458},"result":"Tatsugo, Kagoshima, Japan"}