{"bounds":{"maxX":130.597900390625,"maxY":33.6658020019531,"minX":130.496002197266,"minY":33.5954666137695},"result":"Sasaguri, Fukuoka, Japan"}