{"bounds":{"maxX":130.46989440918,"maxY":31.7336006164551,"minX":130.312103271484,"minY":31.4748001098633},"result":"Hioki, Kagoshima, Japan"}