{"bounds":{"maxX":131.172393798828,"maxY":33.1947326660156,"minX":130.977600097656,"minY":33.0940017700195},"result":"Oguni, Kumamoto, Japan"}