{"bounds":{"maxX":131.102096557617,"maxY":31.9750671386719,"minX":130.912002563477,"minY":31.8805999755859},"result":"Takaharu, Miyazaki, Japan"}