{"bounds":{"maxX":130.714294433594,"maxY":33.7905349731445,"minX":130.539398193359,"minY":33.6380653381348},"result":"Miyawaka, Fukuoka, Japan"}