{"bounds":{"maxX":131.519393920898,"maxY":32.1275329589844,"minX":131.405807495117,"minY":32.0339317321777},"result":"Shintomi, Miyazaki, Japan"}