{"bounds":{"maxX":130.796401977539,"maxY":32.7642669677734,"minX":130.695205688477,"minY":32.728199005127},"result":"Kashima, Kumamoto, Japan"}