{"bounds":{"maxX":131.885101318359,"maxY":32.8384666442871,"minX":131.42790222168,"minY":32.4900665283203},"result":"Nobeoka, Miyazaki, Japan"}