{"bounds":{"maxX":130.886505126953,"maxY":33.3059997558594,"minX":130.516799926758,"minY":33.103931427002},"result":"Yame, Fukuoka, Japan"}