{"bounds":{"maxX":130.2001953125,"maxY":33.2533988952637,"minX":130.124603271484,"minY":33.1884002685547},"result":"Kohoku, Saga, Japan"}