{"bounds":{"maxX":130.651702880859,"maxY":33.8906669616699,"minX":130.540802001953,"minY":33.8127326965332},"result":"Okagaki, Fukuoka, Japan"}