{"bounds":{"maxX":131.196899414063,"maxY":33.115665435791,"minX":130.997299194336,"minY":33.0191993713379},"result":"Minamioguni, Kumamoto, Japan"}