{"bounds":{"maxX":131.955200195313,"maxY":33.2792015075684,"minX":131.417999267578,"minY":33.0698013305664},"result":"Oita, Oita, Japan"}