{"bounds":{"maxX":130.418807983398,"maxY":33.4279327392578,"minX":130.364700317383,"minY":33.2830009460449},"result":"Yoshinogari, Saga, Japan"}