{"bounds":{"maxX":130.804397583008,"maxY":33.7960662841797,"minX":130.679992675781,"minY":33.7001342773438},"result":"Nogata, Fukuoka, Japan"}