{"bounds":{"maxX":130.972503662109,"maxY":32.1331329345703,"minX":130.702499389648,"minY":31.933666229248},"result":"Ebino, Miyazaki, Japan"}