{"bounds":{"maxX":127.816909790039,"maxY":26.289400100708,"minX":127.763496398926,"minY":26.2311325073242},"result":"Nakagusuku, Okinawa, Japan"}