{"bounds":{"maxX":131.678100585938,"maxY":33.1202659606934,"minX":131.346099853516,"minY":32.8034019470215},"result":"Bungoono, Oita, Japan"}