{"bounds":{"maxX":131.190552,"maxY":34.250278,"minX":130.032227,"minY":32.999429},"result":"Fukuoka, Japan"}