{"bounds":{"maxX":130.975799560547,"maxY":32.664665222168,"minX":130.772903442383,"minY":32.5609359741211},"result":"Misato, Kumamoto, Japan"}