{"bounds":{"maxX":130.626907348633,"maxY":32.0313339233398,"minX":130.336700439453,"minY":31.8187999725342},"result":"Satsuma, Kagoshima, Japan"}