{"bounds":{"maxX":131.744201660156,"maxY":33.6924667358398,"minX":131.543899536133,"minY":33.4346656799316},"result":"Kunisaki, Oita, Japan"}