{"bounds":{"maxX":130.541000366211,"maxY":33.4282684326172,"minX":130.43620300293,"minY":33.3257331848145},"result":"Tosu, Saga, Japan"}