{"bounds":{"maxX":130.775299072266,"maxY":33.7065315246582,"minX":130.557205200195,"minY":33.503734588623},"result":"Iizuka, Fukuoka, Japan"}