{"bounds":{"maxX":130.722900390625,"maxY":32.6225357055664,"minX":130.616302490234,"minY":32.5275344848633},"result":"Hikawa, Kumamoto, Japan"}