{"bounds":{"maxX":130.202697753906,"maxY":32.9748001098633,"minX":129.885406494141,"minY":32.7519989013672},"result":"Isahaya, Nagasaki, Japan"}