{"bounds":{"maxX":127.583503723145,"maxY":26.2660007476807,"minX":127.335998535156,"minY":26.1385326385498},"result":"Tokashiki, Okinawa, Japan"}