{"bounds":{"maxX":131.718002319336,"maxY":33.5590019226074,"minX":131.404800415039,"minY":33.3557357788086},"result":"Kitsuki, Oita, Japan"}