{"bounds":{"maxX":130.50830078125,"maxY":33.7666664123535,"minX":130.358505249023,"minY":33.6747360229492},"result":"Shingu, Fukuoka, Japan"}