{"bounds":{"maxX":131.268905639648,"maxY":31.7975330352783,"minX":131.094100952148,"minY":31.6686000823975},"result":"Mimata, Miyazaki, Japan"}