{"bounds":{"maxX":131.045104980469,"maxY":33.7529983520508,"minX":130.893402099609,"minY":33.6721992492676},"result":"Yukuhashi, Fukuoka, Japan"}