{"bounds":{"maxX":130.638900756836,"maxY":34.2493324279785,"minX":130.098007202148,"minY":33.7505340576172},"result":"Munakata, Fukuoka, Japan"}