{"bounds":{"maxX":130.826995849609,"maxY":31.6317329406738,"minX":130.690505981445,"minY":31.4137325286865},"result":"Tarumizu, Kagoshima, Japan"}