{"bounds":{"maxX":130.680801391602,"maxY":31.3040657043457,"minX":130.505706787109,"minY":31.1558666229248},"result":"Ibusuki, Kagoshima, Japan"}