{"bounds":{"maxX":130.55419921875,"maxY":33.8506660461426,"minX":130.443405151367,"minY":33.730598449707},"result":"Fukutsu, Fukuoka, Japan"}