{"bounds":{"maxX":131.252899169922,"maxY":33.0450668334961,"minX":130.942092895508,"minY":32.8745994567871},"result":"Aso, Kumamoto, Japan"}