{"bounds":{"maxX":130.6083984375,"maxY":33.4490661621094,"minX":130.535095214844,"minY":33.3422012329102},"result":"Ogori, Fukuoka, Japan"}