{"bounds":{"maxX":131.130996704102,"maxY":31.3961334228516,"minX":130.881301879883,"minY":31.1128673553467},"result":"Kimotsuki, Kagoshima, Japan"}