{"bounds":{"maxX":129.871704101563,"maxY":33.3425331115723,"minX":129.05810546875,"minY":33.0503997802734},"result":"Sasebo, Nagasaki, Japan"}