{"bounds":{"maxX":128.622695922852,"maxY":27.4046001434326,"minX":128.519302368164,"minY":27.3275337219238},"result":"China, Kagoshima, Japan"}