{"bounds":{"maxX":130.669708251953,"maxY":30.4902000427246,"minX":130.142700195313,"minY":30.2262668609619},"result":"Yakushima, Kagoshima, Japan"}