{"bounds":{"maxX":130.168304443359,"maxY":33.1312675476074,"minX":130.037094116211,"minY":32.9860000610352},"result":"Kashima, Saga, Japan"}