{"bounds":{"maxX":131.189102172852,"maxY":33.5982666015625,"minX":131.066696166992,"minY":33.5019989013672},"result":"Koge, Fukuoka, Japan"}