{"bounds":{"maxX":131.449096679688,"maxY":32.3401985168457,"minX":131.174194335938,"minY":32.0179328918457},"result":"Saito, Miyazaki, Japan"}