{"bounds":{"maxX":130.995300292969,"maxY":32.8665313720703,"minX":130.871307373047,"minY":32.7793998718262},"result":"Nishihara, Kumamoto, Japan"}