{"bounds":{"maxX":130.828002929688,"maxY":32.9797325134277,"minX":130.570693969727,"minY":32.6603355407715},"result":"Kumamoto, Kumamoto, Japan"}