{"bounds":{"maxX":130.742202758789,"maxY":33.8419990539551,"minX":130.667907714844,"minY":33.8012657165527},"result":"Nakama, Fukuoka, Japan"}