{"bounds":{"maxX":127.784698486328,"maxY":26.4403991699219,"minX":127.71070098877,"minY":26.3610000610352},"result":"Yomitan, Okinawa, Japan"}