{"bounds":{"maxX":130.571304321289,"maxY":33.5564002990723,"minX":130.482696533203,"minY":33.470401763916},"result":"Dazaifu, Fukuoka, Japan"}