{"bounds":{"maxX":125.467300415039,"maxY":24.9381332397461,"minX":125.132797241211,"minY":24.7114677429199},"result":"Miyakojima, Okinawa, Japan"}