{"bounds":{"maxX":130.126007080078,"maxY":32.5434684753418,"minX":130.011901855469,"minY":32.4286003112793},"result":"Reihoku, Kumamoto, Japan"}