{"bounds":{"maxX":130.441497802734,"maxY":33.3673324584961,"minX":130.405303955078,"minY":33.296199798584},"result":"Kamimine, Saga, Japan"}