{"bounds":{"maxX":131.114303588867,"maxY":32.9094009399414,"minX":130.947708129883,"minY":32.7840003967285},"result":"Minamiaso, Kumamoto, Japan"}