{"bounds":{"maxX":130.382478,"maxY":34.725692,"minX":128.343292,"minY":31.986111},"result":"Nagasaki, Japan"}