{"bounds":{"maxX":129.823303222656,"maxY":33.0996017456055,"minX":129.221008300781,"minY":32.8955993652344},"result":"Saikai, Nagasaki, Japan"}