{"bounds":{"maxX":131.206178,"maxY":32.294338,"minX":128.395279,"minY":27.018888},"result":"Kagoshima, Japan"}