{"bounds":{"maxX":130.542602539063,"maxY":31.4754676818848,"minX":130.310592651367,"minY":31.2130661010742},"result":"Minamikyushu, Kagoshima, Japan"}