{"bounds":{"maxX":130.595397949219,"maxY":32.2379341125488,"minX":130.359405517578,"minY":32.1133995056152},"result":"Minamata, Kumamoto, Japan"}