{"bounds":{"maxX":131.085800170898,"maxY":33.689998626709,"minX":130.960998535156,"minY":33.5077323913574},"result":"Chikujo, Fukuoka, Japan"}