{"bounds":{"maxX":130.311401367188,"maxY":32.1279335021973,"minX":130.160797119141,"minY":31.9277324676514},"result":"Akune, Kagoshima, Japan"}