{"bounds":{"maxX":130.487899780273,"maxY":33.4006004333496,"minX":130.39990234375,"minY":33.2638664245605},"result":"Miyaki, Saga, Japan"}