{"bounds":{"maxX":130.086196899414,"maxY":33.1720008850098,"minX":129.921493530273,"minY":33.0038681030273},"result":"Ureshino, Saga, Japan"}