{"bounds":{"maxX":130.816696166992,"maxY":33.6238670349121,"minX":130.661605834961,"minY":33.4709358215332},"result":"Kama, Fukuoka, Japan"}