{"bounds":{"maxX":130.024505615234,"maxY":33.4123992919922,"minX":129.758804321289,"minY":33.2236671447754},"result":"Imari, Saga, Japan"}