{"bounds":{"maxX":130.445098876953,"maxY":31.4923992156982,"minX":129.416136745352,"minY":30.8287551608161},"result":"Minamisatsuma, Kagoshima, Japan"}