{"bounds":{"maxX":129.90299987793,"maxY":33.5197334289551,"minX":129.827301025391,"minY":33.4306678771973},"result":"Genkai, Saga, Japan"}