{"bounds":{"maxX":131.420394897461,"maxY":32.8331336975098,"minX":131.226104736328,"minY":32.6299324035645},"result":"Takachiho, Miyazaki, Japan"}