{"bounds":{"maxX":130.987701416016,"maxY":32.9535331726074,"minX":130.830795288086,"minY":32.8366012573242},"result":"Ozu, Kumamoto, Japan"}