{"bounds":{"maxX":131.203796386719,"maxY":31.6331996917725,"minX":130.926193237305,"minY":31.4252662658691},"result":"Shibushi, Kagoshima, Japan"}