{"bounds":{"maxX":129.006698608398,"maxY":32.8964004516602,"minX":128.104504109606,"minY":31.9864216057849},"result":"Goto, Nagasaki, Japan"}