{"bounds":{"maxX":130.169494628906,"maxY":33.6182670593262,"minX":129.739395141602,"minY":33.2775344848633},"result":"Karatsu, Saga, Japan"}