{"bounds":{"maxX":130.959396362305,"maxY":32.7910003662109,"minX":130.756195068359,"minY":32.6614685058594},"result":"Mifune, Kumamoto, Japan"}