{"bounds":{"maxX":130.873504638672,"maxY":32.8963317871094,"minX":130.747497558594,"minY":32.822265625},"result":"Kikuyo, Kumamoto, Japan"}