{"bounds":{"maxX":127.855499267578,"maxY":26.4209995269775,"minX":127.770797729492,"minY":26.3032665252686},"result":"Okinawa, Okinawa, Japan"}