{"bounds":{"maxX":131.687896728516,"maxY":32.4752006530762,"minX":131.338500976563,"minY":32.2952003479004},"result":"Hyuga, Miyazaki, Japan"}