{"bounds":{"maxX":130.535003662109,"maxY":33.254467010498,"minX":130.450607299805,"minY":33.1708679199219},"result":"Chikugo, Fukuoka, Japan"}