{"bounds":{"maxX":130.877395629883,"maxY":32.2953338623047,"minX":130.650695800781,"minY":32.0948677062988},"result":"Hitoyoshi, Kumamoto, Japan"}