{"bounds":{"maxX":128.999404907227,"maxY":27.7525329589844,"minX":128.880294799805,"minY":27.6607322692871},"result":"Isen, Kagoshima, Japan"}