{"bounds":{"maxX":130.583297729492,"maxY":33.5932655334473,"minX":130.484802246094,"minY":33.530200958252},"result":"Umi, Fukuoka, Japan"}