{"bounds":{"maxX":130.529693603516,"maxY":33.0120658874512,"minX":130.413192749023,"minY":32.9366683959961},"result":"Arao, Kumamoto, Japan"}