{"bounds":{"maxX":130.944000244141,"maxY":31.3092002868652,"minX":130.766906738281,"minY":31.1214656829834},"result":"Kinko, Kagoshima, Japan"}