{"bounds":{"maxX":130.724304199219,"maxY":31.7520008087158,"minX":130.385894775391,"minY":31.2937335968018},"result":"Kagoshima, Kagoshima, Japan"}