{"bounds":{"maxX":128.001098632813,"maxY":26.5287322998047,"minX":127.926902770996,"minY":26.4640007019043},"result":"Ginoza, Okinawa, Japan"}