{"bounds":{"maxX":131.45719909668,"maxY":33.153865814209,"minX":131.192092895508,"minY":32.8279342651367},"result":"Taketa, Oita, Japan"}