{"bounds":{"maxX":130.102600097656,"maxY":33.2830657958984,"minX":129.896606445313,"minY":33.1083335876465},"result":"Takeo, Saga, Japan"}