{"bounds":{"maxX":131.468505859375,"maxY":31.7816677093506,"minX":131.15950012207,"minY":31.489200592041},"result":"Nichinan, Miyazaki, Japan"}