{"bounds":{"maxX":130.493804931641,"maxY":33.874267578125,"minX":130.032501220703,"minY":33.4248657226563},"result":"Fukuoka, Fukuoka, Japan"}