{"bounds":{"maxX":124.72159576416,"maxY":24.7632007598877,"minX":124.664695739746,"minY":24.6396656036377},"result":"Tarama, Okinawa, Japan"}