{"bounds":{"maxX":130.588592529297,"maxY":31.9775333404541,"minX":129.657104492188,"minY":31.6215991973877},"result":"Satsumasendai, Kagoshima, Japan"}