{"bounds":{"maxX":131.110504150391,"maxY":32.4629325866699,"minX":130.938903808594,"minY":32.280200958252},"result":"Mizukami, Kumamoto, Japan"}