{"bounds":{"maxX":129.690093994141,"maxY":33.2790679931641,"minX":129.621795654297,"minY":33.2075347900391},"result":"Saza, Nagasaki, Japan"}