{"bounds":{"maxX":130.889694213867,"maxY":33.735668182373,"minX":130.820907592773,"minY":33.6399345397949},"result":"Kawara, Fukuoka, Japan"}