{"bounds":{"maxX":129.428604125977,"maxY":28.2541332244873,"minX":129.133697509766,"minY":28.000732421875},"result":"Setouchi, Kagoshima, Japan"}