{"bounds":{"maxX":132.084594726563,"maxY":33.0698013305664,"minX":131.474395751953,"minY":32.7149353027344},"result":"Saiki, Oita, Japan"}