{"bounds":{"maxX":128.455795288086,"maxY":27.0672664642334,"minX":128.394393920898,"minY":27.0186004638672},"result":"Yoron, Kagoshima, Japan"}