{"bounds":{"maxX":131.542907714844,"maxY":32.1713333129883,"minX":131.442092895508,"minY":32.0869331359863},"result":"Takanabe, Miyazaki, Japan"}