{"bounds":{"maxX":130.544036,"maxY":33.617699,"minX":129.73996,"minY":32.953258},"result":"Saga, Japan"}