{"bounds":{"maxX":131.089904785156,"maxY":33.4574661254883,"minX":130.824005126953,"minY":33.0228652954102},"result":"Hita, Oita, Japan"}