{"bounds":{"maxX":130.513397216797,"maxY":33.5629997253418,"minX":130.449508666992,"minY":33.4640007019043},"result":"Onojo, Fukuoka, Japan"}