{"bounds":{"maxX":130.721496582031,"maxY":31.8796672821045,"minX":130.472305297852,"minY":31.6725997924805},"result":"Aira, Kagoshima, Japan"}