{"bounds":{"maxX":129.937698364258,"maxY":33.2417335510254,"minX":129.806594848633,"minY":33.1562652587891},"result":"Arita, Saga, Japan"}