{"bounds":{"maxX":127.94889831543,"maxY":26.5008678436279,"minX":127.834297180176,"minY":26.4309997558594},"result":"Kin, Okinawa, Japan"}