{"bounds":{"maxX":130.512603759766,"maxY":32.1678009033203,"minX":130.223999023438,"minY":31.9700679779053},"result":"Izumi, Kagoshima, Japan"}