{"bounds":{"maxX":128.025894165039,"maxY":26.7135334014893,"minX":127.916801452637,"minY":26.635799407959},"result":"Nakijin, Okinawa, Japan"}