{"bounds":{"maxX":130.374603271484,"maxY":31.33913230896,"minX":130.242004394531,"minY":31.2465991973877},"result":"Makurazaki, Kagoshima, Japan"}