{"bounds":{"maxX":130.715805053711,"maxY":32.7172012329102,"minX":130.498596191406,"minY":32.6466674804688},"result":"Uto, Kumamoto, Japan"}