{"bounds":{"maxX":130.243606567383,"maxY":33.3414001464844,"minX":130.136505126953,"minY":33.1938018798828},"result":"Ogi, Saga, Japan"}