{"bounds":{"maxX":129.858596801758,"maxY":33.4696655273438,"minX":129.628601074219,"minY":33.2672653198242},"result":"Matsuura, Nagasaki, Japan"}