{"bounds":{"maxX":129.036804199219,"maxY":27.8919334411621,"minX":128.905899047852,"minY":27.6950664520264},"result":"Tokunoshima, Kagoshima, Japan"}