{"bounds":{"maxX":130.719696044922,"maxY":33.8905334472656,"minX":130.675796508789,"minY":33.8302688598633},"result":"Mizumaki, Fukuoka, Japan"}