{"bounds":{"maxX":131.412307739258,"maxY":32.6418685913086,"minX":131.205902099609,"minY":32.4630661010742},"result":"Morotsuka, Miyazaki, Japan"}