{"bounds":{"maxX":130.475204467773,"maxY":33.1963348388672,"minX":130.351104736328,"minY":33.0859336853027},"result":"Yanagawa, Fukuoka, Japan"}