{"bounds":{"maxX":130.912994384766,"maxY":31.9423999786377,"minX":130.588500976563,"minY":31.6046676635742},"result":"Kirishima, Kagoshima, Japan"}