{"bounds":{"maxX":129.378494262695,"maxY":28.3233337402344,"minX":129.134002685547,"minY":28.2324676513672},"result":"Uken, Kagoshima, Japan"}