{"bounds":{"maxX":129.496307373047,"maxY":34.7245455006605,"minX":129.166305541992,"minY":34.0838661193848},"result":"Tsushima, Nagasaki, Japan"}