{"bounds":{"maxX":127.787002563477,"maxY":26.4073333740234,"minX":127.73860168457,"minY":26.3394680023193},"result":"Kadena, Okinawa, Japan"}