{"bounds":{"maxX":130.732803344727,"maxY":32.3782653808594,"minX":130.578598022461,"minY":32.151065826416},"result":"Kuma, Kumamoto, Japan"}