{"bounds":{"maxX":130.970306396484,"maxY":31.6162662506104,"minX":130.757995605469,"minY":31.2275333404541},"result":"Kanoya, Kagoshima, Japan"}