{"bounds":{"maxX":128.9833984375,"maxY":27.8932666778564,"minX":128.87809753418,"minY":27.7385330200195},"result":"Amagi, Kagoshima, Japan"}