{"bounds":{"maxX":130.462905883789,"maxY":33.2444686889648,"minX":130.411605834961,"minY":33.1810646057129},"result":"Oki, Fukuoka, Japan"}