{"bounds":{"maxX":131.328598022461,"maxY":32.9085350036621,"minX":131.094192504883,"minY":32.7532653808594},"result":"Takamori, Kumamoto, Japan"}