{"bounds":{"maxX":130.844604492188,"maxY":33.6966018676758,"minX":130.747802734375,"minY":33.5676689147949},"result":"Tagawa, Fukuoka, Japan"}