{"bounds":{"maxX":131.060501098633,"maxY":31.5532665252686,"minX":130.900207519531,"minY":31.3945999145508},"result":"Osaki, Kagoshima, Japan"}