{"bounds":{"maxX":127.746795654297,"maxY":26.217399597168,"minX":127.706596374512,"minY":26.1678676605225},"result":"Haebaru, Okinawa, Japan"}