{"bounds":{"maxX":128.263305664063,"maxY":26.707799911499,"minX":128.095397949219,"minY":26.5893325805664},"result":"Higashi, Okinawa, Japan"}