{"bounds":{"maxX":130.496795654297,"maxY":32.9522018432617,"minX":130.437194824219,"minY":32.9003982543945},"result":"Nagasu, Kumamoto, Japan"}