{"bounds":{"maxX":130.231201171875,"maxY":33.2099342346191,"minX":130.06950378418,"minY":33.1126670837402},"result":"Shiroishi, Saga, Japan"}