{"bounds":{"maxX":129.955596923828,"maxY":33.1651344299316,"minX":129.843399047852,"minY":33.1003341674805},"result":"Hasami, Nagasaki, Japan"}