{"bounds":{"maxX":130.781799316406,"maxY":32.6809997558594,"minX":130.450393676758,"minY":32.5584030151367},"result":"Uki, Kumamoto, Japan"}