{"bounds":{"maxX":131.330949,"maxY":33.191699,"minX":129.9485,"minY":32.085557},"result":"Kumamoto, Japan"}