{"bounds":{"maxX":127.159202575684,"maxY":26.3870677947998,"minX":127.09880065918,"minY":26.3477993011475},"result":"Tonaki, Okinawa, Japan"}