{"bounds":{"maxX":130.898498535156,"maxY":32.3787994384766,"minX":130.777496337891,"minY":32.2049331665039},"result":"Sagara, Kumamoto, Japan"}