{"bounds":{"maxX":124.560939555117,"maxY":25.9286980855872,"minX":123.458076091937,"minY":24.3279323577881},"result":"Ishigaki, Okinawa, Japan"}