{"bounds":{"maxX":130.889099121094,"maxY":32.8398666381836,"minX":130.77799987793,"minY":32.7313995361328},"result":"Mashiki, Kumamoto, Japan"}