{"bounds":{"maxX":128.234893798828,"maxY":27.8847332000732,"minX":126.707504272461,"minY":26.2908000946045},"result":"Kumejima, Okinawa, Japan"}