{"bounds":{"maxX":130.813903808594,"maxY":32.3926658630371,"minX":130.692993164063,"minY":32.227668762207},"result":"Yamae, Kumamoto, Japan"}