{"bounds":{"maxX":127.331802368164,"maxY":26.2507991790771,"minX":127.231201171875,"minY":26.1550006866455},"result":"Zamami, Okinawa, Japan"}