{"bounds":{"maxX":130.540802001953,"maxY":33.449333190918,"minX":130.461303710938,"minY":33.3941345214844},"result":"Kiyama, Saga, Japan"}