{"bounds":{"maxX":131.700607299805,"maxY":33.7397994995117,"minX":131.630294799805,"minY":33.7165336608887},"result":"Himeshima, Oita, Japan"}