{"bounds":{"maxX":131.591903686523,"maxY":32.3225326538086,"minX":131.42399597168,"minY":32.2284660339355},"result":"Tsuno, Miyazaki, Japan"}