{"bounds":{"maxX":131.332264012294,"maxY":25.9604641322471,"minX":131.180682177441,"minY":24.4615127983321},"result":"Kitadaito, Okinawa, Japan"}