{"bounds":{"maxX":131.910598754883,"maxY":33.2072677612305,"minX":131.62890625,"minY":32.9513320922852},"result":"Usuki, Oita, Japan"}