{"bounds":{"maxX":131.332656,"maxY":27.094758,"minX":122.933198,"minY":24.045416},"result":"Okinawa, Japan"}