{"bounds":{"maxX":130.465393066406,"maxY":33.5303344726563,"minX":130.370208740234,"minY":33.3950004577637},"result":"Nakagawa, Fukuoka, Japan"}