{"bounds":{"maxX":130.033599853516,"maxY":28.3774662017822,"minX":129.912796020508,"minY":28.2738666534424},"result":"Kikai, Kagoshima, Japan"}