{"bounds":{"maxX":129.925094604492,"maxY":33.1088676452637,"minX":129.803100585938,"minY":33.0363349914551},"result":"Kawatana, Nagasaki, Japan"}