{"bounds":{"maxX":131.033905029297,"maxY":30.6432666778564,"minX":130.880401611328,"minY":30.4438667297363},"result":"Nakatane, Kagoshima, Japan"}