{"bounds":{"maxX":130.840301513672,"maxY":33.6237983703613,"minX":130.784393310547,"minY":33.5095329284668},"result":"Kawasaki, Fukuoka, Japan"}