{"bounds":{"maxX":128.149703979492,"maxY":26.6788005828857,"minX":127.898300170898,"minY":26.5048007965088},"result":"Nago, Okinawa, Japan"}