{"bounds":{"maxX":127.939598083496,"maxY":26.5307331085205,"minX":127.740600585938,"minY":26.4148006439209},"result":"Onna, Okinawa, Japan"}