{"bounds":{"maxX":130.56120300293,"maxY":33.7102661132813,"minX":130.466201782227,"minY":33.6340675354004},"result":"Hisayama, Fukuoka, Japan"}