{"bounds":{"maxX":130.085693359375,"maxY":33.0040016174316,"minX":129.899993896484,"minY":32.8448677062988},"result":"Omura, Nagasaki, Japan"}