{"bounds":{"maxX":123.043708826842,"maxY":24.4738497217268,"minX":122.933493145819,"minY":24.4371828516097},"result":"Yonaguni, Okinawa, Japan"}