{"bounds":{"maxX":130.846206665039,"maxY":32.927131652832,"minX":130.719100952148,"minY":32.8520011901855},"result":"Koshi, Kumamoto, Japan"}