{"bounds":{"maxX":129.632202148438,"maxY":33.609935760498,"minX":129.334197998047,"minY":33.1689987182617},"result":"Hirado, Nagasaki, Japan"}