{"bounds":{"maxX":127.785903930664,"maxY":26.2965335845947,"minX":127.724098205566,"minY":26.2493991851807},"result":"Ginowan, Okinawa, Japan"}