{"bounds":{"maxX":130.561996459961,"maxY":33.6150665283203,"minX":130.487899780273,"minY":33.5757331848145},"result":"Sue, Fukuoka, Japan"}