{"bounds":{"maxX":130.84489440918,"maxY":33.171199798584,"minX":130.628494262695,"minY":32.9320678710938},"result":"Yamaga, Kumamoto, Japan"}