{"bounds":{"maxX":132.084411,"maxY":33.74012,"minX":130.82837,"minY":32.71389},"result":"Oita, Japan"}