{"bounds":{"maxX":130.630004882813,"maxY":33.2860679626465,"minX":130.507797241211,"minY":33.2305335998535},"result":"Hirokawa, Fukuoka, Japan"}