{"bounds":{"maxX":128.333892822266,"maxY":26.8747997283936,"minX":128.150100708008,"minY":26.6671333312988},"result":"Kunigami, Okinawa, Japan"}