{"bounds":{"maxX":131.27309153819,"maxY":25.8723462203485,"minX":131.21449778819,"minY":25.8128121474726},"result":"Minamidaito, Okinawa, Japan"}