{"bounds":{"maxX":127.78800201416,"maxY":26.2556667327881,"minX":127.732498168945,"minY":26.2073154449463},"result":"Nishihara, Okinawa, Japan"}