{"bounds":{"maxX":130.630294799805,"maxY":32.9945983886719,"minX":130.475494384766,"minY":32.8419342041016},"result":"Tamana, Kumamoto, Japan"}