{"bounds":{"maxX":130.980194091797,"maxY":30.4812679290771,"minX":130.848999023438,"minY":30.3439998626709},"result":"Minamitane, Kagoshima, Japan"}