{"bounds":{"maxX":130.377593994141,"maxY":31.790132522583,"minX":130.179595947266,"minY":31.6582679748535},"result":"Ichikikushikino, Kagoshima, Japan"}