{"bounds":{"maxX":129.445098876953,"maxY":28.3844661712646,"minX":129.257400512695,"minY":28.2830009460449},"result":"Yamato, Kagoshima, Japan"}