{"bounds":{"maxX":129.195999145508,"maxY":33.163932800293,"minX":128.929794311523,"minY":32.8169326782227},"result":"Shinkamigoto, Nagasaki, Japan"}