{"bounds":{"maxX":129.945495605469,"maxY":30.006799697876,"minX":128.97200012207,"minY":28.7915325164795},"result":"Toshima, Kagoshima, Japan"}