{"bounds":{"maxX":130.815505981445,"maxY":32.0582008361816,"minX":130.620101928711,"minY":31.9032669067383},"result":"Yusui, Kagoshima, Japan"}