{"bounds":{"maxX":131.184509277344,"maxY":33.6197357177734,"minX":131.152496337891,"minY":33.587532043457},"result":"Yoshitomi, Fukuoka, Japan"}