{"bounds":{"maxX":130.703201293945,"maxY":33.6015357971191,"minX":130.648101806641,"minY":33.5291328430176},"result":"Keisen, Fukuoka, Japan"}