{"bounds":{"maxX":130.899307250977,"maxY":33.4893989562988,"minX":130.763595581055,"minY":33.3730010986328},"result":"Toho, Fukuoka, Japan"}