{"bounds":{"maxX":130.557998657227,"maxY":33.753734588623,"minX":130.446304321289,"minY":33.6868667602539},"result":"Koga, Fukuoka, Japan"}