{"bounds":{"maxX":130.690399169922,"maxY":33.8904685974121,"minX":130.634704589844,"minY":33.8092002868652},"result":"Onga, Fukuoka, Japan"}