{"bounds":{"maxX":131.387802124023,"maxY":32.1319313049316,"minX":131.188095092773,"minY":31.9652004241943},"result":"Kunitomi, Miyazaki, Japan"}