{"bounds":{"maxX":131.016906738281,"maxY":33.8155326843262,"minX":130.909194946289,"minY":33.735668182373},"result":"Kanda, Fukuoka, Japan"}