{"bounds":{"maxX":131.332305908203,"maxY":33.3884010314941,"minX":131.032897949219,"minY":33.1831321716309},"result":"Kusu, Oita, Japan"}