{"bounds":{"maxX":130.48600769043,"maxY":32.6254653930664,"minX":130.304702758789,"minY":32.3668022155762},"result":"Kamiamakusa, Kumamoto, Japan"}