{"bounds":{"maxX":129.992706298828,"maxY":32.9678688049316,"minX":129.54280090332,"minY":32.5489349365234},"result":"Nagasaki, Nagasaki, Japan"}