{"bounds":{"maxX":131.052703857422,"maxY":32.3194007873535,"minX":130.963195800781,"minY":32.2293357849121},"result":"Yunomae, Kumamoto, Japan"}