{"bounds":{"maxX":130.181900024414,"maxY":33.3394012451172,"minX":130.021896362305,"minY":33.2341995239258},"result":"Taku, Saga, Japan"}