{"bounds":{"maxX":130.541107177734,"maxY":33.0981979370117,"minX":130.394607543945,"minY":33.0004653930664},"result":"Omuta, Fukuoka, Japan"}