{"bounds":{"maxX":130.267807006836,"maxY":32.3067359924316,"minX":130.090103149414,"minY":32.0858001708984},"result":"Nagashima, Kagoshima, Japan"}