{"bounds":{"maxX":127.737403869629,"maxY":26.245532989502,"minX":127.635398864746,"minY":26.1728000640869},"result":"Naha, Okinawa, Japan"}