{"bounds":{"maxX":130.318603515625,"maxY":32.8787994384766,"minX":130.12580871582,"minY":32.6553344726563},"result":"Unzen, Nagasaki, Japan"}