{"bounds":{"maxX":130.66780090332,"maxY":33.5105323791504,"minX":130.560302734375,"minY":33.4047355651855},"result":"Chikuzen, Fukuoka, Japan"}