{"bounds":{"maxX":131.616302490234,"maxY":33.4273338317871,"minX":131.415405273438,"minY":33.3428688049316},"result":"Hiji, Oita, Japan"}