{"bounds":{"maxX":131.324401855469,"maxY":33.3044013977051,"minX":131.110397338867,"minY":33.0737991333008},"result":"Kokonoe, Oita, Japan"}