{"bounds":{"maxX":130.657196044922,"maxY":33.115665435791,"minX":130.560302734375,"minY":32.9410667419434},"result":"Nagomi, Kumamoto, Japan"}