{"bounds":{"maxX":131.03450012207,"maxY":31.4374675750732,"minX":130.948303222656,"minY":31.3498668670654},"result":"Higashikushira, Kagoshima, Japan"}