{"bounds":{"maxX":130.641296386719,"maxY":32.4101333618164,"minX":130.462997436523,"minY":32.1826019287109},"result":"Ashikita, Kumamoto, Japan"}