{"bounds":{"maxX":131.02490234375,"maxY":32.6020011901855,"minX":130.489501953125,"minY":32.3385314941406},"result":"Yatsushiro, Kumamoto, Japan"}