{"bounds":{"maxX":127.760803222656,"maxY":26.179666519165,"minX":127.696304321289,"minY":26.0975322723389},"result":"Yaese, Okinawa, Japan"}