{"bounds":{"maxX":131.391494750977,"maxY":31.6367340087891,"minX":131.15950012207,"minY":31.3607330322266},"result":"Kushima, Miyazaki, Japan"}