{"bounds":{"maxX":129.923202514648,"maxY":32.8821334838867,"minX":129.845596313477,"minY":32.7961349487305},"result":"Nagayo, Nagasaki, Japan"}