{"bounds":{"maxX":127.958297729492,"maxY":26.9781322479248,"minX":127.911201477051,"minY":26.8910007476807},"result":"Izena, Okinawa, Japan"}