{"bounds":{"maxX":131.009994506836,"maxY":33.7435340881348,"minX":130.867004394531,"minY":33.4875984191895},"result":"Miyako, Fukuoka, Japan"}