{"bounds":{"maxX":130.601196289063,"maxY":33.0872001647949,"minX":130.494201660156,"minY":32.9882011413574},"result":"Nankan, Kumamoto, Japan"}