{"bounds":{"maxX":131.277206420898,"maxY":32.1312675476074,"minX":131.14990234375,"minY":31.9717330932617},"result":"Aya, Miyazaki, Japan"}