{"bounds":{"maxX":131.041519165039,"maxY":34.0191345214844,"minX":130.672393798828,"minY":33.7209320068359},"result":"Kitakyushu, Fukuoka, Japan"}