{"bounds":{"maxX":130.73030090332,"maxY":33.3678665161133,"minX":130.384307861328,"minY":33.2239990234375},"result":"Kurume, Fukuoka, Japan"}