{"bounds":{"maxX":130.959396362305,"maxY":32.4981346130371,"minX":130.720108032227,"minY":32.3419990539551},"result":"Itsuki, Kumamoto, Japan"}