{"bounds":{"maxX":129.868896484375,"maxY":33.8726811633802,"minX":129.623596191406,"minY":33.6986656188965},"result":"Iki, Nagasaki, Japan"}