{"bounds":{"maxX":127.775924682617,"maxY":26.2142677307129,"minX":127.738800048828,"minY":26.1856002807617},"result":"Yonabaru, Okinawa, Japan"}