{"bounds":{"maxX":130.949096679688,"maxY":33.5919990539551,"minX":130.809509277344,"minY":33.4467353820801},"result":"Soeda, Fukuoka, Japan"}