{"bounds":{"maxX":131.169097900391,"maxY":31.8063335418701,"minX":130.85400390625,"minY":31.5288677215576},"result":"Soo, Kagoshima, Japan"}