{"bounds":{"maxX":131.500701904297,"maxY":32.0655326843262,"minX":131.189102172852,"minY":31.7208652496338},"result":"Miyazaki, Miyazaki, Japan"}