{"bounds":{"maxX":127.730400085449,"maxY":26.1690006256104,"minX":127.646896362305,"minY":26.0739345550537},"result":"Itoman, Okinawa, Japan"}