{"bounds":{"maxX":130.620498657227,"maxY":33.5545997619629,"minX":130.452896118164,"minY":33.4280014038086},"result":"Chikushino, Fukuoka, Japan"}