{"bounds":{"maxX":131.29719543457,"maxY":32.6024017333984,"minX":131.006195068359,"minY":32.3010673522949},"result":"Shiiba, Miyazaki, Japan"}