{"bounds":{"maxX":127.960998535156,"maxY":26.7085342407227,"minX":127.809501647949,"minY":26.6049327850342},"result":"Motobu, Okinawa, Japan"}