{"bounds":{"maxX":130.498992919922,"maxY":33.6098670959473,"minX":130.44140625,"minY":33.5600662231445},"result":"Shime, Fukuoka, Japan"}