{"bounds":{"maxX":127.908897399902,"maxY":26.1979331970215,"minX":127.728202819824,"minY":26.1252670288086},"result":"Nanjo, Okinawa, Japan"}