{"bounds":{"maxX":131.209197998047,"maxY":32.1738014221191,"minX":130.860504150391,"minY":31.8856678009033},"result":"Kobayashi, Miyazaki, Japan"}