{"bounds":{"maxX":128.001800537109,"maxY":26.4491329193115,"minX":127.786903381348,"minY":26.2410659790039},"result":"Uruma, Okinawa, Japan"}