{"bounds":{"maxX":130.706298828125,"maxY":33.821533203125,"minX":130.633193969727,"minY":33.7395324707031},"result":"Kurate, Fukuoka, Japan"}