{"bounds":{"maxX":128.712295532227,"maxY":27.4395332336426,"minX":128.57389831543,"minY":27.3614654541016},"result":"Wadomari, Kagoshima, Japan"}