{"bounds":{"maxX":130.727996826172,"maxY":33.7324676513672,"minX":130.670196533203,"minY":33.6826019287109},"result":"Kotake, Fukuoka, Japan"}