{"bounds":{"maxX":130.498992919922,"maxY":33.6366004943848,"minX":130.441299438477,"minY":33.5928001403809},"result":"Kasuya, Fukuoka, Japan"}