{"bounds":{"maxX":132.014694213867,"maxY":33.1708679199219,"minX":131.782196044922,"minY":33.0288009643555},"result":"Tsukumi, Oita, Japan"}