{"bounds":{"maxX":130.136505126953,"maxY":33.2384643554688,"minX":130.088500976563,"minY":33.1961975097656},"result":"Omachi, Saga, Japan"}