{"bounds":{"maxX":127.712600708008,"maxY":26.1963348388672,"minX":127.644577257796,"minY":26.1497965726122},"result":"Tomigusuku, Okinawa, Japan"}