{"bounds":{"maxX":129.141799926758,"maxY":33.2277984619141,"minX":128.802561386206,"minY":33.1498680114746},"result":"Ojika, Nagasaki, Japan"}