{"bounds":{"maxX":131.572494506836,"maxY":32.2637329101563,"minX":131.437393188477,"minY":32.1549339294434},"result":"Kawaminami, Miyazaki, Japan"}