{"bounds":{"maxX":131.165405273438,"maxY":33.6352653503418,"minX":130.989105224609,"minY":33.507999420166},"result":"Buzen, Fukuoka, Japan"}