{"bounds":{"maxX":130.377304077148,"maxY":32.8666000366211,"minX":130.272003173828,"minY":32.7372665405273},"result":"Shimabara, Nagasaki, Japan"}