{"bounds":{"maxX":131.520202636719,"maxY":33.3539352416992,"minX":131.377395629883,"minY":33.2238655090332},"result":"Beppu, Oita, Japan"}