{"bounds":{"maxX":130.684600830078,"maxY":33.9187316894531,"minX":130.634796142578,"minY":33.8679351806641},"result":"Ashiya, Fukuoka, Japan"}