{"bounds":{"maxX":127.24649810791,"maxY":26.6012668609619,"minX":127.207702636719,"minY":26.5742664337158},"result":"Aguni, Okinawa, Japan"}