{"bounds":{"maxX":127.829597473145,"maxY":26.7384662628174,"minX":127.748001098633,"minY":26.7054004669189},"result":"Ie, Okinawa, Japan"}