{"bounds":{"maxX":130.477508544922,"maxY":33.5488014221191,"minX":130.43310546875,"minY":33.4986000061035},"result":"Kasuga, Fukuoka, Japan"}