{"bounds":{"maxX":130.291107177734,"maxY":33.6398010253906,"minX":130.038696289063,"minY":33.4662666320801},"result":"Itoshima, Fukuoka, Japan"}