{"bounds":{"maxX":130.372207641602,"maxY":32.7501983642578,"minX":130.12809753418,"minY":32.5908012390137},"result":"Minamishimabara, Nagasaki, Japan"}