{"bounds":{"maxX":130.912506103516,"maxY":32.2512664794922,"minX":130.780807495117,"minY":32.1209335327148},"result":"Nishiki, Kumamoto, Japan"}