{"bounds":{"maxX":130.422302246094,"maxY":33.2444686889648,"minX":130.338607788086,"minY":33.1706657409668},"result":"Okawa, Fukuoka, Japan"}