{"bounds":{"maxX":130.041305541992,"maxY":33.0904006958008,"minX":129.875900268555,"minY":32.9830665588379},"result":"Higashisonogi, Nagasaki, Japan"}