{"bounds":{"maxX":130.994201660156,"maxY":32.3261985778809,"minX":130.846603393555,"minY":32.1153984069824},"result":"Asagiri, Kumamoto, Japan"}