{"bounds":{"maxX":130.493896484375,"maxY":32.2897987365723,"minX":130.42399597168,"minY":32.2091331481934},"result":"Tsunagi, Kumamoto, Japan"}