{"bounds":{"maxX":130.969299316406,"maxY":33.0953330993652,"minX":130.727996826172,"minY":32.9014015197754},"result":"Kikuchi, Kumamoto, Japan"}