{"bounds":{"maxX":131.49169921875,"maxY":32.3318672180176,"minX":131.286499023438,"minY":32.1319999694824},"result":"Kijo, Miyazaki, Japan"}