{"bounds":{"maxX":130.224197387695,"maxY":33.0516662597656,"minX":130.0751953125,"minY":32.9505348205566},"result":"Tara, Saga, Japan"}