{"bounds":{"maxX":130.666000366211,"maxY":33.4130020141602,"minX":130.577194213867,"minY":33.3527336120605},"result":"Tachiarai, Fukuoka, Japan"}