{"bounds":{"maxX":131.108108520508,"maxY":32.3585357666016,"minX":130.884399414063,"minY":32.1528015136719},"result":"Taragi, Kumamoto, Japan"}