{"bounds":{"maxX":130.417694091797,"maxY":33.4447326660156,"minX":130.273895263672,"minY":33.2403335571289},"result":"Kanzaki, Saga, Japan"}