{"bounds":{"maxX":131.516799926758,"maxY":32.8371315002441,"minX":131.30419921875,"minY":32.5596008300781},"result":"Hinokage, Miyazaki, Japan"}