{"bounds":{"maxX":129.721099853516,"maxY":28.5298004150391,"minX":129.342498779297,"minY":28.1928672790527},"result":"Amami, Kagoshima, Japan"}