{"bounds":{"maxX":131.234191894531,"maxY":32.8202018737793,"minX":130.88720703125,"minY":32.5490684509277},"result":"Yamato, Kumamoto, Japan"}