{"bounds":{"maxX":130.389801025391,"maxY":32.5526657104492,"minX":129.963195800781,"minY":32.1443328857422},"result":"Amakusa, Kumamoto, Japan"}