{"bounds":{"maxX":130.651107788086,"maxY":32.944465637207,"minX":130.605407714844,"minY":32.8605995178223},"result":"Gyokuto, Kumamoto, Japan"}