{"bounds":{"maxX":127.784400939941,"maxY":26.3451995849609,"minX":127.741401672363,"minY":26.2927341461182},"result":"Chatan, Okinawa, Japan"}