{"bounds":{"maxX":131.280700683594,"maxY":32.3168678283691,"minX":131.041397094727,"minY":32.1279983520508},"result":"Nishimera, Miyazaki, Japan"}