{"bounds":{"maxX":131.542297363281,"maxY":33.3264007568359,"minX":131.256103515625,"minY":33.1052017211914},"result":"Yufu, Oita, Japan"}