{"bounds":{"maxX":131.25309753418,"maxY":31.9443340301514,"minX":130.874603271484,"minY":31.6201324462891},"result":"Miyakonojo, Miyazaki, Japan"}