{"bounds":{"maxX":153.986939,"maxY":45.522785,"minX":122.933198,"minY":24.045416},"result":"Japan"}