{"bounds":{"maxX":37.105838,"maxY":-1.16332899999998,"minX":36.64914,"minY":-1.45213899999999},"result":"Nairobi, Kenya"}