{"bounds":{"maxX":37.494098,"maxY":0.113304000000028,"minX":36.200118,"minY":-1.31798899999995},"result":"Central, Kenya"}