{"bounds":{"maxX":41.57153,"maxY":-0.0128509999999551,"minX":37.59267,"minY":-4.720417},"result":"Coast, Kenya"}