{"bounds":{"maxX":39.45866,"maxY":4.46659900000003,"minX":36.050591,"minY":-3.05852999999996},"result":"Eastern, Kenya"}