{"bounds":{"maxX":41.887524,"maxY":4.28191800000002,"minX":38.660149,"minY":-2.036272},"result":"North-Eastern, Kenya"}