{"bounds":{"maxX":35.342603,"maxY":0.314919000000032,"minX":33.928565,"minY":-1.39015999999998},"result":"Nyanza, Kenya"}