{"bounds":{"maxX":38.07747,"maxY":4.63381900000002,"minX":34.001964,"minY":-3.18843899999996},"result":"Rift Valley, Kenya"}