{"bounds":{"maxX":35.156529,"maxY":1.15179499999999,"minX":33.909586,"minY":-0.0418939999999566},"result":"Western, Kenya"}