{"bounds":{"maxX":41.887524,"maxY":4.63381900000002,"minX":33.909586,"minY":-4.720417},"result":"Kenya"}