{"bounds":{"maxX":72.556633,"maxY":40.33196,"minX":69.276619,"minY":39.38169},"result":"Batken, Kyrgyzstan"}