{"bounds":{"maxX":77.226928,"maxY":43.238236,"minX":73.074708,"minY":41.957512},"result":"Bishkek, Kyrgyzstan"}