{"bounds":{"maxX":73.867881,"maxY":42.222184,"minX":70.178895,"minY":40.811939},"result":"Jalal-Abad, Kyrgyzstan"}