{"bounds":{"maxX":78.241073,"maxY":42.459679,"minX":73.386108,"minY":40.27729},"result":"Naryn, Kyrgyzstan"}