{"bounds":{"maxX":74.908088,"maxY":41.134949,"minX":71.507218,"minY":39.172844},"result":"Osh, Kyrgyzstan"}