{"bounds":{"maxX":73.944091,"maxY":42.83281,"minX":70.871116,"minY":41.420226},"result":"Talas, Kyrgyzstan"}