{"bounds":{"maxX":80.283181,"maxY":42.935708,"minX":75.636932,"minY":41.168751},"result":"Ysyk-Köl, Kyrgyzstan"}