{"bounds":{"maxX":80.283181,"maxY":43.238236,"minX":69.276619,"minY":39.172844},"result":"Kyrgyzstan"}