{"bounds":{"maxX":106.801622,"maxY":13.405681,"minX":105.588242,"minY":11.948851},"result":"Krâchéh, Cambodia"}