{"bounds":{"maxX":107.606589,"maxY":13.41591,"minX":106.339119,"minY":12.061401},"result":"Môndól Kiri, Cambodia"}