{"bounds":{"maxX":103.44587,"maxY":14.248212,"minX":102.335502,"minY":13.355242},"result":"Bântéay Méanchey, Cambodia"}