{"bounds":{"maxX":104.685066,"maxY":14.21067,"minX":103.391907,"minY":12.73325},"result":"Siemréab, Cambodia"}