{"bounds":{"maxX":103.967888,"maxY":10.952452,"minX":103.408928,"minY":10.403141},"result":"Krong Preah Sihanouk, Cambodia"}