{"bounds":{"maxX":104.39412,"maxY":13.058361,"minX":102.70449,"minY":11.841681},"result":"Pousaat, Cambodia"}