{"bounds":{"maxX":104.975159,"maxY":11.67182,"minX":104.782547,"minY":11.429219},"result":"Phnum Pénh, Cambodia"}