{"bounds":{"maxX":105.810417,"maxY":11.86971,"minX":105.10318,"minY":10.859423},"result":"Prey Vêng, Cambodia"}