{"bounds":{"maxX":106.790069,"maxY":14.590971,"minX":105.520973,"minY":13.11162},"result":"Stueng Traeng [Stœng Trêng], Cambodia"}