{"bounds":{"maxX":105.900588,"maxY":14.435201,"minX":104.360207,"minY":13.053461},"result":"Preah Vihéar, Cambodia"}