{"bounds":{"maxX":107.629989,"maxY":14.688171,"minX":106.530892,"minY":13.170372},"result":"Rôtânôkiri, Cambodia"}