{"bounds":{"maxX":106.205131,"maxY":11.59804,"minX":105.579239,"minY":10.78875},"result":"Svay Rieng, Cambodia"}