{"bounds":{"maxX":104.42588,"maxY":10.590502,"minX":104.265349,"minY":10.444792},"result":"Krong Kêb, Cambodia"}