{"bounds":{"maxX":105.098007,"maxY":11.352301,"minX":104.410553,"minY":10.517422},"result":"Takêv, Cambodia"}