{"bounds":{"maxX":104.474221,"maxY":14.438,"minX":103.034415,"minY":13.87387},"result":"Otdâr Méanchey, Cambodia"}