{"bounds":{"maxX":102.75583,"maxY":13.113669,"minX":102.488129,"minY":12.66127},"result":"Krong Pailin, Cambodia"}