{"bounds":{"maxX":103.899329,"maxY":13.47633,"minX":102.346862,"minY":12.36857},"result":"Batdâmbâng, Cambodia"}