{"bounds":{"maxX":106.466637,"maxY":12.500249,"minX":104.820458,"minY":11.59895},"result":"Kâmpóng Cham, Cambodia"}