{"bounds":{"maxX":104.902778,"maxY":12.62858,"minX":104.17234,"minY":11.73329},"result":"Kâmpóng Chhnang, Cambodia"}