{"bounds":{"maxX":104.793151,"maxY":12.07537,"minX":103.7742,"minY":11.077321},"result":"Kâmpóng Spœ, Cambodia"}