{"bounds":{"maxX":105.735549,"maxY":13.44782,"minX":104.185044,"minY":12.187501},"result":"Kâmpóng Thum, Cambodia"}