{"bounds":{"maxX":104.727059,"maxY":11.171351,"minX":103.916329,"minY":10.40596},"result":"Kâmpôt, Cambodia"}