{"bounds":{"maxX":105.29721,"maxY":11.89319,"minX":104.655968,"minY":10.897061},"result":"Kândal, Cambodia"}