{"bounds":{"maxX":104.147536,"maxY":12.114492,"minX":102.77806,"minY":9.91361000000001},"result":"Kaôh Kong, Cambodia"}