{"bounds":{"maxX":107.629989,"maxY":14.688171,"minX":102.335502,"minY":9.91361000000001},"result":"Cambodia"}