{"bounds":{"maxX":176.848693,"maxY":4.69949200000002,"minX":-174.543397,"minY":-17.852113},"result":"Kiribati"}