{"bounds":{"maxX":44.540973,"maxY":-12.068195,"minX":44.198193,"minY":-12.385695},"result":"Anjouan, Comoros"}