{"bounds":{"maxX":43.518197,"maxY":-11.364861,"minX":43.228749,"minY":-11.939862},"result":"Grande Comore, Comoros"}