{"bounds":{"maxX":43.921527,"maxY":-12.248751,"minX":43.622083,"minY":-12.42264},"result":"Mohéli, Comoros"}