{"bounds":{"maxX":44.540973,"maxY":-11.364861,"minX":43.228749,"minY":-12.42264},"result":"Comoros"}