{"bounds":{"maxX":-62.620692,"maxY":17.418193,"minX":-62.8643069999999,"minY":17.212084},"result":"Saint Kitts, Saint Kitts and Nevis"}