{"bounds":{"maxX":-62.539307,"maxY":17.207915,"minX":-62.633471,"minY":17.093471},"result":"Nevis, Saint Kitts and Nevis"}