{"bounds":{"maxX":-62.539307,"maxY":17.418193,"minX":-62.8643069999999,"minY":17.093471},"result":"Saint Kitts and Nevis"}