{"bounds":{"maxX":126.444262,"maxY":38.750698,"minX":124.650139,"minY":37.675976},"result":"Hwanghae-namdo, North Korea"}