{"bounds":{"maxX":126.38806,"maxY":39.277955,"minX":125.522781,"minY":38.701643},"result":"P’yongyang-t’ukpyolsi, North Korea"}