{"bounds":{"maxX":129.159641,"maxY":41.175533,"minX":126.666762,"minY":39.200032},"result":"Hamgyong-namdo, North Korea"}