{"bounds":{"maxX":127.020566,"maxY":39.169904,"minX":125.570192,"minY":37.762161},"result":"Hwanghae-bukto, North Korea"}