{"bounds":{"maxX":128.368745,"maxY":39.424282,"minX":126.673799,"minY":38.159268},"result":"Kangwon-do, North Korea"}