{"bounds":{"maxX":130.433829,"maxY":43.006049,"minX":128.806283,"minY":40.569587},"result":"Hamgyong-bukto, North Korea"}