{"bounds":{"maxX":126.369586,"maxY":40.65113,"minX":124.182358,"minY":39.268196},"result":"P’yongan-bukto, North Korea"}