{"bounds":{"maxX":127.179022,"maxY":40.3379,"minX":125.119858,"minY":38.654716},"result":"P’yongan-namdo, North Korea"}