{"bounds":{"maxX":127.50446,"maxY":41.808521,"minX":125.413918,"minY":39.993319},"result":"Chagang-do, North Korea"}