{"bounds":{"maxX":130.674394,"maxY":42.614774,"minX":130.164007,"minY":42.145142},"result":"Najin Sonbong-si, North Korea"}