{"bounds":{"maxX":129.057722,"maxY":42.097488,"minX":126.916067,"minY":40.411798},"result":"Yanggang-do, North Korea"}