{"bounds":{"maxX":130.674394,"maxY":43.006049,"minX":124.182358,"minY":37.675976},"result":"North Korea"}