{"bounds":{"maxX":127.170888,"maxY":37.664917,"minX":126.769856,"minY":37.415284},"result":"Seoul-T'ukpyolshi, South Korea"}