{"bounds":{"maxX":129.04898,"maxY":37.985421,"minX":124.609582,"minY":35.084583},"result":"Inch'on-Kwangyokshi, South Korea"}