{"bounds":{"maxX":127.031312,"maxY":35.221823,"minX":126.673278,"minY":35.043009},"result":"Kwangju-Kwangyokshi, South Korea"}