{"bounds":{"maxX":128.762849,"maxY":35.968201,"minX":128.392769,"minY":35.565918},"result":"Taegu-Kwangyokshi, South Korea"}