{"bounds":{"maxX":129.324861,"maxY":35.395081,"minX":128.796525,"minY":34.977917},"result":"Pusan-Kwangyokshi, South Korea"}