{"bounds":{"maxX":129.465424,"maxY":35.680055,"minX":129.01532,"minY":35.345696},"result":"Ulsan-Kwangyokshi, South Korea"}