{"bounds":{"maxX":127.529503,"maxY":36.456837,"minX":127.239319,"minY":36.180206},"result":"Taejon-Kwangyokshi, South Korea"}