{"bounds":{"maxX":131.87236,"maxY":37.549584,"minX":127.786284,"minY":35.522523},"result":"Kyongsangbuk-do, South Korea"}