{"bounds":{"maxX":127.648919,"maxY":37.118194,"minX":125.540969,"minY":35.973083},"result":"Chungcheongnamdo, South Korea"}