{"bounds":{"maxX":127.905137,"maxY":35.463968,"minX":125.081803,"minY":33.728196},"result":"Jeonranamdo, South Korea"}