{"bounds":{"maxX":127.918793,"maxY":36.159699,"minX":126.071251,"minY":35.269692},"result":"Jeonrabugdo, South Korea"}