{"bounds":{"maxX":126.973472,"maxY":33.56625,"minX":126.143196,"minY":33.112084},"result":"Jejudo, South Korea"}