{"bounds":{"maxX":128.644682,"maxY":37.214202,"minX":127.240906,"minY":35.991699},"result":"Chungcheongbugdo, South Korea"}