{"bounds":{"maxX":129.246472,"maxY":35.871985,"minX":127.610335,"minY":34.534862},"result":"Kyongsangnam-do, South Korea"}