{"bounds":{"maxX":129.357085,"maxY":38.612151,"minX":126.985034,"minY":37.008483},"result":"Kang-won-do, South Korea"}