{"bounds":{"maxX":127.827881,"maxY":38.222148,"minX":126.506249,"minY":36.852905},"result":"Kyonggi-do, South Korea"}