{"bounds":{"maxX":131.87236,"maxY":38.612151,"minX":124.609582,"minY":33.112084},"result":"South Korea"}