{"bounds":{"maxX":48.654027,"maxY":29.26625,"minX":47.474273,"minY":28.524615},"result":"Al Ahmadi, Kuwait"}