{"bounds":{"maxX":48.034569,"maxY":29.330351,"minX":47.84169,"minY":29.18504},"result":"Al Farwaniyah, Kuwait"}