{"bounds":{"maxX":48.107365,"maxY":29.370696,"minX":47.979699,"minY":29.208732},"result":"Hawalli, Kuwait"}