{"bounds":{"maxX":48.443195,"maxY":30.084439,"minX":46.550617,"minY":28.991124},"result":"Al Jahrah, Kuwait"}