{"bounds":{"maxX":48.010823,"maxY":29.393474,"minX":47.859554,"minY":29.309959},"result":"Al Kuwayt, Kuwait"}