{"bounds":{"maxX":48.654027,"maxY":30.084439,"minX":46.550617,"minY":28.524615},"result":"Kuwait"}