{"bounds":{"maxX":-81.251525,"maxY":19.282398,"minX":-81.3065579999999,"minY":19.262638},"result":"Bodden Town, Cayman Islands"}