{"bounds":{"maxX":-79.72264,"maxY":19.757361,"minX":-79.8945849999999,"minY":19.680696},"result":"Cayman Brac, Cayman Islands"}