{"bounds":{"maxX":-81.0845879999999,"maxY":19.355139,"minX":-81.174584,"minY":19.292085},"result":"East End, Cayman Islands"}