{"bounds":{"maxX":-81.3104779999999,"maxY":19.326805,"minX":-81.393197,"minY":19.265138},"result":"George Town, Cayman Islands"}