{"bounds":{"maxX":-81.170021,"maxY":19.372638,"minX":-81.3167339999999,"minY":19.269861},"result":"North Side, Cayman Islands"}