{"bounds":{"maxX":-79.959306,"maxY":19.71375,"minX":-80.110695,"minY":19.655137},"result":"Little Cayman, Cayman Islands"}