{"bounds":{"maxX":-81.36097,"maxY":19.396804,"minX":-81.420136,"minY":19.326689},"result":"West Bay, Cayman Islands"}