{"bounds":{"maxX":-79.72264,"maxY":19.757361,"minX":-81.420136,"minY":19.262638},"result":"Cayman Islands"}