{"bounds":{"maxX":64.24517,"maxY":51.312851,"minX":53.663852,"minY":45.16512},"result":"Aqtöbe oblysy, Kazakhstan"}