{"bounds":{"maxX":77.057953,"maxY":43.407539,"minX":76.821326,"minY":43.15533},"result":"Almaty, Kazakhstan"}