{"bounds":{"maxX":74.280051,"maxY":53.68932,"minX":65.400521,"minY":49.981975},"result":"Aqmola oblysy, Kazakhstan"}