{"bounds":{"maxX":82.630859,"maxY":47.330894,"minX":73.803963,"minY":42.20205},"result":"Almaty oblysy, Kazakhstan"}