{"bounds":{"maxX":56.473201,"maxY":49.184506,"minX":47.016563,"minY":45.732898},"result":"Atyrau oblysy, Kazakhstan"}