{"bounds":{"maxX":77.732864,"maxY":51.288795,"minX":62.566247,"minY":45.935589},"result":"Qaraghandy oblysy, Kazakhstan"}