{"bounds":{"maxX":68.255692,"maxY":47.814786,"minX":59.017822,"minY":42.346278},"result":"Qyzylorda oblysy, Kazakhstan"}