{"bounds":{"maxX":68.283554,"maxY":54.712581,"minX":60.052909,"minY":48.151218},"result":"Qostanay oblysy, Kazakhstan"}