{"bounds":{"maxX":56.707131,"maxY":46.502141,"minX":49.99394,"minY":41.240136},"result":"Mangghystau oblysy, Kazakhstan"}