{"bounds":{"maxX":79.351014,"maxY":54.457917,"minX":73.439857,"minY":49.995529},"result":"Pavlodar oblysy, Kazakhstan"}