{"bounds":{"maxX":74.047798,"maxY":55.431812,"minX":65.996948,"minY":52.182316},"result":"Soltüstik Qazaqstan oblysy, Kazakhstan"}