{"bounds":{"maxX":87.31266,"maxY":51.692245,"minX":76.589996,"minY":45.522285},"result":"Shyghys Qazaqstan oblysy, Kazakhstan"}