{"bounds":{"maxX":70.939659,"maxY":45.957719,"minX":66.006905,"minY":40.551673},"result":"Ongtüstik Qazaqstan oblysy, Kazakhstan"}