{"bounds":{"maxX":54.580894,"maxY":51.766598,"minX":46.491856,"minY":47.920497},"result":"Batys Qazaqstan oblysy, Kazakhstan"}