{"bounds":{"maxX":75.813805,"maxY":45.968998,"minX":69.170792,"minY":42.339099},"result":"Zhambyl oblysy, Kazakhstan"}