{"bounds":{"maxX":87.31266,"maxY":55.431812,"minX":46.491856,"minY":40.551673},"result":"Kazakhstan"}