{"bounds":{"maxX":107.591036,"maxY":15.280839,"minX":106.166969,"minY":14.285512},"result":"Attapu [Attopeu], Laos"}