{"bounds":{"maxX":105.259079,"maxY":19.121799,"minX":102.821716,"minY":17.853374},"result":"Bolikhamxai [Borikhane], Laos"}