{"bounds":{"maxX":101.24865,"maxY":20.837791,"minX":100.086768,"minY":19.777063},"result":"Bokèo, Laos"}