{"bounds":{"maxX":106.822853,"maxY":15.463133,"minX":105.207252,"minY":13.9076},"result":"Champasak [Champassak], Laos"}