{"bounds":{"maxX":104.993029,"maxY":20.976697,"minX":103.109833,"minY":19.610319},"result":"Houaphan, Laos"}