{"bounds":{"maxX":106.425453,"maxY":18.268496,"minX":104.279083,"minY":16.902718},"result":"Khammouan, Laos"}