{"bounds":{"maxX":101.780205,"maxY":21.56448,"minX":100.514771,"minY":20.296741},"result":"Louang Namtha, Laos"}