{"bounds":{"maxX":103.388631,"maxY":21.145617,"minX":101.713745,"minY":19.054893},"result":"Louangphabang [Louang Prabang], Laos"}