{"bounds":{"maxX":102.355682,"maxY":21.212029,"minX":100.7295,"minY":19.806122},"result":"Oudômxai [Oudomsai], Laos"}