{"bounds":{"maxX":102.996627,"maxY":22.500401,"minX":101.546958,"minY":20.854063},"result":"Phôngsali [Phong Saly], Laos"}