{"bounds":{"maxX":106.795799,"maxY":17.116726,"minX":104.729812,"minY":15.87757},"result":"Savannakhét, Laos"}