{"bounds":{"maxX":107.155755,"maxY":16.54965,"minX":105.344803,"minY":15.288281},"result":"Salavan [Saravane], Laos"}