{"bounds":{"maxX":102.911888,"maxY":19.408728,"minX":101.399834,"minY":17.808634},"result":"Vientiane, Laos"}