{"bounds":{"maxX":103.099922,"maxY":18.434574,"minX":102.035217,"minY":17.80135},"result":"Vientiane Prefecture, Laos"}