{"bounds":{"maxX":101.895195,"maxY":19.918186,"minX":100.405556,"minY":17.465231},"result":"Xaignabouli [Sayaboury], Laos"}