{"bounds":{"maxX":107.634547,"maxY":16.211651,"minX":106.29921,"minY":15.025409},"result":"Xékong [Sékong], Laos"}