{"bounds":{"maxX":104.264107,"maxY":20.031126,"minX":102.659256,"minY":18.81163},"result":"Xiangkhoang [Xieng Khouang], Laos"}