{"bounds":{"maxX":103.891548,"maxY":19.311995,"minX":102.516701,"minY":18.483644},"result":"Xaisômboun, Laos"}