{"bounds":{"maxX":107.634547,"maxY":22.500401,"minX":100.086768,"minY":13.9076},"result":"Laos"}