{"bounds":{"maxX":36.473061,"maxY":34.691407,"minX":35.649308,"minY":34.151138},"result":"Ash Shimal, Lebanon"}