{"bounds":{"maxX":36.639191,"maxY":34.506127,"minX":35.623333,"minY":33.40609},"result":"Béqaa, Lebanon"}