{"bounds":{"maxX":35.533943,"maxY":33.909861,"minX":35.466804,"minY":33.869033},"result":"Bayrut, Lebanon"}