{"bounds":{"maxX":36.009598,"maxY":34.214441,"minX":35.386902,"minY":33.523639},"result":"Mont-Liban, Lebanon"}