{"bounds":{"maxX":35.643638,"maxY":33.595031,"minX":35.103473,"minY":33.087501},"result":"Al Janub, Lebanon"}