{"bounds":{"maxX":35.848625,"maxY":33.499375,"minX":35.29993,"minY":33.053857},"result":"Nabatîyé, Lebanon"}