{"bounds":{"maxX":36.639191,"maxY":34.691407,"minX":35.103473,"minY":33.053857},"result":"Lebanon"}