{"bounds":{"maxX":-60.8736490094435,"maxY":13.9711182925719,"minX":-60.9721312103848,"minY":13.8760514594204},"result":"Dennery, Saint Lucia"}