{"bounds":{"maxX":-60.8731504638755,"maxY":14.1104660615902,"minX":-60.976690946645,"minY":13.9620321305363},"result":"Gros Islet, Saint Lucia"}