{"bounds":{"maxX":-60.9377170959191,"maxY":14.0386619645029,"minX":-61.0326608539101,"minY":13.8667610376071},"result":"Castries, Saint Lucia"}