{"bounds":{"maxX":-60.9838751753278,"maxY":13.9606736167496,"minX":-61.0551145515735,"minY":13.8689100664144},"result":"Anse la Raye, Saint Lucia"}