{"bounds":{"maxX":-60.8768554092007,"maxY":13.8930781565895,"minX":-60.9970292112358,"minY":13.7605631179019},"result":"Micoud, Saint Lucia"}