{"bounds":{"maxX":-60.9797817123255,"maxY":13.8442700414782,"minX":-61.038324610061,"minY":13.7350329406497},"result":"Laborie, Saint Lucia"}