{"bounds":{"maxX":-60.9992980726244,"maxY":13.8446071872385,"minX":-61.0689038068878,"minY":13.7595381417935},"result":"Choiseul, Saint Lucia"}