{"bounds":{"maxX":-60.9810509934159,"maxY":13.9051249488084,"minX":-61.0798777788559,"minY":13.7989700747358},"result":"Soufrière, Saint Lucia"}