{"bounds":{"maxX":-60.9999858396484,"maxY":13.9347037620794,"minX":-61.0690231208969,"minY":13.8553621319466},"result":"Canaries, Saint Lucia"}