{"bounds":{"maxX":-60.925200990139,"maxY":13.8383109016113,"minX":-61.0003612679527,"minY":13.7074164320078},"result":"Vieux Fort, Saint Lucia"}