{"bounds":{"maxX":-60.869863,"maxY":14.110417,"minX":-61.08014,"minY":13.707083},"result":"Saint Lucia"}