{"bounds":{"maxX":9.55878200000001,"maxY":47.273476,"minX":9.513217,"minY":47.229149},"result":"Ruggell, Liechtenstein"}