{"bounds":{"maxX":9.59178700000001,"maxY":47.19524,"minX":9.527402,"minY":47.157982},"result":"Planken, Liechtenstein"}