{"bounds":{"maxX":9.58710500000001,"maxY":47.234432,"minX":9.53196100000002,"minY":47.195961},"result":"Mauren, Liechtenstein"}