{"bounds":{"maxX":9.62546400000002,"maxY":47.196236,"minX":9.487146,"minY":47.061913},"result":"Schaan, Liechtenstein"}