{"bounds":{"maxX":9.63511199999999,"maxY":47.164249,"minX":9.47303200000005,"minY":47.053628},"result":"Balzers, Liechtenstein"}