{"bounds":{"maxX":9.60593600000004,"maxY":47.127563,"minX":9.51395100000002,"minY":47.052581},"result":"Triesen, Liechtenstein"}