{"bounds":{"maxX":9.56437300000005,"maxY":47.236546,"minX":9.49636800000002,"minY":47.193104},"result":"Gamprin, Liechtenstein"}