{"bounds":{"maxX":9.57075200000003,"maxY":47.254078,"minX":9.53158200000001,"minY":47.227291},"result":"Schellenberg, Liechtenstein"}