{"bounds":{"maxX":9.580581,"maxY":47.231354,"minX":9.48953900000004,"minY":47.189507},"result":"Eschen, Liechtenstein"}