{"bounds":{"maxX":9.637494,"maxY":47.168453,"minX":9.53200900000002,"minY":47.079575},"result":"Triesenberg, Liechtenstein"}