{"bounds":{"maxX":9.61170600000003,"maxY":47.196255,"minX":9.49731400000002,"minY":47.089127},"result":"Vaduz, Liechtenstein"}