{"bounds":{"maxX":9.637494,"maxY":47.273476,"minX":9.47303200000005,"minY":47.052581},"result":"Liechtenstein"}