{"bounds":{"maxX":80.1112213134766,"maxY":6.63702201843273,"minX":79.9787292480469,"minY":6.48182916641235},"result":"Dodangoda, Kalutara, Sri Lanka"}