{"bounds":{"maxX":79.9573287963867,"maxY":6.77631378173839,"minX":79.8860168457032,"minY":6.64819383621222},"result":"Panadura, Kalutara, Sri Lanka"}