{"bounds":{"maxX":79.9421310424805,"maxY":7.00328397750849,"minX":79.8775482177734,"minY":6.94598579406738},"result":"Kelaniya, Gampaha, Sri Lanka"}