{"bounds":{"maxX":80.0451507568361,"maxY":6.94624185562139,"minX":79.9034881591796,"minY":6.85514497756958},"result":"Kaduwela, Colombo, Sri Lanka"}