{"bounds":{"maxX":80.0598297119142,"maxY":7.1178150177002,"minX":79.9199066162109,"minY":7.01429891586298},"result":"Gampaha, Gampaha, Sri Lanka"}