{"bounds":{"maxX":79.8896026611328,"maxY":6.92940282821661,"minX":79.8473587036134,"minY":6.86277103424072},"result":"Thimbirigasyaya, Colombo, Sri Lanka"}