{"bounds":{"maxX":80.0489807128907,"maxY":7.21707820892345,"minX":79.9137878417968,"minY":7.09315204620367},"result":"Minuwangoda, Gampaha, Sri Lanka"}