{"bounds":{"maxX":80.2084350585939,"maxY":7.33059978485113,"minX":79.8170852661132,"minY":6.90704298019421},"result":"Gampaha, Sri Lanka"}