{"bounds":{"maxX":80.381935119629,"maxY":6.62213706970226,"minX":80.1667404174805,"minY":6.39545679092407},"result":"Palindanuwara, Kalutara, Sri Lanka"}