{"bounds":{"maxX":79.9202041625977,"maxY":6.92511177063,"minX":79.8795318603516,"minY":6.8556799888612},"result":"Sri Jayawardanapura Kotte, Colombo, Sri Lanka"}