{"bounds":{"maxX":80.0404434204102,"maxY":7.00843000411993,"minX":79.9268493652344,"minY":6.9353199005127},"result":"Biyagama, Gampaha, Sri Lanka"}