{"bounds":{"maxX":80.1829605102539,"maxY":7.07005977630615,"minX":80.0140609741212,"minY":6.90704298019421},"result":"Dompe, Gampaha, Sri Lanka"}