{"bounds":{"maxX":80.1986236572266,"maxY":7.33059978485113,"minX":80.0327911376954,"minY":7.13442993164068},"result":"Mirigama, Gampaha, Sri Lanka"}