{"bounds":{"maxX":79.9084320068361,"maxY":6.81895017623907,"minX":79.8695755004883,"minY":6.7137880325318},"result":"Moratuwa, Colombo, Sri Lanka"}