{"bounds":{"maxX":80.2057418823243,"maxY":6.82491588592535,"minX":80.0984802246094,"minY":6.69904422760021},"result":"Ingiriya, Kalutara, Sri Lanka"}