{"bounds":{"maxX":80.1135406494141,"maxY":6.81722688674932,"minX":79.9706497192383,"minY":6.69277715682995},"result":"Horana, Kalutara, Sri Lanka"}