{"bounds":{"maxX":79.9698638916015,"maxY":6.861252784729,"minX":79.8844528198242,"minY":6.74723196029674},"result":"Kesbewa, Colombo, Sri Lanka"}