{"bounds":{"maxX":80.2235717773438,"maxY":6.97936677932745,"minX":80.062843322754,"minY":6.8574562072755},"result":"Hanwella, Colombo, Sri Lanka"}