{"bounds":{"maxX":79.8674240112306,"maxY":7.27716493606579,"minX":79.8170852661132,"minY":7.11227178573608},"result":"Negombo, Gampaha, Sri Lanka"}