{"bounds":{"maxX":79.9920501708984,"maxY":6.88748121261597,"minX":79.8869094848633,"minY":6.82719278335577},"result":"Maharagama, Colombo, Sri Lanka"}