{"bounds":{"maxX":80.2084350585939,"maxY":7.17043590545666,"minX":80.0058364868165,"minY":7.05658388137817},"result":"Attanagalla, Gampaha, Sri Lanka"}