{"bounds":{"maxX":80.0411376953126,"maxY":6.55801820755011,"minX":79.9676361083984,"minY":6.42612504959112},"result":"Beruwala, Kalutara, Sri Lanka"}