{"bounds":{"maxX":80.3021240234374,"maxY":6.47127199172979,"minX":80.0607910156251,"minY":6.32492208480841},"result":"Walallawita, Kalutara, Sri Lanka"}