{"bounds":{"maxX":79.898895263672,"maxY":6.8741822242738,"minX":79.8593063354493,"minY":6.804114818573},"result":"Dehiwala-Mount Lavinia, Colombo, Sri Lanka"}