{"bounds":{"maxX":80.2600402832032,"maxY":6.72675895690924,"minX":80.0889892578126,"minY":6.56492185592663},"result":"Bulathsinhala, Kalutara, Sri Lanka"}