{"bounds":{"maxX":80.0736846923828,"maxY":6.7222437858581,"minX":79.9828948974609,"minY":6.58839178085333},"result":"Millaniya, Kalutara, Sri Lanka"}