{"bounds":{"maxX":79.883773803711,"maxY":6.97922277450567,"minX":79.8398590087891,"minY":6.9102520942688},"result":"Colombo, Colombo, Sri Lanka"}