{"bounds":{"maxX":80.0809478759766,"maxY":6.91441583633423,"minX":79.9514083862305,"minY":6.75802612304688},"result":"Homagama, Colombo, Sri Lanka"}