{"bounds":{"maxX":79.9356842041017,"maxY":7.11651420593273,"minX":79.8420867919922,"minY":6.97042989730829},"result":"Wattala, Gampaha, Sri Lanka"}