{"bounds":{"maxX":79.9588165283203,"maxY":6.96030616760254,"minX":79.8739624023438,"minY":6.91116094589245},"result":"Kolonnawa, Colombo, Sri Lanka"}