{"bounds":{"maxX":80.2346649169922,"maxY":6.58071613311779,"minX":80.1152114868164,"minY":6.43614387512207},"result":"Agalawatta, Kalutara, Sri Lanka"}