{"bounds":{"maxX":80.381935119629,"maxY":6.82491588592535,"minX":79.8860168457032,"minY":6.32492208480841},"result":"Kalutara, Sri Lanka"}