{"bounds":{"maxX":80.2235717773438,"maxY":6.97936677932745,"minX":79.8398590087891,"minY":6.7137880325318},"result":"Colombo, Sri Lanka"}