{"bounds":{"maxX":79.9530334472657,"maxY":7.12761116027838,"minX":79.8552398681641,"minY":7.02123403549194},"result":"Ja-Ela, Gampaha, Sri Lanka"}