{"bounds":{"maxX":80.1565933227538,"maxY":6.57804679870617,"minX":80.0250930786133,"minY":6.40828800201416},"result":"Mathugama, Kalutara, Sri Lanka"}