{"bounds":{"maxX":80.0252990722657,"maxY":6.76260185241699,"minX":79.9199600219727,"minY":6.68396282196051},"result":"Bandaragama, Kalutara, Sri Lanka"}