{"bounds":{"maxX":80.0922775268556,"maxY":7.08573198318487,"minX":79.9069595336914,"minY":6.98847913742077},"result":"Mahara, Gampaha, Sri Lanka"}