{"bounds":{"maxX":80.0114898681641,"maxY":6.69522380828863,"minX":79.9320831298829,"minY":6.54375982284552},"result":"Kalutara, Kalutara, Sri Lanka"}