{"bounds":{"maxX":80.140251159668,"maxY":6.72577381134033,"minX":80.0545120239259,"minY":6.5779328346253},"result":"Madurawala, Kalutara, Sri Lanka"}