{"bounds":{"maxX":79.9426879882813,"maxY":7.28337621688843,"minX":79.8535156249999,"minY":7.10814189910889},"result":"Katana, Gampaha, Sri Lanka"}