{"bounds":{"maxX":80.1165466308594,"maxY":7.3192448616029,"minX":79.9054641723633,"minY":7.19242477416992},"result":"Divulapitiya, Gampaha, Sri Lanka"}