{"bounds":{"maxX":80.2026214599609,"maxY":6.88637590408331,"minX":80.0415115356446,"minY":6.770586013794},"result":"Padukka, Colombo, Sri Lanka"}