{"bounds":{"maxX":80.6027755737305,"maxY":7.09307289123541,"minX":80.4603042602539,"minY":6.93877077102667},"result":"Pasbage Korale, Kandy, Sri Lanka"}