{"bounds":{"maxX":80.9663848876954,"maxY":7.20242786407476,"minX":80.7928314208986,"minY":6.97373485565191},"result":"Walapane, Nuwara, Sri Lanka"}