{"bounds":{"maxX":80.6583862304689,"maxY":7.42926120758057,"minX":80.586784362793,"minY":7.34824895858765},"result":"Akurana, Kandy, Sri Lanka"}