{"bounds":{"maxX":80.5793380737305,"maxY":7.1600022315979,"minX":80.4452590942383,"minY":7.05244684219372},"result":"Ganga Ihala Korale, Kandy, Sri Lanka"}