{"bounds":{"maxX":80.7578887939454,"maxY":7.11117982864386,"minX":80.5391693115236,"minY":6.964430809021},"result":"Kothmale, Nuwara, Sri Lanka"}