{"bounds":{"maxX":80.7558822631835,"maxY":7.36269378662109,"minX":80.6438522338868,"minY":7.25050783157343},"result":"Kundasale, Kandy, Sri Lanka"}