{"bounds":{"maxX":80.8593063354492,"maxY":7.39630508422846,"minX":80.7345504760742,"minY":7.19021177291864},"result":"Medadumbara, Kandy, Sri Lanka"}