{"bounds":{"maxX":80.9946823120117,"maxY":8.01235103607183,"minX":80.4943771362304,"minY":7.38403177261364},"result":"Matale, Sri Lanka"}