{"bounds":{"maxX":80.573699951172,"maxY":7.41433477401745,"minX":80.4580612182618,"minY":7.33003377914429},"result":"Thumpane, Kandy, Sri Lanka"}