{"bounds":{"maxX":80.6666793823242,"maxY":7.64175176620483,"minX":80.592414855957,"minY":7.44296598434448},"result":"Matale, Matale, Sri Lanka"}