{"bounds":{"maxX":80.8106307983398,"maxY":7.47476577758789,"minX":80.6872100830078,"minY":7.34714794158941},"result":"Panvila, Kandy, Sri Lanka"}