{"bounds":{"maxX":80.7744522094727,"maxY":7.03735494613659,"minX":80.4321060180665,"minY":6.75122308731085},"result":"Ambagamuwa, Nuwara, Sri Lanka"}