{"bounds":{"maxX":80.6486206054688,"maxY":7.71097993850708,"minX":80.5448303222657,"minY":7.59183406829845},"result":"Pallepola, Matale, Sri Lanka"}