{"bounds":{"maxX":80.6102905273439,"maxY":7.45782804489136,"minX":80.5158920288087,"minY":7.36189889907848},"result":"Poojapitiya, Kandy, Sri Lanka"}