{"bounds":{"maxX":80.9508666992188,"maxY":7.47476577758789,"minX":80.7828369140625,"minY":7.18077087402349},"result":"Udadumbara, Kandy, Sri Lanka"}