{"bounds":{"maxX":80.8533325195314,"maxY":8.01235103607183,"minX":80.6070709228517,"minY":7.73776483535778},"result":"Dambulla, Matale, Sri Lanka"}