{"bounds":{"maxX":80.8634185791017,"maxY":7.02293920516979,"minX":80.5768280029297,"minY":6.77388381958019},"result":"Nuwara Eliya, Nuwara, Sri Lanka"}