{"bounds":{"maxX":80.90975189209,"maxY":7.701084136963,"minX":80.7088241577148,"minY":7.42776823043829},"result":"Laggala-Pallegama, Matale, Sri Lanka"}