{"bounds":{"maxX":80.7145004272461,"maxY":7.33144712448126,"minX":80.5922164916993,"minY":7.21570777893072},"result":"K.F.G. & G. Korale, Kandy, Sri Lanka"}