{"bounds":{"maxX":80.6035308837891,"maxY":7.26470088958746,"minX":80.5104522705078,"minY":7.17921495437633},"result":"Udunuwara, Kandy, Sri Lanka"}