{"bounds":{"maxX":80.710792541504,"maxY":7.23798179626471,"minX":80.5764312744141,"minY":7.09175109863293},"result":"Doluwa, Kandy, Sri Lanka"}