{"bounds":{"maxX":80.5494689941407,"maxY":7.37330389022839,"minX":80.4218978881835,"minY":7.2960867881776},"result":"Hatharaliyadda, Kandy, Sri Lanka"}