{"bounds":{"maxX":80.7121429443361,"maxY":7.49080181121832,"minX":80.5634841918945,"minY":7.38403177261364},"result":"Ukuwela, Matale, Sri Lanka"}