{"bounds":{"maxX":80.9946823120117,"maxY":7.72169494628912,"minX":80.8742675781251,"minY":7.45858192443859},"result":"Wilgamuwa, Matale, Sri Lanka"}