{"bounds":{"maxX":80.8465118408203,"maxY":7.27393102645885,"minX":80.6972427368165,"minY":6.99895286560064},"result":"Hanguranketha, Nuwara, Sri Lanka"}