{"bounds":{"maxX":80.7561721801758,"maxY":7.230306148529,"minX":80.6353988647461,"minY":7.12894201278692},"result":"Delthota, Kandy, Sri Lanka"}