{"bounds":{"maxX":80.6068191528321,"maxY":7.318290233612,"minX":80.4701080322267,"minY":7.2452068328858},"result":"Yatinuwara, Kandy, Sri Lanka"}