{"bounds":{"maxX":80.6255416870118,"maxY":7.37380313873297,"minX":80.5396575927735,"minY":7.27519416809082},"result":"Harispattuwa, Kandy, Sri Lanka"}