{"bounds":{"maxX":80.7404098510743,"maxY":7.5505199432373,"minX":80.6327285766602,"minY":7.42018318176275},"result":"Rattota, Matale, Sri Lanka"}