{"bounds":{"maxX":80.7937545776368,"maxY":7.80843877792358,"minX":80.6156158447266,"minY":7.59611415863037},"result":"Naula, Matale, Sri Lanka"}