{"bounds":{"maxX":80.9663848876954,"maxY":7.27393102645885,"minX":80.4321060180665,"minY":6.75122308731085},"result":"Nuwara, Sri Lanka"}