{"bounds":{"maxX":80.7150039672853,"maxY":7.61471223831182,"minX":80.6403579711914,"minY":7.51174116134644},"result":"Ambanganga Korale, Matale, Sri Lanka"}