{"bounds":{"maxX":80.6410827636719,"maxY":7.86867618560785,"minX":80.4943771362304,"minY":7.66862010955822},"result":"Galewela, Matale, Sri Lanka"}