{"bounds":{"maxX":80.6986846923828,"maxY":7.38769197463989,"minX":80.6149444580078,"minY":7.30803394317627},"result":"Pathadumbara, Kandy, Sri Lanka"}