{"bounds":{"maxX":81.0165252685547,"maxY":7.48986577987682,"minX":80.8644943237305,"minY":7.1959052085877},"result":"Minipe, Kandy, Sri Lanka"}