{"bounds":{"maxX":80.7711791992188,"maxY":7.26795816421509,"minX":80.6265716552734,"minY":7.18382787704468},"result":"Pathahewaheta, Kandy, Sri Lanka"}