{"bounds":{"maxX":80.6662216186525,"maxY":7.21992921829235,"minX":80.5288314819337,"minY":7.07436323165894},"result":"Udapalatha, Kandy, Sri Lanka"}