{"bounds":{"maxX":81.0165252685547,"maxY":7.48986577987682,"minX":80.4218978881835,"minY":6.93877077102667},"result":"Kandy, Sri Lanka"}