{"bounds":{"maxX":80.6389312744142,"maxY":7.60418510437017,"minX":80.5516052246093,"minY":7.48192691802979},"result":"Yatawatta, Matale, Sri Lanka"}