{"bounds":{"maxX":80.4388809204101,"maxY":6.1646871566773,"minX":80.2792663574219,"minY":6.05133199691772},"result":"Yakkalamulla, Galle, Sri Lanka"}