{"bounds":{"maxX":81.7059707641602,"maxY":6.57884883880627,"minX":80.608268737793,"minY":5.97180604934704},"result":"Hambantota, Sri Lanka"}