{"bounds":{"maxX":80.7240905761719,"maxY":6.02737617492676,"minX":80.6314163208008,"minY":5.94430589675903},"result":"Dickwella, Matara, Sri Lanka"}