{"bounds":{"maxX":80.4995880126953,"maxY":6.22674083709717,"minX":80.3825302124024,"minY":6.04247093200695},"result":"Akuressa, Matara, Sri Lanka"}