{"bounds":{"maxX":80.2512817382813,"maxY":6.11549711227423,"minX":80.1834030151368,"minY":6.05712985992432},"result":"Bope-Poddala, Galle, Sri Lanka"}