{"bounds":{"maxX":80.50927734375,"maxY":6.01825714111334,"minX":80.3818206787111,"minY":5.93680620193493},"result":"Weligama, Matara, Sri Lanka"}