{"bounds":{"maxX":81.2434387207031,"maxY":6.42426013946539,"minX":81.046859741211,"minY":6.18593311309809},"result":"Lunugamvehera, Hambantota, Sri Lanka"}