{"bounds":{"maxX":80.7400283813478,"maxY":6.16600179672247,"minX":80.6464614868164,"minY":6.09545803070074},"result":"Okewela, Hambantota, Sri Lanka"}