{"bounds":{"maxX":80.2469863891603,"maxY":6.36681509017944,"minX":80.1260757446288,"minY":6.20335006713873},"result":"Elpitiya, Galle, Sri Lanka"}