{"bounds":{"maxX":80.6199798583985,"maxY":6.10438823699963,"minX":80.5086364746095,"minY":6.02494716644298},"result":"Kamburupitiya, Matara, Sri Lanka"}