{"bounds":{"maxX":80.1391906738282,"maxY":6.43955278396618,"minX":79.9890289306641,"minY":6.33121013641369},"result":"Bentota, Galle, Sri Lanka"}