{"bounds":{"maxX":80.24853515625,"maxY":6.25667095184326,"minX":80.1348037719728,"minY":6.16926622390758},"result":"Welivitiya-Divithura, Galle, Sri Lanka"}