{"bounds":{"maxX":80.6207427978516,"maxY":6.39754009246838,"minX":80.4604568481445,"minY":6.23021221160894},"result":"Kotapola, Matara, Sri Lanka"}