{"bounds":{"maxX":80.3068161010743,"maxY":6.19117784500128,"minX":80.1458969116212,"minY":6.0835108757019},"result":"Baddegama, Galle, Sri Lanka"}