{"bounds":{"maxX":80.9182586669922,"maxY":6.27224588394176,"minX":80.7793502807617,"minY":6.12005519866949},"result":"Angunakolapelessa, Hambantota, Sri Lanka"}