{"bounds":{"maxX":80.4957427978516,"maxY":6.43955278396618,"minX":79.9890289306641,"minY":5.96486186981201},"result":"Galle, Sri Lanka"}