{"bounds":{"maxX":80.5455322265625,"maxY":6.18250322341919,"minX":80.4766082763673,"minY":6.05304622650146},"result":"Athuraliya, Matara, Sri Lanka"}