{"bounds":{"maxX":80.3037643432618,"maxY":6.38014316558849,"minX":80.2071914672852,"minY":6.20378780364996},"result":"Niyagama, Galle, Sri Lanka"}