{"bounds":{"maxX":80.8051528930664,"maxY":6.30826616287237,"minX":80.608268737793,"minY":6.16914701461803},"result":"Katuwana, Hambantota, Sri Lanka"}