{"bounds":{"maxX":80.5536193847657,"maxY":6.33373498916637,"minX":80.3773880004883,"minY":6.15908479690563},"result":"Pitabeddara, Matara, Sri Lanka"}