{"bounds":{"maxX":80.6623764038087,"maxY":6.20663213729853,"minX":80.5295104980469,"minY":6.09472513198853},"result":"Mulatiyana, Matara, Sri Lanka"}