{"bounds":{"maxX":80.4876251220704,"maxY":6.0707798004151,"minX":80.3886260986329,"minY":5.97477388381964},"result":"Welipitiya, Matara, Sri Lanka"}