{"bounds":{"maxX":81.0379333496095,"maxY":6.25369882583624,"minX":80.8927383422852,"minY":6.07541608810436},"result":"Ambalantota, Hambantota, Sri Lanka"}