{"bounds":{"maxX":80.6752853393555,"maxY":6.35401010513311,"minX":80.541976928711,"minY":6.1867609024049},"result":"Pasgoda, Matara, Sri Lanka"}