{"bounds":{"maxX":80.9340286254882,"maxY":6.13662576675426,"minX":80.7126541137696,"minY":5.97180604934704},"result":"Tangalle, Hambantota, Sri Lanka"}