{"bounds":{"maxX":80.6109924316407,"maxY":6.0447039604187,"minX":80.5095367431641,"minY":5.9669771194458},"result":"Thihagoda, Matara, Sri Lanka"}