{"bounds":{"maxX":80.1509170532227,"maxY":6.36997079849243,"minX":80.0607986450196,"minY":6.24394178390503},"result":"Karandeniya, Galle, Sri Lanka"}