{"bounds":{"maxX":80.527931213379,"maxY":6.06669807434082,"minX":80.4644393920898,"minY":5.97118616104137},"result":"Malimbada, Matara, Sri Lanka"}