{"bounds":{"maxX":80.4232864379883,"maxY":6.07159805297863,"minX":80.2963638305665,"minY":5.99162578582769},"result":"Imaduwa, Galle, Sri Lanka"}