{"bounds":{"maxX":80.6499938964845,"maxY":6.02932310104376,"minX":80.5795822143556,"minY":5.91847181320202},"result":"Devinuwara, Matara, Sri Lanka"}