{"bounds":{"maxX":81.080940246582,"maxY":6.40284490585339,"minX":80.9199142456054,"minY":6.20616483688366},"result":"Sooriyawewa, Hambantota, Sri Lanka"}