{"bounds":{"maxX":80.8414382934571,"maxY":6.24661302566528,"minX":80.6606826782228,"minY":6.09605979919445},"result":"Weeraketiya, Hambantota, Sri Lanka"}