{"bounds":{"maxX":80.7240905761719,"maxY":6.39754009246838,"minX":80.3773880004883,"minY":5.91847181320202},"result":"Matara, Sri Lanka"}