{"bounds":{"maxX":80.4031066894532,"maxY":6.28633594512945,"minX":80.2364120483399,"minY":6.13374090194714},"result":"Nagoda, Galle, Sri Lanka"}