{"bounds":{"maxX":80.2468948364258,"maxY":6.09337520599371,"minX":80.1723251342774,"minY":6.02374982833874},"result":"Galle Four Gravets, Galle, Sri Lanka"}