{"bounds":{"maxX":80.6959762573243,"maxY":6.13307285308844,"minX":80.5953598022462,"minY":6.06339597702026},"result":"Hakmana, Matara, Sri Lanka"}