{"bounds":{"maxX":80.6301498413087,"maxY":5.99740982055675,"minX":80.5013427734376,"minY":5.93314123153687},"result":"Matara Four Gravets, Matara, Sri Lanka"}