{"bounds":{"maxX":81.7059707641602,"maxY":6.57884883880627,"minX":81.212760925293,"minY":6.19652891159058},"result":"Thissamaharama, Hambantota, Sri Lanka"}