{"bounds":{"maxX":80.4412536621094,"maxY":6.39813899993896,"minX":80.2897567749023,"minY":6.21393203735363},"result":"Thawalama, Galle, Sri Lanka"}