{"bounds":{"maxX":80.1833877563477,"maxY":6.23853588104248,"minX":80.0529174804688,"minY":6.06291723251348},"result":"Hikkaduwa, Galle, Sri Lanka"}