{"bounds":{"maxX":80.1530914306641,"maxY":6.25930595397955,"minX":80.04402923584,"minY":6.13463497161877},"result":"Ambalangoda, Galle, Sri Lanka"}