{"bounds":{"maxX":80.4957427978516,"maxY":6.42862701416016,"minX":80.3145904541016,"minY":6.28017282485968},"result":"Neluwa, Galle, Sri Lanka"}