{"bounds":{"maxX":80.6932983398439,"maxY":6.07489776611334,"minX":80.6001205444337,"minY":6.01007509231573},"result":"Kirinda-Puhulwella, Matara, Sri Lanka"}