{"bounds":{"maxX":80.387825012207,"maxY":6.03841209411627,"minX":80.2348632812501,"minY":5.96486186981201},"result":"Habaraduwa, Galle, Sri Lanka"}