{"bounds":{"maxX":80.7753524780273,"maxY":6.11664485931402,"minX":80.6550369262695,"minY":5.98808193206793},"result":"Beliatta, Hambantota, Sri Lanka"}