{"bounds":{"maxX":80.0873489379882,"maxY":6.3703699111939,"minX":80.0169982910156,"minY":6.24356985092163},"result":"Balapitiya, Galle, Sri Lanka"}