{"bounds":{"maxX":80.3538436889648,"maxY":6.10428285598761,"minX":80.2330856323242,"minY":6.00676393508911},"result":"Akmeemana, Galle, Sri Lanka"}