{"bounds":{"maxX":81.2997131347656,"maxY":6.34016513824463,"minX":81.0139770507812,"minY":6.10513782501226},"result":"Hambantota, Hambantota, Sri Lanka"}