{"bounds":{"maxX":80.8167495727539,"maxY":9.45791530609137,"minX":80.5718307495117,"minY":9.20599079132091},"result":"Puthukudiyiruppu, Mullaittivu, Sri Lanka"}