{"bounds":{"maxX":80.402473449707,"maxY":8.95967769622803,"minX":80.0778274536133,"minY":8.65715503692627},"result":"Madhu, Mannar, Sri Lanka"}