{"bounds":{"maxX":80.2257461547852,"maxY":9.23725414276117,"minX":79.9737167358398,"minY":8.84822368621826},"result":"Manthai West, Mannar, Sri Lanka"}