{"bounds":{"maxX":80.9640274047852,"maxY":9.45791530609137,"minX":80.1750259399415,"minY":8.93687725067139},"result":"Mullaittivu, Sri Lanka"}