{"bounds":{"maxX":80.0955123901368,"maxY":9.82375144958502,"minX":79.984245300293,"minY":9.75319766998291},"result":"Valikamam North, Jaffna, Sri Lanka"}