{"bounds":{"maxX":80.459861755371,"maxY":9.69126701354975,"minX":80.2554626464844,"minY":9.51652812957764},"result":"Pachchilaipalli, Kilinochchi, Sri Lanka"}