{"bounds":{"maxX":80.4959182739258,"maxY":9.43410015106195,"minX":80.1400299072266,"minY":9.23406982421881},"result":"Karachchi, Kilinochchi, Sri Lanka"}