{"bounds":{"maxX":79.9276351928712,"maxY":9.10825729370123,"minX":79.6395797729493,"minY":8.94680500030512},"result":"Mannar Town, Mannar, Sri Lanka"}