{"bounds":{"maxX":80.616195678711,"maxY":9.69126701354975,"minX":79.8843078613282,"minY":9.2086324691773},"result":"Kilinochchi, Sri Lanka"}