{"bounds":{"maxX":80.6195831298829,"maxY":9.83597087860102,"minX":79.5218048095704,"minY":9.38402843475347},"result":"Jaffna, Sri Lanka"}