{"bounds":{"maxX":79.9006958007813,"maxY":9.71569538116455,"minX":79.7626419067383,"minY":9.63607120513916},"result":"Islands North (Kayts), Jaffna, Sri Lanka"}