{"bounds":{"maxX":80.1455917358398,"maxY":8.81688785552979,"minX":79.9179153442383,"minY":8.52194690704351},"result":"Musali, Mannar, Sri Lanka"}