{"bounds":{"maxX":79.7312622070312,"maxY":9.55680465698242,"minX":79.5218048095704,"minY":9.38402843475347},"result":"Delft, Jaffna, Sri Lanka"}