{"bounds":{"maxX":80.9640274047852,"maxY":9.29400920867926,"minX":80.6495056152344,"minY":8.93687725067139},"result":"Maritimepattu, Mullaittivu, Sri Lanka"}