{"bounds":{"maxX":80.1631317138672,"maxY":9.82070827484137,"minX":80.0301208496095,"minY":9.65728855133062},"result":"Valikamam East, Jaffna, Sri Lanka"}