{"bounds":{"maxX":80.6531295776367,"maxY":8.82788944244379,"minX":80.5088806152343,"minY":8.69168090820307},"result":"Vavuniya South, Vavuniya, Sri Lanka"}