{"bounds":{"maxX":79.9815750122071,"maxY":9.79685878753668,"minX":79.8506927490234,"minY":9.68902873992926},"result":"Valikamam West, Jaffna, Sri Lanka"}