{"bounds":{"maxX":80.4105453491212,"maxY":8.82794189453131,"minX":80.1699600219727,"minY":8.54598140716553},"result":"Vengalacheddiculam, Vavuniya, Sri Lanka"}