{"bounds":{"maxX":80.402473449707,"maxY":9.23725414276117,"minX":79.6395797729493,"minY":8.52194690704351},"result":"Mannar, Sri Lanka"}