{"bounds":{"maxX":80.7193832397462,"maxY":9.4052877426148,"minX":80.3373107910157,"minY":9.07580661773693},"result":"Oddusuddan, Mullaittivu, Sri Lanka"}