{"bounds":{"maxX":80.2464752197266,"maxY":9.82231712341303,"minX":80.1298217773438,"minY":9.72439384460455},"result":"Vadamaradchi South-West, Jaffna, Sri Lanka"}