{"bounds":{"maxX":80.4337844848633,"maxY":9.21228408813471,"minX":80.1750259399415,"minY":8.95029163360596},"result":"Manthai East, Mullaittivu, Sri Lanka"}