{"bounds":{"maxX":80.1351394653321,"maxY":9.72211933135998,"minX":80.0014266967774,"minY":9.60708236694347},"result":"Nallur, Jaffna, Sri Lanka"}