{"bounds":{"maxX":80.7870178222656,"maxY":9.12639236450201,"minX":80.3738021850587,"minY":8.86804962158209},"result":"Vavuniya North, Vavuniya, Sri Lanka"}