{"bounds":{"maxX":80.0955657958984,"maxY":8.97291660308838,"minX":79.893196105957,"minY":8.78512096405035},"result":"Nanaddan, Mannar, Sri Lanka"}