{"bounds":{"maxX":80.2756958007813,"maxY":9.83597087860102,"minX":80.1297454833984,"minY":9.76840400695812},"result":"Vadamaradchy North, Jaffna, Sri Lanka"}