{"bounds":{"maxX":80.6195831298829,"maxY":9.78397655487066,"minX":80.228614807129,"minY":9.45819473266602},"result":"Vadamaradchy East, Jaffna, Sri Lanka"}