{"bounds":{"maxX":80.0519714355469,"maxY":9.69786739349371,"minX":79.9968261718751,"minY":9.6462488174439},"result":"Jaffna, Jaffna, Sri Lanka"}