{"bounds":{"maxX":80.0922470092774,"maxY":9.78877258300793,"minX":79.9901351928711,"minY":9.70234298706055},"result":"Valikamam South, Jaffna, Sri Lanka"}