{"bounds":{"maxX":80.4085388183595,"maxY":9.30848121643072,"minX":80.1915893554688,"minY":9.09191989898682},"result":"Thunukkai, Mullaittivu, Sri Lanka"}