{"bounds":{"maxX":80.7870178222656,"maxY":9.12639236450201,"minX":80.1699600219727,"minY":8.54598140716553},"result":"Vavuniya, Sri Lanka"}