{"bounds":{"maxX":80.6319427490234,"maxY":8.97992134094233,"minX":80.2733764648438,"minY":8.65786266326904},"result":"Vavuniya, Vavuniya, Sri Lanka"}