{"bounds":{"maxX":80.3026351928712,"maxY":9.61263942718512,"minX":79.8843078613282,"minY":9.2086324691773},"result":"Poonakary, Kilinochchi, Sri Lanka"}