{"bounds":{"maxX":80.0201416015626,"maxY":9.6809720993042,"minX":79.7606964111329,"minY":9.5665273666383},"result":"Island South (Velanai), Jaffna, Sri Lanka"}