{"bounds":{"maxX":80.0130691528321,"maxY":9.81013965606689,"minX":79.9433670043945,"minY":9.68402767181408},"result":"Valikamam South-West, Jaffna, Sri Lanka"}