{"bounds":{"maxX":80.2950363159181,"maxY":9.75946998596186,"minX":80.0711364746093,"minY":9.57513809204102},"result":"Thenmaradchy (Chavakachcheri), Jaffna, Sri Lanka"}