{"bounds":{"maxX":80.616195678711,"maxY":9.52306365966808,"minX":80.291633605957,"minY":9.34416961669933},"result":"Kandavalai, Kilinochchi, Sri Lanka"}