{"bounds":{"maxX":81.3715286254884,"maxY":8.5251379013061,"minX":81.2102355957031,"minY":8.3245525360108},"result":"Muttur, Trincomalee, Sri Lanka"}