{"bounds":{"maxX":81.8631973266602,"maxY":7.22180318832409,"minX":81.7114639282226,"minY":7.13411998748785},"result":"Alayadiwembu, Ampara, Sri Lanka"}