{"bounds":{"maxX":81.1444473266602,"maxY":8.56326103210444,"minX":80.9448471069337,"minY":8.41608428955078},"result":"Thampalakamam, Trincomalee, Sri Lanka"}