{"bounds":{"maxX":81.7399826049805,"maxY":7.756250858307,"minX":81.6915283203126,"minY":7.67564010620123},"result":"Manmunai North, Batticaloa, Sri Lanka"}