{"bounds":{"maxX":81.2147293090821,"maxY":7.73078584671021,"minX":80.977912902832,"minY":7.5044288635255},"result":"Dehiattakandiya, Ampara, Sri Lanka"}