{"bounds":{"maxX":81.8640289306642,"maxY":7.2509708404541,"minX":81.6956176757814,"minY":7.17450380325323},"result":"Akkaraipattu, Ampara, Sri Lanka"}