{"bounds":{"maxX":81.7065277099609,"maxY":7.77236223220831,"minX":81.639030456543,"minY":7.69041585922253},"result":"Eravur Town, Batticaloa, Sri Lanka"}