{"bounds":{"maxX":81.0159759521485,"maxY":8.99088764190674,"minX":80.7530364990234,"minY":8.83629512786865},"result":"Padavi Sri Pura, Trincomalee, Sri Lanka"}