{"bounds":{"maxX":81.8787536621094,"maxY":7.73917818069458,"minX":80.977912902832,"minY":6.5120840072633},"result":"Ampara, Sri Lanka"}