{"bounds":{"maxX":81.5146026611329,"maxY":7.96914720535278,"minX":81.2284393310547,"minY":7.86765718460089},"result":"Koralai Pattu West (Oddamavadi), Batticaloa, Sri Lanka"}