{"bounds":{"maxX":81.6589508056642,"maxY":7.82819414138794,"minX":81.2308959960938,"minY":7.52126979827892},"result":"Eravur Pattu, Batticaloa, Sri Lanka"}