{"bounds":{"maxX":81.2311935424804,"maxY":8.5140266418457,"minX":81.0885696411133,"minY":8.3705673217774},"result":"Kinniya, Trincomalee, Sri Lanka"}