{"bounds":{"maxX":81.7761688232422,"maxY":7.29817390441906,"minX":81.6774215698243,"minY":7.2200498580932},"result":"Eragama, Ampara, Sri Lanka"}