{"bounds":{"maxX":81.8756942749023,"maxY":7.18430614471441,"minX":81.6944122314454,"minY":7.02584981918341},"result":"Thirukkovil, Ampara, Sri Lanka"}