{"bounds":{"maxX":81.7706909179688,"maxY":7.64847278594965,"minX":81.5683517456056,"minY":7.50808286666876},"result":"Manmunai South-West, Batticaloa, Sri Lanka"}