{"bounds":{"maxX":81.8172225952149,"maxY":8.26816272735607,"minX":81.2248764038087,"minY":7.39875316619867},"result":"Batticaloa, Sri Lanka"}