{"bounds":{"maxX":81.4040298461914,"maxY":8.41425800323498,"minX":81.274253845215,"minY":8.24914073944097},"result":"Verugal, Trincomalee, Sri Lanka"}