{"bounds":{"maxX":81.5534744262696,"maxY":8.26816272735607,"minX":81.3062896728517,"minY":7.92917108535772},"result":"Koralai Pattu North, Batticaloa, Sri Lanka"}