{"bounds":{"maxX":81.2083816528321,"maxY":8.45245361328136,"minX":80.9239730834961,"minY":8.22973918914806},"result":"Kanthalai, Trincomalee, Sri Lanka"}