{"bounds":{"maxX":81.8172225952149,"maxY":7.60361003875727,"minX":81.7651519775391,"minY":7.46578216552746},"result":"Manmunai South and Eruvilpattu, Batticaloa, Sri Lanka"}