{"bounds":{"maxX":81.7848587036134,"maxY":7.67907285690308,"minX":81.7204132080079,"minY":7.59291696548456},"result":"Manmunai Pattu (Araipattai), Batticaloa, Sri Lanka"}