{"bounds":{"maxX":81.7472763061525,"maxY":7.52519893646246,"minX":81.4620056152344,"minY":7.28071403503429},"result":"Uhana, Ampara, Sri Lanka"}