{"bounds":{"maxX":81.0586318969727,"maxY":8.8698463439942,"minX":80.8787994384766,"minY":8.63232135772705},"result":"Gomarankadawala, Trincomalee, Sri Lanka"}