{"bounds":{"maxX":81.7105331420898,"maxY":7.33285379409796,"minX":81.5174484252931,"minY":7.21747922897333},"result":"Ampara, Ampara, Sri Lanka"}