{"bounds":{"maxX":81.8679885864258,"maxY":7.3093719482423,"minX":81.7717208862306,"minY":7.24569320678711},"result":"Addalachchenai, Ampara, Sri Lanka"}