{"bounds":{"maxX":81.8787536621094,"maxY":7.04624509811401,"minX":81.7117233276368,"minY":6.81045103073114},"result":"Pothuvil, Ampara, Sri Lanka"}