{"bounds":{"maxX":81.826530456543,"maxY":7.07877779006964,"minX":81.6070632934571,"minY":6.5120840072633},"result":"Lahugala, Ampara, Sri Lanka"}