{"bounds":{"maxX":81.8560333251953,"maxY":7.39161396026611,"minX":81.8158493041992,"minY":7.35065412521374},"result":"Karativu, Ampara, Sri Lanka"}