{"bounds":{"maxX":81.8225936889649,"maxY":7.40362787246704,"minX":81.7075805664063,"minY":7.28890323638916},"result":"Sammanthurai, Ampara, Sri Lanka"}