{"bounds":{"maxX":81.4998168945313,"maxY":7.73917818069458,"minX":81.2053222656251,"minY":7.35789680480968},"result":"Mahaoya, Ampara, Sri Lanka"}