{"bounds":{"maxX":81.8454132080078,"maxY":7.45208215713501,"minX":81.7937469482422,"minY":7.38715600967419},"result":"Sainthamarathu, Ampara, Sri Lanka"}