{"bounds":{"maxX":81.1394119262696,"maxY":8.7348775863648,"minX":80.8914794921876,"minY":8.53816318511957},"result":"Morawewa, Trincomalee, Sri Lanka"}