{"bounds":{"maxX":81.7453765869142,"maxY":7.68792200088507,"minX":81.7221908569336,"minY":7.67036581039434},"result":"Kattankudy, Batticaloa, Sri Lanka"}