{"bounds":{"maxX":81.8023910522462,"maxY":7.47791576385492,"minX":81.7122192382812,"minY":7.39213418960571},"result":"Navithanveli, Ampara, Sri Lanka"}