{"bounds":{"maxX":81.7093048095704,"maxY":7.73430490493774,"minX":81.4939422607422,"minY":7.50835609436047},"result":"Manmunai West, Batticaloa, Sri Lanka"}