{"bounds":{"maxX":81.8198623657227,"maxY":7.47736215591431,"minX":81.7909698486329,"minY":7.43041706085216},"result":"Kalmunai, Ampara, Sri Lanka"}