{"bounds":{"maxX":81.2154617309571,"maxY":8.91847324371349,"minX":80.9520721435547,"minY":8.62296485900885},"result":"Kuchchaveli, Trincomalee, Sri Lanka"}