{"bounds":{"maxX":81.8668060302735,"maxY":7.36154079437256,"minX":81.8165817260742,"minY":7.29448413848871},"result":"Ninthavur, Ampara, Sri Lanka"}