{"bounds":{"maxX":81.7509460449218,"maxY":7.27387189865112,"minX":81.4999771118164,"minY":7.05573987960821},"result":"Damana, Ampara, Sri Lanka"}