{"bounds":{"maxX":81.4040298461914,"maxY":8.99088764190674,"minX":80.7530364990234,"minY":8.14883232116699},"result":"Trincomalee, Sri Lanka"}