{"bounds":{"maxX":81.3472518920899,"maxY":8.41596984863287,"minX":81.1621475219726,"minY":8.14883232116699},"result":"Seruvila, Trincomalee, Sri Lanka"}