{"bounds":{"maxX":81.598030090332,"maxY":7.94945812225342,"minX":81.2248764038087,"minY":7.77033090591431},"result":"Koralai Pattu (Valachchenai), Batticaloa, Sri Lanka"}