{"bounds":{"maxX":81.7818069458009,"maxY":7.56684589385981,"minX":81.6416015625001,"minY":7.39875316619867},"result":"Porativu Pattu, Batticaloa, Sri Lanka"}