{"bounds":{"maxX":81.2484741210938,"maxY":8.67125129699713,"minX":81.1143798828126,"minY":8.50569534301763},"result":"Trincomalee Town and Gravets, Trincomalee, Sri Lanka"}