{"bounds":{"maxX":81.3672332763672,"maxY":7.61221408843994,"minX":81.1826324462891,"minY":7.24056005477917},"result":"Padiyathalawa, Ampara, Sri Lanka"}