{"bounds":{"maxX":80.5758819580078,"maxY":7.63513994216919,"minX":80.4379806518555,"minY":7.41286516189587},"result":"Ridigama, Kurunegala, Sri Lanka"}