{"bounds":{"maxX":80.2637329101564,"maxY":7.48063278198242,"minX":80.1212463378907,"minY":7.31254911422735},"result":"Narammala, Kurunegala, Sri Lanka"}