{"bounds":{"maxX":80.2023620605468,"maxY":7.94994115829462,"minX":80.0292129516602,"minY":7.7984738349914},"result":"Kotavehera, Kurunegala, Sri Lanka"}