{"bounds":{"maxX":80.2526168823243,"maxY":7.61226415634161,"minX":80.0941314697266,"minY":7.49889802932739},"result":"Katupotha, Kurunegala, Sri Lanka"}