{"bounds":{"maxX":80.3048477172852,"maxY":7.97849893569952,"minX":80.1587448120117,"minY":7.83281183242798},"result":"Ambanpola, Kurunegala, Sri Lanka"}