{"bounds":{"maxX":80.3654251098634,"maxY":7.66905117034918,"minX":80.276756286621,"minY":7.49529409408581},"result":"Maspotha, Kurunegala, Sri Lanka"}