{"bounds":{"maxX":80.5196990966798,"maxY":7.52235698699945,"minX":80.4045028686525,"minY":7.35152912139893},"result":"Mawathagama, Kurunegala, Sri Lanka"}