{"bounds":{"maxX":80.0476150512696,"maxY":7.70533323287975,"minX":79.9003906250001,"minY":7.51792907714844},"result":"Bingiriya, Kurunegala, Sri Lanka"}