{"bounds":{"maxX":80.4275054931641,"maxY":7.55136299133301,"minX":80.3437118530273,"minY":7.38712882995611},"result":"Mallawapitiya, Kurunegala, Sri Lanka"}