{"bounds":{"maxX":80.3551864624023,"maxY":7.44142484664917,"minX":80.2572250366212,"minY":7.31261301040655},"result":"Polgahawela, Kurunegala, Sri Lanka"}