{"bounds":{"maxX":79.9415054321289,"maxY":7.38046216964716,"minX":79.8603363037111,"minY":7.26693010330206},"result":"Dankotuwa, Puttalam, Sri Lanka"}