{"bounds":{"maxX":80.3739318847657,"maxY":8.11911678314209,"minX":80.1329040527345,"minY":7.92425489425653},"result":"Galgamuwa, Kurunegala, Sri Lanka"}