{"bounds":{"maxX":80.0017547607422,"maxY":7.78170013427734,"minX":79.9025802612305,"minY":7.6221170425415},"result":"Pallama, Puttalam, Sri Lanka"}