{"bounds":{"maxX":80.1562576293945,"maxY":7.42960119247448,"minX":79.9243621826172,"minY":7.27272510528576},"result":"Pannala, Kurunegala, Sri Lanka"}