{"bounds":{"maxX":79.9310760498047,"maxY":7.78136920928966,"minX":79.7840270996095,"minY":7.6008090972901},"result":"Arachchikattuwa, Puttalam, Sri Lanka"}