{"bounds":{"maxX":79.8234176635742,"maxY":8.51208305358892,"minX":79.6929168701171,"minY":7.93874979019165},"result":"Kalpitiya, Puttalam, Sri Lanka"}