{"bounds":{"maxX":80.4272384643554,"maxY":8.05783462524414,"minX":80.2576904296875,"minY":7.87993097305298},"result":"Ehetuwewa, Kurunegala, Sri Lanka"}