{"bounds":{"maxX":79.9066314697266,"maxY":7.63136577606207,"minX":79.785972595215,"minY":7.51147890090942},"result":"Chilaw, Puttalam, Sri Lanka"}