{"bounds":{"maxX":80.2784118652345,"maxY":7.39612007141113,"minX":80.1432876586914,"minY":7.25597381591808},"result":"Alawwa, Kurunegala, Sri Lanka"}