{"bounds":{"maxX":79.9303512573243,"maxY":7.4378399848938,"minX":79.8170852661132,"minY":7.35407495498657},"result":"Nattandiya, Puttalam, Sri Lanka"}