{"bounds":{"maxX":80.1533126831056,"maxY":8.08467388153076,"minX":79.9935455322266,"minY":7.93420982360851},"result":"Nawagattegama, Puttalam, Sri Lanka"}