{"bounds":{"maxX":80.34822845459,"maxY":7.73543977737432,"minX":80.1563415527345,"minY":7.56646299362188},"result":"Wariyapola, Kurunegala, Sri Lanka"}