{"bounds":{"maxX":80.125961303711,"maxY":8.28693389892572,"minX":79.8908233642579,"minY":7.94250583648676},"result":"Karuwalagaswewa, Puttalam, Sri Lanka"}