{"bounds":{"maxX":80.452278137207,"maxY":7.74748992919933,"minX":80.2759552001954,"minY":7.5729742050172},"result":"Ganewatta, Kurunegala, Sri Lanka"}