{"bounds":{"maxX":79.9192123413087,"maxY":7.51949214935308,"minX":79.7929153442383,"minY":7.40842103958124},"result":"Mahawewa, Puttalam, Sri Lanka"}