{"bounds":{"maxX":79.9221267700196,"maxY":8.11322975158686,"minX":79.7781295776368,"minY":7.7646679878236},"result":"Puttalam, Puttalam, Sri Lanka"}