{"bounds":{"maxX":80.0911178588868,"maxY":7.8421769142152,"minX":79.9404907226562,"minY":7.68469476699835},"result":"Rasnayakapura, Kurunegala, Sri Lanka"}