{"bounds":{"maxX":80.1101608276368,"maxY":8.00216293334967,"minX":79.9105529785156,"minY":7.77695178985601},"result":"Anamaduwa, Puttalam, Sri Lanka"}