{"bounds":{"maxX":80.226905822754,"maxY":7.5457000732423,"minX":80.1106109619142,"minY":7.38572311401373},"result":"Kuliyapitiya East, Kurunegala, Sri Lanka"}