{"bounds":{"maxX":80.5758819580078,"maxY":8.19643402099615,"minX":79.9003906250001,"minY":7.25597381591808},"result":"Kurunegala, Sri Lanka"}