{"bounds":{"maxX":80.1533126831056,"maxY":8.56547164917004,"minX":79.6929168701171,"minY":7.26693010330206},"result":"Puttalam, Sri Lanka"}