{"bounds":{"maxX":80.5543518066407,"maxY":7.71844005584711,"minX":80.3902282714845,"minY":7.50503301620483},"result":"Ibbagamuwa, Kurunegala, Sri Lanka"}