{"bounds":{"maxX":80.4059143066406,"maxY":7.61564683914196,"minX":80.3065109252929,"minY":7.38480377197266},"result":"Kurunegala, Kurunegala, Sri Lanka"}