{"bounds":{"maxX":79.9964065551758,"maxY":7.55688619613659,"minX":79.900749206543,"minY":7.40673398971558},"result":"Udubaddawa, Kurunegala, Sri Lanka"}