{"bounds":{"maxX":80.3717269897462,"maxY":7.89717912673945,"minX":80.1969833374025,"minY":7.70296001434338},"result":"Mahawa, Kurunegala, Sri Lanka"}