{"bounds":{"maxX":80.3311004638673,"maxY":7.5288228988648,"minX":80.2119522094727,"minY":7.40809488296503},"result":"Weerambugedara, Kurunegala, Sri Lanka"}