{"bounds":{"maxX":80.0431442260742,"maxY":8.56547164917004,"minX":79.7893066406251,"minY":8.08385753631603},"result":"Wanathavilluwa, Puttalam, Sri Lanka"}