{"bounds":{"maxX":80.2725219726564,"maxY":8.19643402099615,"minX":80.0995941162109,"minY":8.0232076644898},"result":"Giribawa, Kurunegala, Sri Lanka"}