{"bounds":{"maxX":80.1394119262696,"maxY":7.55542707443237,"minX":79.9857788085938,"minY":7.39957809448242},"result":"Kuliyapitiya West, Kurunegala, Sri Lanka"}