{"bounds":{"maxX":79.8191528320314,"maxY":7.94066286087042,"minX":79.7437210083008,"minY":7.77653121948248},"result":"Mundalama, Puttalam, Sri Lanka"}