{"bounds":{"maxX":80.2981414794922,"maxY":7.59262514114391,"minX":80.2239761352539,"minY":7.4885659217835},"result":"Bamunakotuwa, Kurunegala, Sri Lanka"}