{"bounds":{"maxX":79.9091339111329,"maxY":7.58728313446051,"minX":79.8122711181642,"minY":7.46824121475231},"result":"Madampe, Puttalam, Sri Lanka"}