{"bounds":{"maxX":80.241928100586,"maxY":7.82277393341076,"minX":80.0503921508789,"minY":7.7164502143861},"result":"Nikaweratiya, Kurunegala, Sri Lanka"}