{"bounds":{"maxX":80.5373611450195,"maxY":7.96787786483759,"minX":80.3310470581055,"minY":7.67639923095697},"result":"Polpithigama, Kurunegala, Sri Lanka"}