{"bounds":{"maxX":80.2202987670898,"maxY":7.67918682098389,"minX":79.9935607910156,"minY":7.48870277404791},"result":"Panduwasnuwara, Kurunegala, Sri Lanka"}