{"bounds":{"maxX":79.8831634521485,"maxY":7.37134790420544,"minX":79.826530456543,"minY":7.27020883560181},"result":"Wennappuwa, Puttalam, Sri Lanka"}