{"bounds":{"maxX":79.9776992797852,"maxY":7.97491121292109,"minX":79.83984375,"minY":7.76678514480591},"result":"Mahakumbukkadawala, Puttalam, Sri Lanka"}