{"bounds":{"maxX":80.1735687255859,"maxY":7.73365306854259,"minX":79.9915695190431,"minY":7.62049722671514},"result":"Kobeigane, Kurunegala, Sri Lanka"}