{"bounds":{"maxX":80.6621093750001,"maxY":8.30711269378673,"minX":80.4374008178711,"minY":8.11078166961664},"result":"Thirappane, Anuradhapura, Sri Lanka"}