{"bounds":{"maxX":80.8120880126954,"maxY":8.35149097442638,"minX":80.6030731201173,"minY":8.17038631439203},"result":"Galenbindunuwewa, Anuradhapura, Sri Lanka"}