{"bounds":{"maxX":81.1225814819337,"maxY":8.0277528762818,"minX":80.8835906982422,"minY":7.70827484130859},"result":"Thamankaduwa, Polonnaruwa, Sri Lanka"}