{"bounds":{"maxX":80.7387084960937,"maxY":8.21349334716808,"minX":80.5318832397462,"minY":7.90015077590937},"result":"Kekirawa, Anuradhapura, Sri Lanka"}