{"bounds":{"maxX":80.9176101684571,"maxY":7.9815587997436,"minX":80.7610473632812,"minY":7.67172002792358},"result":"Elahera, Polonnaruwa, Sri Lanka"}