{"bounds":{"maxX":80.8254089355469,"maxY":8.56248760223389,"minX":80.5968170166016,"minY":8.32059669494629},"result":"Kahatagasdigiliya, Anuradhapura, Sri Lanka"}