{"bounds":{"maxX":80.5017395019532,"maxY":8.35622215271002,"minX":80.3906249999999,"minY":8.26371383667004},"result":"N. Palatha East, Anuradhapura, Sri Lanka"}