{"bounds":{"maxX":80.7829208374025,"maxY":8.20991516113281,"minX":80.6499557495118,"minY":7.95668315887451},"result":"Palugaswewa, Anuradhapura, Sri Lanka"}