{"bounds":{"maxX":80.3268203735352,"maxY":8.6804132461549,"minX":80.0444335937499,"minY":8.36466217041021},"result":"Maha Vilachchiya, Anuradhapura, Sri Lanka"}