{"bounds":{"maxX":80.3935852050782,"maxY":8.22231578826916,"minX":80.2649688720703,"minY":8.06488513946533},"result":"Thambuttegama, Anuradhapura, Sri Lanka"}