{"bounds":{"maxX":81.340057373047,"maxY":8.26105880737316,"minX":81.1179428100586,"minY":7.88292503356928},"result":"Welikanda, Polonnaruwa, Sri Lanka"}