{"bounds":{"maxX":80.6792907714844,"maxY":8.59070873260498,"minX":80.4393997192384,"minY":8.39321231842035},"result":"Rambewa, Anuradhapura, Sri Lanka"}