{"bounds":{"maxX":80.6392440795899,"maxY":8.00591659545898,"minX":80.4601821899415,"minY":7.81505489349365},"result":"Palagala, Anuradhapura, Sri Lanka"}