{"bounds":{"maxX":80.4635238647461,"maxY":8.56056213378912,"minX":80.2687377929687,"minY":8.25994682312023},"result":"N. Palatha Central, Anuradhapura, Sri Lanka"}