{"bounds":{"maxX":80.4637451171876,"maxY":8.29731273651117,"minX":80.2836837768555,"minY":8.08265686035151},"result":"Thalawa, Anuradhapura, Sri Lanka"}