{"bounds":{"maxX":80.9909133911133,"maxY":8.92058753967297,"minX":79.9517517089844,"minY":7.81505489349365},"result":"Anuradhapura, Sri Lanka"}