{"bounds":{"maxX":80.6409912109376,"maxY":8.70040988922125,"minX":80.3398818969726,"minY":8.44621086120605},"result":"Medawachchiya, Anuradhapura, Sri Lanka"}