{"bounds":{"maxX":80.5173187255859,"maxY":8.08792686462414,"minX":80.3667831420898,"minY":7.94696187973034},"result":"Galnewa, Anuradhapura, Sri Lanka"}