{"bounds":{"maxX":80.9124603271486,"maxY":8.87265110015875,"minX":80.5696716308595,"minY":8.55106067657471},"result":"Kebithigollewa, Anuradhapura, Sri Lanka"}