{"bounds":{"maxX":81.1919021606445,"maxY":8.1524858474732,"minX":81.0188369750977,"minY":7.96357011795038},"result":"Lankapura, Polonnaruwa, Sri Lanka"}