{"bounds":{"maxX":80.2873764038087,"maxY":8.2331371307373,"minX":80.0803375244141,"minY":8.11483192443853},"result":"Rajanganaya, Anuradhapura, Sri Lanka"}