{"bounds":{"maxX":80.3201446533204,"maxY":8.5271368026734,"minX":79.9517517089844,"minY":8.17028999328613},"result":"Nochchiyagama, Anuradhapura, Sri Lanka"}