{"bounds":{"maxX":80.4920349121095,"maxY":8.31677532196039,"minX":80.3635559082031,"minY":8.20359134674084},"result":"Nachchaduwa, Anuradhapura, Sri Lanka"}