{"bounds":{"maxX":81.2134170532228,"maxY":8.31750583648682,"minX":80.8794937133789,"minY":8.06762409210211},"result":"Medirigiriya, Polonnaruwa, Sri Lanka"}