{"bounds":{"maxX":80.5803756713868,"maxY":8.15246677398693,"minX":80.414176940918,"minY":7.99120712280268},"result":"Ipalogama, Anuradhapura, Sri Lanka"}