{"bounds":{"maxX":80.6410980224609,"maxY":8.43336200714106,"minX":80.4311523437501,"minY":8.26935291290283},"result":"Mihinthale, Anuradhapura, Sri Lanka"}