{"bounds":{"maxX":81.0798339843751,"maxY":8.34535503387463,"minX":80.7493591308595,"minY":7.93557977676386},"result":"Hingurakgoda, Polonnaruwa, Sri Lanka"}