{"bounds":{"maxX":80.9909133911133,"maxY":8.78199577331554,"minX":80.7006912231446,"minY":8.27874088287365},"result":"Horowpothana, Anuradhapura, Sri Lanka"}