{"bounds":{"maxX":80.9126052856446,"maxY":8.92058753967297,"minX":80.670280456543,"minY":8.75692844390863},"result":"Padaviya, Anuradhapura, Sri Lanka"}