{"bounds":{"maxX":81.2413635253906,"maxY":7.94844102859508,"minX":80.9822158813477,"minY":7.64696216583246},"result":"Dimbulagala, Polonnaruwa, Sri Lanka"}