{"bounds":{"maxX":81.0225524902344,"maxY":6.4453377723695,"minX":80.8387908935548,"minY":6.29580593109142},"result":"Sevanagala, Monaragala, Sri Lanka"}