{"bounds":{"maxX":81.5530929565431,"maxY":7.45854616165173,"minX":81.3127365112305,"minY":6.90459680557262},"result":"Madulla, Monaragala, Sri Lanka"}