{"bounds":{"maxX":80.9869842529297,"maxY":7.06314277648931,"minX":80.8302536010743,"minY":6.90560722351074},"result":"Uva Paranagama, Badulla, Sri Lanka"}