{"bounds":{"maxX":81.0402679443359,"maxY":7.23340082168585,"minX":80.943328857422,"minY":7.01926517486578},"result":"Kandaketiya, Badulla, Sri Lanka"}