{"bounds":{"maxX":81.2715988159181,"maxY":7.62496089935308,"minX":80.7771453857422,"minY":6.54216909408575},"result":"Badulla, Sri Lanka"}