{"bounds":{"maxX":81.6081008911133,"maxY":6.61986684799189,"minX":81.2516784667969,"minY":6.36710596084606},"result":"Katharagama, Monaragala, Sri Lanka"}