{"bounds":{"maxX":81.2262725830078,"maxY":7.62496089935308,"minX":80.9694366455079,"minY":7.23411703109747},"result":"Mahiyanganaya, Badulla, Sri Lanka"}