{"bounds":{"maxX":80.9584808349609,"maxY":6.92791509628302,"minX":80.7771453857422,"minY":6.77691078186047},"result":"Welimada, Badulla, Sri Lanka"}