{"bounds":{"maxX":81.0863723754884,"maxY":6.81299400329596,"minX":80.8086624145509,"minY":6.54216909408575},"result":"Hildummulla, Badulla, Sri Lanka"}