{"bounds":{"maxX":81.1302032470704,"maxY":7.01864099502569,"minX":81.0379638671876,"minY":6.94454097747803},"result":"Badulla, Badulla, Sri Lanka"}