{"bounds":{"maxX":81.4944458007812,"maxY":6.80935907363897,"minX":81.1408691406251,"minY":6.46132802963268},"result":"Buttala, Monaragala, Sri Lanka"}