{"bounds":{"maxX":81.2454376220704,"maxY":6.83294582366938,"minX":81.0215911865234,"minY":6.44532918930065},"result":"Wellawaya, Monaragala, Sri Lanka"}