{"bounds":{"maxX":81.1381607055664,"maxY":6.91303682327282,"minX":80.9972839355469,"minY":6.80705881118786},"result":"Ella, Badulla, Sri Lanka"}