{"bounds":{"maxX":81.1028671264648,"maxY":7.09550905227667,"minX":80.9975051879884,"minY":6.9976158142091},"result":"Soranathota, Badulla, Sri Lanka"}