{"bounds":{"maxX":81.0752410888672,"maxY":6.87668180465698,"minX":80.946876525879,"minY":6.78733301162731},"result":"Bandarawela, Badulla, Sri Lanka"}