{"bounds":{"maxX":81.2884750366211,"maxY":6.69134998321545,"minX":80.8278427124023,"minY":6.34083700180054},"result":"Thanamalvila, Monaragala, Sri Lanka"}