{"bounds":{"maxX":81.3003463745118,"maxY":6.9657349586488,"minX":81.1094360351563,"minY":6.78424692153931},"result":"Badalkumbura, Monaragala, Sri Lanka"}