{"bounds":{"maxX":81.1580505371094,"maxY":7.22340679168707,"minX":81.0221023559571,"minY":7.06682395935059},"result":"Meegahakivula, Badulla, Sri Lanka"}