{"bounds":{"maxX":81.6371536254883,"maxY":7.17002487182623,"minX":81.371925354004,"minY":6.57884883880627},"result":"Siyambalanduwa, Monaragala, Sri Lanka"}