{"bounds":{"maxX":81.6371536254883,"maxY":7.45854616165173,"minX":80.8278427124023,"minY":6.29580593109142},"result":"Monaragala, Sri Lanka"}