{"bounds":{"maxX":81.2715988159181,"maxY":7.3873090744018,"minX":81.0161590576172,"minY":7.15042018890387},"result":"Rideemaliyadda, Badulla, Sri Lanka"}