{"bounds":{"maxX":81.4462051391602,"maxY":7.3399920463562,"minX":81.122039794922,"minY":7.08064222335815},"result":"Bibile, Monaragala, Sri Lanka"}