{"bounds":{"maxX":81.246192932129,"maxY":7.1150279045105,"minX":81.1356201171876,"minY":6.95494318008429},"result":"Lunugala, Badulla, Sri Lanka"}