{"bounds":{"maxX":81.3834991455079,"maxY":7.15497589111328,"minX":81.2272567749024,"minY":6.93115377426147},"result":"Medagama, Monaragala, Sri Lanka"}