{"bounds":{"maxX":81.4595108032227,"maxY":6.96326208114635,"minX":81.2648239135742,"minY":6.73104810714722},"result":"Moneragala, Monaragala, Sri Lanka"}