{"bounds":{"maxX":81.0303421020507,"maxY":6.85030603408813,"minX":80.89306640625,"minY":6.74882698059088},"result":"Haputale, Badulla, Sri Lanka"}