{"bounds":{"maxX":81.2275466918946,"maxY":7.09127712249762,"minX":81.0885848999023,"minY":6.87269783020014},"result":"Passara, Badulla, Sri Lanka"}