{"bounds":{"maxX":81.1255950927735,"maxY":7.05343198776256,"minX":80.9498138427736,"minY":6.86567211151123},"result":"Hali-Ela, Badulla, Sri Lanka"}