{"bounds":{"maxX":80.5481262207032,"maxY":7.39668512344366,"minX":80.1453247070314,"minY":6.83000993728649},"result":"Kegalla, Sri Lanka"}