{"bounds":{"maxX":80.4071731567384,"maxY":6.72517013549805,"minX":80.2921752929689,"minY":6.59726715087891},"result":"Elapatha, Ratnapura, Sri Lanka"}