{"bounds":{"maxX":80.754249572754,"maxY":6.58597183227545,"minX":80.5714416503906,"minY":6.43699789047241},"result":"Godakawela, Ratnapura, Sri Lanka"}