{"bounds":{"maxX":80.2909088134766,"maxY":7.31478881835938,"minX":80.1453247070314,"minY":7.09268999099731},"result":"Warakapola, Kegalla, Sri Lanka"}