{"bounds":{"maxX":80.3543701171876,"maxY":7.31661701202393,"minX":80.2623443603516,"minY":7.08188676834112},"result":"Galigamuwa, Kegalla, Sri Lanka"}