{"bounds":{"maxX":80.4712829589845,"maxY":7.17044687271112,"minX":80.2794418334961,"minY":7.04061412811279},"result":"Bulathkohupitiya, Kegalla, Sri Lanka"}