{"bounds":{"maxX":80.6083755493165,"maxY":6.7028660774231,"minX":80.4000396728516,"minY":6.57393789291382},"result":"Pelmadulla, Ratnapura, Sri Lanka"}