{"bounds":{"maxX":80.5998916625977,"maxY":6.59019994735712,"minX":80.4836502075196,"minY":6.46408605575573},"result":"Kahawatta, Ratnapura, Sri Lanka"}