{"bounds":{"maxX":80.4681243896484,"maxY":7.07965278625488,"minX":80.2656250000001,"minY":6.95385789871216},"result":"Yatiyanthota, Kegalla, Sri Lanka"}