{"bounds":{"maxX":80.6285858154297,"maxY":6.57972717285156,"minX":80.2940063476563,"minY":6.36730194091803},"result":"Kalawana, Ratnapura, Sri Lanka"}