{"bounds":{"maxX":80.9280853271486,"maxY":6.73466920852667,"minX":80.5852127075195,"minY":6.50786590576178},"result":"Balangoda, Ratnapura, Sri Lanka"}