{"bounds":{"maxX":80.9526901245118,"maxY":6.49487876892096,"minX":80.6911773681642,"minY":6.22794914245605},"result":"Embilipitiya, Ratnapura, Sri Lanka"}