{"bounds":{"maxX":80.9526901245118,"maxY":6.93106317520147,"minX":80.1770324707031,"minY":6.22794914245605},"result":"Ratnapura, Sri Lanka"}