{"bounds":{"maxX":80.3589935302734,"maxY":6.81489276885992,"minX":80.1953735351562,"minY":6.69731903076183},"result":"Kiriella, Ratnapura, Sri Lanka"}