{"bounds":{"maxX":80.5481262207032,"maxY":7.30011415481567,"minX":80.3888244628907,"minY":7.14654779434204},"result":"Mawanella, Kegalla, Sri Lanka"}