{"bounds":{"maxX":80.7483291625977,"maxY":6.45992898941051,"minX":80.6064605712891,"minY":6.30518484115601},"result":"Kolonna, Ratnapura, Sri Lanka"}