{"bounds":{"maxX":80.2838897705079,"maxY":7.15746688842785,"minX":80.1641845703126,"minY":6.97428178787231},"result":"Ruwanwella, Kegalla, Sri Lanka"}