{"bounds":{"maxX":80.2851943969727,"maxY":6.93106317520147,"minX":80.1770324707031,"minY":6.75287294387812},"result":"Eheliyagoda, Ratnapura, Sri Lanka"}