{"bounds":{"maxX":80.8353118896485,"maxY":6.61095094680798,"minX":80.6408233642579,"minY":6.47237682342529},"result":"Weligepola, Ratnapura, Sri Lanka"}