{"bounds":{"maxX":80.5274200439453,"maxY":6.63685607910168,"minX":80.3691253662109,"minY":6.47678518295299},"result":"Nivithigala, Ratnapura, Sri Lanka"}