{"bounds":{"maxX":80.6768875122071,"maxY":6.66341209411621,"minX":80.5768127441406,"minY":6.54970598220825},"result":"Opanayaka, Ratnapura, Sri Lanka"}