{"bounds":{"maxX":80.4660949707032,"maxY":7.39668512344366,"minX":80.3048782348633,"minY":7.24074888229364},"result":"Rambukkana, Kegalla, Sri Lanka"}