{"bounds":{"maxX":80.3816680908203,"maxY":6.73481798172008,"minX":80.1985778808594,"minY":6.55182123184204},"result":"Ayagama, Ratnapura, Sri Lanka"}