{"bounds":{"maxX":80.5114440917969,"maxY":6.99839687347418,"minX":80.3085479736329,"minY":6.83063507080089},"result":"Deraniyagala, Kegalla, Sri Lanka"}