{"bounds":{"maxX":80.5110778808594,"maxY":7.23113822937023,"minX":80.3915557861329,"minY":7.09049510955822},"result":"Aranayaka, Kegalla, Sri Lanka"}