{"bounds":{"maxX":80.6158676147462,"maxY":6.83682680130005,"minX":80.3496398925781,"minY":6.64880990982056},"result":"Ratnapura, Ratnapura, Sri Lanka"}