{"bounds":{"maxX":80.454345703125,"maxY":6.86406993865972,"minX":80.2506561279297,"minY":6.71243190765381},"result":"Kuruvita, Ratnapura, Sri Lanka"}