{"bounds":{"maxX":80.8585357666016,"maxY":6.79196214675909,"minX":80.5853424072267,"minY":6.63311100006098},"result":"Imbulpe, Ratnapura, Sri Lanka"}