{"bounds":{"maxX":80.4110794067383,"maxY":7.28794813156122,"minX":80.3125610351564,"minY":7.11381721496582},"result":"Kegalle, Kegalla, Sri Lanka"}