{"bounds":{"maxX":80.364501953125,"maxY":7.04467296600347,"minX":80.2076873779298,"minY":6.83000993728649},"result":"Dehiovita, Kegalla, Sri Lanka"}