{"bounds":{"maxX":81.8787536621094,"maxY":9.83597087860102,"minX":79.5218048095704,"minY":5.91847181320202},"result":"Sri Lanka"}