{"bounds":{"maxX":-10.475035,"maxY":6.97977200000003,"minX":-11.083017,"minY":6.40038600000003},"result":"Bomi, Liberia"}