{"bounds":{"maxX":-9.10010699999998,"maxY":7.43001500000003,"minX":-10.475035,"minY":6.41564099999999},"result":"Bong, Liberia"}