{"bounds":{"maxX":-10.545531,"maxY":7.52322300000003,"minX":-11.485695,"minY":6.57763900000003},"result":"Grand Cape Mount, Liberia"}