{"bounds":{"maxX":-7.37147899999997,"maxY":6.49973400000005,"minX":-9.08337399999999,"minY":5.52243800000002},"result":"Grand Gedeh, Liberia"}