{"bounds":{"maxX":-7.77054899999996,"maxY":5.14029500000004,"minX":-8.67124899999999,"minY":4.43434500000001},"result":"Grand Kru, Liberia"}