{"bounds":{"maxX":-9.64474999999999,"maxY":7.94438200000002,"minX":-10.943807,"minY":6.80141400000002},"result":"Gbarpolu, Liberia"}