{"bounds":{"maxX":-9.15793099999996,"maxY":6.70167700000002,"minX":-10.36637,"minY":5.57458300000002},"result":"Grand Bassa, Liberia"}