{"bounds":{"maxX":-9.34391799999997,"maxY":8.55179000000004,"minX":-10.600741,"minY":7.18386900000002},"result":"Lofa, Liberia"}