{"bounds":{"maxX":-10.306768,"maxY":6.85413500000004,"minX":-10.818471,"minY":6.21930400000002},"result":"Montserrado, Liberia"}