{"bounds":{"maxX":-7.521366,"maxY":5.13941300000005,"minX":-8.06527999999997,"minY":4.35291599999999},"result":"Maryland, Liberia"}