{"bounds":{"maxX":-9.72644099999997,"maxY":6.804666,"minX":-10.680617,"minY":6.11180400000001},"result":"Margibi, Liberia"}