{"bounds":{"maxX":-8.27361099999996,"maxY":7.69616400000001,"minX":-9.19284299999998,"minY":5.78862500000002},"result":"Nimba, Liberia"}