{"bounds":{"maxX":-7.36511299999995,"maxY":5.622141,"minX":-8.39543099999997,"minY":4.817385},"result":"River Gee, Liberia"}