{"bounds":{"maxX":-9.05805299999997,"maxY":6.39926700000001,"minX":-9.73208399999999,"minY":5.264027},"result":"Rivercess, Liberia"}