{"bounds":{"maxX":-8.29664599999995,"maxY":5.85137000000003,"minX":-9.41254699999996,"minY":4.798473},"result":"Sinoe, Liberia"}