{"bounds":{"maxX":-7.36511299999995,"maxY":8.55179000000004,"minX":-11.485695,"minY":4.35291599999999},"result":"Liberia"}