{"bounds":{"maxX":28.2109,"maxY":-29.275261,"minX":27.303489,"minY":-29.926069},"result":"Maseru, Lesotho"}