{"bounds":{"maxX":28.822189,"maxY":-28.572059,"minX":28.224021,"minY":-29.086419},"result":"Butha-Buthe, Lesotho"}