{"bounds":{"maxX":28.79357,"maxY":-28.689711,"minX":27.64791,"minY":-29.3706},"result":"Leribe, Lesotho"}