{"bounds":{"maxX":28.294421,"maxY":-28.946501,"minX":27.51129,"minY":-29.39676},"result":"Berea, Lesotho"}