{"bounds":{"maxX":28.31474,"maxY":-29.52263,"minX":27.02907,"minY":-30.056859},"result":"Mafeteng, Lesotho"}