{"bounds":{"maxX":28.595051,"maxY":-29.786962,"minX":27.188379,"minY":-30.412411},"result":"Mohale's Hoek, Lesotho"}