{"bounds":{"maxX":28.37296,"maxY":-30.02189,"minX":27.567051,"minY":-30.66896},"result":"Quthing, Lesotho"}