{"bounds":{"maxX":29.174771,"maxY":-29.70943,"minX":28.22529,"minY":-30.166791},"result":"Qacha's Nek, Lesotho"}