{"bounds":{"maxX":29.46576,"maxY":-28.7513499999999,"minX":28.557329,"minY":-29.58137},"result":"Mokhotlong, Lesotho"}