{"bounds":{"maxX":29.332139,"maxY":-29.119601,"minX":28.09321,"minY":-29.8977599999999},"result":"Thaba-Tseka, Lesotho"}