{"bounds":{"maxX":29.46576,"maxY":-28.572059,"minX":27.02907,"minY":-30.66896},"result":"Lesotho"}