{"bounds":{"maxX":25.037377,"maxY":54.570527,"minX":23.309851,"minY":53.890107},"result":"Alytaus Apskritis, Lithuania"}