{"bounds":{"maxX":24.841875,"maxY":55.57156,"minX":22.660592,"minY":54.462159},"result":"Kauno Apskritis, Lithuania"}