{"bounds":{"maxX":22.293405,"maxY":56.385549,"minX":20.950595,"minY":55.025695},"result":"Klaipedos Apskritis, Lithuania"}