{"bounds":{"maxX":23.789461,"maxY":55.108592,"minX":22.588179,"minY":54.241276},"result":"Marijampoles Apskritis, Lithuania"}