{"bounds":{"maxX":26.052919,"maxY":56.447028,"minX":23.882992,"minY":55.397461},"result":"Panevežio Apskritis, Lithuania"}