{"bounds":{"maxX":24.187277,"maxY":56.415218,"minX":22.401957,"minY":55.463989},"result":"Šiauliu Apskritis, Lithuania"}