{"bounds":{"maxX":23.493151,"maxY":55.679447,"minX":21.823397,"minY":55.049594},"result":"Taurages Apskritis, Lithuania"}