{"bounds":{"maxX":22.743345,"maxY":56.427975,"minX":21.517295,"minY":55.595454},"result":"Telšiu Apskritis, Lithuania"}