{"bounds":{"maxX":26.847222,"maxY":55.938603,"minX":24.650587,"minY":55.03669},"result":"Utenos Apskritis, Lithuania"}