{"bounds":{"maxX":26.817489,"maxY":55.52855,"minX":24.388288,"minY":54.132504},"result":"Vilniaus Apskritis, Lithuania"}