{"bounds":{"maxX":26.847222,"maxY":56.447028,"minX":20.950595,"minY":53.890107},"result":"Lithuania"}