{"bounds":{"maxX":6.31687600000004,"maxY":50.181621,"minX":5.74414000000002,"minY":49.703743},"result":"Diekirch, Luxembourg"}