{"bounds":{"maxX":6.52825200000001,"maxY":49.854031,"minX":6.17123400000003,"minY":49.464194},"result":"Grevenmacher , Luxembourg"}