{"bounds":{"maxX":6.30770900000005,"maxY":49.827292,"minX":5.82066200000003,"minY":49.448372},"result":"Luxemburg, Luxembourg"}