{"bounds":{"maxX":6.52825200000001,"maxY":50.181621,"minX":5.74414000000002,"minY":49.448372},"result":"Luxembourg"}