{"bounds":{"maxX":23.139723,"maxY":57.759029,"minX":22.085452,"minY":57.012776},"result":"Roja, Latvia"}