{"bounds":{"maxX":27.007478,"maxY":56.21519,"minX":25.811585,"minY":55.663719},"result":"Daugavpils City, Latvia"}