{"bounds":{"maxX":24.128125,"maxY":56.9008,"minX":23.398022,"minY":56.324361},"result":"Jelgava City, Latvia"}