{"bounds":{"maxX":22.045952,"maxY":56.984585,"minX":20.97139,"minY":56.064327},"result":"Liepaja City, Latvia"}