{"bounds":{"maxX":27.724052,"maxY":56.83424,"minX":26.727771,"minY":56.173099},"result":"Rezekne City, Latvia"}