{"bounds":{"maxX":25.553704,"maxY":57.98676,"minX":22.44494,"minY":56.545006},"result":"Riga City, Latvia"}