{"bounds":{"maxX":22.318028,"maxY":57.661805,"minX":21.353079,"minY":56.94617},"result":"Ventspils City, Latvia"}