{"bounds":{"maxX":28.24051,"maxY":58.081226,"minX":20.97139,"minY":55.663719},"result":"Latvia"}