{"bounds":{"maxX":21.000122,"maxY":31.203674,"minX":18.50708,"minY":28.000122},"result":"Ajdabiya, Libya"}