{"bounds":{"maxX":20.505493,"maxY":32.400848,"minX":20.116225,"minY":32.104309},"result":"Banghazi, Libya"}