{"bounds":{"maxX":15.334473,"maxY":31.865906,"minX":13.25592,"minY":30.399292},"result":"Bani Walid, Libya"}