{"bounds":{"maxX":25.148471,"maxY":32.214583,"minX":22.94928,"minY":27.999512},"result":"Al Butnan, Libya"}