{"bounds":{"maxX":23.246438,"maxY":32.874863,"minX":22.313721,"minY":32.106506},"result":"Darnah, Libya"}