{"bounds":{"maxX":13.25592,"maxY":32.156311,"minX":12.430725,"minY":31.400879},"result":"Gharyan, Libya"}