{"bounds":{"maxX":12.121521,"maxY":27.821747,"minX":9.39959300000004,"minY":24.199551},"result":"Ghat, Libya"}