{"bounds":{"maxX":11.974304,"maxY":31.47449,"minX":9.39172300000001,"minY":28.617493},"result":"Ghadamis, Libya"}