{"bounds":{"maxX":21.32373,"maxY":32.547916,"minX":19.920972,"minY":30.942505},"result":"Al hizam al Akhdar, Libya"}