{"bounds":{"maxX":20.000122,"maxY":29.966675,"minX":14.274902,"minY":26.977905},"result":"Al Jufrah, Libya"}