{"bounds":{"maxX":22.005127,"maxY":32.940971,"minX":21.316711,"minY":31.170898},"result":"Al Jabal al Akhdar, Libya"}