{"bounds":{"maxX":13.178284,"maxY":32.537476,"minX":12.558105,"minY":32.036499},"result":"Al Jifarah, Libya"}