{"bounds":{"maxX":24.999999,"maxY":28.000122,"minX":20.000122,"minY":19.508173},"result":"Al Kufrah, Libya"}