{"bounds":{"maxX":15.364306,"maxY":32.450139,"minX":14.505127,"minY":31.851318},"result":"Misratah, Libya"}