{"bounds":{"maxX":20.000122,"maxY":27.000122,"minX":11.312317,"minY":21.544922},"result":"Murzuq, Libya"}