{"bounds":{"maxX":21.694275,"maxY":32.777893,"minX":20.580688,"minY":31.102478},"result":"Al Marj, Libya"}