{"bounds":{"maxX":14.832886,"maxY":31.508728,"minX":11.53949,"minY":28.414673},"result":"Mizdah, Libya"}