{"bounds":{"maxX":14.744324,"maxY":32.802639,"minX":13.44812,"minY":32.081909},"result":"Al Marqab, Libya"}