{"bounds":{"maxX":12.253296,"maxY":33.165416,"minX":11.488797,"minY":32.071899},"result":"An Nuqat al Khams, Libya"}