{"bounds":{"maxX":12.414673,"maxY":32.401299,"minX":10.137505,"minY":30.858093},"result":"Nalut, Libya"}