{"bounds":{"maxX":23.187927,"maxY":32.938473,"minX":21.919312,"minY":30.975281},"result":"Al Qubbah, Libya"}