{"bounds":{"maxX":12.655083,"maxY":32.867916,"minX":12.178711,"minY":32.455322},"result":"Sabratah Surman, Libya"}