{"bounds":{"maxX":18.795139,"maxY":31.950204,"minX":14.731506,"minY":28.501526},"result":"Surt, Libya"}