{"bounds":{"maxX":15.763672,"maxY":29.513672,"minX":9.83354500000002,"minY":26.215271},"result":"Ash Shati', Libya"}