{"bounds":{"maxX":15.999329,"maxY":27.743103,"minX":13.907288,"minY":26.230286},"result":"Sabha, Libya"}