{"bounds":{"maxX":13.619497,"maxY":32.916527,"minX":13.178284,"minY":32.499084},"result":"Tajura wa al Nawahi AlArba', Libya"}