{"bounds":{"maxX":13.216528,"maxY":32.921528,"minX":12.95813,"minY":32.536682},"result":"Tarabulus, Libya"}