{"bounds":{"maxX":14.669128,"maxY":32.537476,"minX":13.13208,"minY":31.49353},"result":"Tarhunah-Masallatah, Libya"}