{"bounds":{"maxX":14.165894,"maxY":27.303894,"minX":11.757324,"minY":25.57428},"result":"Wadi al Hayat, Libya"}