{"bounds":{"maxX":22.999878,"maxY":31.235291,"minX":20.999329,"minY":28.000122},"result":"Al Wahah, Libya"}