{"bounds":{"maxX":12.65448,"maxY":32.474121,"minX":11.798523,"minY":31.297913},"result":"Yafran-Jadu, Libya"}