{"bounds":{"maxX":12.964893,"maxY":32.826249,"minX":12.619324,"minY":32.474121},"result":"Az Zawiyah, Libya"}