{"bounds":{"maxX":25.148471,"maxY":33.165416,"minX":9.39172300000001,"minY":19.508173},"result":"Libya"}