{"bounds":{"maxX":-4.45263899999998,"maxY":35.922638,"minX":-6.25013899999999,"minY":34.714576},"result":"Tanger-Tétouan, Morocco"}