{"bounds":{"maxX":-2.96907399999998,"maxY":34.325427,"minX":-5.43361699999997,"minY":32.623821},"result":"Fès-Boulemane, Morocco"}