{"bounds":{"maxX":-5.99992499999996,"maxY":33.830418,"minX":-8.12316599999997,"minY":32.349264},"result":"Chaouia-Ouardigha, Morocco"}