{"bounds":{"maxX":-0.997405999999955,"maxY":35.44014,"minX":-4.05911799999996,"minY":31.709694},"result":"L'Oriental, Morocco"}