{"bounds":{"maxX":-7.34558799999996,"maxY":33.734306,"minX":-7.894856,"minY":33.319427},"result":"Grand Casablanca, Morocco"}