{"bounds":{"maxX":-5.74472499999996,"maxY":34.187363,"minX":-7.12680599999999,"minY":33.142079},"result":"Rabat-Salé-Zemmour-Zaer, Morocco"}