{"bounds":{"maxX":-2.94590799999997,"maxY":35.262085,"minX":-5.48877899999997,"minY":33.569397},"result":"Taza-Al Hoceima-Taounate, Morocco"}