{"bounds":{"maxX":-3.24398299999996,"maxY":34.268014,"minX":-6.39784799999995,"minY":30.00613},"result":"Meknès-Tafilalet, Morocco"}