{"bounds":{"maxX":-5.146658,"maxY":34.988031,"minX":-6.71186399999999,"minY":34.095649},"result":"Gharb-Chrarda-Beni Hssen, Morocco"}