{"bounds":{"maxX":-7.932389,"maxY":33.458473,"minX":-9.43541599999998,"minY":31.693798},"result":"Doukkala-Abda, Morocco"}