{"bounds":{"maxX":-5.50070599999998,"maxY":32.765398,"minX":-7.26640699999996,"minY":31.356558},"result":"Tadla-Azilal, Morocco"}