{"bounds":{"maxX":-5.11764099999999,"maxY":32.034193,"minX":-10.439819,"minY":29.031869},"result":"Sous-Massa-Draa, Morocco"}