{"bounds":{"maxX":-6.97568999999999,"maxY":32.815728,"minX":-9.84235999999999,"minY":30.809194},"result":"Marrakech-Tensift-Al Haouz, Morocco"}