{"bounds":{"maxX":-6.374503,"maxY":30.412506,"minX":-11.775223,"minY":27.670074},"result":"Guelmim-Es Smara, Morocco"}