{"bounds":{"maxX":-0.997405999999955,"maxY":35.922638,"minX":-13.167915,"minY":27.670074},"result":"Morocco"}