{"bounds":{"maxX":7.44220799999999,"maxY":43.763096,"minX":7.37125800000001,"minY":43.717629},"result":"Monaco"}