{"bounds":{"maxX":28.059217,"maxY":47.816197,"minX":27.848413,"minY":47.708706},"result":"Balti, Moldova"}