{"bounds":{"maxX":28.549921,"maxY":46.114013,"minX":28.086737,"minY":45.460106},"result":"Cahul, Moldova"}