{"bounds":{"maxX":27.563983,"maxY":48.302899,"minX":27.040505,"minY":47.941825},"result":"Edinet, Moldova"}