{"bounds":{"maxX":29.110764,"maxY":47.600789,"minX":28.520135,"minY":47.198699},"result":"Orhei, Moldova"}