{"bounds":{"maxX":28.546507,"maxY":48.327462,"minX":27.949711,"minY":47.984768},"result":"Soroca, Moldova"}