{"bounds":{"maxX":29.057644,"maxY":46.240956,"minX":28.391656,"minY":45.73383},"result":"Taraclia, Moldova"}