{"bounds":{"maxX":28.225799,"maxY":47.467706,"minX":27.594278,"minY":47.0229},"result":"Ungheni, Moldova"}