{"bounds":{"maxX":29.522003,"maxY":48.327462,"minX":27.040505,"minY":45.460106},"result":"Moldova"}