{"bounds":{"maxX":18.69405,"maxY":42.604126,"minX":18.458923,"minY":42.361525},"result":"Herceg-Novi, Montenegro"}