{"bounds":{"maxX":19.005676,"maxY":42.359043,"minX":18.799927,"minY":42.171806},"result":"Budva, Montenegro"}