{"bounds":{"maxX":19.303124,"maxY":42.75023,"minX":18.950544,"minY":42.474541},"result":"Danilovgrad, Montenegro"}