{"bounds":{"maxX":19.38622,"maxY":42.314979,"minX":18.933129,"minY":42.005677},"result":"Bar, Montenegro"}