{"bounds":{"maxX":19.66648,"maxY":42.922722,"minX":19.199204,"minY":42.6433},"result":"Kolašin, Montenegro"}