{"bounds":{"maxX":20.026305,"maxY":43.223401,"minX":19.456177,"minY":42.896222},"result":"Bijelo Polje, Montenegro"}