{"bounds":{"maxX":19.88767,"maxY":42.821469,"minX":19.621289,"minY":42.593213},"result":"Andrijevica, Montenegro"}