{"bounds":{"maxX":20.121502,"maxY":42.993304,"minX":19.657265,"minY":42.677402},"result":"Berane, Montenegro"}