{"bounds":{"maxX":19.153373,"maxY":42.7122,"minX":18.672309,"minY":42.275504},"result":"Cetinje, Montenegro"}