{"bounds":{"maxX":19.044841,"maxY":43.36816,"minX":18.656239,"minY":42.929912},"result":"Plužine, Montenegro"}