{"bounds":{"maxX":19.564593,"maxY":43.562641,"minX":18.922884,"minY":43.032665},"result":"Pljevlja, Montenegro"}