{"bounds":{"maxX":19.685328,"maxY":43.036015,"minX":19.334084,"minY":42.871646},"result":"Mojkovac, Montenegro"}