{"bounds":{"maxX":18.813294,"maxY":42.627334,"minX":18.568909,"minY":42.266805},"result":"Kotor, Montenegro"}