{"bounds":{"maxX":20.071591,"maxY":42.699207,"minX":19.74365,"minY":42.467553},"result":"Plav, Montenegro"}