{"bounds":{"maxX":19.232813,"maxY":43.11403,"minX":18.484723,"minY":42.603264},"result":"Nikšic´, Montenegro"}