{"bounds":{"maxX":19.376911,"maxY":43.096592,"minX":18.947255,"minY":42.846902},"result":"Šavnik, Montenegro"}