{"bounds":{"maxX":18.74768,"maxY":42.476806,"minX":18.642083,"minY":42.356322},"result":"Tivat, Montenegro"}