{"bounds":{"maxX":19.646594,"maxY":42.723774,"minX":18.968754,"minY":42.181302},"result":"Podgorica, Montenegro"}