{"bounds":{"maxX":20.317647,"maxY":42.959972,"minX":20.000348,"minY":42.736683},"result":"Rožaje, Montenegro"}