{"bounds":{"maxX":19.409721,"maxY":43.26474,"minX":19.011832,"minY":42.975456},"result":"Žabljak, Montenegro"}