{"bounds":{"maxX":19.400435,"maxY":42.112955,"minX":19.137877,"minY":41.847915},"result":"Ulcinj, Montenegro"}