{"bounds":{"maxX":20.317647,"maxY":43.562641,"minX":18.458923,"minY":41.847915},"result":"Montenegro"}