{"bounds":{"maxX":-62.9695819999999,"maxY":18.125972,"minX":-63.1537529999999,"minY":17.99986},"result":"Saint Martin (French part)"}