{"bounds":{"maxX":50.068935,"maxY":-14.805745,"minX":47.665287,"minY":-20.462585},"result":"Toamasina, Madagascar"}