{"bounds":{"maxX":50.486527,"maxY":-11.94875,"minX":47.803749,"minY":-16.012082},"result":"Antsiranana, Madagascar"}