{"bounds":{"maxX":48.597085,"maxY":-19.880165,"minX":44.978095,"minY":-24.295783},"result":"Fianarantsoa, Madagascar"}