{"bounds":{"maxX":49.478771,"maxY":-13.876211,"minX":43.745418,"minY":-19.31367},"result":"Mahajanga, Madagascar"}