{"bounds":{"maxX":48.037017,"maxY":-17.707028,"minX":45.466015,"minY":-20.2822159999999},"result":"Antananarivo, Madagascar"}