{"bounds":{"maxX":47.415139,"maxY":-18.1846389999999,"minX":43.188194,"minY":-25.60625},"result":"Toliara, Madagascar"}