{"bounds":{"maxX":50.486527,"maxY":-11.94875,"minX":43.188194,"minY":-25.60625},"result":"Madagascar"}