{"bounds":{"maxX":172.172606,"maxY":14.723188,"minX":160.795273,"minY":4.57250100000005},"result":"Marshall Islands"}