{"bounds":{"maxX":21.861506,"maxY":41.91164,"minX":21.569975,"minY":41.601944},"result":"Veles, North Macedonia"}