{"bounds":{"maxX":22.013978,"maxY":41.834984,"minX":21.815999,"minY":41.645973},"result":"Lozovo, North Macedonia"}