{"bounds":{"maxX":22.031956,"maxY":41.720359,"minX":21.771804,"minY":41.487903},"result":"Gradsko, North Macedonia"}