{"bounds":{"maxX":22.349111,"maxY":41.48935,"minX":22.083102,"minY":41.276889},"result":"Demir Kapija, North Macedonia"}