{"bounds":{"maxX":22.302653,"maxY":41.50473,"minX":21.772025,"minY":41.102581},"result":"Kavadarci, North Macedonia"}