{"bounds":{"maxX":21.816083,"maxY":41.744618,"minX":21.371681,"minY":41.425865},"result":"Čaška, North Macedonia"}