{"bounds":{"maxX":21.984734,"maxY":41.555985,"minX":21.809783,"minY":41.430407},"result":"Rosoman, North Macedonia"}