{"bounds":{"maxX":22.098614,"maxY":42.001771,"minX":21.803215,"minY":41.71857},"result":"Sveti Nikole, North Macedonia"}