{"bounds":{"maxX":22.300071,"maxY":41.653535,"minX":21.978651,"minY":41.348557},"result":"Negotino, North Macedonia"}