{"bounds":{"maxX":23.006134,"maxY":41.865492,"minX":22.757589,"minY":41.67985},"result":"PehÄevo, North Macedonia"}