{"bounds":{"maxX":22.874384,"maxY":42.06906,"minX":22.60383,"minY":41.787776},"result":"Delčevo, North Macedonia"}