{"bounds":{"maxX":22.981708,"maxY":41.807221,"minX":22.620467,"minY":41.517097},"result":"Berovo, North Macedonia"}