{"bounds":{"maxX":22.391061,"maxY":41.950417,"minX":22.188161,"minY":41.788681},"result":"Češinovo-Obleševo, North Macedonia"}