{"bounds":{"maxX":22.449065,"maxY":41.869533,"minX":22.356475,"minY":41.789353},"result":"Zrnovci, North Macedonia"}