{"bounds":{"maxX":22.446688,"maxY":41.865756,"minX":22.122877,"minY":41.708656},"result":"Karbinci, North Macedonia"}