{"bounds":{"maxX":22.401064,"maxY":41.868808,"minX":21.936827,"minY":41.542014},"result":"Štip, North Macedonia"}