{"bounds":{"maxX":22.626523,"maxY":42.143907,"minX":22.416982,"minY":41.940109},"result":"Makedonska Kamenica, North Macedonia"}