{"bounds":{"maxX":22.713148,"maxY":41.987164,"minX":22.435281,"minY":41.727176},"result":"Vinica, North Macedonia"}