{"bounds":{"maxX":22.517744,"maxY":42.101891,"minX":22.256113,"minY":41.846801},"result":"Kočani, North Macedonia"}