{"bounds":{"maxX":22.336795,"maxY":42.05196,"minX":22.0113,"minY":41.844276},"result":"Probištip, North Macedonia"}