{"bounds":{"maxX":21.00528,"maxY":41.551099,"minX":20.896974,"minY":41.46933},"result":"Kičevo, North Macedonia"}