{"bounds":{"maxX":20.760253,"maxY":41.42808,"minX":20.494883,"minY":41.085346},"result":"Struga, North Macedonia"}