{"bounds":{"maxX":21.031545,"maxY":41.428748,"minX":20.687382,"minY":41.170987},"result":"Debarca, North Macedonia"}