{"bounds":{"maxX":20.728933,"maxY":41.580749,"minX":20.455767,"minY":41.424958},"result":"Debar, North Macedonia"}