{"bounds":{"maxX":21.195219,"maxY":41.480628,"minX":21.039376,"minY":41.405082},"result":"Plasnica, North Macedonia"}