{"bounds":{"maxX":21.396713,"maxY":41.839916,"minX":21.030018,"minY":41.429145},"result":"Makedonski Brod, North Macedonia"}