{"bounds":{"maxX":20.678377,"maxY":41.524814,"minX":20.499994,"minY":41.402675},"result":"Centar Župa, North Macedonia"}