{"bounds":{"maxX":20.643824,"maxY":41.263655,"minX":20.520413,"minY":41.224599},"result":"VevÄani, North Macedonia"}