{"bounds":{"maxX":21.039356,"maxY":41.250912,"minX":20.737523,"minY":40.899924},"result":"Ohrid, North Macedonia"}