{"bounds":{"maxX":22.952551,"maxY":41.521402,"minX":22.786284,"minY":41.338551},"result":"Novo Selo, North Macedonia"}