{"bounds":{"maxX":22.763618,"maxY":41.448654,"minX":22.324449,"minY":41.213028},"result":"Valandovo, North Macedonia"}