{"bounds":{"maxX":22.644528,"maxY":41.770427,"minX":22.291267,"minY":41.507381},"result":"Radoviš, North Macedonia"}