{"bounds":{"maxX":22.663591,"maxY":41.253068,"minX":22.504623,"minY":41.119709},"result":"Bogdanci, North Macedonia"}