{"bounds":{"maxX":22.732102,"maxY":41.634137,"minX":22.499682,"minY":41.456734},"result":"Vasilevo, North Macedonia"}