{"bounds":{"maxX":22.592167,"maxY":41.378067,"minX":22.208242,"minY":41.119962},"result":"Gevgelija, North Macedonia"}