{"bounds":{"maxX":22.795694,"maxY":41.490955,"minX":22.4455,"minY":41.311295},"result":"Strumica, North Macedonia"}