{"bounds":{"maxX":22.85948,"maxY":41.569478,"minX":22.67364,"minY":41.391621},"result":"Bosilovo, North Macedonia"}