{"bounds":{"maxX":22.761006,"maxY":41.294193,"minX":22.566379,"minY":41.146557},"result":"Dojran, North Macedonia"}