{"bounds":{"maxX":22.50899,"maxY":41.59879,"minX":22.259183,"minY":41.422989},"result":"Konče, North Macedonia"}