{"bounds":{"maxX":21.334622,"maxY":41.472606,"minX":21.131036,"minY":41.210286},"result":"Kruševo, North Macedonia"}