{"bounds":{"maxX":21.599355,"maxY":41.263176,"minX":21.303193,"minY":41.077385},"result":"Mogila, North Macedonia"}