{"bounds":{"maxX":21.903248,"maxY":41.161091,"minX":21.421391,"minY":40.869861},"result":"Novaci, North Macedonia"}