{"bounds":{"maxX":21.602706,"maxY":41.592976,"minX":21.258713,"minY":41.350845},"result":"Dolneni, North Macedonia"}