{"bounds":{"maxX":21.427791,"maxY":41.387528,"minX":21.308601,"minY":41.246217},"result":"Krivogaštani, North Macedonia"}