{"bounds":{"maxX":21.293359,"maxY":41.386707,"minX":20.954328,"minY":41.12589},"result":"Demir Hisar, North Macedonia"}