{"bounds":{"maxX":21.927622,"maxY":41.474032,"minX":21.363406,"minY":41.060611},"result":"Prilep, North Macedonia"}