{"bounds":{"maxX":21.261104,"maxY":41.213691,"minX":20.814403,"minY":40.85529},"result":"Resen, North Macedonia"}