{"bounds":{"maxX":21.511185,"maxY":41.219918,"minX":21.07385,"minY":40.863746},"result":"Bitola, North Macedonia"}