{"bounds":{"maxX":21.183787,"maxY":41.966941,"minX":20.948341,"minY":41.777362},"result":"Brvenica, North Macedonia"}