{"bounds":{"maxX":21.079045,"maxY":41.849552,"minX":20.600221,"minY":41.624546},"result":"Gostivar, North Macedonia"}