{"bounds":{"maxX":21.240861,"maxY":42.007491,"minX":21.014641,"minY":41.817227},"result":"Želino, North Macedonia"}