{"bounds":{"maxX":21.227569,"maxY":42.197029,"minX":21.028705,"minY":41.98135},"result":"Jegunovce, North Macedonia"}