{"bounds":{"maxX":21.048069,"maxY":42.117505,"minX":20.733209,"minY":41.9435},"result":"Tetovo, North Macedonia"}