{"bounds":{"maxX":20.897409,"maxY":41.787391,"minX":20.518572,"minY":41.473545},"result":"Mavrovo i Rostuše, North Macedonia"}