{"bounds":{"maxX":21.131305,"maxY":42.162005,"minX":20.900787,"minY":42.013859},"result":"Tearce, North Macedonia"}