{"bounds":{"maxX":20.987565,"maxY":41.988335,"minX":20.748201,"minY":41.873344},"result":"Bogovinje, North Macedonia"}