{"bounds":{"maxX":20.955889,"maxY":41.918803,"minX":20.743075,"minY":41.804482},"result":"Vrapčište, North Macedonia"}