{"bounds":{"maxX":22.051529,"maxY":42.320385,"minX":21.749518,"minY":42.097447},"result":"Staro NagoriÄane, North Macedonia"}