{"bounds":{"maxX":22.354271,"maxY":42.164638,"minX":21.921803,"minY":41.990159},"result":"Kratovo, North Macedonia"}