{"bounds":{"maxX":21.686172,"maxY":42.260537,"minX":21.476986,"minY":42.036031},"result":"Lipkovo, North Macedonia"}