{"bounds":{"maxX":22.213995,"maxY":42.300082,"minX":22.021593,"minY":42.089344},"result":"Rankovce, North Macedonia"}