{"bounds":{"maxX":22.497962,"maxY":42.338593,"minX":22.100795,"minY":42.094529},"result":"Kriva Palanka, North Macedonia"}