{"bounds":{"maxX":21.986211,"maxY":42.248528,"minX":21.598485,"minY":41.941998},"result":"Kumanovo, North Macedonia"}