{"bounds":{"maxX":21.515759,"maxY":42.224315,"minX":21.299628,"minY":41.999644},"result":"Čučer-Sandevo, North Macedonia"}