{"bounds":{"maxX":21.438373,"maxY":41.994303,"minX":21.405125,"minY":41.955649},"result":"Centar, North Macedonia"}