{"bounds":{"maxX":21.359928,"maxY":42.100521,"minX":21.138307,"minY":41.877726},"result":"Saraj, North Macedonia"}