{"bounds":{"maxX":21.447419,"maxY":41.948464,"minX":21.216636,"minY":41.724332},"result":"Sopište, North Macedonia"}