{"bounds":{"maxX":21.554292,"maxY":41.983779,"minX":21.43224,"minY":41.918744},"result":"Aerodrom, North Macedonia"}