{"bounds":{"maxX":21.688274,"maxY":42.040097,"minX":21.530313,"minY":41.919708},"result":"Ilinden, North Macedonia"}