{"bounds":{"maxX":21.42594,"maxY":42.052554,"minX":21.388576,"minY":42.007314},"result":"Šuto Orizari, North Macedonia"}