{"bounds":{"maxX":21.429717,"maxY":42.029129,"minX":21.358031,"minY":41.945442},"result":"Karpoš, North Macedonia"}