{"bounds":{"maxX":21.445844,"maxY":42.005757,"minX":21.426916,"minY":41.982827},"result":"Čair, North Macedonia"}