{"bounds":{"maxX":21.633551,"maxY":42.070313,"minX":21.538742,"minY":41.985755},"result":"Aračinovo, North Macedonia"}