{"bounds":{"maxX":21.582873,"maxY":42.101709,"minX":21.444367,"minY":41.910191},"result":"Gazi Baba, North Macedonia"}