{"bounds":{"maxX":21.812881,"maxY":41.983811,"minX":21.566834,"minY":41.802251},"result":"Petrovec, North Macedonia"}