{"bounds":{"maxX":21.536132,"maxY":41.971864,"minX":21.427294,"minY":41.890435},"result":"Kisela Voda, North Macedonia"}