{"bounds":{"maxX":21.586428,"maxY":41.928367,"minX":21.332067,"minY":41.660586},"result":"StudeniÄani, North Macedonia"}