{"bounds":{"maxX":21.359271,"maxY":42.098632,"minX":21.24123,"minY":41.984887},"result":"Gjorče Petrov, North Macedonia"}