{"bounds":{"maxX":21.637175,"maxY":41.894932,"minX":21.466568,"minY":41.740317},"result":"Zelenikovo, North Macedonia"}