{"bounds":{"maxX":23.006134,"maxY":42.338593,"minX":20.455767,"minY":40.85529},"result":"North Macedonia"}