{"bounds":{"maxX":-8.12828500000001,"maxY":15.692279,"minX":-12.242609,"minY":11.893001},"result":"Kayes, Mali"}