{"bounds":{"maxX":-5.95554699999997,"maxY":15.49968,"minX":-9.13496399999997,"minY":11.44332},"result":"Koulikoro, Mali"}