{"bounds":{"maxX":-4.39345799999995,"maxY":12.820436,"minX":-8.68235599999997,"minY":10.159511},"result":"Sikasso, Mali"}