{"bounds":{"maxX":-3.95833099999999,"maxY":15.551256,"minX":-7.08192599999995,"minY":12.552222},"result":"Ségou, Mali"}