{"bounds":{"maxX":-0.746055999999953,"maxY":15.891828,"minX":-5.66017499999998,"minY":13.15793},"result":"Mopti, Mali"}