{"bounds":{"maxX":-0.00627699999995457,"maxY":25.0,"minX":-6.56440499999997,"minY":15.065904},"result":"Tombouctou, Mali"}