{"bounds":{"maxX":4.24163800000002,"maxY":19.039993,"minX":-1.70342099999999,"minY":14.945825},"result":"Gao, Mali"}