{"bounds":{"maxX":4.24496800000003,"maxY":21.873172,"minX":-2.04144199999996,"minY":17.710091},"result":"Kidal, Mali"}