{"bounds":{"maxX":-7.90700199999998,"maxY":12.711892,"minX":-8.07359599999995,"minY":12.509215},"result":"Bamako, Mali"}