{"bounds":{"maxX":4.24496800000003,"maxY":25.0,"minX":-12.242609,"minY":10.159511},"result":"Mali"}