{"bounds":{"maxX":96.815003,"maxY":17.763049,"minX":95.688873,"minY":16.309362},"result":"Yangon, Myanmar"}