{"bounds":{"maxX":96.079391,"maxY":18.47194,"minX":94.191428,"minY":15.708431},"result":"Ayeyarwady, Myanmar"}