{"bounds":{"maxX":97.234145,"maxY":19.488049,"minX":94.715554,"minY":16.772951},"result":"Bago, Myanmar"}