{"bounds":{"maxX":97.054283,"maxY":27.3718122877692,"minX":93.988312,"minY":21.595381},"result":"Sagaing, Myanmar"}