{"bounds":{"maxX":95.858598,"maxY":22.716659,"minX":93.89943,"minY":18.810551},"result":"Magway, Myanmar"}