{"bounds":{"maxX":99.664773,"maxY":15.10222,"minX":97.433328,"minY":8.82444500000003},"result":"Tanintharyi, Myanmar"}