{"bounds":{"maxX":96.889159,"maxY":23.637359,"minX":94.83249,"minY":19.413879},"result":"Mandalay, Myanmar"}