{"bounds":{"maxX":98.93258,"maxY":19.495801,"minX":96.39914,"minY":15.218592},"result":"Kayin, Myanmar"}