{"bounds":{"maxX":94.909149,"maxY":21.473525,"minX":92.189278,"minY":17.363332},"result":"Rakhine, Myanmar"}