{"bounds":{"maxX":101.176781,"maxY":24.155031,"minX":96.157486,"minY":19.29009},"result":"Shan, Myanmar"}