{"bounds":{"maxX":98.234574,"maxY":17.711381,"minX":96.875908,"minY":14.884191},"result":"Mon, Myanmar"}