{"bounds":{"maxX":97.889052,"maxY":19.991661,"minX":96.834428,"minY":18.487591},"result":"Kayah, Myanmar"}