{"bounds":{"maxX":98.78279,"maxY":28.54326,"minX":95.838592,"minY":23.64277},"result":"Kachin, Myanmar"}