{"bounds":{"maxX":94.170533,"maxY":24.1087355149546,"minX":92.601241,"minY":20.64611},"result":"Chin, Myanmar"}