{"bounds":{"maxX":101.176781,"maxY":28.54326,"minX":92.189278,"minY":8.82444500000003},"result":"Myanmar"}