{"bounds":{"maxX":106.803894,"maxY":49.823548,"minX":105.808417,"minY":49.087348},"result":"Darhan uul, Mongolia"}