{"bounds":{"maxX":104.653283,"maxY":47.413289,"minX":101.136322,"minY":44.048863},"result":"Övörhangay, Mongolia"}