{"bounds":{"maxX":108.03369,"maxY":45.202245,"minX":99.417008,"minY":41.567689},"result":"Ömnögovi, Mongolia"}