{"bounds":{"maxX":104.76046,"maxY":50.416305,"minX":101.632462,"minY":47.250622},"result":"Bulgan, Mongolia"}