{"bounds":{"maxX":109.003907,"maxY":46.980353,"minX":107.956788,"minY":45.90874},"result":"Govi-Sümber, Mongolia"}