{"bounds":{"maxX":98.467399,"maxY":47.783544,"minX":93.079529,"minY":42.706135},"result":"Govi-Altay, Mongolia"}