{"bounds":{"maxX":116.548448,"maxY":47.793868,"minX":111.167098,"minY":44.743958},"result":"Sühbaatar, Mongolia"}