{"bounds":{"maxX":94.41252,"maxY":48.968842,"minX":90.663696,"minY":45.000122},"result":"Hovd, Mongolia"}