{"bounds":{"maxX":112.694053,"maxY":49.406735,"minX":108.351983,"minY":46.059845},"result":"Hentiy, Mongolia"}