{"bounds":{"maxX":95.725991,"maxY":50.894646,"minX":89.989509,"minY":48.424298},"result":"Uvs, Mongolia"}