{"bounds":{"maxX":102.784729,"maxY":52.154297,"minX":96.875489,"minY":48.235275},"result":"Hövsgöl, Mongolia"}