{"bounds":{"maxX":108.653,"maxY":46.774472,"minX":103.615212,"minY":44.177429},"result":"Dundgovi, Mongolia"}