{"bounds":{"maxX":109.038757,"maxY":49.125305,"minX":104.068596,"minY":46.38046},"result":"Töv, Mongolia"}