{"bounds":{"maxX":103.677711,"maxY":49.204927,"minX":98.173393,"minY":46.823547},"result":"Arhangay, Mongolia"}