{"bounds":{"maxX":119.924301,"maxY":50.282894,"minX":111.965721,"minY":46.230308},"result":"Dornod, Mongolia"}