{"bounds":{"maxX":108.573914,"maxY":50.480529,"minX":104.349303,"minY":48.504783},"result":"Selenge, Mongolia"}