{"bounds":{"maxX":99.215377,"maxY":50.041321,"minX":93.182357,"minY":46.574553},"result":"Dzavhan, Mongolia"}