{"bounds":{"maxX":91.927123,"maxY":50.005108,"minX":87.749656,"minY":46.541686},"result":"Bayan-Ölgiy, Mongolia"}