{"bounds":{"maxX":104.570441,"maxY":49.131591,"minX":104.00071,"minY":48.899174},"result":"Orhon, Mongolia"}