{"bounds":{"maxX":112.015687,"maxY":46.623979,"minX":107.647224,"minY":42.38733},"result":"Dornogovi, Mongolia"}