{"bounds":{"maxX":101.807892,"maxY":47.721683,"minX":97.567687,"minY":42.570085},"result":"Bayanhongor, Mongolia"}