{"bounds":{"maxX":108.45343,"maxY":48.257157,"minX":106.356383,"minY":47.563172},"result":"Ulaanbaatar, Mongolia"}