{"bounds":{"maxX":119.924301,"maxY":52.154297,"minX":87.749656,"minY":41.567689},"result":"Mongolia"}