{"bounds":{"maxX":113.598747,"maxY":22.216485,"minX":113.529037,"minY":22.10903},"result":"Macau"}