{"bounds":{"maxX":146.06604,"maxY":20.554999,"minX":144.884994,"minY":16.004723},"result":"Northern Islands, Northern Mariana Islands"}