{"bounds":{"maxX":145.292221,"maxY":14.201389,"minX":145.120561,"minY":14.11},"result":"Rota, Northern Mariana Islands"}