{"bounds":{"maxX":145.831742,"maxY":15.291112,"minX":145.689438,"minY":15.090833},"result":"Saipan, Northern Mariana Islands"}