{"bounds":{"maxX":145.673889,"maxY":15.10139,"minX":145.536865,"minY":14.840001},"result":"Tinian, Northern Mariana Islands"}