{"bounds":{"maxX":-60.80875,"maxY":14.879028,"minX":-61.229027,"minY":14.388194},"result":"Martinique"}