{"bounds":{"maxX":-12.66904,"maxY":19.00057,"minX":-16.520695,"minY":16.062196},"result":"Trarza, Mauritania"}