{"bounds":{"maxX":-6.354761,"maxY":24.306748,"minX":-14.30117,"minY":18.557061},"result":"Adrar, Mauritania"}