{"bounds":{"maxX":-10.584641,"maxY":18.31099,"minX":-12.839029,"minY":15.103619},"result":"Assaba, Mauritania"}