{"bounds":{"maxX":-7.98767999999995,"maxY":19.72546,"minX":-12.66904,"minY":17.08035},"result":"Tagant, Mauritania"}