{"bounds":{"maxX":-12.31017,"maxY":18.557061,"minX":-14.952344,"minY":16.1071},"result":"Brakna, Mauritania"}