{"bounds":{"maxX":-12.00488,"maxY":16.858351,"minX":-13.713181,"minY":15.124079},"result":"Gorgol, Mauritania"}