{"bounds":{"maxX":-8.289198,"maxY":17.722879,"minX":-11.09581,"minY":15.35656},"result":"Hodh el Gharbi, Mauritania"}