{"bounds":{"maxX":-14.173149,"maxY":21.34363,"minX":-17.066521,"minY":19.406805},"result":"Dakhlet Nouâdhibou, Mauritania"}