{"bounds":{"maxX":-5.32711499999999,"maxY":23.15808,"minX":-9.149676,"minY":15.494071},"result":"Hodh ech Chargui, Mauritania"}