{"bounds":{"maxX":-4.827674,"maxY":27.298071,"minX":-13.145749,"minY":21.35166},"result":"Tiris Zemmour, Mauritania"}