{"bounds":{"maxX":-11.5002899999999,"maxY":16.056161,"minX":-12.748703,"minY":14.715551},"result":"Guidimaka, Mauritania"}