{"bounds":{"maxX":-14.15443,"maxY":21.150841,"minX":-16.544861,"minY":18.99589},"result":"Inchiri, Mauritania"}