{"bounds":{"maxX":-15.779999,"maxY":18.393121,"minX":-16.050416,"minY":17.88646},"result":"Nouakchott, Mauritania"}