{"bounds":{"maxX":-4.827674,"maxY":27.298071,"minX":-17.066521,"minY":14.715551},"result":"Mauritania"}