{"bounds":{"maxX":-62.1445849999999,"maxY":16.824307,"minX":-62.2418069999999,"minY":16.674862},"result":"Montserrat"}