{"bounds":{"maxX":14.576527,"maxY":36.082359,"minX":14.182916,"minY":35.785973},"result":"Malta"}