{"bounds":{"maxX":57.472085,"maxY":-20.163749,"minX":57.308194,"minY":-20.489305},"result":"Black River, Mauritius"}