{"bounds":{"maxX":57.81014,"maxY":-20.109583,"minX":57.615704,"minY":-20.335641},"result":"Flacq, Mauritius"}