{"bounds":{"maxX":57.78875,"maxY":-20.313221,"minX":57.521943,"minY":-20.495416},"result":"Grand Port, Mauritius"}