{"bounds":{"maxX":57.670189,"maxY":-20.167131,"minX":57.472073,"minY":-20.338616},"result":"Moka, Mauritius"}