{"bounds":{"maxX":57.557415,"maxY":-20.138471,"minX":57.469306,"minY":-20.198592},"result":"Port Louis, Mauritius"}