{"bounds":{"maxX":57.649693,"maxY":-19.998751,"minX":57.495972,"minY":-20.197152},"result":"Pamplemousses, Mauritius"}