{"bounds":{"maxX":57.602303,"maxY":-20.1856289999999,"minX":57.437923,"minY":-20.422923},"result":"Plaines Wilhems, Mauritius"}