{"bounds":{"maxX":57.80903,"maxY":-19.8156949999999,"minX":57.571252,"minY":-20.151795},"result":"Rivière du Rempart, Mauritius"}