{"bounds":{"maxX":63.503471,"maxY":-19.667638,"minX":63.298196,"minY":-19.785695},"result":"Rodrigues Island, Mauritius"}