{"bounds":{"maxX":57.625126,"maxY":-20.393174,"minX":57.370693,"minY":-20.525694},"result":"Savanne, Mauritius"}