{"bounds":{"maxX":63.503471,"maxY":-19.667638,"minX":57.308194,"minY":-20.525694},"result":"Mauritius"}