{"bounds":{"maxX":73.760415,"maxY":7.10652900000002,"minX":72.638192,"minY":-0.703193999999996},"result":"Maldives"}