{"bounds":{"maxX":34.974105,"maxY":-12.162663,"minX":32.671524,"minY":-15.32603},"result":"Central, Malawi"}