{"bounds":{"maxX":34.957932,"maxY":-9.36379599999998,"minX":32.940018,"minY":-12.736998},"result":"Northern, Malawi"}