{"bounds":{"maxX":35.915046,"maxY":-13.478729,"minX":34.24857,"minY":-17.127211},"result":"Southern, Malawi"}