{"bounds":{"maxX":35.915046,"maxY":-9.36379599999998,"minX":32.671524,"minY":-17.127211},"result":"Malawi"}