{"bounds":{"maxX":-102.124110688,"maxY":22.362437834,"minX":-102.27733029,"minY":22.1253505190001},"result":"Tepezalá, Aguascalientes, Mexico"}