{"bounds":{"maxX":-101.854159831,"maxY":22.306072785,"minX":-102.219329521,"minY":21.958387913},"result":"Asientos, Aguascalientes, Mexico"}