{"bounds":{"maxX":-102.190897199,"maxY":22.1830851300001,"minX":-102.418454614,"minY":22.026734515},"result":"Pabellón de Arteaga, Aguascalientes, Mexico"}