{"bounds":{"maxX":-102.06450764,"maxY":22.075342591,"minX":-102.583142526,"minY":21.6222664850001},"result":"Aguascalientes, Aguascalientes, Mexico"}