{"bounds":{"maxX":-102.184829582,"maxY":22.374680901,"minX":-102.471187821,"minY":22.12064402},"result":"Rincón de Romos, Aguascalientes, Mexico"}