{"bounds":{"maxX":-101.896157,"maxY":22.4185,"minX":-102.872901,"minY":21.621749},"result":"Aguascalientes, Mexico"}