{"bounds":{"maxX":-102.529618506,"maxY":22.1065304000001,"minX":-102.874176585,"minY":21.7156089650001},"result":"Calvillo, Aguascalientes, Mexico"}