{"bounds":{"maxX":-102.238848349,"maxY":22.459589684,"minX":-102.378442811,"minY":22.2815572870001},"result":"Cosío, Aguascalientes, Mexico"}