{"bounds":{"maxX":-102.134634136,"maxY":22.100328071,"minX":-102.31034028,"minY":21.943092372},"result":"San Francisco de los Romo, Aguascalientes, Mexico"}