{"bounds":{"maxX":-101.835289447,"maxY":22.06936534,"minX":-102.176040906,"minY":21.7878488280001},"result":"El Llano, Aguascalientes, Mexico"}