{"bounds":{"maxX":-102.264751051,"maxY":22.0627672250001,"minX":-102.598873272,"minY":21.806359914},"result":"Jesús María, Aguascalientes, Mexico"}