{"bounds":{"maxX":-102.353846791,"maxY":22.323232239,"minX":-102.693485344,"minY":21.9621292300001},"result":"San José de Gracia, Aguascalientes, Mexico"}