{"bounds":{"maxX":-115.874204895,"maxY":32.6354427300001,"minX":-116.701764833,"minY":32.2359122610001},"result":"Tecate, Baja California, Mexico"}