{"bounds":{"maxX":-112.755554676,"maxY":32.7186260080001,"minX":-115.882242283,"minY":28.577260016},"result":"Mexicali, Baja California, Mexico"}