{"bounds":{"maxX":-111.425405343,"maxY":28.000001705,"minX":-115.223593954,"minY":26.4060328250001},"result":"Mulegé, Baja California Sur, Mexico"}