{"bounds":{"maxX":-109.413207838,"maxY":23.671481871,"minX":-110.12040506,"minY":22.871954056},"result":"Los Cabos, Baja California Sur, Mexico"}