{"bounds":{"maxX":-112.753053,"maxY":32.71804,"minX":-118.368888,"minY":27.879063},"result":"Baja California, Mexico"}