{"bounds":{"maxX":-109.695213088,"maxY":25.115095207,"minX":-111.772784688,"minY":23.114232804},"result":"La Paz, Baja California Sur, Mexico"}