{"bounds":{"maxX":-112.764928723,"maxY":32.446050492,"minX":-118.36648469,"minY":27.999999985},"result":"Ensenada, Baja California, Mexico"}