{"bounds":{"maxX":-109.412918,"maxY":27.952848,"minX":-115.768196,"minY":22.870417},"result":"Baja California Sur, Mexico"}