{"bounds":{"maxX":-110.693309376,"maxY":26.5904934820001,"minX":-112.815522876,"minY":24.303296705},"result":"Comondú, Baja California Sur, Mexico"}