{"bounds":{"maxX":-116.523987909,"maxY":32.570945797,"minX":-117.261571931,"minY":32.1852183610001},"result":"Tijuana, Baja California, Mexico"}