{"bounds":{"maxX":-116.675997897,"maxY":32.426318672,"minX":-117.095597268,"minY":32.089633631},"result":"Playas de Rosarito, Baja California, Mexico"}