{"bounds":{"maxX":-110.75593747,"maxY":26.5663286340001,"minX":-111.7887364,"minY":25.203024054},"result":"Loreto, Baja California Sur, Mexico"}