{"bounds":{"maxX":-92.941979175,"maxY":17.2388338910001,"minX":-93.038609448,"minY":17.130261859},"result":"Rayón, Chiapas, Mexico"}