{"bounds":{"maxX":-92.068660623,"maxY":16.9056855630001,"minX":-92.4566323619999,"minY":16.687148295},"result":"Oxchuc, Chiapas, Mexico"}