{"bounds":{"maxX":-100.229575598,"maxY":25.535838142,"minX":-100.951196154,"minY":25.1532594440001},"result":"Arteaga, Coahuila, Mexico"}