{"bounds":{"maxX":-92.900498844,"maxY":17.3645430770001,"minX":-93.065805573,"minY":17.2453021650001},"result":"Ixhuatán, Chiapas, Mexico"}