{"bounds":{"maxX":-93.1231827459999,"maxY":17.266519821,"minX":-93.22553629,"minY":17.18234153},"result":"Ocotepec, Chiapas, Mexico"}