{"bounds":{"maxX":-92.01918539,"maxY":16.715991135,"minX":-92.387602599,"minY":16.4934053910001},"result":"Chanal, Chiapas, Mexico"}