{"bounds":{"maxX":-101.520540877,"maxY":27.4899771930001,"minX":-101.997910719,"minY":26.972952971},"result":"Nadadores, Coahuila, Mexico"}