{"bounds":{"maxX":-105.397364668,"maxY":27.368183491,"minX":-105.97823533,"minY":26.8623592220001},"result":"Hidalgo del Parral, Chihuahua, Mexico"}