{"bounds":{"maxX":-101.893454758,"maxY":29.240477684,"minX":-103.637501215,"minY":26.873131315},"result":"Ocampo, Coahuila, Mexico"}