{"bounds":{"maxX":-106.511053951,"maxY":28.1055323630001,"minX":-106.974838188,"minY":27.6772319030001},"result":"San Francisco de Borja, Chihuahua, Mexico"}