{"bounds":{"maxX":-92.088408742,"maxY":17.4064219530001,"minX":-92.4031931869999,"minY":17.2094786970001},"result":"Tumbalá, Chiapas, Mexico"}