{"bounds":{"maxX":-101.650012296,"maxY":27.0424498990001,"minX":-101.868985349,"minY":26.829840082},"result":"Sacramento, Coahuila, Mexico"}