{"bounds":{"maxX":-106.180882511,"maxY":31.7840737280001,"minX":-106.951625545,"minY":31.1199567730001},"result":"Juárez, Chihuahua, Mexico"}