{"bounds":{"maxX":-92.295508452,"maxY":16.2558854070001,"minX":-93.129593336,"minY":15.664465863},"result":"La Concordia, Chiapas, Mexico"}