{"bounds":{"maxX":-92.203767457,"maxY":15.4683888500001,"minX":-92.341292973,"minY":15.3895684},"result":"El Porvenir, Chiapas, Mexico"}