{"bounds":{"maxX":-107.368142032,"maxY":30.051444421,"minX":-108.027267346,"minY":29.413530909},"result":"Ignacio Zaragoza, Chihuahua, Mexico"}