{"bounds":{"maxX":-106.430850164,"maxY":28.429632606,"minX":-106.747647995,"minY":28.178409518},"result":"Gran Morelos, Chihuahua, Mexico"}