{"bounds":{"maxX":-92.626944448,"maxY":15.4219845260001,"minX":-92.9309607659999,"minY":15.022742368},"result":"Acapetahua, Chiapas, Mexico"}