{"bounds":{"maxX":-104.580639061,"maxY":28.826424966,"minX":-105.528137671,"minY":28.2307666410001},"result":"Julimes, Chihuahua, Mexico"}