{"bounds":{"maxX":-91.9908251319999,"maxY":15.6459439270001,"minX":-92.200025308,"minY":15.4000439170001},"result":"Amatenango de la Frontera, Chiapas, Mexico"}