{"bounds":{"maxX":-93.555087875,"maxY":17.1369649100001,"minX":-94.1391559959999,"minY":16.3660935140001},"result":"Cintalapa, Chiapas, Mexico"}