{"bounds":{"maxX":-93.1785051479999,"maxY":17.367766583,"minX":-93.384296641,"minY":17.214863264},"result":"Francisco León, Chiapas, Mexico"}