{"bounds":{"maxX":-100.731780873,"maxY":28.3816514660001,"minX":-101.034693084,"minY":28.1905032500001},"result":"Allende, Coahuila, Mexico"}