{"bounds":{"maxX":-105.399163947,"maxY":27.7351317110001,"minX":-106.22248044,"minY":27.225479464},"result":"Valle de Zaragoza, Chihuahua, Mexico"}