{"bounds":{"maxX":-101.379251871,"maxY":26.421769096,"minX":-102.904713143,"minY":24.7543967230001},"result":"Parras, Coahuila, Mexico"}