{"bounds":{"maxX":-105.486400221,"maxY":28.60833282,"minX":-106.0954444,"minY":27.879063586},"result":"Rosales, Chihuahua, Mexico"}