{"bounds":{"maxX":-106.53438826,"maxY":28.378479644,"minX":-107.24328362,"minY":28.03735471},"result":"Cusihuiriachi, Chihuahua, Mexico"}