{"bounds":{"maxX":-103.606199305,"maxY":19.512518771,"minX":-103.908765458,"minY":19.278346234},"result":"Comala, Colima, Mexico"}