{"bounds":{"maxX":-92.8022833269999,"maxY":16.9103297510001,"minX":-93.1053972509999,"minY":16.2922001060001},"result":"Chiapa de Corzo, Chiapas, Mexico"}