{"bounds":{"maxX":-105.027516287,"maxY":27.431385377,"minX":-105.57216465,"minY":26.6381959010001},"result":"Allende, Chihuahua, Mexico"}