{"bounds":{"maxX":-89.121229197,"maxY":19.162022532,"minX":-90.2488121549999,"minY":17.8151446850001},"result":"Calakmul, Campeche, Mexico"}