{"bounds":{"maxX":-103.896251515,"maxY":19.154298393,"minX":-104.119946104,"minY":18.864350453},"result":"Armería, Colima, Mexico"}