{"bounds":{"maxX":-92.233902696,"maxY":15.693058717,"minX":-92.6998127539999,"minY":15.4230691330001},"result":"Siltepec, Chiapas, Mexico"}