{"bounds":{"maxX":-93.299133553,"maxY":16.2302615450001,"minX":-93.9430713259999,"minY":15.734397458},"result":"Tonalá, Chiapas, Mexico"}