{"bounds":{"maxX":-104.757921704,"maxY":28.0433121230001,"minX":-105.316474248,"minY":27.7576305810001},"result":"La Cruz, Chihuahua, Mexico"}