{"bounds":{"maxX":-103.030470368,"maxY":25.7761770810001,"minX":-103.366154564,"minY":25.371073725},"result":"Matamoros, Coahuila, Mexico"}