{"bounds":{"maxX":-101.412878308,"maxY":28.6676831510001,"minX":-102.4929443,"minY":27.015184161},"result":"San Buenaventura, Coahuila, Mexico"}