{"bounds":{"maxX":-91.779532558,"maxY":17.943344645,"minX":-92.1863592349999,"minY":17.5928001390001},"result":"Catazajá, Chiapas, Mexico"}