{"bounds":{"maxX":-92.575428195,"maxY":16.581309676,"minX":-92.766447634,"minY":16.4419614340001},"result":"Totolapa, Chiapas, Mexico"}