{"bounds":{"maxX":-103.62855601,"maxY":28.766659229,"minX":-105.290610609,"minY":27.3497587320001},"result":"Camargo, Chihuahua, Mexico"}