{"bounds":{"maxX":-93.1350823339999,"maxY":17.2285331690001,"minX":-93.380338036,"minY":17.0027482570001},"result":"Copainalá, Chiapas, Mexico"}