{"bounds":{"maxX":-91.647855554,"maxY":17.277294564,"minX":-92.402340957,"minY":16.9367328380001},"result":"Chilón, Chiapas, Mexico"}