{"bounds":{"maxX":-93.0407826649999,"maxY":17.054815654,"minX":-93.184837277,"minY":16.9350254670001},"result":"Chicoasén, Chiapas, Mexico"}