{"bounds":{"maxX":-105.806889356,"maxY":31.3937890240001,"minX":-106.035931783,"minY":31.103725244},"result":"Praxedis G. Guerrero, Chihuahua, Mexico"}