{"bounds":{"maxX":-91.914584427,"maxY":15.937939676,"minX":-92.248392119,"minY":15.6266309420001},"result":"Frontera Comalapa, Chiapas, Mexico"}