{"bounds":{"maxX":-107.224591103,"maxY":28.1042967400001,"minX":-107.974007829,"minY":27.524716282},"result":"Bocoyna, Chihuahua, Mexico"}