{"bounds":{"maxX":-93.048019939,"maxY":16.5858173450001,"minX":-93.770986549,"minY":16.164226484},"result":"Villaflores, Chiapas, Mexico"}