{"bounds":{"maxX":-100.942332055,"maxY":27.2791624440001,"minX":-101.497383448,"minY":27.00698593},"result":"Abasolo, Coahuila, Mexico"}