{"bounds":{"maxX":-93.002398311,"maxY":17.6873294800001,"minX":-93.414253027,"minY":17.3316239390001},"result":"Pichucalco, Chiapas, Mexico"}