{"bounds":{"maxX":-105.321217683,"maxY":26.9152700660001,"minX":-105.794261298,"minY":26.508651108},"result":"Matamoros, Chihuahua, Mexico"}