{"bounds":{"maxX":-100.445681974,"maxY":28.9407501950001,"minX":-100.76559931,"minY":28.606630008},"result":"Piedras Negras, Coahuila, Mexico"}