{"bounds":{"maxX":-92.64627812,"maxY":17.0961943570001,"minX":-92.8254985569999,"minY":16.953825339},"result":"El Bosque, Chiapas, Mexico"}