{"bounds":{"maxX":-104.704484357,"maxY":27.2049882630001,"minX":-105.264393155,"minY":26.6650371970001},"result":"López, Chihuahua, Mexico"}