{"bounds":{"maxX":-106.482077195,"maxY":30.865002588,"minX":-107.647579439,"minY":29.511982222},"result":"Buenaventura, Chihuahua, Mexico"}