{"bounds":{"maxX":-106.043649497,"maxY":27.4348699400001,"minX":-106.619524691,"minY":27.122700647},"result":"Rosario, Chihuahua, Mexico"}