{"bounds":{"maxX":-92.301358783,"maxY":15.1103412260001,"minX":-92.563454281,"minY":14.932299271},"result":"Huehuetán, Chiapas, Mexico"}