{"bounds":{"maxX":-92.339810535,"maxY":16.7897723200001,"minX":-92.720280622,"minY":16.5389023700001},"result":"San Cristóbal de las Casas, Chiapas, Mexico"}