{"bounds":{"maxX":-92.7571242779999,"maxY":17.171816775,"minX":-92.9944526739999,"minY":17.0067179370001},"result":"Jitotol, Chiapas, Mexico"}