{"bounds":{"maxX":-90.3716513639999,"maxY":16.604778879,"minX":-90.791485399,"minY":16.074042713},"result":"Benemérito de las Américas, Chiapas, Mexico"}