{"bounds":{"maxX":-92.846059194,"maxY":16.441519987,"minX":-93.6138002879999,"minY":15.8329710470001},"result":"Villa Corzo, Chiapas, Mexico"}