{"bounds":{"maxX":-107.778687491,"maxY":30.0052151140001,"minX":-108.761887624,"minY":28.687646869},"result":"Madera, Chihuahua, Mexico"}