{"bounds":{"maxX":-105.687726374,"maxY":28.7005527200001,"minX":-105.981052209,"minY":28.459008001},"result":"Aquiles Serdán, Chihuahua, Mexico"}