{"bounds":{"maxX":-106.294500601,"maxY":29.2761101020001,"minX":-106.888284318,"minY":28.4184577080001},"result":"Riva Palacio, Chihuahua, Mexico"}