{"bounds":{"maxX":-93.204449073,"maxY":17.0281291520001,"minX":-93.4307056439999,"minY":16.717020549},"result":"Berriozábal, Chiapas, Mexico"}