{"bounds":{"maxX":-92.183988211,"maxY":15.446249444,"minX":-92.4817042019999,"minY":15.163817463},"result":"Motozintla, Chiapas, Mexico"}