{"bounds":{"maxX":-92.17716668,"maxY":14.853515417,"minX":-92.2371753049999,"minY":14.790878359},"result":"Metapa, Chiapas, Mexico"}