{"bounds":{"maxX":-92.367573207,"maxY":16.934205068,"minX":-92.5467221869999,"minY":16.761155242},"result":"Tenejapa, Chiapas, Mexico"}