{"bounds":{"maxX":-108.268438935,"maxY":27.8028494920001,"minX":-108.739852379,"minY":26.987357032},"result":"Chínipas, Chihuahua, Mexico"}