{"bounds":{"maxX":-92.491740106,"maxY":15.9170302520001,"minX":-92.8302968089999,"minY":15.60010221},"result":"Angel Albino Corzo, Chiapas, Mexico"}