{"bounds":{"maxX":-92.841388072,"maxY":15.8974870330001,"minX":-93.5143456929999,"minY":15.409133476},"result":"Pijijiapan, Chiapas, Mexico"}