{"bounds":{"maxX":-103.578261843,"maxY":19.0885953330001,"minX":-103.78397897,"minY":18.826109436},"result":"Ixtlahuacán, Colima, Mexico"}