{"bounds":{"maxX":-92.344671257,"maxY":16.4952347940001,"minX":-92.87554628,"minY":16.123016492},"result":"Venustiano Carranza, Chiapas, Mexico"}