{"bounds":{"maxX":-92.372940004,"maxY":16.65039517,"minX":-92.611031956,"minY":16.4546955060001},"result":"Teopisca, Chiapas, Mexico"}