{"bounds":{"maxX":-91.260409706,"maxY":17.8394725480001,"minX":-92.350194877,"minY":17.067010302},"result":"Palenque, Chiapas, Mexico"}