{"bounds":{"maxX":-93.24889668,"maxY":17.5926706880001,"minX":-93.554131723,"minY":17.2956624650001},"result":"Ostuacán, Chiapas, Mexico"}