{"bounds":{"maxX":-107.832440636,"maxY":28.0474162520001,"minX":-108.121136707,"minY":27.591024869},"result":"Maguarichi, Chihuahua, Mexico"}