{"bounds":{"maxX":-92.616402501,"maxY":16.6865805520001,"minX":-92.825847201,"minY":16.569190088},"result":"San Lucas, Chiapas, Mexico"}