{"bounds":{"maxX":-89.991201438,"maxY":20.1424297040001,"minX":-90.491109786,"minY":19.7851442240001},"result":"Tenabo, Campeche, Mexico"}