{"bounds":{"maxX":-100.538123487,"maxY":28.377464812,"minX":-101.03303345,"minY":27.821438609},"result":"Villa Unión, Coahuila, Mexico"}