{"bounds":{"maxX":-104.662184598,"maxY":29.671357114,"minX":-106.223267308,"minY":28.5561096500001},"result":"Aldama, Chihuahua, Mexico"}