{"bounds":{"maxX":-107.441683527,"maxY":30.4490664030001,"minX":-107.963813331,"minY":29.959078966},"result":"Galeana, Chihuahua, Mexico"}