{"bounds":{"maxX":-101.86898733,"maxY":26.6484006680001,"minX":-103.235104004,"minY":25.6006109900001},"result":"San Pedro, Coahuila, Mexico"}