{"bounds":{"maxX":-102.446763444,"maxY":25.63485181,"minX":-103.493550302,"minY":24.739773965},"result":"Viesca, Coahuila, Mexico"}