{"bounds":{"maxX":-99.84336,"maxY":29.877991,"minX":-104.032127,"minY":24.517701},"result":"Coahuila, Mexico"}