{"bounds":{"maxX":-103.970258928,"maxY":30.5077951100001,"minX":-105.02601019,"minY":28.583460062},"result":"Ojinaga, Chihuahua, Mexico"}