{"bounds":{"maxX":-100.422681592,"maxY":27.733051189,"minX":-101.606642978,"minY":27.0213352270001},"result":"Progreso, Coahuila, Mexico"}