{"bounds":{"maxX":-92.112897995,"maxY":15.5503504010001,"minX":-92.2073764359999,"minY":15.42591953},"result":"Bejucal de Ocampo, Chiapas, Mexico"}