{"bounds":{"maxX":-92.659811084,"maxY":15.67282034,"minX":-93.123697636,"minY":15.2210116570001},"result":"Mapastepec, Chiapas, Mexico"}