{"bounds":{"maxX":-92.813856511,"maxY":17.14129824,"minX":-93.0941161229999,"minY":16.9040458370001},"result":"Bochil, Chiapas, Mexico"}