{"bounds":{"maxX":-92.1458588789999,"maxY":15.698183565,"minX":-92.323326444,"minY":15.548392001},"result":"Bella Vista, Chiapas, Mexico"}