{"bounds":{"maxX":-92.749769056,"maxY":17.510463542,"minX":-92.950231964,"minY":17.2676849100001},"result":"Amatán, Chiapas, Mexico"}