{"bounds":{"maxX":-92.4772589999999,"maxY":15.3407251840001,"minX":-92.765164564,"minY":15.001263367},"result":"Villa Comaltitlán, Chiapas, Mexico"}