{"bounds":{"maxX":-89.8555320739999,"maxY":20.2714509250001,"minX":-90.4950543429999,"minY":19.9163922010001},"result":"Hecelchakán, Campeche, Mexico"}