{"bounds":{"maxX":-91.888819198,"maxY":17.66457911,"minX":-92.489000253,"minY":17.2058431500001},"result":"Salto de Agua, Chiapas, Mexico"}