{"bounds":{"maxX":-101.183654944,"maxY":25.911448412,"minX":-101.873362841,"minY":25.1766713060001},"result":"General Cepeda, Coahuila, Mexico"}