{"bounds":{"maxX":-106.820815257,"maxY":27.682331941,"minX":-107.834623744,"minY":26.607145443},"result":"Guachochi, Chihuahua, Mexico"}