{"bounds":{"maxX":-92.70381457,"maxY":16.980869157,"minX":-92.743349279,"minY":16.915994917},"result":"Santiago el Pinar, Chiapas, Mexico"}