{"bounds":{"maxX":-92.515978189,"maxY":16.901044498,"minX":-92.639040473,"minY":16.8518145260001},"result":"Mitontic, Chiapas, Mexico"}