{"bounds":{"maxX":-100.727495496,"maxY":25.522917862,"minX":-101.620979411,"minY":24.542684066},"result":"Saltillo, Coahuila, Mexico"}