{"bounds":{"maxX":-93.038062801,"maxY":17.4960129950001,"minX":-93.17384218,"minY":17.358200052},"result":"Ixtacomitán, Chiapas, Mexico"}