{"bounds":{"maxX":-107.037950429,"maxY":28.9076034060001,"minX":-108.106096679,"minY":28.001609698},"result":"Guerrero, Chihuahua, Mexico"}