{"bounds":{"maxX":-100.396804255,"maxY":28.651014907,"minX":-100.83930361,"minY":28.333098427},"result":"Nava, Coahuila, Mexico"}