{"bounds":{"maxX":-100.808265425,"maxY":28.453480416,"minX":-101.304215282,"minY":28.22239854},"result":"Morelos, Coahuila, Mexico"}