{"bounds":{"maxX":-91.634287733,"maxY":17.731786001,"minX":-91.8716411789999,"minY":17.469447976},"result":"La Libertad, Chiapas, Mexico"}