{"bounds":{"maxX":-92.280292873,"maxY":17.0889246940001,"minX":-92.4183809639999,"minY":16.988023108},"result":"Sitalá, Chiapas, Mexico"}