{"bounds":{"maxX":-92.726734764,"maxY":16.6726289260001,"minX":-92.958214482,"minY":16.383467415},"result":"Acala, Chiapas, Mexico"}