{"bounds":{"maxX":-100.848860026,"maxY":29.8800242900001,"minX":-102.905906338,"minY":28.9700706690001},"result":"Acuña, Coahuila, Mexico"}