{"bounds":{"maxX":-100.645679407,"maxY":29.2815016430001,"minX":-101.347846413,"minY":28.7294161290001},"result":"Jiménez, Coahuila, Mexico"}