{"bounds":{"maxX":-89.135819784,"maxY":20.2092750630001,"minX":-90.0856695749999,"minY":18.872962353},"result":"Hopelchén, Campeche, Mexico"}