{"bounds":{"maxX":-100.286179824,"maxY":27.93501615,"minX":-101.051077766,"minY":27.3925111470001},"result":"Juárez, Coahuila, Mexico"}