{"bounds":{"maxX":-92.185800183,"maxY":15.5592723820001,"minX":-92.250898923,"minY":15.459898283},"result":"La Grandeza, Chiapas, Mexico"}