{"bounds":{"maxX":-106.369118356,"maxY":27.719356867,"minX":-106.97909493,"minY":27.180193334},"result":"Nonoava, Chihuahua, Mexico"}