{"bounds":{"maxX":-93.186826186,"maxY":17.161100667,"minX":-93.866114061,"minY":16.4289252720001},"result":"Ocozocoautla de Espinosa, Chiapas, Mexico"}