{"bounds":{"maxX":-92.895743103,"maxY":16.981359411,"minX":-93.0663279409999,"minY":16.86955547},"result":"Soyaló, Chiapas, Mexico"}