{"bounds":{"maxX":-103.385461,"maxY":31.78462,"minX":-109.031388,"minY":25.587101},"result":"Chihuahua, Mexico"}