{"bounds":{"maxX":-92.274678622,"maxY":16.462512256,"minX":-92.45476077,"minY":16.275010373},"result":"Las Rosas, Chiapas, Mexico"}