{"bounds":{"maxX":-90.654694145,"maxY":17.239844159,"minX":-92.352522461,"minY":16.0742794710001},"result":"Ocosingo, Chiapas, Mexico"}