{"bounds":{"maxX":-101.215787578,"maxY":29.064056318,"minX":-102.638039597,"minY":27.63374608},"result":"Múzquiz, Coahuila, Mexico"}