{"bounds":{"maxX":-92.203472769,"maxY":17.2552996260001,"minX":-92.445356813,"minY":17.0999176600001},"result":"Yajalón, Chiapas, Mexico"}