{"bounds":{"maxX":-103.486572,"maxY":19.562721,"minX":-114.760971,"minY":18.337918},"result":"Colima, Mexico"}