{"bounds":{"maxX":-105.648702087,"maxY":26.93483152,"minX":-105.931786297,"minY":26.660933136},"result":"Santa Bárbara, Chihuahua, Mexico"}