{"bounds":{"maxX":-92.511410674,"maxY":17.457097828,"minX":-92.7355688979999,"minY":17.1932081260001},"result":"Sabanilla, Chiapas, Mexico"}