{"bounds":{"maxX":-92.929562346,"maxY":17.4898414570001,"minX":-93.072898779,"minY":17.300446675},"result":"Solosuchiapa, Chiapas, Mexico"}