{"bounds":{"maxX":-92.1291841569999,"maxY":15.45520831,"minX":-92.235754866,"minY":15.2612227860001},"result":"Mazapa de Madero, Chiapas, Mexico"}