{"bounds":{"maxX":-89.861138662,"maxY":19.96495616,"minX":-90.693115709,"minY":19.220935657},"result":"Campeche, Campeche, Mexico"}