{"bounds":{"maxX":-91.657283836,"maxY":18.58923723,"minX":-92.22038427,"minY":17.9352139590001},"result":"Palizada, Campeche, Mexico"}