{"bounds":{"maxX":-107.935087908,"maxY":31.3336766410001,"minX":-108.948302439,"minY":30.1796908580001},"result":"Janos, Chihuahua, Mexico"}