{"bounds":{"maxX":-93.02032959,"maxY":16.955711907,"minX":-93.149771254,"minY":16.836600178},"result":"Osumacinta, Chiapas, Mexico"}