{"bounds":{"maxX":-92.5522662,"maxY":15.4905983520001,"minX":-92.776235039,"minY":15.31883027},"result":"Acacoyagua, Chiapas, Mexico"}