{"bounds":{"maxX":-106.078105102,"maxY":27.209385969,"minX":-106.92114127,"minY":26.2147793560001},"result":"Balleza, Chihuahua, Mexico"}