{"bounds":{"maxX":-107.560799649,"maxY":29.5368159490001,"minX":-107.922863584,"minY":29.1551727740001},"result":"Gómez Farías, Chihuahua, Mexico"}