{"bounds":{"maxX":-92.142998185,"maxY":14.7322892390001,"minX":-92.319371856,"minY":14.5350742420001},"result":"Suchiate, Chiapas, Mexico"}