{"bounds":{"maxX":-92.1629118609999,"maxY":15.2355141580001,"minX":-92.466363165,"minY":14.618847628},"result":"Tapachula, Chiapas, Mexico"}