{"bounds":{"maxX":-92.567082826,"maxY":16.473929582,"minX":-92.6521362079999,"minY":16.399760654},"result":"Nicolás Ruíz, Chiapas, Mexico"}