{"bounds":{"maxX":-104.86654756,"maxY":31.458166529,"minX":-106.310303675,"minY":30.292798368},"result":"Guadalupe, Chihuahua, Mexico"}