{"bounds":{"maxX":-106.482077195,"maxY":29.573430897,"minX":-107.636683872,"minY":28.7529478930001},"result":"Namiquipa, Chihuahua, Mexico"}