{"bounds":{"maxX":-93.72178745,"maxY":16.4256192340001,"minX":-94.1095676039999,"minY":16.084433812},"result":"Arriaga, Chiapas, Mexico"}