{"bounds":{"maxX":-99.843145427,"maxY":28.09050274,"minX":-100.321821975,"minY":27.615279403},"result":"Hidalgo, Coahuila, Mexico"}