{"bounds":{"maxX":-100.533997845,"maxY":27.1113945870001,"minX":-101.11262808,"minY":26.5455954130001},"result":"Candela, Coahuila, Mexico"}