{"bounds":{"maxX":-92.570310429,"maxY":15.75401163,"minX":-92.766342048,"minY":15.6018900720001},"result":"Montecristo de Guerrero, Chiapas, Mexico"}