{"bounds":{"maxX":-91.11603452,"maxY":16.3529369890001,"minX":-91.390775397,"minY":16.0742962210001},"result":"Maravilla Tenejapa, Chiapas, Mexico"}