{"bounds":{"maxX":-103.6468107,"maxY":19.4330223630001,"minX":-104.029257266,"minY":19.2201674520001},"result":"Villa de Álvarez, Colima, Mexico"}