{"bounds":{"maxX":-101.348795382,"maxY":27.100732481,"minX":-101.71698704,"minY":26.8066883270001},"result":"Frontera, Coahuila, Mexico"}