{"bounds":{"maxX":-105.351654898,"maxY":28.277356938,"minX":-105.682836676,"minY":27.9681807150001},"result":"Delicias, Chihuahua, Mexico"}