{"bounds":{"maxX":-92.3855633429999,"maxY":15.0002483590001,"minX":-92.675720564,"minY":14.7551433190001},"result":"Mazatán, Chiapas, Mexico"}