{"bounds":{"maxX":-102.879663485,"maxY":26.7540991380001,"minX":-103.415963776,"minY":25.7068295080001},"result":"Francisco I. Madero, Coahuila, Mexico"}