{"bounds":{"maxX":-101.710061504,"maxY":27.305570115,"minX":-102.097428593,"minY":27.0210206410001},"result":"Lamadrid, Coahuila, Mexico"}