{"bounds":{"maxX":-92.526835271,"maxY":16.897856414,"minX":-92.856456969,"minY":16.7361875770001},"result":"Chamula, Chiapas, Mexico"}