{"bounds":{"maxX":-92.158384822,"maxY":16.3020396100001,"minX":-92.5586576159999,"minY":15.9012607560001},"result":"Socoltenango, Chiapas, Mexico"}