{"bounds":{"maxX":-92.309947885,"maxY":17.010060261,"minX":-92.458237308,"minY":16.851337103},"result":"San Juan Cancuc, Chiapas, Mexico"}