{"bounds":{"maxX":-92.777315873,"maxY":17.31596997,"minX":-92.9724051919999,"minY":17.134566009},"result":"Pueblo Nuevo Solistahuacán, Chiapas, Mexico"}