{"bounds":{"maxX":-92.4146574809999,"maxY":15.292787983,"minX":-92.732526795,"minY":14.951578469},"result":"Huixtla, Chiapas, Mexico"}