{"bounds":{"maxX":-92.6517182759999,"maxY":16.980510457,"minX":-92.721582777,"minY":16.883996155},"result":"Aldama, Chiapas, Mexico"}