{"bounds":{"maxX":-107.107415884,"maxY":29.0806425390001,"minX":-107.457546863,"minY":28.6251617390001},"result":"Bachíniva, Chihuahua, Mexico"}