{"bounds":{"maxX":-92.43719062,"maxY":17.072460946,"minX":-92.709888044,"minY":16.8706987630001},"result":"Chenalhó, Chiapas, Mexico"}