{"bounds":{"maxX":-90.366363,"maxY":17.973591,"minX":-94.157341,"minY":14.532917},"result":"Chiapas, Mexico"}