{"bounds":{"maxX":-92.268365841,"maxY":16.779469407,"minX":-92.5170341199999,"minY":16.5869787410001},"result":"Huixtán, Chiapas, Mexico"}