{"bounds":{"maxX":-93.482537314,"maxY":16.8523821530001,"minX":-93.9464782589999,"minY":16.296560866},"result":"Jiquipilas, Chiapas, Mexico"}