{"bounds":{"maxX":-92.429122491,"maxY":15.48732713,"minX":-92.7371366409999,"minY":15.2147773300001},"result":"Escuintla, Chiapas, Mexico"}