{"bounds":{"maxX":-92.542948382,"maxY":17.115593174,"minX":-92.7111641229999,"minY":16.9500665890001},"result":"Chalchihuitán, Chiapas, Mexico"}