{"bounds":{"maxX":-100.983770108,"maxY":26.8921186040001,"minX":-101.83813519,"minY":26.185214096},"result":"Castaños, Coahuila, Mexico"}