{"bounds":{"maxX":-107.356602669,"maxY":26.8147676070001,"minX":-108.081603447,"minY":26.2867094120001},"result":"Morelos, Chihuahua, Mexico"}