{"bounds":{"maxX":-106.202846871,"maxY":28.4749567640001,"minX":-106.545147968,"minY":28.1359337390001},"result":"Santa Isabel, Chihuahua, Mexico"}