{"bounds":{"maxX":-93.08970463,"maxY":17.9852877980001,"minX":-93.380948495,"minY":17.752180765},"result":"Reforma, Chiapas, Mexico"}