{"bounds":{"maxX":-89.908584831,"maxY":19.6890113370001,"minX":-91.185041616,"minY":18.572564223},"result":"Champotón, Campeche, Mexico"}