{"bounds":{"maxX":-106.688832085,"maxY":31.7839553690001,"minX":-108.20860633,"minY":30.7196386900001},"result":"Ascensión, Chihuahua, Mexico"}