{"bounds":{"maxX":-90.795428148,"maxY":19.0312778840001,"minX":-92.466998933,"minY":17.873953789},"result":"Carmen, Campeche, Mexico"}