{"bounds":{"maxX":-92.108064385,"maxY":15.201051713,"minX":-92.22685409,"minY":14.974109728},"result":"Cacahoatán, Chiapas, Mexico"}