{"bounds":{"maxX":-91.551865601,"maxY":16.851690311,"minX":-92.132222626,"minY":16.4938752850001},"result":"Altamirano, Chiapas, Mexico"}