{"bounds":{"maxX":-92.380747331,"maxY":17.1332212780001,"minX":-92.5653101139999,"minY":16.968230282},"result":"Pantelhó, Chiapas, Mexico"}