{"bounds":{"maxX":-91.499975695,"maxY":16.305655937,"minX":-92.051177253,"minY":16.1216920480001},"result":"La Independencia, Chiapas, Mexico"}