{"bounds":{"maxX":-103.488453019,"maxY":19.32576024,"minX":-103.825840169,"minY":18.871327895},"result":"Colima, Colima, Mexico"}