{"bounds":{"maxX":-107.406047518,"maxY":30.8592567580001,"minX":-107.998538823,"minY":30.1536894930001},"result":"Nuevo Casas Grandes, Chihuahua, Mexico"}