{"bounds":{"maxX":-101.484878114,"maxY":27.278843076,"minX":-103.213119592,"minY":26.0515043140001},"result":"Cuatro Ciénegas, Coahuila, Mexico"}