{"bounds":{"maxX":-93.011933621,"maxY":17.8458283320001,"minX":-93.390547828,"minY":17.5555056630001},"result":"Juárez, Chiapas, Mexico"}