{"bounds":{"maxX":-91.9966816049999,"maxY":16.5691975990001,"minX":-92.353172146,"minY":16.013685493},"result":"Comitán, Chiapas, Mexico"}