{"bounds":{"maxX":-92.3331518379999,"maxY":15.23485902,"minX":-92.487267026,"minY":15.0469664130001},"result":"Tuzantán, Chiapas, Mexico"}