{"bounds":{"maxX":-108.026523205,"maxY":28.078028298,"minX":-108.978395116,"minY":27.593989075},"result":"Uruachi, Chihuahua, Mexico"}