{"bounds":{"maxX":-92.13903951,"maxY":16.270609139,"minX":-92.335104053,"minY":15.9476644540001},"result":"Tzimol, Chiapas, Mexico"}