{"bounds":{"maxX":-92.677219232,"maxY":16.603420661,"minX":-92.7845664819999,"minY":16.512799939},"result":"Chiapilla, Chiapas, Mexico"}