{"bounds":{"maxX":-108.027798257,"maxY":27.7225620030001,"minX":-108.495088809,"minY":27.0211973410001},"result":"Guazapares, Chihuahua, Mexico"}