{"bounds":{"maxX":-106.292349744,"maxY":28.2313972740001,"minX":-106.65454232,"minY":27.7561087},"result":"Doctor Belisario Domínguez, Chihuahua, Mexico"}