{"bounds":{"maxX":-106.120472996,"maxY":27.1648605170001,"minX":-106.53550313,"minY":26.8678436650001},"result":"El Tule, Chihuahua, Mexico"}