{"bounds":{"maxX":-92.155797121,"maxY":14.80935572,"minX":-92.268125942,"minY":14.696589369},"result":"Frontera Hidalgo, Chiapas, Mexico"}