{"bounds":{"maxX":-104.02307634,"maxY":19.3207350550001,"minX":-110.831926583,"minY":18.9438067250001},"result":"Manzanillo, Colima, Mexico"}