{"bounds":{"maxX":-103.619757445,"maxY":19.1214031000001,"minX":-114.759325771,"minY":18.338996099},"result":"Tecomán, Colima, Mexico"}