{"bounds":{"maxX":-105.775257841,"maxY":27.0162762840001,"minX":-106.161409974,"minY":26.7632155250001},"result":"San Francisco del Oro, Chihuahua, Mexico"}