{"bounds":{"maxX":-100.901854116,"maxY":28.2441324860001,"minX":-101.366664348,"minY":27.6366608970001},"result":"Sabinas, Coahuila, Mexico"}