{"bounds":{"maxX":-90.037627196,"maxY":18.998031484,"minX":-91.029955402,"minY":18.1664537390001},"result":"Escárcega, Campeche, Mexico"}