{"bounds":{"maxX":-93.10402533,"maxY":17.031275765,"minX":-93.3106973289999,"minY":16.79573128},"result":"San Fernando, Chiapas, Mexico"}