{"bounds":{"maxX":-92.9134839719999,"maxY":17.5551989090001,"minX":-93.0538944199999,"minY":17.3667424390001},"result":"Ixtapangajoya, Chiapas, Mexico"}