{"bounds":{"maxX":-107.910358337,"maxY":30.680564072,"minX":-108.628708974,"minY":29.75002593},"result":"Casas Grandes, Chihuahua, Mexico"}