{"bounds":{"maxX":-101.189773234,"maxY":28.23955069,"minX":-101.613563289,"minY":27.879023015},"result":"San Juan de Sabinas, Coahuila, Mexico"}