{"bounds":{"maxX":-100.916738987,"maxY":27.0640713350001,"minX":-101.529301126,"minY":26.697673034},"result":"Monclova, Coahuila, Mexico"}