{"bounds":{"maxX":-105.563671009,"maxY":31.1878016310001,"minX":-107.198469525,"minY":29.6662272040001},"result":"Ahumada, Chihuahua, Mexico"}