{"bounds":{"maxX":-106.687695488,"maxY":28.1880782690001,"minX":-107.459392386,"minY":27.411127122},"result":"Carichí, Chihuahua, Mexico"}