{"bounds":{"maxX":-100.924793593,"maxY":27.5173625260001,"minX":-101.509957881,"minY":27.0964481},"result":"Escobedo, Coahuila, Mexico"}