{"bounds":{"maxX":-93.2445390829999,"maxY":17.3930871000001,"minX":-93.87012327,"minY":16.9867972500001},"result":"Tecpatán, Chiapas, Mexico"}