{"bounds":{"maxX":-103.306768793,"maxY":29.2998892740001,"minX":-104.29873903,"minY":28.5448897640001},"result":"Manuel Benavides, Chihuahua, Mexico"}