{"bounds":{"maxX":-103.486346452,"maxY":19.4888589500001,"minX":-103.690519801,"minY":19.188265626},"result":"Cuauhtémoc, Colima, Mexico"}