{"bounds":{"maxX":-92.57612757,"maxY":17.3487785360001,"minX":-92.816062733,"minY":17.1328326560001},"result":"Huitiupán, Chiapas, Mexico"}