{"bounds":{"maxX":-104.706449008,"maxY":26.924355867,"minX":-105.442176062,"minY":26.419300535},"result":"Coronado, Chihuahua, Mexico"}