{"bounds":{"maxX":-105.194728583,"maxY":27.8022414770001,"minX":-105.594127177,"minY":27.3595135150001},"result":"San Francisco de Conchos, Chihuahua, Mexico"}