{"bounds":{"maxX":-92.4345880129999,"maxY":17.225925918,"minX":-92.797512141,"minY":17.067938418},"result":"Simojovel, Chiapas, Mexico"}