{"bounds":{"maxX":-92.936597816,"maxY":17.2821007090001,"minX":-93.048127896,"minY":17.2175585470001},"result":"Tapilula, Chiapas, Mexico"}