{"bounds":{"maxX":-105.70280917,"maxY":29.7848622290001,"minX":-106.621907025,"minY":28.095848856},"result":"Chihuahua, Chihuahua, Mexico"}