{"bounds":{"maxX":-100.055391975,"maxY":28.557101001,"minX":-100.669642179,"minY":27.7438916450001},"result":"Guerrero, Coahuila, Mexico"}