{"bounds":{"maxX":-92.1362972049999,"maxY":14.994935105,"minX":-92.26489359,"minY":14.7586750620001},"result":"Tuxtla Chico, Chiapas, Mexico"}