{"bounds":{"maxX":-104.536630816,"maxY":30.508558066,"minX":-105.909903099,"minY":28.96216737},"result":"Coyame del Sotol, Chihuahua, Mexico"}