{"bounds":{"maxX":-92.757686273,"maxY":17.2057615200001,"minX":-92.8470525929999,"minY":17.117777458},"result":"San Andrés Duraznal, Chiapas, Mexico"}