{"bounds":{"maxX":-100.603666645,"maxY":29.37184181,"minX":-101.99720229,"minY":28.37646176},"result":"Zaragoza, Coahuila, Mexico"}