{"bounds":{"maxX":-93.19495204,"maxY":17.545411191,"minX":-93.314570352,"minY":17.421156981},"result":"Sunuapa, Chiapas, Mexico"}