{"bounds":{"maxX":-105.915470009,"maxY":27.282911294,"minX":-106.242154145,"minY":26.86079743},"result":"Huejotitán, Chihuahua, Mexico"}