{"bounds":{"maxX":-107.622809413,"maxY":27.628245517,"minX":-108.421178127,"minY":26.810075236},"result":"Urique, Chihuahua, Mexico"}