{"bounds":{"maxX":-105.739050248,"maxY":28.1453589870001,"minX":-106.630292775,"minY":27.3725204740001},"result":"Satevó, Chihuahua, Mexico"}