{"bounds":{"maxX":-89.8379638759999,"maxY":20.8483272880001,"minX":-90.5027607219999,"minY":20.112752997},"result":"Calkiní, Campeche, Mexico"}