{"bounds":{"maxX":-92.331356383,"maxY":17.574940435,"minX":-92.659271869,"minY":17.165650312},"result":"Tila, Chiapas, Mexico"}