{"bounds":{"maxX":-102.956806851,"maxY":25.6913869480001,"minX":-103.510936626,"minY":24.793103999},"result":"Torreón, Coahuila, Mexico"}