{"bounds":{"maxX":-92.691507087,"maxY":16.9989115170001,"minX":-92.8513440409999,"minY":16.857581194},"result":"Larráinzar, Chiapas, Mexico"}