{"bounds":{"maxX":-107.799440479,"maxY":28.353341678,"minX":-108.531352525,"minY":27.93745761},"result":"Ocampo, Chihuahua, Mexico"}