{"bounds":{"maxX":-92.070265132,"maxY":15.131535593,"minX":-92.145037148,"minY":15.01135537},"result":"Unión Juárez, Chiapas, Mexico"}