{"bounds":{"maxX":-100.52969933,"maxY":26.397153186,"minX":-101.894852479,"minY":25.450146637},"result":"Ramos Arizpe, Coahuila, Mexico"}