{"bounds":{"maxX":-93.071410965,"maxY":17.280616374,"minX":-93.1588414889999,"minY":17.152399679},"result":"Tapalapa, Chiapas, Mexico"}