{"bounds":{"maxX":-106.415614948,"maxY":26.688782718,"minX":-107.90150081,"minY":25.558843617},"result":"Guadalupe y Calvo, Chihuahua, Mexico"}