{"bounds":{"maxX":-104.81808326,"maxY":28.3419413030001,"minX":-105.822962442,"minY":27.6811007960001},"result":"Saucillo, Chihuahua, Mexico"}