{"bounds":{"maxX":-107.544199725,"maxY":28.98581504,"minX":-107.875269914,"minY":28.6455516500001},"result":"Matachí, Chihuahua, Mexico"}