{"bounds":{"maxX":-92.683160846,"maxY":16.7810156100001,"minX":-92.881118918,"minY":16.6434800230001},"result":"Zinacantán, Chiapas, Mexico"}