{"bounds":{"maxX":-91.381782865,"maxY":16.2069689570001,"minX":-92.206896195,"minY":15.752147484},"result":"La Trinitaria, Chiapas, Mexico"}