{"bounds":{"maxX":-105.310580021,"maxY":28.4804070920001,"minX":-105.656658021,"minY":28.236134167},"result":"Meoqui, Chihuahua, Mexico"}