{"bounds":{"maxX":-92.308147304,"maxY":16.5869106530001,"minX":-92.4897046579999,"minY":16.445475194},"result":"Amatenango del Valle, Chiapas, Mexico"}