{"bounds":{"maxX":-103.699094105,"maxY":27.5991422290001,"minX":-105.103945096,"minY":26.3404682840001},"result":"Jiménez, Chihuahua, Mexico"}