{"bounds":{"maxX":-103.044851574,"maxY":28.5545053160001,"minX":-103.96000192,"minY":26.6167356940001},"result":"Sierra Mojada, Coahuila, Mexico"}