{"bounds":{"maxX":-91.296660607,"maxY":16.674033117,"minX":-92.182720282,"minY":16.074349339},"result":"Las Margaritas, Chiapas, Mexico"}