{"bounds":{"maxX":-92.18296235,"maxY":15.949477154,"minX":-92.616383819,"minY":15.637608173},"result":"Chicomuselo, Chiapas, Mexico"}