{"bounds":{"maxX":-92.965169359,"maxY":17.28131889,"minX":-93.122321703,"minY":17.1076820260001},"result":"Pantepec, Chiapas, Mexico"}