{"bounds":{"maxX":-92.811072517,"maxY":16.930706489,"minX":-93.020620456,"minY":16.6846331020001},"result":"Ixtapa, Chiapas, Mexico"}