{"bounds":{"maxX":-93.0438375429999,"maxY":17.4095182450001,"minX":-93.216023427,"minY":17.2619650390001},"result":"Chapultenango, Chiapas, Mexico"}