{"bounds":{"maxX":-93.036931521,"maxY":17.1916013630001,"minX":-93.2092612879999,"minY":17.045289617},"result":"Coapilla, Chiapas, Mexico"}