{"bounds":{"maxX":-90.23554454,"maxY":18.5076902770001,"minX":-91.328291066,"minY":17.815206894},"result":"Candelaria, Campeche, Mexico"}