{"bounds":{"maxX":-107.562854625,"maxY":29.2596457380001,"minX":-108.583907644,"minY":28.2945991390001},"result":"Temósachic, Chihuahua, Mexico"}