{"bounds":{"maxX":-93.0339082789999,"maxY":16.844852932,"minX":-93.247620044,"minY":16.645164817},"result":"Tuxtla Gutiérrez, Chiapas, Mexico"}