{"bounds":{"maxX":-103.881117433,"maxY":19.497702932,"minX":-104.227425095,"minY":19.2458310590001},"result":"Minatitlán, Colima, Mexico"}