{"bounds":{"maxX":-89.012147,"maxY":20.962639,"minX":-92.46991,"minY":17.814346},"result":"Campeche, Mexico"}