{"bounds":{"maxX":-90.5567187939999,"maxY":16.473368801,"minX":-90.9610753969999,"minY":16.0741831460001},"result":"Marqués de Comillas, Chiapas, Mexico"}