{"bounds":{"maxX":-103.77181454,"maxY":19.3063194380001,"minX":-104.104050848,"minY":19.045572872},"result":"Coquimatlán, Colima, Mexico"}