{"bounds":{"maxX":-108.411219617,"maxY":28.3695510580001,"minX":-109.074886167,"minY":27.9607856260001},"result":"Moris, Chihuahua, Mexico"}