{"bounds":{"maxX":-106.545147968,"maxY":29.1980480940001,"minX":-107.273806946,"minY":28.3372786670001},"result":"Cuauhtémoc, Chihuahua, Mexico"}