{"bounds":{"maxX":-107.346075115,"maxY":27.267655087,"minX":-108.037649041,"minY":26.58752693},"result":"Batopilas, Chihuahua, Mexico"}