{"bounds":{"maxX":-93.041878649,"maxY":16.694842796,"minX":-93.24097607,"minY":16.4956154240001},"result":"Suchiapa, Chiapas, Mexico"}