{"bounds":{"maxX":-103.797115848,"maxY":25.053247781,"minX":-104.322415578,"minY":24.484335625},"result":"Peñón Blanco, Durango, Mexico"}