{"bounds":{"maxX":-99.2066587799999,"maxY":19.337886704,"minX":-99.323314489,"minY":19.2130556270001},"result":"La Magdalena Contreras, Ciudad de México, Mexico"}