{"bounds":{"maxX":-103.805870835,"maxY":24.2500602150001,"minX":-104.253355598,"minY":23.8197393200001},"result":"Poanas, Durango, Mexico"}