{"bounds":{"maxX":-98.940302812,"maxY":19.3271336290001,"minX":-99.0689667509999,"minY":19.2105710810001},"result":"Tláhuac, Ciudad de México, Mexico"}