{"bounds":{"maxX":-103.336916196,"maxY":25.768091446,"minX":-103.978701567,"minY":25.174233546},"result":"Lerdo, Durango, Mexico"}