{"bounds":{"maxX":-103.318587658,"maxY":25.8879968250001,"minX":-103.690469272,"minY":25.5355773520001},"result":"Gómez Palacio, Durango, Mexico"}