{"bounds":{"maxX":-104.080071631,"maxY":23.76873263,"minX":-105.072368945,"minY":22.3450837140001},"result":"Mezquital, Durango, Mexico"}