{"bounds":{"maxX":-104.59531219,"maxY":26.1347999660001,"minX":-105.354914549,"minY":25.3403706140001},"result":"Indé, Durango, Mexico"}