{"bounds":{"maxX":-99.2467361389999,"maxY":19.4048480280001,"minX":-99.364924204,"minY":19.2325655700001},"result":"Cuajimalpa de Morelos, Ciudad de México, Mexico"}