{"bounds":{"maxX":-99.122241208,"maxY":19.465824368,"minX":-99.184303916,"minY":19.399789804},"result":"Cuauhtémoc, Ciudad de México, Mexico"}