{"bounds":{"maxX":-103.260825263,"maxY":26.75491802,"minX":-104.04402009,"minY":25.8292742790001},"result":"Tlahualilo, Durango, Mexico"}