{"bounds":{"maxX":-106.142742817,"maxY":25.662232595,"minX":-107.210132226,"minY":24.277856957},"result":"Tamazula, Durango, Mexico"}