{"bounds":{"maxX":-104.755192088,"maxY":23.9676882260001,"minX":-105.797383587,"minY":22.941330169},"result":"Pueblo Nuevo, Durango, Mexico"}