{"bounds":{"maxX":-105.634278066,"maxY":24.922642094,"minX":-106.227167643,"minY":24.4982935960001},"result":"Otáez, Durango, Mexico"}