{"bounds":{"maxX":-99.1009291669999,"maxY":19.3122636360001,"minX":-99.316249756,"minY":19.089377991},"result":"Tlalpan, Ciudad de México, Mexico"}