{"bounds":{"maxX":-105.437865174,"maxY":25.8224471070001,"minX":-106.690015495,"minY":25.0255915490001},"result":"Tepehuanes, Durango, Mexico"}