{"bounds":{"maxX":-104.356641509,"maxY":25.428196239,"minX":-104.825115421,"minY":24.9561748200001},"result":"Rodeo, Durango, Mexico"}