{"bounds":{"maxX":-104.167420396,"maxY":24.7245782430001,"minX":-104.567694335,"minY":24.2864187910001},"result":"Pánuco de Coronado, Durango, Mexico"}