{"bounds":{"maxX":-104.119931199,"maxY":25.5111678370001,"minX":-104.547370207,"minY":25.2653411320001},"result":"San Luis del Cordero, Durango, Mexico"}