{"bounds":{"maxX":-104.101998661,"maxY":24.4246508750001,"minX":-105.572473828,"minY":23.3975025280001},"result":"Durango, Durango, Mexico"}