{"bounds":{"maxX":-105.231451199,"maxY":24.6774303340001,"minX":-106.205898982,"minY":23.552645279},"result":"San Dimas, Durango, Mexico"}