{"bounds":{"maxX":-103.948144671,"maxY":24.067539203,"minX":-104.41454935,"minY":23.6141504280001},"result":"Nombre de Dios, Durango, Mexico"}