{"bounds":{"maxX":-104.135594329,"maxY":25.886839439,"minX":-104.665210249,"minY":25.3951664800001},"result":"San Pedro del Gallo, Durango, Mexico"}