{"bounds":{"maxX":-104.562717638,"maxY":25.2736352150001,"minX":-105.096618067,"minY":24.743520216},"result":"Coneto de Comonfort, Durango, Mexico"}