{"bounds":{"maxX":-98.952385648,"maxY":19.227704739,"minX":-99.163292844,"minY":19.0482366640001},"result":"Milpa Alta, Ciudad de México, Mexico"}