{"bounds":{"maxX":-102.53868,"maxY":26.83954,"minX":-107.270446,"minY":22.300391},"result":"Durango, Mexico"}