{"bounds":{"maxX":-103.785103501,"maxY":23.7012681150001,"minX":-104.366255279,"minY":23.128407672},"result":"Súchil, Durango, Mexico"}