{"bounds":{"maxX":-102.877837259,"maxY":25.2787126000001,"minX":-103.589502825,"minY":24.4016265980001},"result":"General Simón Bolívar, Durango, Mexico"}