{"bounds":{"maxX":-105.378796709,"maxY":26.542898033,"minX":-105.956325666,"minY":25.825091157},"result":"San Bernardo, Durango, Mexico"}