{"bounds":{"maxX":-99.143054671,"maxY":19.5151359600001,"minX":-99.221115071,"minY":19.456434776},"result":"Azcapotzalco, Ciudad de México, Mexico"}