{"bounds":{"maxX":-98.8529829999999,"maxY":19.53966,"minX":-99.3267509999999,"minY":19.028231},"result":"Ciudad de México, Mexico"}