{"bounds":{"maxX":-103.895933252,"maxY":24.683520914,"minX":-104.266957297,"minY":24.1177216630001},"result":"Guadalupe Victoria, Durango, Mexico"}