{"bounds":{"maxX":-103.566271827,"maxY":26.842279524,"minX":-104.611667408,"minY":25.474241067},"result":"Mapimí, Durango, Mexico"}