{"bounds":{"maxX":-99.171706108,"maxY":19.4037430270001,"minX":-99.324355937,"minY":19.232609794},"result":"Álvaro Obregón, Ciudad de México, Mexico"}