{"bounds":{"maxX":-99.046458824,"maxY":19.459782401,"minX":-99.128199726,"minY":19.404330675},"result":"Venustiano Carranza, Ciudad de México, Mexico"}