{"bounds":{"maxX":-98.960448243,"maxY":19.4007358490001,"minX":-99.1398938309999,"minY":19.284955844},"result":"Iztapalapa, Ciudad de México, Mexico"}