{"bounds":{"maxX":-104.721842303,"maxY":25.1168299650001,"minX":-105.319805184,"minY":24.5574677550001},"result":"Nuevo Ideal, Durango, Mexico"}