{"bounds":{"maxX":-103.175737911,"maxY":24.744586301,"minX":-103.64737744,"minY":24.230688362},"result":"Santa Clara, Durango, Mexico"}