{"bounds":{"maxX":-105.026086782,"maxY":25.445540023,"minX":-106.616027994,"minY":24.6000654370001},"result":"Santiago Papasquiaro, Durango, Mexico"}