{"bounds":{"maxX":-102.472696981,"maxY":25.066636493,"minX":-103.056306337,"minY":24.3739718520001},"result":"San Juan de Guadalupe, Durango, Mexico"}