{"bounds":{"maxX":-99.099076264,"maxY":19.359568262,"minX":-99.2057521739999,"minY":19.2968368360001},"result":"Coyoacán, Ciudad de México, Mexico"}