{"bounds":{"maxX":-106.172154232,"maxY":25.4096336330001,"minX":-106.954767442,"minY":25.091680148},"result":"Topia, Durango, Mexico"}