{"bounds":{"maxX":-105.056368523,"maxY":26.8448759120001,"minX":-106.280135449,"minY":26.071125647},"result":"Ocampo, Durango, Mexico"}