{"bounds":{"maxX":-105.494210952,"maxY":26.527169428,"minX":-106.560129786,"minY":25.56006625},"result":"Guanaceví, Durango, Mexico"}