{"bounds":{"maxX":-104.250898266,"maxY":25.0311015240001,"minX":-104.707205991,"minY":24.558826621},"result":"Tlacolula, Durango, Mexico"}