{"bounds":{"maxX":-99.130942487,"maxY":19.404063282,"minX":-99.19214061,"minY":19.356917604},"result":"Benito Juárez, Ciudad de México, Mexico"}