{"bounds":{"maxX":-104.701680082,"maxY":26.1129797630001,"minX":-105.572619486,"minY":25.1611424880001},"result":"El Oro, Durango, Mexico"}