{"bounds":{"maxX":-99.055786489,"maxY":19.422234444,"minX":-99.1371823279999,"minY":19.3756995140001},"result":"Iztacalco, Ciudad de México, Mexico"}