{"bounds":{"maxX":-103.777970008,"maxY":25.586293928,"minX":-104.383451759,"minY":24.9556564970001},"result":"Nazas, Durango, Mexico"}