{"bounds":{"maxX":-104.428729632,"maxY":26.5100183050001,"minX":-105.276985219,"minY":25.5801512680001},"result":"Hidalgo, Durango, Mexico"}