{"bounds":{"maxX":-103.283276764,"maxY":25.280022113,"minX":-104.021939825,"minY":24.0259751150001},"result":"Cuencamé, Durango, Mexico"}