{"bounds":{"maxX":-99.007044772,"maxY":19.3204495370001,"minX":-99.154394864,"minY":19.1525441680001},"result":"Xochimilco, Ciudad de México, Mexico"}