{"bounds":{"maxX":-103.816066992,"maxY":23.86097119,"minX":-104.138597257,"minY":23.5923660550001},"result":"Vicente Guerrero, Durango, Mexico"}