{"bounds":{"maxX":-106.123043016,"maxY":25.1971968990001,"minX":-106.710789777,"minY":24.9476173940001},"result":"Canelas, Durango, Mexico"}