{"bounds":{"maxX":-99.163712774,"maxY":19.473359606,"minX":-99.2596602959999,"minY":19.3859570160001},"result":"Miguel Hidalgo, Ciudad de México, Mexico"}