{"bounds":{"maxX":-99.050868421,"maxY":19.5927572800001,"minX":-99.177045735,"minY":19.4447905160001},"result":"Gustavo A. Madero, Ciudad de México, Mexico"}