{"bounds":{"maxX":-104.445640122,"maxY":24.844966592,"minX":-105.50074381,"minY":24.214465282},"result":"Canatlán, Durango, Mexico"}