{"bounds":{"maxX":-98.813432709,"maxY":16.720681434,"minX":-99.079902605,"minY":16.5283846300001},"result":"Copala, Guerrero, Mexico"}