{"bounds":{"maxX":-99.221447548,"maxY":17.9624338300001,"minX":-99.563726452,"minY":17.6524303790001},"result":"Mártir de Cuilapan, Guerrero, Mexico"}