{"bounds":{"maxX":-98.888189537,"maxY":17.6852856510001,"minX":-99.286231275,"minY":17.296077117},"result":"Chilapa de Álvarez, Guerrero, Mexico"}