{"bounds":{"maxX":-101.079928441,"maxY":20.200333705,"minX":-101.21235921,"minY":20.034473742},"result":"Uriangato, Guanajuato, Mexico"}