{"bounds":{"maxX":-98.282256495,"maxY":17.2963746400001,"minX":-98.5375920339999,"minY":16.949299898},"result":"Cochoapa el Grande, Guerrero, Mexico"}