{"bounds":{"maxX":-99.753853877,"maxY":18.640884667,"minX":-99.973892499,"minY":18.41202887},"result":"Pedro Ascencio Alquisiras, Guerrero, Mexico"}