{"bounds":{"maxX":-100.240087943,"maxY":21.2195357030001,"minX":-100.48573132,"minY":21.075182},"result":"Doctor Mora, Guanajuato, Mexico"}