{"bounds":{"maxX":-100.218498384,"maxY":17.1811413350001,"minX":-100.615747595,"minY":16.9902288550001},"result":"Benito Juárez, Guerrero, Mexico"}