{"bounds":{"maxX":-100.468784987,"maxY":20.5550334380001,"minX":-100.695856589,"minY":20.31053695},"result":"Apaseo el Alto, Guanajuato, Mexico"}