{"bounds":{"maxX":-100.599068292,"maxY":18.492008786,"minX":-101.368689766,"minY":17.689397679},"result":"Coyuca de Catalán, Guerrero, Mexico"}