{"bounds":{"maxX":-100.006657584,"maxY":21.1561174610001,"minX":-100.293491128,"minY":20.9221551160001},"result":"Tierra Blanca, Guanajuato, Mexico"}