{"bounds":{"maxX":-100.636052922,"maxY":21.3500563210001,"minX":-101.203876858,"minY":20.859857748},"result":"Dolores Hidalgo, Guanajuato, Mexico"}