{"bounds":{"maxX":-98.825706579,"maxY":16.8068359050001,"minX":-99.0880519,"minY":16.633312663},"result":"Cuautepec, Guerrero, Mexico"}