{"bounds":{"maxX":-98.741666161,"maxY":17.4888544250001,"minX":-98.937997603,"minY":17.1544716600001},"result":"Zapotitlán Tablas, Guerrero, Mexico"}