{"bounds":{"maxX":-101.452637628,"maxY":20.944346281,"minX":-101.747959247,"minY":20.6874291680001},"result":"Romita, Guanajuato, Mexico"}