{"bounds":{"maxX":-99.473636019,"maxY":17.233682785,"minX":-100.00215247,"minY":16.684081801},"result":"Acapulco, Guerrero, Mexico"}