{"bounds":{"maxX":-99.0489347819999,"maxY":18.475549383,"minX":-99.4439787159999,"minY":17.9075923550001},"result":"Huitzuco de los Figueroa, Guerrero, Mexico"}