{"bounds":{"maxX":-101.033069713,"maxY":20.866888288,"minX":-101.313420603,"minY":20.436864686},"result":"Salamanca, Guanajuato, Mexico"}