{"bounds":{"maxX":-98.200400042,"maxY":17.568387038,"minX":-98.474380201,"minY":17.167457465},"result":"Alcozauca de Guerrero, Guerrero, Mexico"}