{"bounds":{"maxX":-99.480163354,"maxY":18.7863369290001,"minX":-99.738831499,"minY":18.645164612},"result":"Pilcaya, Guerrero, Mexico"}