{"bounds":{"maxX":-101.678105733,"maxY":20.8463330170001,"minX":-102.07363332,"minY":20.5399852950001},"result":"Manuel Doblado, Guanajuato, Mexico"}