{"bounds":{"maxX":-101.057162837,"maxY":21.228017746,"minX":-101.436333287,"minY":20.8244565110001},"result":"Guanajuato, Guanajuato, Mexico"}