{"bounds":{"maxX":-99.579731904,"maxY":18.326387261,"minX":-99.851072444,"minY":17.950507149},"result":"Cocula, Guerrero, Mexico"}