{"bounds":{"maxX":-100.886541442,"maxY":20.591654717,"minX":-101.111883112,"minY":20.5006355260001},"result":"Villagrán, Guanajuato, Mexico"}