{"bounds":{"maxX":-100.772507826,"maxY":20.381155596,"minX":-101.051853424,"minY":20.004059023},"result":"Salvatierra, Guanajuato, Mexico"}