{"bounds":{"maxX":-98.763297931,"maxY":17.6609228880001,"minX":-99.079358669,"minY":17.2907278760001},"result":"Atlixtac, Guerrero, Mexico"}