{"bounds":{"maxX":-98.007276394,"maxY":17.0665812030001,"minX":-98.2582114149999,"minY":16.6972350950001},"result":"Xochistlahuaca, Guerrero, Mexico"}