{"bounds":{"maxX":-98.4169154739999,"maxY":16.9157557830001,"minX":-98.577614588,"minY":16.6459197130001},"result":"Igualapa, Guerrero, Mexico"}