{"bounds":{"maxX":-100.533517503,"maxY":18.4150934260001,"minX":-100.706317328,"minY":18.2724805780001},"result":"Pungarabato, Guerrero, Mexico"}