{"bounds":{"maxX":-98.193775777,"maxY":16.7998846150001,"minX":-98.502821194,"minY":16.5452041500001},"result":"Ometepec, Guerrero, Mexico"}