{"bounds":{"maxX":-101.334635239,"maxY":18.6124777530001,"minX":-101.90715409,"minY":17.975935974},"result":"Coahuayutla de José María Izazaga, Guerrero, Mexico"}