{"bounds":{"maxX":-99.389213274,"maxY":18.036009402,"minX":-99.822407982,"minY":17.592020357},"result":"Eduardo Neri, Guerrero, Mexico"}