{"bounds":{"maxX":-100.481722418,"maxY":20.2289485590001,"minX":-101.004656153,"minY":19.912750181},"result":"Acámbaro, Guanajuato, Mexico"}