{"bounds":{"maxX":-100.316784165,"maxY":18.284455012,"minX":-100.867721828,"minY":17.5783816590001},"result":"Ajuchitlán del Progreso, Guerrero, Mexico"}