{"bounds":{"maxX":-99.996417654,"maxY":21.2360896540001,"minX":-100.153780629,"minY":21.0467201650001},"result":"Santa Catarina, Guanajuato, Mexico"}