{"bounds":{"maxX":-98.558294683,"maxY":16.66284667,"minX":-98.7882700769999,"minY":16.508898233},"result":"Juchitán, Guerrero, Mexico"}