{"bounds":{"maxX":-99.08485616,"maxY":17.8563845510001,"minX":-99.284365121,"minY":17.6386049990001},"result":"Zitlala, Guerrero, Mexico"}