{"bounds":{"maxX":-99.32005888,"maxY":18.3372483750001,"minX":-99.634622021,"minY":17.9174586990001},"result":"Tepecoacuilco de Trujano, Guerrero, Mexico"}