{"bounds":{"maxX":-99.194608998,"maxY":17.0693565390001,"minX":-99.6232038369999,"minY":16.6343063300001},"result":"San Marcos, Guerrero, Mexico"}