{"bounds":{"maxX":-100.928712371,"maxY":20.210473549,"minX":-101.054296222,"minY":20.104035948},"result":"Santiago Maravatío, Guanajuato, Mexico"}