{"bounds":{"maxX":-101.594902266,"maxY":20.6227262260001,"minX":-102.097032277,"minY":20.1879841470001},"result":"Pénjamo, Guanajuato, Mexico"}