{"bounds":{"maxX":-98.859161816,"maxY":18.2723145200001,"minX":-99.237989666,"minY":17.9990337200001},"result":"Atenango del Río, Guerrero, Mexico"}