{"bounds":{"maxX":-100.878485056,"maxY":17.9385642720001,"minX":-101.461321861,"minY":17.3274267950001},"result":"Petatlán, Guerrero, Mexico"}