{"bounds":{"maxX":-98.495807563,"maxY":17.342278541,"minX":-98.648282115,"minY":17.176771162},"result":"Atlamajalcingo del Monte, Guerrero, Mexico"}