{"bounds":{"maxX":-98.85038295,"maxY":17.1734311750001,"minX":-99.267716418,"minY":16.7707071990001},"result":"Ayutla de los Libres, Guerrero, Mexico"}