{"bounds":{"maxX":-101.37224964,"maxY":21.3301716010001,"minX":-101.833448014,"minY":20.864597976},"result":"León, Guanajuato, Mexico"}