{"bounds":{"maxX":-99.009038871,"maxY":17.5010329020001,"minX":-99.321291198,"minY":17.138615412},"result":"Quechultenango, Guerrero, Mexico"}