{"bounds":{"maxX":-98.575109796,"maxY":17.344203969,"minX":-98.8099514209999,"minY":16.9133539900001},"result":"Malinaltepec, Guerrero, Mexico"}