{"bounds":{"maxX":-99.0427809939999,"maxY":16.7944868020001,"minX":-99.2321422369999,"minY":16.5937215380001},"result":"Florencio Villarreal, Guerrero, Mexico"}