{"bounds":{"maxX":-101.785440483,"maxY":21.109947929,"minX":-102.095908386,"minY":20.771481657},"result":"Purísima del Rincón, Guanajuato, Mexico"}