{"bounds":{"maxX":-101.078528937,"maxY":20.547176741,"minX":-101.460127019,"minY":20.246415202},"result":"Valle de Santiago, Guanajuato, Mexico"}