{"bounds":{"maxX":-100.977398515,"maxY":20.4541767860001,"minX":-101.11347215,"minY":20.275033767},"result":"Jaral del Progreso, Guanajuato, Mexico"}