{"bounds":{"maxX":-99.3870300029999,"maxY":17.610093002,"minX":-100.060952621,"minY":17.1735888960001},"result":"Chilpancingo de los Bravo, Guerrero, Mexico"}