{"bounds":{"maxX":-99.9993020539999,"maxY":18.548757837,"minX":-100.227902471,"minY":18.3388922400001},"result":"General Canuto A. Neri, Guerrero, Mexico"}