{"bounds":{"maxX":-98.6621661519999,"maxY":16.7523502720001,"minX":-98.8488972709999,"minY":16.4951572430001},"result":"Marquelia, Guerrero, Mexico"}