{"bounds":{"maxX":-100.284148912,"maxY":18.623926356,"minX":-100.559736358,"minY":18.3004727900001},"result":"Tlalchapa, Guerrero, Mexico"}