{"bounds":{"maxX":-98.471016691,"maxY":17.9741255180001,"minX":-98.620779842,"minY":17.685583029},"result":"Huamuxtitlán, Guerrero, Mexico"}