{"bounds":{"maxX":-99.143106007,"maxY":17.1604586870001,"minX":-99.474061782,"minY":16.780811026},"result":"Tecoanapa, Guerrero, Mexico"}