{"bounds":{"maxX":-99.6903943739999,"maxY":18.553163623,"minX":-99.846885861,"minY":18.373563733},"result":"Ixcateopan de Cuauhtémoc, Guerrero, Mexico"}