{"bounds":{"maxX":-101.200525271,"maxY":18.0614062830001,"minX":-101.711922005,"minY":17.5547679060001},"result":"Zihuatanejo de Azueta, Guerrero, Mexico"}