{"bounds":{"maxX":-99.255441122,"maxY":17.527844126,"minX":-99.474079274,"minY":17.158475423},"result":"Mochitlán, Guerrero, Mexico"}