{"bounds":{"maxX":-99.307659922,"maxY":17.252242918,"minX":-99.635352241,"minY":17.0214894260001},"result":"Juan R. Escudero, Guerrero, Mexico"}