{"bounds":{"maxX":-98.021087,"maxY":19.060511,"minX":-102.186515,"minY":16.319027},"result":"Guerrero, Mexico"}