{"bounds":{"maxX":-99.616231749,"maxY":17.8012049330001,"minX":-99.959157152,"minY":17.4676607690001},"result":"Leonardo Bravo, Guerrero, Mexico"}