{"bounds":{"maxX":-100.598390034,"maxY":21.6189598490001,"minX":-101.041386813,"minY":21.294219556},"result":"San Diego de la Unión, Guanajuato, Mexico"}