{"bounds":{"maxX":-99.71540447,"maxY":18.3187884650001,"minX":-99.907599912,"minY":17.8955967950001},"result":"Cuetzala del Progreso, Guerrero, Mexico"}