{"bounds":{"maxX":-100.083932022,"maxY":18.2033420060001,"minX":-100.531824108,"minY":17.491081545},"result":"San Miguel Totolapan, Guerrero, Mexico"}