{"bounds":{"maxX":-98.852369772,"maxY":18.1341124360001,"minX":-99.230516467,"minY":17.8296176270001},"result":"Copalillo, Guerrero, Mexico"}