{"bounds":{"maxX":-99.614125958,"maxY":18.6068667590001,"minX":-100.100988773,"minY":18.1667688360001},"result":"Teloloapan, Guerrero, Mexico"}