{"bounds":{"maxX":-101.367035249,"maxY":20.776791148,"minX":-101.64610215,"minY":20.297934201},"result":"Abasolo, Guanajuato, Mexico"}