{"bounds":{"maxX":-100.469958298,"maxY":21.1091100780001,"minX":-101.086680865,"minY":20.7160881520001},"result":"San Miguel de Allende, Guanajuato, Mexico"}