{"bounds":{"maxX":-100.229131529,"maxY":21.1149569340001,"minX":-100.534478254,"minY":20.8874318810001},"result":"San José Iturbide, Guanajuato, Mexico"}