{"bounds":{"maxX":-98.582159377,"maxY":17.5420212820001,"minX":-98.838878541,"minY":17.3341013620001},"result":"Copanatoyac, Guerrero, Mexico"}