{"bounds":{"maxX":-101.412095319,"maxY":20.418023098,"minX":-101.57747548,"minY":20.311672539},"result":"Huanímaro, Guanajuato, Mexico"}