{"bounds":{"maxX":-101.317831754,"maxY":21.152595191,"minX":-101.5817831,"minY":20.799978749},"result":"Silao, Guanajuato, Mexico"}