{"bounds":{"maxX":-98.5280674969999,"maxY":17.0959496830001,"minX":-98.956216467,"minY":16.64538817},"result":"San Luis Acatlán, Guerrero, Mexico"}