{"bounds":{"maxX":-98.675938171,"maxY":17.3492271170001,"minX":-98.8813851639999,"minY":17.06963311},"result":"Tlacoapa, Guerrero, Mexico"}