{"bounds":{"maxX":-101.300125126,"maxY":20.594404082,"minX":-101.418656312,"minY":20.5017191100001},"result":"Pueblo Nuevo, Guanajuato, Mexico"}