{"bounds":{"maxX":-99.4302317,"maxY":18.4311494780001,"minX":-99.71593795,"minY":17.9536775550001},"result":"Iguala de la Independencia, Guerrero, Mexico"}