{"bounds":{"maxX":-100.306338231,"maxY":18.35578208,"minX":-100.58481675,"minY":18.198635058},"result":"Tlapehuala, Guerrero, Mexico"}