{"bounds":{"maxX":-99.419704445,"maxY":18.684674128,"minX":-99.7733115459999,"minY":18.3585909400001},"result":"Taxco de Alarcón, Guerrero, Mexico"}