{"bounds":{"maxX":-101.57753173,"maxY":20.7036078310001,"minX":-101.776927893,"minY":20.5270328030001},"result":"Cuerámaro, Guanajuato, Mexico"}