{"bounds":{"maxX":-98.4813244269999,"maxY":16.8042990280001,"minX":-98.680306892,"minY":16.5066998500001},"result":"Azoyú, Guerrero, Mexico"}