{"bounds":{"maxX":-98.349465046,"maxY":16.5933826510001,"minX":-98.723103637,"minY":16.3159525830001},"result":"Cuajinicuilapa, Guerrero, Mexico"}