{"bounds":{"maxX":-100.615513962,"maxY":20.831266897,"minX":-100.992846592,"minY":20.643018851},"result":"Comonfort, Guanajuato, Mexico"}