{"bounds":{"maxX":-100.055380187,"maxY":18.4327900000001,"minX":-100.333089631,"minY":18.0748251580001},"result":"Arcelia, Guerrero, Mexico"}