{"bounds":{"maxX":-100.823607802,"maxY":20.515633091,"minX":-101.047412835,"minY":20.328356834},"result":"Cortazar, Guanajuato, Mexico"}