{"bounds":{"maxX":-100.3543844,"maxY":20.387172446,"minX":-100.686970131,"minY":19.9822849980001},"result":"Jerécuaro, Guanajuato, Mexico"}