{"bounds":{"maxX":-101.668373112,"maxY":21.0555684170001,"minX":-101.90336395,"minY":20.7938574070001},"result":"San Francisco del Rincón, Guanajuato, Mexico"}