{"bounds":{"maxX":-99.2675377049999,"maxY":18.575101379,"minX":-99.524913828,"minY":18.3628018520001},"result":"Buenavista de Cuéllar, Guerrero, Mexico"}