{"bounds":{"maxX":-99.7125629999999,"maxY":21.856689,"minX":-102.134186,"minY":19.908709},"result":"Guanajuato, Mexico"}