{"bounds":{"maxX":-98.217998227,"maxY":17.36698341,"minX":-98.619831555,"minY":16.880935665},"result":"Metlatónoc, Guerrero, Mexico"}