{"bounds":{"maxX":-99.25811896,"maxY":17.739201865,"minX":-99.468065015,"minY":17.473896344},"result":"Tixtla de Guerrero, Guerrero, Mexico"}