{"bounds":{"maxX":-98.737746992,"maxY":17.933482344,"minX":-99.142643044,"minY":17.6066825130001},"result":"Ahuacuotzingo, Guerrero, Mexico"}