{"bounds":{"maxX":-101.141442676,"maxY":20.848375683,"minX":-101.541526328,"minY":20.50112548},"result":"Irapuato, Guanajuato, Mexico"}