{"bounds":{"maxX":-98.329188836,"maxY":17.6333451790001,"minX":-98.4943267629999,"minY":17.5030799360001},"result":"Tlalixtaquilla, Guerrero, Mexico"}