{"bounds":{"maxX":-100.447738758,"maxY":20.078539914,"minX":-100.601893348,"minY":19.91882005},"result":"Tarandacuao, Guanajuato, Mexico"}