{"bounds":{"maxX":-98.607821799,"maxY":18.0652105500001,"minX":-98.980807295,"minY":17.7002746270001},"result":"Olinalá, Guerrero, Mexico"}