{"bounds":{"maxX":-99.856015042,"maxY":18.249514893,"minX":-100.115836876,"minY":17.938270828},"result":"Apaxtla, Guerrero, Mexico"}