{"bounds":{"maxX":-99.771777602,"maxY":21.52709465,"minX":-100.15250918,"minY":21.1853229120001},"result":"Xichú, Guanajuato, Mexico"}