{"bounds":{"maxX":-98.938304672,"maxY":17.5158016770001,"minX":-99.055291134,"minY":17.3654301450001},"result":"José Joaquin de Herrera, Guerrero, Mexico"}