{"bounds":{"maxX":-98.4610447429999,"maxY":17.703438889,"minX":-98.561799874,"minY":17.563362882},"result":"Alpoyeca, Guerrero, Mexico"}