{"bounds":{"maxX":-100.917257043,"maxY":18.54473403,"minX":-101.541043239,"minY":18.112218351},"result":"Zirándaro, Guerrero, Mexico"}