{"bounds":{"maxX":-100.195861266,"maxY":21.6916708420001,"minX":-100.751342182,"minY":21.071123475},"result":"San Luis de la Paz, Guanajuato, Mexico"}