{"bounds":{"maxX":-98.0663133319999,"maxY":17.202527596,"minX":-98.49500754,"minY":16.747028657},"result":"Tlacoachistlahuaca, Guerrero, Mexico"}