{"bounds":{"maxX":-99.804295655,"maxY":18.041125419,"minX":-100.214015962,"minY":17.3991389080001},"result":"General Heliodoro Castillo, Guerrero, Mexico"}