{"bounds":{"maxX":-100.653599032,"maxY":20.4240264320001,"minX":-100.843110213,"minY":20.1615428690001},"result":"Tarimoro, Guanajuato, Mexico"}