{"bounds":{"maxX":-100.834321494,"maxY":21.839416719,"minX":-101.679762709,"minY":21.1362388850001},"result":"San Felipe, Guanajuato, Mexico"}