{"bounds":{"maxX":-98.4412608969999,"maxY":17.530364134,"minX":-98.66385046,"minY":17.326873135},"result":"Xalpatláhuac, Guerrero, Mexico"}