{"bounds":{"maxX":-100.634882918,"maxY":20.688636429,"minX":-100.911520401,"minY":20.3560513410001},"result":"Celaya, Guanajuato, Mexico"}