{"bounds":{"maxX":-100.418085223,"maxY":18.8872713710001,"minX":-100.798974881,"minY":18.396750469},"result":"Cutzamala de Pinzón, Guerrero, Mexico"}