{"bounds":{"maxX":-100.99830143,"maxY":20.302398682,"minX":-101.423689024,"minY":20.0303976070001},"result":"Yuriria, Guanajuato, Mexico"}