{"bounds":{"maxX":-101.159950339,"maxY":20.1618609540001,"minX":-101.325149668,"minY":20.0072241560001},"result":"Moroleón, Guanajuato, Mexico"}