{"bounds":{"maxX":-101.490398226,"maxY":18.24829637,"minX":-102.184345321,"minY":17.769876131},"result":"La Unión de Isidoro Montes de Oca, Guerrero, Mexico"}