{"bounds":{"maxX":-100.457519882,"maxY":17.6966033090001,"minX":-101.082358228,"minY":17.110569486},"result":"Técpan de Galeana, Guerrero, Mexico"}