{"bounds":{"maxX":-99.8058025939999,"maxY":17.458119993,"minX":-100.311608352,"minY":16.9005393200001},"result":"Coyuca de Benítez, Guerrero, Mexico"}