{"bounds":{"maxX":-98.5824098749999,"maxY":17.856662323,"minX":-98.763297931,"minY":17.6134862910001},"result":"Cualác, Guerrero, Mexico"}