{"bounds":{"maxX":-98.825465741,"maxY":17.355309317,"minX":-99.1851746299999,"minY":16.9995755640001},"result":"Acatepec, Guerrero, Mexico"}