{"bounds":{"maxX":-101.285283259,"maxY":21.8299585450001,"minX":-101.641268837,"minY":21.3781859320001},"result":"Ocampo, Guanajuato, Mexico"}