{"bounds":{"maxX":-99.6713026149999,"maxY":21.3966560110001,"minX":-99.904222212,"minY":21.157322723},"result":"Atarjea, Guanajuato, Mexico"}