{"bounds":{"maxX":-100.851797437,"maxY":20.813922227,"minX":-101.120502548,"minY":20.5526308230001},"result":"Santa Cruz de Juventino Rosas, Guanajuato, Mexico"}