{"bounds":{"maxX":-100.323558374,"maxY":20.306849098,"minX":-100.449426106,"minY":20.126485523},"result":"Coroneo, Guanajuato, Mexico"}