{"bounds":{"maxX":-100.106690038,"maxY":17.5644092960001,"minX":-100.539354475,"minY":17.0597251350001},"result":"Atoyac de Álvarez, Guerrero, Mexico"}