{"bounds":{"maxX":-98.519000158,"maxY":17.131451031,"minX":-98.761695316,"minY":16.9713102160001},"result":"Iliatenco, Guerrero, Mexico"}