{"bounds":{"maxX":-98.442931497,"maxY":17.712507228,"minX":-98.807449342,"minY":17.3429310970001},"result":"Tlapa de Comonfort, Guerrero, Mexico"}