{"bounds":{"maxX":-100.058048264,"maxY":21.6656515180001,"minX":-100.382202032,"minY":21.1074046570001},"result":"Victoria, Guanajuato, Mexico"}