{"bounds":{"maxX":-99.5364632599999,"maxY":18.7373406340001,"minX":-99.786461211,"minY":18.580208898},"result":"Tetipac, Guerrero, Mexico"}