{"bounds":{"maxX":-100.482091639,"maxY":20.7182684200001,"minX":-100.764860574,"minY":20.4644506880001},"result":"Apaseo el Grande, Guanajuato, Mexico"}