{"bounds":{"maxX":-98.4228612859999,"maxY":17.9962888490001,"minX":-98.644610863,"minY":17.7888079320001},"result":"Xochihuehuetlán, Guerrero, Mexico"}