{"bounds":{"maxX":-99.0792116979999,"maxY":20.7088600330001,"minX":-99.29875822,"minY":20.3685537870001},"result":"Ixmiquilpan, Hidalgo, Mexico"}