{"bounds":{"maxX":-98.741732939,"maxY":19.9723869050001,"minX":-98.876174749,"minY":19.8564146960001},"result":"Tezontepec, Hidalgo, Mexico"}