{"bounds":{"maxX":-98.147358238,"maxY":21.151754522,"minX":-98.339325958,"minY":20.926468927},"result":"Huautla, Hidalgo, Mexico"}