{"bounds":{"maxX":-98.902977941,"maxY":19.906714563,"minX":-99.020581158,"minY":19.7985735090001},"result":"Tizayuca, Hidalgo, Mexico"}