{"bounds":{"maxX":-98.844015347,"maxY":21.0347943370001,"minX":-99.1037040099999,"minY":20.630575375},"result":"Tlahuiltepa, Hidalgo, Mexico"}