{"bounds":{"maxX":-99.17839859,"maxY":20.1277387590001,"minX":-99.291343847,"minY":20.0643949490001},"result":"Tlaxcoapan, Hidalgo, Mexico"}