{"bounds":{"maxX":-99.0173165319999,"maxY":21.126641046,"minX":-99.266192888,"minY":20.803134282},"result":"Jacala, Hidalgo, Mexico"}