{"bounds":{"maxX":-99.012892595,"maxY":20.2984574700001,"minX":-99.139777824,"minY":20.184130827},"result":"Francisco I. Madero, Hidalgo, Mexico"}