{"bounds":{"maxX":-99.1039821959999,"maxY":20.155221736,"minX":-99.193136553,"minY":20.063418642},"result":"Tetepango, Hidalgo, Mexico"}