{"bounds":{"maxX":-98.5035467719999,"maxY":20.627815379,"minX":-98.7090074609999,"minY":20.4137791860001},"result":"San Agustín Metzquititlán, Hidalgo, Mexico"}