{"bounds":{"maxX":-97.9337159999999,"maxY":21.41587,"minX":-99.862266,"minY":19.55016},"result":"Hidalgo, Mexico"}