{"bounds":{"maxX":-98.658444141,"maxY":20.298625101,"minX":-98.8392307509999,"minY":20.142372304},"result":"Mineral del Chico, Hidalgo, Mexico"}