{"bounds":{"maxX":-98.52806387,"maxY":20.0386767370001,"minX":-98.830983163,"minY":19.813184355},"result":"Zempoala, Hidalgo, Mexico"}