{"bounds":{"maxX":-98.9280196879999,"maxY":20.775756991,"minX":-99.1796160439999,"minY":20.416272226},"result":"Cardonal, Hidalgo, Mexico"}