{"bounds":{"maxX":-98.66183047,"maxY":20.141254482,"minX":-98.777631704,"minY":19.9800797680001},"result":"Mineral de la Reforma, Hidalgo, Mexico"}