{"bounds":{"maxX":-99.166056354,"maxY":20.160500976,"minX":-99.2440101669999,"minY":20.108426117},"result":"Tlahuelilpan, Hidalgo, Mexico"}