{"bounds":{"maxX":-98.531843061,"maxY":20.4516420510001,"minX":-98.824100693,"minY":20.2306430740001},"result":"Atotonilco el Grande, Hidalgo, Mexico"}