{"bounds":{"maxX":-99.512240253,"maxY":20.320167468,"minX":-99.859541437,"minY":20.1456944450001},"result":"Nopala, Hidalgo, Mexico"}