{"bounds":{"maxX":-98.157744808,"maxY":20.0971126090001,"minX":-98.385217633,"minY":19.8423802950001},"result":"Cuautepec de Hinojosa, Hidalgo, Mexico"}