{"bounds":{"maxX":-98.605105759,"maxY":20.2072263920001,"minX":-98.7027748789999,"minY":20.088255358},"result":"Mineral del Monte, Hidalgo, Mexico"}