{"bounds":{"maxX":-98.4222109039999,"maxY":20.968925315,"minX":-98.669238831,"minY":20.83972449},"result":"Calnali, Hidalgo, Mexico"}