{"bounds":{"maxX":-98.813066,"maxY":20.2977532620001,"minX":-98.9492525159999,"minY":20.15273158},"result":"El Arenal, Hidalgo, Mexico"}