{"bounds":{"maxX":-99.49576662,"maxY":20.512406308,"minX":-99.859106421,"minY":20.268470547},"result":"Huichapan, Hidalgo, Mexico"}