{"bounds":{"maxX":-98.2465569569999,"maxY":20.212298495,"minX":-98.502163845,"minY":20.052173747},"result":"Tulancingo, Hidalgo, Mexico"}