{"bounds":{"maxX":-98.784035423,"maxY":20.4359386420001,"minX":-98.993444562,"minY":20.1818516000001},"result":"Actopan, Hidalgo, Mexico"}