{"bounds":{"maxX":-99.25477123,"maxY":20.1702481770001,"minX":-99.518776729,"minY":19.9300801970001},"result":"Tula de Allende, Hidalgo, Mexico"}