{"bounds":{"maxX":-99.111049034,"maxY":20.3161886610001,"minX":-99.3080288309999,"minY":20.150800749},"result":"Mixquiahuala de Juárez, Hidalgo, Mexico"}