{"bounds":{"maxX":-98.575928926,"maxY":20.122003738,"minX":-98.72814569,"minY":19.953676473},"result":"Epazoyucan, Hidalgo, Mexico"}