{"bounds":{"maxX":-98.0978794439999,"maxY":20.2592955100001,"minX":-98.292660268,"minY":20.0704365},"result":"Acaxochitlán, Hidalgo, Mexico"}