{"bounds":{"maxX":-99.142513193,"maxY":20.047055164,"minX":-99.311031999,"minY":19.8734941930001},"result":"Atotonilco de Tula, Hidalgo, Mexico"}