{"bounds":{"maxX":-98.2224368609999,"maxY":20.948491728,"minX":-98.3529162569999,"minY":20.777839849},"result":"Xochiatipan, Hidalgo, Mexico"}