{"bounds":{"maxX":-98.275516322,"maxY":21.2523602210001,"minX":-98.617466209,"minY":21.034396628},"result":"Huejutla de Reyes, Hidalgo, Mexico"}