{"bounds":{"maxX":-98.824537145,"maxY":21.2126571330001,"minX":-99.04430536,"minY":21.039488309},"result":"Chapulhuacán, Hidalgo, Mexico"}