{"bounds":{"maxX":-98.753085216,"maxY":20.844003345,"minX":-98.985816384,"minY":20.641370981},"result":"Eloxochitlán, Hidalgo, Mexico"}