{"bounds":{"maxX":-98.4914316649999,"maxY":21.197720018,"minX":-98.561463354,"minY":21.109317069},"result":"Jaltocán, Hidalgo, Mexico"}