{"bounds":{"maxX":-98.259740573,"maxY":20.3292949180001,"minX":-98.42707888,"minY":20.1881832},"result":"Metepec, Hidalgo, Mexico"}