{"bounds":{"maxX":-98.415955359,"maxY":21.057529801,"minX":-98.550765435,"minY":20.930359572},"result":"Huazalingo, Hidalgo, Mexico"}