{"bounds":{"maxX":-98.425138311,"maxY":20.886055232,"minX":-98.673849108,"minY":20.676575997},"result":"Tianguistengo, Hidalgo, Mexico"}