{"bounds":{"maxX":-98.4634230679999,"maxY":21.3985207690001,"minX":-98.694753619,"minY":21.093369722},"result":"Orizatlán, Hidalgo, Mexico"}