{"bounds":{"maxX":-98.420936791,"maxY":20.748929289,"minX":-98.712465552,"minY":20.555205979},"result":"Zacualtipán de Ángeles, Hidalgo, Mexico"}