{"bounds":{"maxX":-98.6928291999999,"maxY":20.9760454990001,"minX":-98.8626305669999,"minY":20.721219799},"result":"Molango, Hidalgo, Mexico"}