{"bounds":{"maxX":-98.3789398489999,"maxY":19.9203158880001,"minX":-98.608101709,"minY":19.692384797},"result":"Tepeapulco, Hidalgo, Mexico"}