{"bounds":{"maxX":-99.3366600319999,"maxY":20.3393518830001,"minX":-99.5921405459999,"minY":20.149866966},"result":"Chapantongo, Hidalgo, Mexico"}