{"bounds":{"maxX":-98.656555124,"maxY":20.7409140130001,"minX":-98.965403685,"minY":20.388301761},"result":"Metztitlán, Hidalgo, Mexico"}