{"bounds":{"maxX":-98.95722769,"maxY":21.1750946350001,"minX":-99.180875892,"minY":20.9564766560001},"result":"La Misión, Hidalgo, Mexico"}