{"bounds":{"maxX":-99.44923292,"maxY":20.659131567,"minX":-99.83507984,"minY":20.4202342840001},"result":"Tecozautla, Hidalgo, Mexico"}