{"bounds":{"maxX":-99.247915219,"maxY":20.6092682340001,"minX":-99.488790216,"minY":20.45221587},"result":"Tasquillo, Hidalgo, Mexico"}