{"bounds":{"maxX":-98.093890497,"maxY":20.410414351,"minX":-98.319624456,"minY":20.2627888490001},"result":"Tenango de Doria, Hidalgo, Mexico"}