{"bounds":{"maxX":-99.0803317469999,"maxY":20.8988041000001,"minX":-99.275021158,"minY":20.6903324520001},"result":"Nicolás Flores, Hidalgo, Mexico"}