{"bounds":{"maxX":-98.505546742,"maxY":20.8868850580001,"minX":-98.729744325,"minY":20.691897322},"result":"Xochicoatlán, Hidalgo, Mexico"}