{"bounds":{"maxX":-98.7356462069999,"maxY":21.193326003,"minX":-98.9640722839999,"minY":20.945597016},"result":"Tepehuacán de Guerrero, Hidalgo, Mexico"}