{"bounds":{"maxX":-98.898576052,"maxY":21.311336585,"minX":-99.073731175,"minY":21.1511594780001},"result":"Pisaflores, Hidalgo, Mexico"}