{"bounds":{"maxX":-98.778590559,"maxY":20.902377804,"minX":-98.901262586,"minY":20.768961215},"result":"Juárez Hidalgo, Hidalgo, Mexico"}