{"bounds":{"maxX":-99.2838466109999,"maxY":20.5134853320001,"minX":-99.542255188,"minY":20.307059123},"result":"Alfajayucan, Hidalgo, Mexico"}