{"bounds":{"maxX":-98.558509758,"maxY":20.2511471500001,"minX":-98.6742677669999,"minY":20.1168870600001},"result":"Omitlán de Juárez, Hidalgo, Mexico"}