{"bounds":{"maxX":-98.5003923469999,"maxY":19.8917890920001,"minX":-98.660658554,"minY":19.7649227910001},"result":"Tlanalapa, Hidalgo, Mexico"}