{"bounds":{"maxX":-98.5245874679999,"maxY":19.7294829530001,"minX":-98.672716373,"minY":19.5977581110001},"result":"Emiliano Zapata, Hidalgo, Mexico"}