{"bounds":{"maxX":-98.297282594,"maxY":20.428780639,"minX":-98.458548133,"minY":20.302216984},"result":"Agua Blanca de Iturbide, Hidalgo, Mexico"}