{"bounds":{"maxX":-98.302629536,"maxY":21.11183134,"minX":-98.443245706,"minY":20.9296266310001},"result":"Atlapexco, Hidalgo, Mexico"}