{"bounds":{"maxX":-98.950622401,"maxY":20.410721971,"minX":-99.167045521,"minY":20.180834448},"result":"San Salvador, Hidalgo, Mexico"}