{"bounds":{"maxX":-98.4614516029999,"maxY":20.34703462,"minX":-98.637411792,"minY":20.0993059910001},"result":"Huasca de Ocampo, Hidalgo, Mexico"}