{"bounds":{"maxX":-98.193517494,"maxY":19.8482464300001,"minX":-98.443098745,"minY":19.628209489},"result":"Almoloya, Hidalgo, Mexico"}