{"bounds":{"maxX":-98.3644514699999,"maxY":20.3350687080001,"minX":-98.517282952,"minY":20.074782376},"result":"Acatlán, Hidalgo, Mexico"}