{"bounds":{"maxX":-99.155646981,"maxY":20.416765345,"minX":-99.359517846,"minY":20.238774725},"result":"Chilcuautla, Hidalgo, Mexico"}