{"bounds":{"maxX":-99.197512761,"maxY":20.954119427,"minX":-99.548480236,"minY":20.570387596},"result":"Zimapán, Hidalgo, Mexico"}