{"bounds":{"maxX":-99.1187786309999,"maxY":20.3782472610001,"minX":-99.232099649,"minY":20.230645909},"result":"Progreso de Obregón, Hidalgo, Mexico"}