{"bounds":{"maxX":-98.293520689,"maxY":20.992115875,"minX":-98.4517597129999,"minY":20.848096093},"result":"Yahualica, Hidalgo, Mexico"}