{"bounds":{"maxX":-98.0430700159999,"maxY":20.6163699700001,"minX":-98.334472443,"minY":20.3224465930001},"result":"San Bartolo Tutotepec, Hidalgo, Mexico"}