{"bounds":{"maxX":-99.144370301,"maxY":20.0964022850001,"minX":-99.292432182,"minY":20.023124809},"result":"Atitalaquia, Hidalgo, Mexico"}