{"bounds":{"maxX":-98.778802518,"maxY":20.1877749130001,"minX":-99.075525751,"minY":19.964496255},"result":"San Agustín Tlaxiaca, Hidalgo, Mexico"}