{"bounds":{"maxX":-98.789959451,"maxY":20.0505362480001,"minX":-98.919178936,"minY":19.924277649},"result":"Zapotlán de Juárez, Hidalgo, Mexico"}