{"bounds":{"maxX":-98.9678313269999,"maxY":20.195275646,"minX":-99.188997925,"minY":20.017918878},"result":"Ajacuba, Hidalgo, Mexico"}