{"bounds":{"maxX":-98.6920728429999,"maxY":20.1853626660001,"minX":-98.8642982439999,"minY":20.023489456},"result":"Pachuca, Hidalgo, Mexico"}