{"bounds":{"maxX":-97.9849289109999,"maxY":20.677177128,"minX":-98.1753122059999,"minY":20.386537262},"result":"Huehuetla, Hidalgo, Mexico"}