{"bounds":{"maxX":-98.8548241,"maxY":20.0530436120001,"minX":-98.999778507,"minY":19.8758878630001},"result":"Tolcayuca, Hidalgo, Mexico"}