{"bounds":{"maxX":-98.358175112,"maxY":20.126572466,"minX":-98.62057667,"minY":19.86856943},"result":"Singuilucan, Hidalgo, Mexico"}