{"bounds":{"maxX":-99.222576627,"maxY":21.147313108,"minX":-99.407606082,"minY":20.8585256970001},"result":"Pacula, Hidalgo, Mexico"}