{"bounds":{"maxX":-98.506761346,"maxY":21.1874119890001,"minX":-98.738481888,"minY":20.90199432},"result":"Tlanchinol, Hidalgo, Mexico"}