{"bounds":{"maxX":-98.334451341,"maxY":20.08080526,"minX":-98.473588708,"minY":19.98836312},"result":"Tulantepec de Lugo Guerrero, Hidalgo, Mexico"}