{"bounds":{"maxX":-98.283540455,"maxY":19.8622627600001,"minX":-98.560582099,"minY":19.6023768580001},"result":"Apan, Hidalgo, Mexico"}