{"bounds":{"maxX":-99.23594754,"maxY":20.016319347,"minX":-99.4839814699999,"minY":19.771204068},"result":"Tepeji del Río de Ocampo, Hidalgo, Mexico"}