{"bounds":{"maxX":-99.340074734,"maxY":20.2757689210001,"minX":-99.469464762,"minY":20.102366422},"result":"Tepetitlán, Hidalgo, Mexico"}