{"bounds":{"maxX":-98.892772792,"maxY":20.529919169,"minX":-99.103956544,"minY":20.326857567},"result":"Santiago de Anaya, Hidalgo, Mexico"}