{"bounds":{"maxX":-98.6258216579999,"maxY":21.1927917950001,"minX":-98.783747706,"minY":20.824277501},"result":"Lolotla, Hidalgo, Mexico"}