{"bounds":{"maxX":-99.211349352,"maxY":20.254393452,"minX":-99.361523446,"minY":20.0936242330001},"result":"Tezontepec de Aldama, Hidalgo, Mexico"}