{"bounds":{"maxX":-102.875569983,"maxY":21.1080896830001,"minX":-103.18267987,"minY":20.7913344250001},"result":"Cuquío, Jalisco, Mexico"}