{"bounds":{"maxX":-103.714440051,"maxY":20.6018192330001,"minX":-104.041657281,"minY":20.317057171},"result":"San Martín de Hidalgo, Jalisco, Mexico"}