{"bounds":{"maxX":-104.030197667,"maxY":19.9296531260001,"minX":-104.191946237,"minY":19.772975312},"result":"El Limón, Jalisco, Mexico"}