{"bounds":{"maxX":-102.364625314,"maxY":21.7159833000001,"minX":-102.805283064,"minY":21.247087864},"result":"Teocaltiche, Jalisco, Mexico"}