{"bounds":{"maxX":-103.296836409,"maxY":20.133409021,"minX":-103.612236249,"minY":19.8807335700001},"result":"Atoyac, Jalisco, Mexico"}