{"bounds":{"maxX":-103.244178854,"maxY":19.3740058720001,"minX":-103.526480633,"minY":18.96488915},"result":"Pihuamo, Jalisco, Mexico"}