{"bounds":{"maxX":-104.136419902,"maxY":19.9259885480001,"minX":-104.473567757,"minY":19.5878862610001},"result":"Autlán de Navarro, Jalisco, Mexico"}