{"bounds":{"maxX":-103.286319813,"maxY":20.4113358500001,"minX":-103.548306101,"minY":20.1673571100001},"result":"Jocotepec, Jalisco, Mexico"}