{"bounds":{"maxX":-102.78997027,"maxY":21.2633548000001,"minX":-103.098615064,"minY":20.983370817},"result":"Yahualica de González Gallo, Jalisco, Mexico"}