{"bounds":{"maxX":-102.341124726,"maxY":20.4552420630001,"minX":-102.665781877,"minY":20.258465342},"result":"La Barca, Jalisco, Mexico"}