{"bounds":{"maxX":-103.269370859,"maxY":19.960848528,"minX":-103.568139774,"minY":19.7586660490001},"result":"Gómez Farías, Jalisco, Mexico"}