{"bounds":{"maxX":-102.730323177,"maxY":19.975769268,"minX":-102.987794871,"minY":19.6123761480001},"result":"Quitupan, Jalisco, Mexico"}