{"bounds":{"maxX":-103.94397499,"maxY":20.162641503,"minX":-104.142165666,"minY":19.963192986},"result":"Juchitlán, Jalisco, Mexico"}