{"bounds":{"maxX":-102.990739475,"maxY":19.553137722,"minX":-103.396061934,"minY":18.92587187},"result":"Tecalitlán, Jalisco, Mexico"}