{"bounds":{"maxX":-102.312440014,"maxY":21.336555097,"minX":-102.626483956,"minY":21.065699674},"result":"Jalostotitlán, Jalisco, Mexico"}