{"bounds":{"maxX":-103.199605464,"maxY":19.754650171,"minX":-103.475346453,"minY":19.48169533},"result":"Zapotiltic, Jalisco, Mexico"}