{"bounds":{"maxX":-102.924500074,"maxY":20.1818028270001,"minX":-103.171754838,"minY":20.032850452},"result":"Tizapán el Alto, Jalisco, Mexico"}