{"bounds":{"maxX":-104.19430674,"maxY":20.2414140550001,"minX":-104.671165403,"minY":19.8397474560001},"result":"Ayutla, Jalisco, Mexico"}