{"bounds":{"maxX":-104.016924563,"maxY":20.8870676240001,"minX":-104.248149379,"minY":20.635313716},"result":"Etzatlán, Jalisco, Mexico"}