{"bounds":{"maxX":-104.972333891,"maxY":20.923168683,"minX":-105.325562115,"minY":20.4731498470001},"result":"Puerto Vallarta, Jalisco, Mexico"}