{"bounds":{"maxX":-102.413043371,"maxY":20.667305565,"minX":-102.689676289,"minY":20.415547383},"result":"Atotonilco el Alto, Jalisco, Mexico"}