{"bounds":{"maxX":-103.751311151,"maxY":22.7502459400001,"minX":-104.073622731,"minY":22.3061168900001},"result":"Huejuquilla el Alto, Jalisco, Mexico"}