{"bounds":{"maxX":-103.58876332,"maxY":20.2980450480001,"minX":-103.858505906,"minY":20.0609121460001},"result":"Atemajac de Brizuela, Jalisco, Mexico"}