{"bounds":{"maxX":-104.527826904,"maxY":19.763709825,"minX":-105.220298336,"minY":19.2231509370001},"result":"La Huerta, Jalisco, Mexico"}