{"bounds":{"maxX":-103.022947676,"maxY":20.4065625370001,"minX":-103.422010909,"minY":20.152604861},"result":"Chapala, Jalisco, Mexico"}