{"bounds":{"maxX":-103.106165356,"maxY":22.254776797,"minX":-103.449550781,"minY":21.942302183},"result":"Colotlán, Jalisco, Mexico"}