{"bounds":{"maxX":-104.433639863,"maxY":19.3764707180001,"minX":-104.79993789,"minY":19.1499171630001},"result":"Cihuatlán, Jalisco, Mexico"}