{"bounds":{"maxX":-103.877808905,"maxY":21.00793243,"minX":-104.259492784,"minY":20.813299285},"result":"Magdalena, Jalisco, Mexico"}