{"bounds":{"maxX":-103.02070778,"maxY":20.089826967,"minX":-103.187118575,"minY":19.9618592320001},"result":"La Manzanilla de la Paz, Jalisco, Mexico"}