{"bounds":{"maxX":-103.458844234,"maxY":19.520606248,"minX":-103.618276501,"minY":19.3379452040001},"result":"Tonila, Jalisco, Mexico"}