{"bounds":{"maxX":-103.603966808,"maxY":20.8248190790001,"minX":-103.761382516,"minY":20.6922168790001},"result":"El Arenal, Jalisco, Mexico"}