{"bounds":{"maxX":-102.219352017,"maxY":20.6099618740001,"minX":-102.464741284,"minY":20.3347383460001},"result":"Ayotlán, Jalisco, Mexico"}