{"bounds":{"maxX":-101.77376282,"maxY":21.278567621,"minX":-102.202057413,"minY":21.036690057},"result":"Unión de San Antonio, Jalisco, Mexico"}