{"bounds":{"maxX":-104.531530957,"maxY":20.8405896090001,"minX":-105.175289357,"minY":20.2660862610001},"result":"Mascota, Jalisco, Mexico"}