{"bounds":{"maxX":-105.131088316,"maxY":20.5130437350001,"minX":-105.695249294,"minY":20.1531716170001},"result":"Cabo Corrientes, Jalisco, Mexico"}