{"bounds":{"maxX":-104.43632352,"maxY":20.0465428090001,"minX":-105.026440952,"minY":19.600733258},"result":"Villa Purificación, Jalisco, Mexico"}