{"bounds":{"maxX":-102.085353828,"maxY":21.115546867,"minX":-102.252685508,"minY":20.8720408300001},"result":"San Julián, Jalisco, Mexico"}