{"bounds":{"maxX":-102.603726219,"maxY":20.37665746,"minX":-102.749809773,"minY":20.2100864340001},"result":"Jamay, Jalisco, Mexico"}