{"bounds":{"maxX":-103.078690678,"maxY":22.414362914,"minX":-103.366682991,"minY":22.205141504},"result":"Huejúcar, Jalisco, Mexico"}