{"bounds":{"maxX":-103.164564469,"maxY":20.583264464,"minX":-103.328811021,"minY":20.493124451},"result":"El Salto, Jalisco, Mexico"}