{"bounds":{"maxX":-103.631658476,"maxY":20.9259348840001,"minX":-103.790394373,"minY":20.763297864},"result":"Amatitán, Jalisco, Mexico"}