{"bounds":{"maxX":-104.347774366,"maxY":19.776726329,"minX":-104.620400304,"minY":19.450509852},"result":"Casimiro Castillo, Jalisco, Mexico"}