{"bounds":{"maxX":-102.483272555,"maxY":21.0425342770001,"minX":-102.943832956,"minY":20.591956199},"result":"Tepatitlán, Jalisco, Mexico"}