{"bounds":{"maxX":-103.861479312,"maxY":19.807273013,"minX":-104.165536127,"minY":19.566156124},"result":"Tuxcacuesco, Jalisco, Mexico"}