{"bounds":{"maxX":-103.830112497,"maxY":20.46946633,"minX":-104.206582743,"minY":20.0822600450001},"result":"Tecolotlán, Jalisco, Mexico"}