{"bounds":{"maxX":-102.051510278,"maxY":20.911081783,"minX":-102.550110423,"minY":20.5875762150001},"result":"Arandas, Jalisco, Mexico"}