{"bounds":{"maxX":-103.337091502,"maxY":22.1291471970001,"minX":-103.62586371,"minY":21.80091236},"result":"Totatiche, Jalisco, Mexico"}