{"bounds":{"maxX":-103.498224611,"maxY":19.94902054,"minX":-103.707399525,"minY":19.765301525},"result":"Sayula, Jalisco, Mexico"}