{"bounds":{"maxX":-104.156388541,"maxY":20.43641911,"minX":-104.410182293,"minY":20.204259533},"result":"Atengo, Jalisco, Mexico"}