{"bounds":{"maxX":-103.54392371,"maxY":20.0684563770001,"minX":-103.684339532,"minY":19.908595441},"result":"Amacueca, Jalisco, Mexico"}