{"bounds":{"maxX":-101.51054175,"maxY":22.030996196,"minX":-101.941243084,"minY":21.5416419270001},"result":"Ojuelos de Jalisco, Jalisco, Mexico"}