{"bounds":{"maxX":-102.571861408,"maxY":19.664353185,"minX":-103.058511351,"minY":19.3864526310001},"result":"Santa María del Oro, Jalisco, Mexico"}