{"bounds":{"maxX":-104.70114789,"maxY":20.55731157,"minX":-105.235838837,"minY":20.0398278370001},"result":"Talpa de Allende, Jalisco, Mexico"}