{"bounds":{"maxX":-103.679490241,"maxY":22.0269770100001,"minX":-104.201040727,"minY":21.7707993500001},"result":"Bolaños, Jalisco, Mexico"}