{"bounds":{"maxX":-104.355385499,"maxY":20.3011880770001,"minX":-104.710640531,"minY":20.1063800920001},"result":"Cuautla, Jalisco, Mexico"}