{"bounds":{"maxX":-103.863422529,"maxY":20.0026232440001,"minX":-104.04999269,"minY":19.731040932},"result":"Tonaya, Jalisco, Mexico"}