{"bounds":{"maxX":-103.507767685,"maxY":21.9273511480001,"minX":-103.885654774,"minY":21.5548525070001},"result":"Chimaltitán, Jalisco, Mexico"}