{"bounds":{"maxX":-103.736374972,"maxY":20.786299365,"minX":-103.916403557,"minY":20.5745911180001},"result":"Teuchitlán, Jalisco, Mexico"}