{"bounds":{"maxX":-102.619350843,"maxY":20.6494328420001,"minX":-102.887782667,"minY":20.4258410040001},"result":"Tototlán, Jalisco, Mexico"}