{"bounds":{"maxX":-103.529756223,"maxY":19.839701357,"minX":-103.949716779,"minY":19.5677252350001},"result":"San Gabriel, Jalisco, Mexico"}