{"bounds":{"maxX":-102.908543278,"maxY":19.996556502,"minX":-103.023394695,"minY":19.6327505680001},"result":"Valle de Juárez, Jalisco, Mexico"}