{"bounds":{"maxX":-103.612950685,"maxY":20.5349992160001,"minX":-103.789876109,"minY":20.24331613},"result":"Villa Corona, Jalisco, Mexico"}