{"bounds":{"maxX":-103.786145645,"maxY":20.8099801440001,"minX":-104.057363042,"minY":20.6109501400001},"result":"Ahualulco de Mercado, Jalisco, Mexico"}