{"bounds":{"maxX":-103.239361255,"maxY":20.646717665,"minX":-103.457787652,"minY":20.5385474490001},"result":"Tlaquepaque, Jalisco, Mexico"}