{"bounds":{"maxX":-102.999205185,"maxY":19.9331296,"minX":-103.42941201,"minY":19.437991321},"result":"Tamazula de Gordiano, Jalisco, Mexico"}