{"bounds":{"maxX":-103.698574026,"maxY":19.658205346,"minX":-104.10687188,"minY":19.430941606},"result":"Tolimán, Jalisco, Mexico"}