{"bounds":{"maxX":-103.746417359,"maxY":20.2017903930001,"minX":-103.988335568,"minY":19.9582858860001},"result":"Chiquilistlán, Jalisco, Mexico"}