{"bounds":{"maxX":-103.069772828,"maxY":21.094220595,"minX":-103.369954582,"minY":20.7143584080001},"result":"Ixtlahuacán del Río, Jalisco, Mexico"}