{"bounds":{"maxX":-103.621477047,"maxY":20.092909068,"minX":-103.897175947,"minY":19.800225224},"result":"Tapalpa, Jalisco, Mexico"}