{"bounds":{"maxX":-101.971325169,"maxY":21.7545272780001,"minX":-102.437106185,"minY":21.3814623800001},"result":"Encarnación de Díaz, Jalisco, Mexico"}