{"bounds":{"maxX":-103.052326304,"maxY":22.280156064,"minX":-103.294834812,"minY":22.1012304700001},"result":"Santa María de los Ángeles, Jalisco, Mexico"}