{"bounds":{"maxX":-101.570415625,"maxY":21.8894863670001,"minX":-102.168849163,"minY":21.1770248080001},"result":"Lagos de Moreno, Jalisco, Mexico"}