{"bounds":{"maxX":-103.080988331,"maxY":20.5717854820001,"minX":-103.21056109,"minY":20.3996889370001},"result":"Juanacatlán, Jalisco, Mexico"}