{"bounds":{"maxX":-103.400846948,"maxY":19.7894187950001,"minX":-103.623813057,"minY":19.605659524},"result":"Zapotlán el Grande, Jalisco, Mexico"}