{"bounds":{"maxX":-102.678914535,"maxY":20.4223378670001,"minX":-103.115732726,"minY":20.106047883},"result":"Poncitlán, Jalisco, Mexico"}