{"bounds":{"maxX":-103.950163934,"maxY":19.9903575600001,"minX":-104.237058197,"minY":19.81150739},"result":"Ejutla, Jalisco, Mexico"}