{"bounds":{"maxX":-101.951143676,"maxY":20.786836517,"minX":-102.286018732,"minY":20.5101895830001},"result":"Jesús María, Jalisco, Mexico"}