{"bounds":{"maxX":-103.263761706,"maxY":20.7526554620001,"minX":-103.407064621,"minY":20.603737326},"result":"Guadalajara, Jalisco, Mexico"}