{"bounds":{"maxX":-103.85634186,"maxY":21.2053611160001,"minX":-104.242712911,"minY":20.9361447580001},"result":"Hostotipaquillo, Jalisco, Mexico"}