{"bounds":{"maxX":-103.515734064,"maxY":20.148837343,"minX":-103.645206283,"minY":20.038727539},"result":"Techaluta de Montenegro, Jalisco, Mexico"}