{"bounds":{"maxX":-103.618276501,"maxY":19.59771262,"minX":-103.895124861,"minY":19.408739708},"result":"Zapotitlán de Vadillo, Jalisco, Mexico"}