{"bounds":{"maxX":-102.525206621,"maxY":21.142721511,"minX":-102.824775564,"minY":20.9424105840001},"result":"Valle de Guadalupe, Jalisco, Mexico"}