{"bounds":{"maxX":-104.384986038,"maxY":20.515304664,"minX":-104.718224243,"minY":20.1632061890001},"result":"Atenguillo, Jalisco, Mexico"}