{"bounds":{"maxX":-102.869427075,"maxY":20.7961688130001,"minX":-103.283261776,"minY":20.483235436},"result":"Zapotlanejo, Jalisco, Mexico"}