{"bounds":{"maxX":-103.334252597,"maxY":21.15822709,"minX":-103.672582188,"minY":20.9346355320001},"result":"San Cristóbal de la Barranca, Jalisco, Mexico"}