{"bounds":{"maxX":-103.305276361,"maxY":19.6328409880001,"minX":-103.653440999,"minY":19.241755819},"result":"Tuxpan, Jalisco, Mexico"}