{"bounds":{"maxX":-102.433246939,"maxY":20.868059486,"minX":-102.590507447,"minY":20.6684797400001},"result":"San Ignacio Cerro Gordo, Jalisco, Mexico"}