{"bounds":{"maxX":-102.008665689,"maxY":20.56206587,"minX":-102.312197907,"minY":20.3504860240001},"result":"Degollado, Jalisco, Mexico"}