{"bounds":{"maxX":-103.619285502,"maxY":21.7810511270001,"minX":-103.933647603,"minY":21.3630101160001},"result":"San Martín de Bolaños, Jalisco, Mexico"}