{"bounds":{"maxX":-103.737479516,"maxY":20.5419778850001,"minX":-103.948534483,"minY":20.265203673},"result":"Cocula, Jalisco, Mexico"}