{"bounds":{"maxX":-102.419628456,"maxY":21.767339458,"minX":-102.747672035,"minY":21.5585199060001},"result":"Villa Alta, Jalisco, Mexico"}