{"bounds":{"maxX":-103.198038426,"maxY":20.615697305,"minX":-103.617870783,"minY":20.3596958640001},"result":"Tlajomulco de Zúñiga, Jalisco, Mexico"}