{"bounds":{"maxX":-103.436387758,"maxY":20.369722386,"minX":-103.731249847,"minY":20.118492686},"result":"Zacoalco de Torres, Jalisco, Mexico"}