{"bounds":{"maxX":-102.542705382,"maxY":19.514304613,"minX":-103.163161182,"minY":19.119849478},"result":"Jilotlán de los Dolores, Jalisco, Mexico"}