{"bounds":{"maxX":-103.137010298,"maxY":20.7055983650001,"minX":-103.286733835,"minY":20.5339995960001},"result":"Tonalá, Jalisco, Mexico"}