{"bounds":{"maxX":-102.123036436,"maxY":21.4127262430001,"minX":-102.49458981,"minY":21.0959862940001},"result":"San Juan de los Lagos, Jalisco, Mexico"}