{"bounds":{"maxX":-104.236385562,"maxY":20.93461928,"minX":-104.618894299,"minY":20.458706632},"result":"Guachinango, Jalisco, Mexico"}