{"bounds":{"maxX":-104.065371553,"maxY":20.295628831,"minX":-104.318734954,"minY":19.9751406180001},"result":"Tenamaxtlán, Jalisco, Mexico"}