{"bounds":{"maxX":-103.530691648,"maxY":22.1720796380001,"minX":-103.851169389,"minY":21.8668741500001},"result":"Villa Guerrero, Jalisco, Mexico"}