{"bounds":{"maxX":-104.070883759,"maxY":19.654600246,"minX":-104.64873161,"minY":19.266659372},"result":"Cuautitlán de García Barragán, Jalisco, Mexico"}