{"bounds":{"maxX":-101.546739,"maxY":22.6674,"minX":-105.69542,"minY":18.957061},"result":"Jalisco, Mexico"}