{"bounds":{"maxX":-104.109181173,"maxY":19.901093025,"minX":-104.292924138,"minY":19.6901587830001},"result":"El Grullo, Jalisco, Mexico"}