{"bounds":{"maxX":-103.856780485,"maxY":20.69457271,"minX":-104.268069415,"minY":20.3750558690001},"result":"Ameca, Jalisco, Mexico"}