{"bounds":{"maxX":-104.124268051,"maxY":20.9233184500001,"minX":-104.375892154,"minY":20.7237656570001},"result":"San Marcos, Jalisco, Mexico"}