{"bounds":{"maxX":-102.977965144,"maxY":19.9969493730001,"minX":-103.194874075,"minY":19.784849787},"result":"Mazamitla, Jalisco, Mexico"}