{"bounds":{"maxX":-103.536258042,"maxY":20.505687376,"minX":-103.688424408,"minY":20.3422126520001},"result":"Acatlán de Juárez, Jalisco, Mexico"}