{"bounds":{"maxX":-102.570240781,"maxY":21.2660065750001,"minX":-102.822868544,"minY":21.0691508900001},"result":"Cañadas de Obregón, Jalisco, Mexico"}