{"bounds":{"maxX":-102.644532674,"maxY":21.387355541,"minX":-102.863557134,"minY":21.169451038},"result":"Mexticacán, Jalisco, Mexico"}