{"bounds":{"maxX":-103.503920242,"maxY":21.4447709250001,"minX":-104.073238199,"minY":20.786737014},"result":"Tequila, Jalisco, Mexico"}