{"bounds":{"maxX":-103.559193715,"maxY":22.5741466330001,"minX":-104.373278968,"minY":21.888508657},"result":"Mezquitic, Jalisco, Mexico"}