{"bounds":{"maxX":-102.758109431,"maxY":20.5500650590001,"minX":-103.091320131,"minY":20.3812066990001},"result":"Zapotlán del Rey, Jalisco, Mexico"}