{"bounds":{"maxX":-103.571806534,"maxY":20.7379914700001,"minX":-103.848318992,"minY":20.4822553670001},"result":"Tala, Jalisco, Mexico"}