{"bounds":{"maxX":-104.125593978,"maxY":20.1505400030001,"minX":-104.37701989,"minY":19.8579341080001},"result":"Unión de Tula, Jalisco, Mexico"}