{"bounds":{"maxX":-104.620305302,"maxY":20.232764495,"minX":-105.549561455,"minY":19.6425440800001},"result":"Tomatlán, Jalisco, Mexico"}