{"bounds":{"maxX":-103.186758866,"maxY":20.2082423200001,"minX":-103.497061779,"minY":20.0132923240001},"result":"Teocuitatlán de Corona, Jalisco, Mexico"}