{"bounds":{"maxX":-103.150535198,"maxY":20.079502502,"minX":-103.333346202,"minY":19.877652352},"result":"Concepción de Buenos Aires, Jalisco, Mexico"}