{"bounds":{"maxX":-102.201608781,"maxY":21.1208166440001,"minX":-102.57333706,"minY":20.865029378},"result":"San Miguel el Alto, Jalisco, Mexico"}