{"bounds":{"maxX":-102.595115277,"maxY":20.4835199030001,"minX":-102.88140404,"minY":20.2908692140001},"result":"Ocotlán, Jalisco, Mexico"}