{"bounds":{"maxX":-102.80448636,"maxY":20.8744129740001,"minX":-103.042114697,"minY":20.663199525},"result":"Acatic, Jalisco, Mexico"}