{"bounds":{"maxX":-101.886465903,"maxY":21.0656143590001,"minX":-102.122146482,"minY":20.8461172130001},"result":"San Diego de Alejandría, Jalisco, Mexico"}