{"bounds":{"maxX":-104.58665132,"maxY":21.0233590600001,"minX":-105.088347648,"minY":20.6872784490001},"result":"San Sebastián del Oeste, Jalisco, Mexico"}