{"bounds":{"maxX":-103.120795809,"maxY":20.48023842,"minX":-103.299013161,"minY":20.325758116},"result":"Ixtlahuacán de los Membrillos, Jalisco, Mexico"}