{"bounds":{"maxX":-103.306250932,"maxY":20.998237503,"minX":-103.665032719,"minY":20.5847883490001},"result":"Zapopan, Jalisco, Mexico"}