{"bounds":{"maxX":-103.148828706,"maxY":20.22661535,"minX":-103.375143109,"minY":20.0519934280001},"result":"Tuxcueca, Jalisco, Mexico"}