{"bounds":{"maxX":-103.909468632,"maxY":20.9116980900001,"minX":-104.092634524,"minY":20.715905481},"result":"San Juanito de Escobedo, Jalisco, Mexico"}