{"bounds":{"maxX":-104.187143139,"maxY":20.7110364820001,"minX":-104.651124877,"minY":20.3329615260001},"result":"Mixtlán, Jalisco, Mexico"}