{"bounds":{"maxX":-100.764907969,"maxY":19.8565668430001,"minX":-100.957823647,"minY":19.596861936},"result":"Queréndaro, Michoacán, Mexico"}