{"bounds":{"maxX":-98.639764042,"maxY":19.864973461,"minX":-98.7800500019999,"minY":19.73610151},"result":"Nopaltepec, México, Mexico"}