{"bounds":{"maxX":-99.211580267,"maxY":19.612214259,"minX":-99.3544113999999,"minY":19.515859424},"result":"Atizapán de Zaragoza, México, Mexico"}