{"bounds":{"maxX":-101.512510926,"maxY":19.496562387,"minX":-101.835684032,"minY":19.284360753},"result":"Salvador Escalante, Michoacán, Mexico"}