{"bounds":{"maxX":-98.546578,"maxY":19.07657,"minX":-99.471061,"minY":18.347392},"result":"Morelos, Mexico"}