{"bounds":{"maxX":-101.193372961,"maxY":19.1875247420001,"minX":-101.646235023,"minY":18.698494387},"result":"Turicato, Michoacán, Mexico"}