{"bounds":{"maxX":-99.373249909,"maxY":19.874997023,"minX":-99.6498895829999,"minY":19.6138614180001},"result":"Villa del Carbón, México, Mexico"}