{"bounds":{"maxX":-101.203055514,"maxY":20.0386447870001,"minX":-101.361794376,"minY":19.949716261},"result":"Huandacareo, Michoacán, Mexico"}