{"bounds":{"maxX":-99.175923054,"maxY":18.7243600190001,"minX":-99.3801398689999,"minY":18.450999252},"result":"Puente de Ixtla, Morelos, Mexico"}