{"bounds":{"maxX":-100.486135174,"maxY":19.862453166,"minX":-100.856858972,"minY":19.389558644},"result":"Hidalgo, Michoacán, Mexico"}