{"bounds":{"maxX":-100.856749728,"maxY":19.1910595410001,"minX":-101.232834138,"minY":18.808781224},"result":"Carácuaro, Michoacán, Mexico"}