{"bounds":{"maxX":-100.090416,"maxY":20.383132,"minX":-103.747344,"minY":17.352362},"result":"Michoacán, Mexico"}