{"bounds":{"maxX":-98.903389782,"maxY":19.0853687920001,"minX":-99.0620857489999,"minY":18.9752729320001},"result":"Tlalnepantla, Morelos, Mexico"}