{"bounds":{"maxX":-101.42937606,"maxY":19.662509991,"minX":-101.652798122,"minY":19.559174893},"result":"Tzintzuntzan, Michoacán, Mexico"}