{"bounds":{"maxX":-99.8530801969999,"maxY":19.571995556,"minX":-100.151361311,"minY":19.292707507},"result":"Villa Victoria, México, Mexico"}