{"bounds":{"maxX":-101.774818066,"maxY":19.288470133,"minX":-101.954575617,"minY":19.0286839460001},"result":"Nuevo Urecho, Michoacán, Mexico"}