{"bounds":{"maxX":-101.042583874,"maxY":19.8622702440001,"minX":-101.508930481,"minY":19.4471606930001},"result":"Morelia, Michoacán, Mexico"}