{"bounds":{"maxX":-99.702218756,"maxY":19.5508496850001,"minX":-99.937953045,"minY":19.2438097240001},"result":"Almoloya de Juárez, México, Mexico"}