{"bounds":{"maxX":-102.355644368,"maxY":20.2247247600001,"minX":-102.47409941,"minY":20.0738533090001},"result":"Ixtlán, Michoacán, Mexico"}