{"bounds":{"maxX":-101.429524786,"maxY":18.9549557990001,"minX":-101.879961242,"minY":18.48668761},"result":"Churumuco, Michoacán, Mexico"}