{"bounds":{"maxX":-99.99809807,"maxY":19.49291214,"minX":-100.252123016,"minY":19.2963540380001},"result":"Villa de Allende, México, Mexico"}