{"bounds":{"maxX":-100.368772245,"maxY":19.652317468,"minX":-100.591750544,"minY":19.5027056100001},"result":"Tuxpan, Michoacán, Mexico"}