{"bounds":{"maxX":-99.408742855,"maxY":19.4877617120001,"minX":-99.565667192,"minY":19.3954340710001},"result":"Xonacatlán, México, Mexico"}