{"bounds":{"maxX":-98.861493632,"maxY":19.606017938,"minX":-98.910954847,"minY":19.535932835},"result":"Chiautla, México, Mexico"}