{"bounds":{"maxX":-98.914096601,"maxY":18.6627354840001,"minX":-99.235044606,"minY":18.3323730770001},"result":"Tlaquiltenango, Morelos, Mexico"}