{"bounds":{"maxX":-100.912637491,"maxY":19.79733221,"minX":-101.100165621,"minY":19.5408747120001},"result":"Charo, Michoacán, Mexico"}