{"bounds":{"maxX":-98.8066160449999,"maxY":19.7553028470001,"minX":-98.9376382889999,"minY":19.6313444670001},"result":"Teotihuacán, México, Mexico"}