{"bounds":{"maxX":-98.6329466509999,"maxY":19.01554952,"minX":-98.775392525,"minY":18.8205975550001},"result":"Tetela del Volcán, Morelos, Mexico"}