{"bounds":{"maxX":-98.89747747,"maxY":19.611699115,"minX":-98.972738549,"minY":19.5769438770001},"result":"Tezoyuca, México, Mexico"}