{"bounds":{"maxX":-99.844815972,"maxY":18.8898098780001,"minX":-100.138504036,"minY":18.5529789070001},"result":"Sultepec, México, Mexico"}