{"bounds":{"maxX":-99.695766559,"maxY":19.3361018370001,"minX":-99.902383403,"minY":19.0714914820001},"result":"Zinacantepec, México, Mexico"}