{"bounds":{"maxX":-99.186718981,"maxY":18.8268757810001,"minX":-99.297968264,"minY":18.7040357610001},"result":"Xochitepec, Morelos, Mexico"}