{"bounds":{"maxX":-98.74765273,"maxY":18.727176394,"minX":-98.877117992,"minY":18.5859153110001},"result":"Jonacatepec, Morelos, Mexico"}