{"bounds":{"maxX":-99.3312953069999,"maxY":19.592351955,"minX":-99.524476522,"minY":19.511140918},"result":"Isidro Fabela, México, Mexico"}