{"bounds":{"maxX":-99.014562981,"maxY":19.089296071,"minX":-99.1933469149999,"minY":18.8961058360001},"result":"Tepoztlán, Morelos, Mexico"}