{"bounds":{"maxX":-98.8463411129999,"maxY":19.5680867720001,"minX":-98.8732282729999,"minY":19.5496496540001},"result":"Papalotla, México, Mexico"}