{"bounds":{"maxX":-99.4754343,"maxY":19.187825601,"minX":-99.51941005,"minY":19.162237545},"result":"Atizapán, México, Mexico"}