{"bounds":{"maxX":-99.489267876,"maxY":19.582383835,"minX":-99.731110415,"minY":19.3962534820001},"result":"Temoaya, México, Mexico"}