{"bounds":{"maxX":-98.6592610659999,"maxY":19.7391259990001,"minX":-98.816442825,"minY":19.5982849380001},"result":"Otumba, México, Mexico"}