{"bounds":{"maxX":-101.40424374,"maxY":19.577178346,"minX":-101.516864716,"minY":19.473331779},"result":"Huiramba, Michoacán, Mexico"}