{"bounds":{"maxX":-101.252192302,"maxY":19.5435460640001,"minX":-101.441261172,"minY":19.3998349550001},"result":"Acuitzio, Michoacán, Mexico"}