{"bounds":{"maxX":-101.789050265,"maxY":19.3875542210001,"minX":-101.996815044,"minY":19.263752563},"result":"Taretan, Michoacán, Mexico"}