{"bounds":{"maxX":-99.195389513,"maxY":19.7921548790001,"minX":-99.421677309,"minY":19.6452087000001},"result":"Tepotzotlán, México, Mexico"}