{"bounds":{"maxX":-102.441898103,"maxY":19.8682452260001,"minX":-102.738882932,"minY":19.48704732},"result":"Tocumbo, Michoacán, Mexico"}