{"bounds":{"maxX":-102.561337302,"maxY":20.2155702040001,"minX":-102.78907221,"minY":20.075786528},"result":"Venustiano Carranza, Michoacán, Mexico"}