{"bounds":{"maxX":-100.232742108,"maxY":19.076572965,"minX":-100.613153781,"minY":18.8165286830001},"result":"Luvianos, México, Mexico"}