{"bounds":{"maxX":-98.898014656,"maxY":19.394449454,"minX":-98.994556667,"minY":19.3330648900001},"result":"La Paz, México, Mexico"}