{"bounds":{"maxX":-102.132746013,"maxY":20.2450222030001,"minX":-102.377228581,"minY":20.0770713490001},"result":"Ecuandureo, Michoacán, Mexico"}