{"bounds":{"maxX":-98.542792,"maxY":20.30736,"minX":-100.479102,"minY":18.33418},"result":"México, Mexico"}