{"bounds":{"maxX":-100.181136017,"maxY":20.298000213,"minX":-100.39725668,"minY":19.987888706},"result":"Epitacio Huerta, Michoacán, Mexico"}