{"bounds":{"maxX":-101.018670662,"maxY":20.097827502,"minX":-101.210795635,"minY":19.876353008},"result":"Cuitzeo, Michoacán, Mexico"}