{"bounds":{"maxX":-101.135750318,"maxY":19.97900191,"minX":-101.298236591,"minY":19.855749308},"result":"Copándaro, Michoacán, Mexico"}