{"bounds":{"maxX":-98.6886644049999,"maxY":18.861863736,"minX":-98.80412074,"minY":18.7584111310001},"result":"Zacualpan, Morelos, Mexico"}