{"bounds":{"maxX":-99.179568522,"maxY":19.8230761450001,"minX":-99.28211211,"minY":19.7498211660001},"result":"Coyotepec, México, Mexico"}