{"bounds":{"maxX":-101.352618086,"maxY":20.2859807140001,"minX":-101.711061385,"minY":19.9541340380001},"result":"Puruándiro, Michoacán, Mexico"}