{"bounds":{"maxX":-99.0802153929999,"maxY":19.595574738,"minX":-99.249466948,"minY":19.49725211},"result":"Tlalnepantla de Baz, México, Mexico"}