{"bounds":{"maxX":-102.241852082,"maxY":20.00005945,"minX":-102.377800384,"minY":19.8816600010001},"result":"Jacona, Michoacán, Mexico"}