{"bounds":{"maxX":-102.574443884,"maxY":19.902864406,"minX":-102.819526842,"minY":19.599718039},"result":"Cotija, Michoacán, Mexico"}