{"bounds":{"maxX":-101.631373437,"maxY":20.2434964670001,"minX":-101.820089945,"minY":20.036644655},"result":"Angamacutiro, Michoacán, Mexico"}