{"bounds":{"maxX":-98.915765571,"maxY":19.8086973040001,"minX":-99.0626350969999,"minY":19.6142056640001},"result":"Tecámac, México, Mexico"}