{"bounds":{"maxX":-99.528654993,"maxY":19.492217183,"minX":-99.782354509,"minY":19.0764049950001},"result":"Toluca, México, Mexico"}