{"bounds":{"maxX":-101.788835273,"maxY":19.7506941280001,"minX":-101.994286361,"minY":19.548761572},"result":"Nahuatzen, Michoacán, Mexico"}