{"bounds":{"maxX":-98.711426307,"maxY":18.752288349,"minX":-98.8546356959999,"minY":18.587831936},"result":"Jantetelco, Morelos, Mexico"}