{"bounds":{"maxX":-98.799212441,"maxY":19.4360033770001,"minX":-98.938683198,"minY":19.354966174},"result":"Chicoloapan, México, Mexico"}