{"bounds":{"maxX":-98.804106256,"maxY":19.07274184,"minX":-98.874059172,"minY":18.9551433670001},"result":"Tepetlixpa, México, Mexico"}