{"bounds":{"maxX":-99.327015723,"maxY":18.654856938,"minX":-99.464415891,"minY":18.5205306870001},"result":"Amacuzac, Morelos, Mexico"}