{"bounds":{"maxX":-102.436639935,"maxY":20.2242977220001,"minX":-102.612482393,"minY":20.075787173},"result":"Pajacuarán, Michoacán, Mexico"}