{"bounds":{"maxX":-101.495196128,"maxY":19.9003485960001,"minX":-101.743775689,"minY":19.674118063},"result":"Coeneo, Michoacán, Mexico"}