{"bounds":{"maxX":-101.855716132,"maxY":18.687669295,"minX":-102.865675348,"minY":18.088306274},"result":"Arteaga, Michoacán, Mexico"}