{"bounds":{"maxX":-99.14787277,"maxY":18.6794994260001,"minX":-99.301917456,"minY":18.5204099920001},"result":"Jojutla, Morelos, Mexico"}