{"bounds":{"maxX":-99.295269562,"maxY":19.1251298710001,"minX":-99.503503149,"minY":18.877569285},"result":"Ocuilan, México, Mexico"}