{"bounds":{"maxX":-101.080174279,"maxY":19.2242196830001,"minX":-101.33195403,"minY":18.9314878390001},"result":"Nocupétaro, Michoacán, Mexico"}