{"bounds":{"maxX":-98.835775282,"maxY":18.8309323080001,"minX":-99.0946474849999,"minY":18.564167717},"result":"Ayala, Morelos, Mexico"}