{"bounds":{"maxX":-99.2786952179999,"maxY":19.2110808320001,"minX":-99.4574555519999,"minY":19.1215065910001},"result":"Xalatlaco, México, Mexico"}