{"bounds":{"maxX":-100.444356842,"maxY":19.44228789,"minX":-100.776384668,"minY":19.005781773},"result":"Tuzantla, Michoacán, Mexico"}