{"bounds":{"maxX":-102.110738264,"maxY":18.2504060310001,"minX":-102.80184737,"minY":17.91490786},"result":"Lázaro Cárdenas, Michoacán, Mexico"}