{"bounds":{"maxX":-102.25990013,"maxY":19.814658551,"minX":-102.591016922,"minY":19.511191836},"result":"Los Reyes, Michoacán, Mexico"}