{"bounds":{"maxX":-102.823393016,"maxY":19.0355992940001,"minX":-103.395821617,"minY":18.310975544},"result":"Coalcomán de Vázquez Pallares, Michoacán, Mexico"}