{"bounds":{"maxX":-101.611389653,"maxY":19.0749106860001,"minX":-102.22772728,"minY":18.624223371},"result":"La Huacana, Michoacán, Mexico"}