{"bounds":{"maxX":-99.1195179329999,"maxY":18.9367571120001,"minX":-99.217202463,"minY":18.835966061},"result":"Jiutepec, Morelos, Mexico"}