{"bounds":{"maxX":-98.746424329,"maxY":18.7911971240001,"minX":-98.83759016,"minY":18.728690731},"result":"Temoac, Morelos, Mexico"}