{"bounds":{"maxX":-98.9111869549999,"maxY":19.340181306,"minX":-98.9765306259999,"minY":19.2249543070001},"result":"Valle de Chalco Solidaridad, México, Mexico"}