{"bounds":{"maxX":-101.907045955,"maxY":20.3431781,"minX":-102.010645681,"minY":20.1735723480001},"result":"Numarán, Michoacán, Mexico"}