{"bounds":{"maxX":-102.166762687,"maxY":18.846391184,"minX":-102.903853693,"minY":18.321054272},"result":"Tumbiscatío, Michoacán, Mexico"}