{"bounds":{"maxX":-99.480424941,"maxY":19.1592687140001,"minX":-99.537378135,"minY":19.087796435},"result":"Texcalyacac, México, Mexico"}