{"bounds":{"maxX":-99.0755168049999,"maxY":19.7108076960001,"minX":-99.1502961,"minY":19.6457854880001},"result":"Tultepec, México, Mexico"}