{"bounds":{"maxX":-99.0626350969999,"maxY":19.7640711240001,"minX":-99.104501022,"minY":19.65718629},"result":"Jaltenco, México, Mexico"}