{"bounds":{"maxX":-99.432881391,"maxY":19.513319994,"minX":-99.634755728,"minY":19.375548531},"result":"Otzolotepec, México, Mexico"}