{"bounds":{"maxX":-100.213356051,"maxY":19.118059187,"minX":-100.303870821,"minY":19.007273313},"result":"Zacazonapan, México, Mexico"}