{"bounds":{"maxX":-98.879115247,"maxY":19.570719061,"minX":-98.911303899,"minY":19.5360357980001},"result":"Chiconcuac, México, Mexico"}