{"bounds":{"maxX":-100.82447007,"maxY":18.8753899170001,"minX":-101.485447906,"minY":18.4437059050001},"result":"Huetamo, Michoacán, Mexico"}