{"bounds":{"maxX":-100.335848617,"maxY":19.704875843,"minX":-100.459306867,"minY":19.626107007},"result":"Aporo, Michoacán, Mexico"}