{"bounds":{"maxX":-100.417503981,"maxY":19.5230769340001,"minX":-100.626741266,"minY":19.2999056130001},"result":"Jungapeo, Michoacán, Mexico"}