{"bounds":{"maxX":-100.22688186,"maxY":19.64531363,"minX":-100.427900604,"minY":19.526015483},"result":"Ocampo, Michoacán, Mexico"}