{"bounds":{"maxX":-100.198961128,"maxY":19.159097522,"minX":-100.410675715,"minY":19.0382126160001},"result":"Otzoloapan, México, Mexico"}