{"bounds":{"maxX":-99.436776718,"maxY":20.1202380230001,"minX":-99.59018953,"minY":19.985059},"result":"Soyaniquilpan, México, Mexico"}