{"bounds":{"maxX":-99.7800623639999,"maxY":18.917426719,"minX":-99.954559755,"minY":18.696531619},"result":"Almoloya de Alquisiras, México, Mexico"}