{"bounds":{"maxX":-101.946358682,"maxY":20.3945563460001,"minX":-102.180258411,"minY":20.202708726},"result":"La Piedad, Michoacán, Mexico"}