{"bounds":{"maxX":-99.513726659,"maxY":19.1951916260001,"minX":-99.596309815,"minY":19.14328321},"result":"San Antonio la Isla, México, Mexico"}