{"bounds":{"maxX":-98.97576529,"maxY":19.65914853,"minX":-99.118597562,"minY":19.4845696300001},"result":"Ecatepec, México, Mexico"}