{"bounds":{"maxX":-100.206870077,"maxY":20.0082601830001,"minX":-100.619686716,"minY":19.772021947},"result":"Maravatío, Michoacán, Mexico"}