{"bounds":{"maxX":-98.8323636709999,"maxY":19.1743835280001,"minX":-98.978995405,"minY":19.023868641},"result":"Juchitepec, México, Mexico"}