{"bounds":{"maxX":-99.0433380649999,"maxY":19.7005104520001,"minX":-99.0742820949999,"minY":19.65914853},"result":"Tonanitla, México, Mexico"}