{"bounds":{"maxX":-100.397851725,"maxY":19.7893045280001,"minX":-100.524802092,"minY":19.63240978},"result":"Irimbo, Michoacán, Mexico"}