{"bounds":{"maxX":-99.536633889,"maxY":19.221168103,"minX":-99.7350963819999,"minY":19.116306351},"result":"Calimaya, México, Mexico"}