{"bounds":{"maxX":-100.377762334,"maxY":19.3503514920001,"minX":-100.546713117,"minY":19.2365628260001},"result":"Juárez, Michoacán, Mexico"}