{"bounds":{"maxX":-99.106130601,"maxY":19.7264171320001,"minX":-99.159713107,"minY":19.6898734070001},"result":"Melchor Ocampo, México, Mexico"}