{"bounds":{"maxX":-101.440197044,"maxY":20.3328818860001,"minX":-101.656063165,"minY":20.150847755},"result":"José Sixto Verduzco, Michoacán, Mexico"}