{"bounds":{"maxX":-101.547812285,"maxY":19.988116919,"minX":-101.882019772,"minY":19.880497561},"result":"Jiménez, Michoacán, Mexico"}