{"bounds":{"maxX":-99.313365741,"maxY":19.3129257750001,"minX":-99.4975213289999,"minY":19.2039658900001},"result":"Ocoyoacac, México, Mexico"}