{"bounds":{"maxX":-103.507042315,"maxY":18.893241806,"minX":-103.738257354,"minY":18.6236795460001},"result":"Coahuayana, Michoacán, Mexico"}