{"bounds":{"maxX":-100.255332378,"maxY":19.8374545240001,"minX":-100.448558236,"minY":19.655312845},"result":"Senguio, Michoacán, Mexico"}