{"bounds":{"maxX":-99.530216351,"maxY":19.1578084330001,"minX":-99.608475657,"minY":19.120437582},"result":"Rayón, México, Mexico"}