{"bounds":{"maxX":-101.770094618,"maxY":19.596018218,"minX":-101.942480908,"minY":19.4169339000001},"result":"Tingambato, Michoacán, Mexico"}