{"bounds":{"maxX":-98.831711555,"maxY":19.249837213,"minX":-98.881440136,"minY":19.205592906},"result":"Cocotitlán, México, Mexico"}