{"bounds":{"maxX":-99.474303143,"maxY":19.120350747,"minX":-99.559482238,"minY":19.003818036},"result":"Joquicingo, México, Mexico"}