{"bounds":{"maxX":-99.9910697719999,"maxY":19.022289964,"minX":-100.538619892,"minY":18.759306532},"result":"Tejupilco, México, Mexico"}