{"bounds":{"maxX":-98.921085021,"maxY":18.992908985,"minX":-99.0161826089999,"minY":18.893658513},"result":"Tlayacapan, Morelos, Mexico"}