{"bounds":{"maxX":-99.466192094,"maxY":18.9233026700001,"minX":-99.625292788,"minY":18.693751102},"result":"Zumpahuacán, México, Mexico"}