{"bounds":{"maxX":-98.970198433,"maxY":19.9041267270001,"minX":-99.193583212,"minY":19.7216954850001},"result":"Zumpango, México, Mexico"}