{"bounds":{"maxX":-99.3785747219999,"maxY":18.8246869340001,"minX":-99.494414148,"minY":18.6432724430001},"result":"Coatlán del Río, Morelos, Mexico"}