{"bounds":{"maxX":-99.927719796,"maxY":19.034519211,"minX":-100.115795652,"minY":18.9102338860001},"result":"San Simón de Guerrero, México, Mexico"}