{"bounds":{"maxX":-101.323260699,"maxY":20.0448255540001,"minX":-101.566450074,"minY":19.938908557},"result":"Morelos, Michoacán, Mexico"}