{"bounds":{"maxX":-99.138476044,"maxY":19.7956101560001,"minX":-99.216544631,"minY":19.720338096},"result":"Teoloyucan, México, Mexico"}