{"bounds":{"maxX":-99.490949958,"maxY":19.0412145060001,"minX":-99.643276285,"minY":18.818545295},"result":"Tenancingo, México, Mexico"}