{"bounds":{"maxX":-102.334651507,"maxY":19.581863363,"minX":-102.575943445,"minY":19.405656046},"result":"Peribán, Michoacán, Mexico"}