{"bounds":{"maxX":-100.588150768,"maxY":18.8305271080001,"minX":-100.854294757,"minY":18.3458100080001},"result":"San Lucas, Michoacán, Mexico"}