{"bounds":{"maxX":-102.045872955,"maxY":19.1092606550001,"minX":-102.210666168,"minY":18.825345816},"result":"Múgica, Michoacán, Mexico"}