{"bounds":{"maxX":-101.645832459,"maxY":20.109199657,"minX":-101.908245784,"minY":19.9261436460001},"result":"Panindícuaro, Michoacán, Mexico"}