{"bounds":{"maxX":-101.402661682,"maxY":19.7782790110001,"minX":-101.668700924,"minY":19.6371759790001},"result":"Quiroga, Michoacán, Mexico"}