{"bounds":{"maxX":-100.063032822,"maxY":20.083002171,"minX":-100.345058381,"minY":19.8387857480001},"result":"Contepec, Michoacán, Mexico"}