{"bounds":{"maxX":-98.596866656,"maxY":19.8835405470001,"minX":-98.8693333479999,"minY":19.648830898},"result":"Axapusco, México, Mexico"}