{"bounds":{"maxX":-102.411255719,"maxY":19.435157346,"minX":-102.790812419,"minY":18.993929576},"result":"Buenavista, Michoacán, Mexico"}