{"bounds":{"maxX":-102.122363714,"maxY":20.1095095900001,"minX":-102.407203393,"minY":19.938094028},"result":"Zamora, Michoacán, Mexico"}