{"bounds":{"maxX":-101.000421119,"maxY":19.5388750600001,"minX":-101.35582178,"minY":19.1694912090001},"result":"Madero, Michoacán, Mexico"}