{"bounds":{"maxX":-98.6532265549999,"maxY":19.6355810910001,"minX":-98.8719329319999,"minY":19.4629179620001},"result":"Tepetlaoxtoc, México, Mexico"}