{"bounds":{"maxX":-101.392210161,"maxY":19.9565040460001,"minX":-101.603162407,"minY":19.799413175},"result":"Huaniqueo, Michoacán, Mexico"}