{"bounds":{"maxX":-102.779762876,"maxY":20.1716818360001,"minX":-102.955578745,"minY":20.04728025},"result":"Cojumatlán de Régules, Michoacán, Mexico"}