{"bounds":{"maxX":-102.397160318,"maxY":19.900770956,"minX":-102.611854142,"minY":19.7108029230001},"result":"Tingüindín, Michoacán, Mexico"}