{"bounds":{"maxX":-98.995705715,"maxY":18.8305885890001,"minX":-99.1995815,"minY":18.57830354},"result":"Tlaltizapán, Morelos, Mexico"}