{"bounds":{"maxX":-99.513065051,"maxY":19.223193354,"minX":-99.579907379,"minY":19.1853360330001},"result":"Chapultepec, México, Mexico"}