{"bounds":{"maxX":-98.932994978,"maxY":18.9597238810001,"minX":-99.1483828949999,"minY":18.7709768720001},"result":"Yautepec, Morelos, Mexico"}