{"bounds":{"maxX":-99.083992177,"maxY":20.0317139370001,"minX":-99.215394437,"minY":19.929498553},"result":"Apaxco, México, Mexico"}