{"bounds":{"maxX":-99.203114328,"maxY":18.9218648080001,"minX":-99.3523077839999,"minY":18.7735088960001},"result":"Temixco, Morelos, Mexico"}