{"bounds":{"maxX":-98.965874349,"maxY":19.498778714,"minX":-99.067991342,"minY":19.3662101040001},"result":"Nezahualcóyotl, México, Mexico"}