{"bounds":{"maxX":-99.355412755,"maxY":18.7482550770001,"minX":-99.468183043,"minY":18.6275438320001},"result":"Tetecala, Morelos, Mexico"}