{"bounds":{"maxX":-102.564031543,"maxY":19.0638598460001,"minX":-102.934093626,"minY":18.4940802720001},"result":"Aguililla, Michoacán, Mexico"}