{"bounds":{"maxX":-102.521381728,"maxY":20.2808094160001,"minX":-102.685370305,"minY":20.205967813},"result":"Briseñas, Michoacán, Mexico"}