{"bounds":{"maxX":-98.6198746319999,"maxY":19.0923191270001,"minX":-98.8249987249999,"minY":18.940292458},"result":"Atlautla, México, Mexico"}