{"bounds":{"maxX":-101.56230604,"maxY":19.3086540460001,"minX":-101.855385655,"minY":18.950129922},"result":"Ario, Michoacán, Mexico"}