{"bounds":{"maxX":-99.524643967,"maxY":19.700749337,"minX":-99.7410107969999,"minY":19.482491791},"result":"Jiquipilco, México, Mexico"}