{"bounds":{"maxX":-99.239469227,"maxY":19.4388625560001,"minX":-99.4041796239999,"minY":19.3033334200001},"result":"Huixquilucan, México, Mexico"}