{"bounds":{"maxX":-101.966669573,"maxY":20.234663792,"minX":-102.169866992,"minY":20.045141216},"result":"Churintzio, Michoacán, Mexico"}