{"bounds":{"maxX":-99.816446597,"maxY":19.2362577270001,"minX":-100.24011153,"minY":18.9789803480001},"result":"Temascaltepec, México, Mexico"}