{"bounds":{"maxX":-100.134237538,"maxY":19.8705484720001,"minX":-100.290669497,"minY":19.697137786},"result":"Tlalpujahua, Michoacán, Mexico"}