{"bounds":{"maxX":-102.192875427,"maxY":19.5340753240001,"minX":-102.500472956,"minY":19.1730194360001},"result":"Tancítaro, Michoacán, Mexico"}