{"bounds":{"maxX":-100.748051793,"maxY":19.672359843,"minX":-101.131847656,"minY":19.1805059610001},"result":"Tzitzio, Michoacán, Mexico"}