{"bounds":{"maxX":-102.081433559,"maxY":19.281275567,"minX":-102.345648407,"minY":18.858926689},"result":"Parácuaro, Michoacán, Mexico"}