{"bounds":{"maxX":-101.694702457,"maxY":19.9693638860001,"minX":-102.000359189,"minY":19.6912416920001},"result":"Zacapu, Michoacán, Mexico"}