{"bounds":{"maxX":-98.8099420839999,"maxY":19.904280151,"minX":-98.951286462,"minY":19.727196076},"result":"Temascalapa, México, Mexico"}