{"bounds":{"maxX":-98.6989738839999,"maxY":18.609415439,"minX":-98.819236371,"minY":18.4395331260001},"result":"Axochiapan, Morelos, Mexico"}