{"bounds":{"maxX":-99.176998414,"maxY":18.685596182,"minX":-99.241329222,"minY":18.6153579470001},"result":"Zacatepec, Morelos, Mexico"}