{"bounds":{"maxX":-99.8994429429999,"maxY":19.3328494620001,"minX":-100.092792586,"minY":19.178370081},"result":"Amanalco, México, Mexico"}