{"bounds":{"maxX":-99.3198315449999,"maxY":19.5571101570001,"minX":-99.4751027789999,"minY":19.43828769},"result":"Jilotzingo, México, Mexico"}