{"bounds":{"maxX":-102.146246076,"maxY":19.814237914,"minX":-102.306295675,"minY":19.580574991},"result":"Charapan, Michoacán, Mexico"}