{"bounds":{"maxX":-99.65888057,"maxY":19.8172929900001,"minX":-100.015706819,"minY":19.614967839},"result":"Jocotitlán, México, Mexico"}