{"bounds":{"maxX":-99.671669851,"maxY":18.839464359,"minX":-99.949266194,"minY":18.5890410160001},"result":"Zacualpan, México, Mexico"}