{"bounds":{"maxX":-99.609352748,"maxY":18.9130521970001,"minX":-99.762728624,"minY":18.768838884},"result":"Ixtapan de la Sal, México, Mexico"}