{"bounds":{"maxX":-99.420685745,"maxY":19.904205544,"minX":-99.671021737,"minY":19.7328300130001},"result":"Chapa de Mota, México, Mexico"}