{"bounds":{"maxX":-100.067532352,"maxY":18.677289698,"minX":-100.449361606,"minY":18.366942877},"result":"Tlatlaya, México, Mexico"}