{"bounds":{"maxX":-101.900874655,"maxY":19.981437726,"minX":-102.107704032,"minY":19.8395227560001},"result":"Purépero, Michoacán, Mexico"}