{"bounds":{"maxX":-102.65363471,"maxY":20.051648286,"minX":-102.889262878,"minY":19.8832712180001},"result":"Jiquilpan, Michoacán, Mexico"}