{"bounds":{"maxX":-100.219988985,"maxY":19.3292073850001,"minX":-100.337677749,"minY":19.194280554},"result":"Ixtapan del Oro, México, Mexico"}