{"bounds":{"maxX":-98.6254893459999,"maxY":19.18319288,"minX":-98.818075694,"minY":19.0567646390001},"result":"Amecameca, México, Mexico"}