{"bounds":{"maxX":-100.878634314,"maxY":19.8715294470001,"minX":-101.010078605,"minY":19.6494376360001},"result":"Indaparapeo, Michoacán, Mexico"}