{"bounds":{"maxX":-101.286912213,"maxY":19.9715622620001,"minX":-101.441782495,"minY":19.817758403},"result":"Chucándiro, Michoacán, Mexico"}