{"bounds":{"maxX":-98.894248093,"maxY":19.463564155,"minX":-98.990589611,"minY":19.3728241210001},"result":"Chimalhuacán, México, Mexico"}