{"bounds":{"maxX":-99.463022168,"maxY":19.1710920200001,"minX":-99.526685075,"minY":19.1494510110001},"result":"Almoloya del Río, México, Mexico"}