{"bounds":{"maxX":-100.207556747,"maxY":19.2302887430001,"minX":-100.378191478,"minY":19.138010428},"result":"Santo Tomás, México, Mexico"}