{"bounds":{"maxX":-99.695280703,"maxY":20.2858666660001,"minX":-99.934083575,"minY":20.138301778},"result":"Polotitlán, México, Mexico"}