{"bounds":{"maxX":-102.100808192,"maxY":19.493267745,"minX":-102.281992538,"minY":19.2938591590001},"result":"Nuevo Parangaricutiro, Michoacán, Mexico"}