{"bounds":{"maxX":-102.352201776,"maxY":19.991498472,"minX":-102.573697357,"minY":19.7890344200001},"result":"Tangamandapio, Michoacán, Mexico"}