{"bounds":{"maxX":-101.642272571,"maxY":19.7029250860001,"minX":-101.81030326,"minY":19.521839012},"result":"Erongarícuaro, Michoacán, Mexico"}