{"bounds":{"maxX":-99.5127926069999,"maxY":19.2871671280001,"minX":-99.6470460369999,"minY":19.215654413},"result":"Metepec, México, Mexico"}