{"bounds":{"maxX":-101.932225582,"maxY":20.101689052,"minX":-102.153277325,"minY":19.9279569760001},"result":"Tlazazalca, Michoacán, Mexico"}