{"bounds":{"maxX":-103.242389857,"maxY":18.9911363630001,"minX":-103.578684457,"minY":18.5019042480001},"result":"Chinicuila, Michoacán, Mexico"}