{"bounds":{"maxX":-99.519881918,"maxY":19.840580091,"minX":-99.749054761,"minY":19.609205301},"result":"Morelos, México, Mexico"}