{"bounds":{"maxX":-101.779724764,"maxY":20.224790393,"minX":-102.006227327,"minY":19.9646189910001},"result":"Penjamillo, Michoacán, Mexico"}