{"bounds":{"maxX":-100.52305006,"maxY":19.347940786,"minX":-101.055686914,"minY":18.794125492},"result":"Tiquicheo, Michoacán, Mexico"}