{"bounds":{"maxX":-99.573728812,"maxY":18.8334589610001,"minX":-99.712301326,"minY":18.72033373},"result":"Tonatico, México, Mexico"}