{"bounds":{"maxX":-99.607311091,"maxY":19.066352184,"minX":-99.772887624,"minY":18.8162751030001},"result":"Villa Guerrero, México, Mexico"}