{"bounds":{"maxX":-98.6346757649999,"maxY":19.556954698,"minX":-99.028900471,"minY":19.394836642},"result":"Texcoco, México, Mexico"}