{"bounds":{"maxX":-99.058605144,"maxY":19.9644387870001,"minX":-99.227761041,"minY":19.822819646},"result":"Tequixquiac, México, Mexico"}