{"bounds":{"maxX":-101.418925048,"maxY":19.602748542,"minX":-101.812253748,"minY":19.4005597280001},"result":"Pátzcuaro, Michoacán, Mexico"}