{"bounds":{"maxX":-99.1750284189999,"maxY":19.7297567890001,"minX":-99.289668295,"minY":19.585675918},"result":"Cuautitlán Izcalli, México, Mexico"}