{"bounds":{"maxX":-99.072469905,"maxY":19.664043941,"minX":-99.12878583,"minY":19.588484695},"result":"Coacalco de Berriozábal, México, Mexico"}