{"bounds":{"maxX":-101.875011923,"maxY":19.833545165,"minX":-102.129180268,"minY":19.6450375580001},"result":"Cherán, Michoacán, Mexico"}