{"bounds":{"maxX":-98.761375361,"maxY":19.7727881500001,"minX":-98.8908581599999,"minY":19.6182668910001},"result":"San Martín de las Pirámides, México, Mexico"}