{"bounds":{"maxX":-99.519624896,"maxY":19.2864619150001,"minX":-99.568161183,"minY":19.237819503},"result":"San Mateo Atenco, México, Mexico"}