{"bounds":{"maxX":-102.66769741,"maxY":20.0935455700001,"minX":-102.864851465,"minY":20.0023981950001},"result":"Sahuayo, Michoacán, Mexico"}