{"bounds":{"maxX":-100.055020055,"maxY":19.404279531,"minX":-100.312388659,"minY":19.2335010630001},"result":"Donato Guerra, México, Mexico"}