{"bounds":{"maxX":-99.699812113,"maxY":20.077480392,"minX":-100.077008916,"minY":19.840517834},"result":"Acambay, México, Mexico"}