{"bounds":{"maxX":-99.1353790159999,"maxY":19.1317017270001,"minX":-99.319115698,"minY":18.981744443},"result":"Huitzilac, Morelos, Mexico"}