{"bounds":{"maxX":-98.840753039,"maxY":19.690229624,"minX":-98.997230531,"minY":19.583322868},"result":"Acolman, México, Mexico"}