{"bounds":{"maxX":-101.063089525,"maxY":19.8941846170001,"minX":-101.279132374,"minY":19.738136915},"result":"Tarímbaro, Michoacán, Mexico"}