{"bounds":{"maxX":-99.180538959,"maxY":19.0246500820001,"minX":-99.342011762,"minY":18.841911152},"result":"Cuernavaca, Morelos, Mexico"}