{"bounds":{"maxX":-101.936159087,"maxY":19.6274856640001,"minX":-102.393633042,"minY":19.184964506},"result":"Uruapan, Michoacán, Mexico"}