{"bounds":{"maxX":-99.144914722,"maxY":18.876955369,"minX":-99.222813009,"minY":18.7420392230001},"result":"Emiliano Zapata, Morelos, Mexico"}