{"bounds":{"maxX":-99.670344878,"maxY":20.2724623010001,"minX":-99.986463553,"minY":19.999021101},"result":"Aculco, México, Mexico"}