{"bounds":{"maxX":-101.956020002,"maxY":20.248086239,"minX":-102.085880493,"minY":20.10883413},"result":"Zináparo, Michoacán, Mexico"}