{"bounds":{"maxX":-98.82556269,"maxY":19.183951259,"minX":-98.9253288639999,"minY":19.114257825},"result":"Tenango del Aire, México, Mexico"}