{"bounds":{"maxX":-102.479390824,"maxY":20.101725281,"minX":-102.686052492,"minY":19.8817670240001},"result":"Villamar, Michoacán, Mexico"}