{"bounds":{"maxX":-102.116342551,"maxY":20.3567039700001,"minX":-102.322692936,"minY":20.2322032210001},"result":"Yurécuaro, Michoacán, Mexico"}