{"bounds":{"maxX":-101.807139301,"maxY":19.511949805,"minX":-101.984584154,"minY":19.361137511},"result":"Ziracuaretiro, Michoacán, Mexico"}