{"bounds":{"maxX":-99.959294599,"maxY":19.2911052000001,"minX":-100.264317662,"minY":19.0787080800001},"result":"Valle de Bravo, México, Mexico"}