{"bounds":{"maxX":-99.3065584989999,"maxY":19.237954799,"minX":-99.536874621,"minY":19.086532618},"result":"Tianguistenco, México, Mexico"}