{"bounds":{"maxX":-101.36716482,"maxY":19.632155493,"minX":-101.470291925,"minY":19.514659626},"result":"Lagunillas, Michoacán, Mexico"}