{"bounds":{"maxX":-100.008528688,"maxY":19.7864964840001,"minX":-100.273989722,"minY":19.4855208980001},"result":"San José del Rincón, México, Mexico"}