{"bounds":{"maxX":-102.372263169,"maxY":20.1160488040001,"minX":-102.52397827,"minY":19.978571324},"result":"Chavinda, Michoacán, Mexico"}