{"bounds":{"maxX":-99.06847512,"maxY":19.68958015,"minX":-99.1932807159999,"minY":19.57234707},"result":"Tultitlán, México, Mexico"}