{"bounds":{"maxX":-99.381906573,"maxY":19.4306691240001,"minX":-99.571979818,"minY":19.221950953},"result":"Lerma, México, Mexico"}