{"bounds":{"maxX":-98.631871269,"maxY":19.4115862200001,"minX":-98.953929169,"minY":19.2468739880001},"result":"Ixtapaluca, México, Mexico"}