{"bounds":{"maxX":-99.6402057239999,"maxY":20.049338689,"minX":-99.789532177,"minY":19.7954104240001},"result":"Timilpan, México, Mexico"}