{"bounds":{"maxX":-99.8672053179999,"maxY":19.765084858,"minX":-100.084587285,"minY":19.533143135},"result":"San Felipe del Progreso, México, Mexico"}