{"bounds":{"maxX":-98.89277056,"maxY":19.5965233110001,"minX":-99.014549462,"minY":19.4903616180001},"result":"Atenco, México, Mexico"}