{"bounds":{"maxX":-98.868036714,"maxY":19.039640105,"minX":-98.9809692319999,"minY":18.952498232},"result":"Totolapan, Morelos, Mexico"}