{"bounds":{"maxX":-98.942131557,"maxY":20.0682619180001,"minX":-99.14296859,"minY":19.833286367},"result":"Hueypoxtla, México, Mexico"}