{"bounds":{"maxX":-99.552884299,"maxY":19.223425165,"minX":-99.611005045,"minY":19.196499965},"result":"Mexicaltzingo, México, Mexico"}