{"bounds":{"maxX":-102.095293727,"maxY":19.994723294,"minX":-102.408128153,"minY":19.752288998},"result":"Tangancícuaro, Michoacán, Mexico"}