{"bounds":{"maxX":-99.118022299,"maxY":19.7666212070001,"minX":-99.20011219,"minY":19.643411197},"result":"Cuautitlán, México, Mexico"}