{"bounds":{"maxX":-101.970889344,"maxY":19.7415963870001,"minX":-102.178472079,"minY":19.567234387},"result":"Paracho, Michoacán, Mexico"}