{"bounds":{"maxX":-101.908517537,"maxY":19.277909218,"minX":-102.090438256,"minY":19.031177766},"result":"Gabriel Zamora, Michoacán, Mexico"}