{"bounds":{"maxX":-99.432692201,"maxY":20.180820544,"minX":-99.736459166,"minY":19.8528732570001},"result":"Jilotepec, México, Mexico"}