{"bounds":{"maxX":-102.368821366,"maxY":20.3410924190001,"minX":-102.541546005,"minY":20.1858937550001},"result":"Vista Hermosa, Michoacán, Mexico"}