{"bounds":{"maxX":-102.737771062,"maxY":18.6854602980001,"minX":-103.709585139,"minY":18.085512851},"result":"Aquila, Michoacán, Mexico"}