{"bounds":{"maxX":-99.429047822,"maxY":19.236765871,"minX":-99.4835158499999,"minY":19.18415013},"result":"Capulhuac, México, Mexico"}