{"bounds":{"maxX":-98.887332332,"maxY":18.8907263150001,"minX":-99.020192503,"minY":18.754888098},"result":"Cuautla, Morelos, Mexico"}