{"bounds":{"maxX":-100.176714991,"maxY":19.557930872,"minX":-100.484124228,"minY":19.314673536},"result":"Zitácuaro, Michoacán, Mexico"}