{"bounds":{"maxX":-102.232512789,"maxY":20.3581635780001,"minX":-102.440756948,"minY":20.186324986},"result":"Tanhuato, Michoacán, Mexico"}