{"bounds":{"maxX":-99.890850754,"maxY":20.0554444650001,"minX":-100.158656982,"minY":19.8069298290001},"result":"Temascalcingo, México, Mexico"}