{"bounds":{"maxX":-100.313097861,"maxY":19.322177889,"minX":-100.484484307,"minY":19.029085315},"result":"Susupuato, Michoacán, Mexico"}