{"bounds":{"maxX":-102.663093948,"maxY":19.245359207,"minX":-103.045030938,"minY":18.913068341},"result":"Tepalcatepec, Michoacán, Mexico"}