{"bounds":{"maxX":-99.424434105,"maxY":19.0332879580001,"minX":-99.55317279,"minY":18.7537734410001},"result":"Malinalco, México, Mexico"}