{"bounds":{"maxX":-99.678826578,"maxY":19.7345590740001,"minX":-99.916451316,"minY":19.4685135600001},"result":"Ixtlahuaca, México, Mexico"}