{"bounds":{"maxX":-100.591767339,"maxY":19.9783290990001,"minX":-100.975835283,"minY":19.7344344050001},"result":"Zinapécuaro, Michoacán, Mexico"}