{"bounds":{"maxX":-99.1717880149999,"maxY":19.893393174,"minX":-99.346123559,"minY":19.7511032},"result":"Huehuetoca, México, Mexico"}