{"bounds":{"maxX":-99.526501718,"maxY":19.142517372,"minX":-99.785134324,"minY":19.009977688},"result":"Tenango del Valle, México, Mexico"}