{"bounds":{"maxX":-98.77283554,"maxY":19.169275891,"minX":-98.8526742769999,"minY":19.0716775720001},"result":"Ayapango, México, Mexico"}