{"bounds":{"maxX":-99.266120526,"maxY":19.7055152940001,"minX":-99.533975757,"minY":19.5628585600001},"result":"Nicolás Romero, México, Mexico"}