{"bounds":{"maxX":-101.298770761,"maxY":19.4154733230001,"minX":-101.625166496,"minY":19.08480501},"result":"Tacámbaro, Michoacán, Mexico"}