{"bounds":{"maxX":-99.705134591,"maxY":19.901583821,"minX":-99.974196094,"minY":19.7303332820001},"result":"Atlacomulco, México, Mexico"}