{"bounds":{"maxX":-98.792080282,"maxY":18.9567103000001,"minX":-98.9291418719999,"minY":18.7622694360001},"result":"Yecapixtla, Morelos, Mexico"}