{"bounds":{"maxX":-98.682889645,"maxY":19.319228745,"minX":-98.969678573,"minY":19.157382533},"result":"Valle de Chalco, México, Mexico"}