{"bounds":{"maxX":-100.951471867,"maxY":19.971845892,"minX":-101.099378261,"minY":19.78326738},"result":"Álvaro Obregón, Michoacán, Mexico"}