{"bounds":{"maxX":-98.7713737609999,"maxY":19.0821085800001,"minX":-98.84504643,"minY":18.950151766},"result":"Ozumba, México, Mexico"}