{"bounds":{"maxX":-100.003527242,"maxY":18.8132034990001,"minX":-100.488798608,"minY":18.585503929},"result":"Amatepec, México, Mexico"}