{"bounds":{"maxX":-98.75945451,"maxY":18.681519641,"minX":-99.016987797,"minY":18.4573455350001},"result":"Tepalcingo, Morelos, Mexico"}