{"bounds":{"maxX":-99.276434647,"maxY":18.9239680750001,"minX":-99.432259204,"minY":18.68818694},"result":"Miacatlán, Morelos, Mexico"}