{"bounds":{"maxX":-100.246943753,"maxY":19.6697860200001,"minX":-100.355055045,"minY":19.5863909020001},"result":"Angangueo, Michoacán, Mexico"}