{"bounds":{"maxX":-98.843174029,"maxY":19.2291332930001,"minX":-98.925311469,"minY":19.15541634},"result":"Temamatla, México, Mexico"}