{"bounds":{"maxX":-98.8358908769999,"maxY":18.99989579,"minX":-98.955342925,"minY":18.882016735},"result":"Atlatlahucan, Morelos, Mexico"}