{"bounds":{"maxX":-99.0324825279999,"maxY":19.7732252800001,"minX":-99.1297812,"minY":19.679661202},"result":"Nextlalpan, México, Mexico"}