{"bounds":{"maxX":-98.726269846,"maxY":18.945712116,"minX":-98.83166972,"minY":18.812516697},"result":"Ocuituco, Morelos, Mexico"}