{"bounds":{"maxX":-102.865109198,"maxY":20.14124008,"minX":-103.05150419,"minY":19.959343357},"result":"Marcos Castellanos, Michoacán, Mexico"}