{"bounds":{"maxX":-102.196510298,"maxY":19.2279829610001,"minX":-102.647324089,"minY":18.709340931},"result":"Apatzingán, Michoacán, Mexico"}