{"bounds":{"maxX":-98.666259306,"maxY":19.0013041330001,"minX":-98.799454199,"minY":18.935339874},"result":"Ecatzingo, México, Mexico"}