{"bounds":{"maxX":-99.2068249769999,"maxY":19.536737768,"minX":-99.414074012,"minY":19.412007299},"result":"Naucalpan de Juárez, México, Mexico"}