{"bounds":{"maxX":-100.967334678,"maxY":20.091954172,"minX":-101.132036385,"minY":19.9531729940001},"result":"Santa Ana Maya, Michoacán, Mexico"}