{"bounds":{"maxX":-99.85440701,"maxY":19.0197373990001,"minX":-100.013229119,"minY":18.8624178600001},"result":"Texcaltitlán, México, Mexico"}