{"bounds":{"maxX":-99.720408768,"maxY":19.075962895,"minX":-99.886131323,"minY":18.8032524980001},"result":"Coatepec Harinas, México, Mexico"}