{"bounds":{"maxX":-101.994096365,"maxY":19.8931447890001,"minX":-102.214853715,"minY":19.717677474},"result":"Chilchota, Michoacán, Mexico"}