{"bounds":{"maxX":-99.328084126,"maxY":18.759178917,"minX":-99.410780636,"minY":18.616083336},"result":"Mazatepec, Morelos, Mexico"}