{"bounds":{"maxX":-98.6275248759999,"maxY":19.264777408,"minX":-98.855552697,"minY":19.1490903800001},"result":"Tlalmanalco, México, Mexico"}