{"bounds":{"maxX":-99.981731364,"maxY":19.8604269850001,"minX":-100.149328492,"minY":19.7313373900001},"result":"El Oro, México, Mexico"}