{"bounds":{"maxX":-100.203779833,"maxY":25.770549562,"minX":-100.336779325,"minY":25.701224375},"result":"San Nicolás de los Garza, Nuevo León, Mexico"}