{"bounds":{"maxX":-99.9212534069999,"maxY":23.572839473,"minX":-100.359053839,"minY":23.2310803990001},"result":"Mier y Noriega, Nuevo León, Mexico"}