{"bounds":{"maxX":-99.275596342,"maxY":26.0949294340001,"minX":-99.5609949939999,"minY":25.782826233},"result":"Los Herreras, Nuevo León, Mexico"}