{"bounds":{"maxX":-100.415332388,"maxY":25.9834779180001,"minX":-100.861901395,"minY":25.6269803440001},"result":"García, Nuevo León, Mexico"}