{"bounds":{"maxX":-99.0224073269999,"maxY":25.5000907530001,"minX":-99.800156939,"minY":25.0407590030001},"result":"General Terán, Nuevo León, Mexico"}