{"bounds":{"maxX":-100.183941313,"maxY":26.694004029,"minX":-100.521175996,"minY":26.2582571630001},"result":"Villaldama, Nuevo León, Mexico"}