{"bounds":{"maxX":-99.9365573919999,"maxY":25.2703307240001,"minX":-100.332007414,"minY":24.880374917},"result":"Rayones, Nuevo León, Mexico"}