{"bounds":{"maxX":-99.332411365,"maxY":26.3292701610001,"minX":-99.589932645,"minY":26.0938927460001},"result":"General Treviño, Nuevo León, Mexico"}