{"bounds":{"maxX":-98.58135055,"maxY":26.0476486810001,"minX":-99.214868016,"minY":25.60098477},"result":"General Bravo, Nuevo León, Mexico"}