{"bounds":{"maxX":-98.421576078,"maxY":25.916182447,"minX":-99.461227324,"minY":25.06713417},"result":"China, Nuevo León, Mexico"}