{"bounds":{"maxX":-104.236382828,"maxY":20.9957172220001,"minX":-104.629088022,"minY":20.6032209480001},"result":"Amatlán de Cañas, Nayarit, Mexico"}