{"bounds":{"maxX":-99.882847306,"maxY":24.4563735620001,"minX":-100.63306648,"minY":23.162683186},"result":"Doctor Arroyo, Nuevo León, Mexico"}