{"bounds":{"maxX":-100.365945635,"maxY":26.1151489600001,"minX":-100.539894035,"minY":25.8904821840001},"result":"Hidalgo, Nuevo León, Mexico"}