{"bounds":{"maxX":-100.238720651,"maxY":25.7500430600001,"minX":-100.7297729,"minY":25.413528663},"result":"Santa Catarina, Nuevo León, Mexico"}