{"bounds":{"maxX":-100.312568064,"maxY":25.715678945,"minX":-100.427451943,"minY":25.5897925030001},"result":"San Pedro Garza García, Nuevo León, Mexico"}