{"bounds":{"maxX":-100.031314284,"maxY":25.521168876,"minX":-100.530883149,"minY":25.223785897},"result":"Santiago, Nuevo León, Mexico"}