{"bounds":{"maxX":-103.720895546,"maxY":22.0027609570001,"minX":-104.476171629,"minY":21.17643493},"result":"La Yesca, Nayarit, Mexico"}