{"bounds":{"maxX":-99.6620573769999,"maxY":25.995668584,"minX":-99.983060817,"minY":25.6951943290001},"result":"Doctor González, Nuevo León, Mexico"}