{"bounds":{"maxX":-100.301028043,"maxY":25.9822446110001,"minX":-100.425780741,"minY":25.8465660200001},"result":"Carmen, Nuevo León, Mexico"}