{"bounds":{"maxX":-104.618713558,"maxY":21.3279858380001,"minX":-104.878353774,"minY":21.0060334620001},"result":"San Pedro Lagunillas, Nayarit, Mexico"}