{"bounds":{"maxX":-104.928521856,"maxY":22.3598918860001,"minX":-105.530076834,"minY":21.9409610440001},"result":"Rosamorada, Nayarit, Mexico"}