{"bounds":{"maxX":-99.921274363,"maxY":26.912913153,"minX":-100.36600504,"minY":26.2388312320001},"result":"Sabinas Hidalgo, Nuevo León, Mexico"}