{"bounds":{"maxX":-99.880226105,"maxY":26.1659421700001,"minX":-100.118132441,"minY":25.9051965950001},"result":"Higueras, Nuevo León, Mexico"}