{"bounds":{"maxX":-99.475844907,"maxY":26.2565343300001,"minX":-99.970668802,"minY":25.86374835},"result":"Cerralvo, Nuevo León, Mexico"}