{"bounds":{"maxX":-99.841516642,"maxY":25.2550500150001,"minX":-100.8274135,"minY":24.2545779920001},"result":"Galeana, Nuevo León, Mexico"}