{"bounds":{"maxX":-99.7103135579999,"maxY":24.898012281,"minX":-99.996350416,"minY":24.390155771},"result":"Iturbide, Nuevo León, Mexico"}