{"bounds":{"maxX":-100.104371022,"maxY":26.043934387,"minX":-100.279849749,"minY":25.8986512440001},"result":"Ciénega de Flores, Nuevo León, Mexico"}