{"bounds":{"maxX":-104.597717473,"maxY":21.8546065850001,"minX":-105.124186731,"minY":21.3948674210001},"result":"Tepic, Nayarit, Mexico"}