{"bounds":{"maxX":-104.792171684,"maxY":22.161241719,"minX":-105.23261941,"minY":21.8719875640001},"result":"Ruíz, Nayarit, Mexico"}