{"bounds":{"maxX":-100.16744699,"maxY":25.7974005900001,"minX":-100.443354287,"minY":25.482134451},"result":"Monterrey, Nuevo León, Mexico"}