{"bounds":{"maxX":-104.861095652,"maxY":22.2925520320001,"minX":-105.889528658,"minY":21.624352909},"result":"Santiago Ixcuintla, Nayarit, Mexico"}