{"bounds":{"maxX":-99.959709265,"maxY":27.3926850060001,"minX":-100.834123417,"minY":26.632173353},"result":"Lampazos de Naranjo, Nuevo León, Mexico"}