{"bounds":{"maxX":-105.022238469,"maxY":21.7745898160001,"minX":-106.687609558,"minY":21.3246719100001},"result":"San Blas, Nayarit, Mexico"}