{"bounds":{"maxX":-98.79036451,"maxY":26.104102448,"minX":-99.198111077,"minY":25.838450241},"result":"Doctor Coss, Nuevo León, Mexico"}