{"bounds":{"maxX":-105.254364093,"maxY":22.572683069,"minX":-105.759903101,"minY":22.12526875},"result":"Tecuala, Nayarit, Mexico"}