{"bounds":{"maxX":-100.371300562,"maxY":25.98911686,"minX":-100.451079009,"minY":25.8910944690001},"result":"Abasolo, Nuevo León, Mexico"}