{"bounds":{"maxX":-104.237576435,"maxY":21.3512630860001,"minX":-104.562366374,"minY":21.053920319},"result":"Jala, Nayarit, Mexico"}