{"bounds":{"maxX":-100.261253699,"maxY":25.8984638050001,"minX":-100.468464935,"minY":25.762417617},"result":"General Escobedo, Nuevo León, Mexico"}