{"bounds":{"maxX":-99.686198151,"maxY":25.6948106470001,"minX":-100.178804686,"minY":25.3398054250001},"result":"Cadereyta Jiménez, Nuevo León, Mexico"}