{"bounds":{"maxX":-99.167019411,"maxY":26.3063575460001,"minX":-99.401277777,"minY":25.887799751},"result":"Los Aldamas, Nuevo León, Mexico"}