{"bounds":{"maxX":-103.801048,"maxY":23.045311,"minX":-106.703477,"minY":20.579081},"result":"Nayarit, Mexico"}