{"bounds":{"maxX":-105.201320182,"maxY":22.137383599,"minX":-105.590722003,"minY":21.8496060030001},"result":"Tuxpan, Nayarit, Mexico"}