{"bounds":{"maxX":-99.9901215949999,"maxY":25.703274349,"minX":-100.243231116,"minY":25.512054468},"result":"Juárez, Nuevo León, Mexico"}