{"bounds":{"maxX":-104.987912532,"maxY":22.6657399920001,"minX":-105.680510932,"minY":22.25531485},"result":"Acaponeta, Nayarit, Mexico"}