{"bounds":{"maxX":-99.1564680389999,"maxY":25.1520694820001,"minX":-99.9618919759999,"minY":24.553990782},"result":"Linares, Nuevo León, Mexico"}