{"bounds":{"maxX":-99.927680397,"maxY":25.3734350390001,"minX":-100.139797964,"minY":25.224165956},"result":"Allende, Nuevo León, Mexico"}