{"bounds":{"maxX":-104.957415011,"maxY":20.986427733,"minX":-105.539329548,"minY":20.6719086140001},"result":"Bahía de Banderas, Nayarit, Mexico"}