{"bounds":{"maxX":-99.919340088,"maxY":26.395167257,"minX":-100.564892475,"minY":25.8489373460001},"result":"Salinas Victoria, Nuevo León, Mexico"}