{"bounds":{"maxX":-99.45687073,"maxY":24.039366903,"minX":-100.030423938,"minY":23.723577608},"result":"General Zaragoza, Nuevo León, Mexico"}