{"bounds":{"maxX":-99.610114946,"maxY":24.933147407,"minX":-99.743384321,"minY":24.834874316},"result":"Hualahuises, Nuevo León, Mexico"}