{"bounds":{"maxX":-104.398311295,"maxY":21.608174381,"minX":-104.804466679,"minY":21.084999377},"result":"Santa María del Oro, Nayarit, Mexico"}