{"bounds":{"maxX":-104.405884643,"maxY":21.1782492450001,"minX":-104.731663836,"minY":20.9241590720001},"result":"Ahuacatlán, Nayarit, Mexico"}