{"bounds":{"maxX":-99.4097298089999,"maxY":26.446027658,"minX":-99.955624947,"minY":26.150749805},"result":"Agualeguas, Nuevo León, Mexico"}