{"bounds":{"maxX":-100.101035923,"maxY":25.879285457,"minX":-100.272761225,"minY":25.6941262990001},"result":"Apodaca, Nuevo León, Mexico"}