{"bounds":{"maxX":-104.284478819,"maxY":22.6511385740001,"minX":-105.054219366,"minY":21.460367783},"result":"El Nayar, Nayarit, Mexico"}