{"bounds":{"maxX":-98.413757,"maxY":27.77516,"minX":-101.260536,"minY":23.17216},"result":"Nuevo León, Mexico"}