{"bounds":{"maxX":-100.052015689,"maxY":26.019481623,"minX":-100.254412209,"minY":25.831117439},"result":"General Zuazua, Nuevo León, Mexico"}