{"bounds":{"maxX":-100.438475231,"maxY":26.71087349,"minX":-100.696092983,"minY":26.4318710840001},"result":"Bustamante, Nuevo León, Mexico"}