{"bounds":{"maxX":-99.570901711,"maxY":24.506670243,"minX":-100.21605084,"minY":23.9394556350001},"result":"Aramberri, Nuevo León, Mexico"}