{"bounds":{"maxX":-99.395970506,"maxY":26.0996170020001,"minX":-99.606498465,"minY":25.9926637950001},"result":"Melchor Ocampo, Nuevo León, Mexico"}