{"bounds":{"maxX":-100.117041977,"maxY":25.7319038790001,"minX":-100.275936936,"minY":25.621475311},"result":"Guadalupe, Nuevo León, Mexico"}