{"bounds":{"maxX":-99.40181581,"maxY":25.929950358,"minX":-99.785180434,"minY":25.378905726},"result":"Los Ramones, Nuevo León, Mexico"}