{"bounds":{"maxX":-99.650052834,"maxY":27.799137187,"minX":-100.421909227,"minY":26.846425492},"result":"Anáhuac, Nuevo León, Mexico"}