{"bounds":{"maxX":-100.448759624,"maxY":26.735207803,"minX":-101.20676271,"minY":25.8627358540001},"result":"Mina, Nuevo León, Mexico"}