{"bounds":{"maxX":-99.3968248149999,"maxY":26.900952122,"minX":-99.8014778199999,"minY":26.3401134960001},"result":"Parás, Nuevo León, Mexico"}