{"bounds":{"maxX":-104.201059267,"maxY":21.209834195,"minX":-104.455418467,"minY":20.8484320090001},"result":"Ixtlán del Río, Nayarit, Mexico"}