{"bounds":{"maxX":-99.369263496,"maxY":25.420341734,"minX":-100.171068248,"minY":24.911649885},"result":"Montemorelos, Nuevo León, Mexico"}