{"bounds":{"maxX":-104.758331605,"maxY":21.4964759380001,"minX":-105.153367424,"minY":21.301681839},"result":"Xalisco, Nayarit, Mexico"}