{"bounds":{"maxX":-99.800594892,"maxY":26.0244469570001,"minX":-100.104176924,"minY":25.747945913},"result":"Marín, Nuevo León, Mexico"}