{"bounds":{"maxX":-104.789442494,"maxY":21.373355541,"minX":-105.372314892,"minY":20.85413563},"result":"Compostela, Nayarit, Mexico"}