{"bounds":{"maxX":-104.892720443,"maxY":23.084081988,"minX":-105.524772234,"minY":22.53717762},"result":"Huajicori, Nayarit, Mexico"}