{"bounds":{"maxX":-99.678133298,"maxY":26.913985269,"minX":-100.101373157,"minY":26.36315855},"result":"Vallecillo, Nuevo León, Mexico"}