{"bounds":{"maxX":-99.766612843,"maxY":25.836469988,"minX":-100.148573808,"minY":25.6575641810001},"result":"Pesquería, Nuevo León, Mexico"}