{"bounds":{"maxX":-96.829715891,"maxY":16.951776468,"minX":-97.625428082,"minY":16.2759819730001},"result":"Sola de Vega, Oaxaca, Mexico"}