{"bounds":{"maxX":-97.55292417,"maxY":17.2077931690001,"minX":-98.154759487,"minY":16.5468524400001},"result":"Putla, Oaxaca, Mexico"}