{"bounds":{"maxX":-97.479721151,"maxY":18.29309915,"minX":-98.207117013,"minY":17.4201336850001},"result":"Huajuapan, Oaxaca, Mexico"}