{"bounds":{"maxX":-97.760509344,"maxY":17.502765138,"minX":-98.3358868019999,"minY":17.018516758},"result":"Juxtlahuaca, Oaxaca, Mexico"}