{"bounds":{"maxX":-96.696509164,"maxY":16.9448891800001,"minX":-97.205595112,"minY":16.5836324590001},"result":"Zimatlán, Oaxaca, Mexico"}