{"bounds":{"maxX":-95.5559885759999,"maxY":17.000181691,"minX":-96.311022727,"minY":15.937496228},"result":"Yautepec, Oaxaca, Mexico"}