{"bounds":{"maxX":-96.087167613,"maxY":16.5949268850001,"minX":-97.090388907,"minY":15.9485126010001},"result":"Miahuatlán, Oaxaca, Mexico"}