{"bounds":{"maxX":-94.9290818979999,"maxY":16.973849698,"minX":-96.0147507139999,"minY":15.8093565180001},"result":"Tehuantepec, Oaxaca, Mexico"}