{"bounds":{"maxX":-96.955933452,"maxY":17.8042562580001,"minX":-97.444645179,"minY":16.9180815820001},"result":"Nochixtlán, Oaxaca, Mexico"}