{"bounds":{"maxX":-97.5385405869999,"maxY":16.7573908420001,"minX":-98.552707334,"minY":15.985683303},"result":"Jamiltepec, Oaxaca, Mexico"}