{"bounds":{"maxX":-96.894896391,"maxY":16.442621063,"minX":-97.791282434,"minY":15.855979731},"result":"Juquila, Oaxaca, Mexico"}