{"bounds":{"maxX":-96.4888970119999,"maxY":18.046282455,"minX":-97.1366437029999,"minY":17.413073648},"result":"Cuicatlán, Oaxaca, Mexico"}