{"bounds":{"maxX":-96.523281092,"maxY":17.176358829,"minX":-96.908864336,"minY":16.8898338280001},"result":"Centro, Oaxaca, Mexico"}