{"bounds":{"maxX":-96.661278913,"maxY":17.0298648420001,"minX":-97.22671838,"minY":16.8482122560001},"result":"Zaachila, Oaxaca, Mexico"}