{"bounds":{"maxX":-93.867426772,"maxY":17.4319878860001,"minX":-95.324028595,"minY":15.9864740950001},"result":"Juchitán, Oaxaca, Mexico"}