{"bounds":{"maxX":-96.40491994,"maxY":16.92625536,"minX":-96.824849935,"minY":16.5924932130001},"result":"Ocotlán, Oaxaca, Mexico"}