{"bounds":{"maxX":-97.365004109,"maxY":17.5261598390001,"minX":-97.915798624,"minY":16.726436307},"result":"Tlaxiaco, Oaxaca, Mexico"}