{"bounds":{"maxX":-96.629290166,"maxY":17.691680938,"minX":-97.1573578639999,"minY":16.960463711},"result":"Etla, Oaxaca, Mexico"}