{"bounds":{"maxX":-96.1232867049999,"maxY":17.7882932250001,"minX":-96.772240502,"minY":17.1026682520001},"result":"Ixtlán, Oaxaca, Mexico"}