{"bounds":{"maxX":-95.799924717,"maxY":18.6696880650001,"minX":-96.7268994839999,"minY":17.6417961920001},"result":"Tuxtepec, Oaxaca, Mexico"}