{"bounds":{"maxX":-93.8739169999999,"maxY":18.63403,"minX":-98.5558399999999,"minY":15.65625},"result":"Oaxaca, Mexico"}