{"bounds":{"maxX":-97.937496901,"maxY":17.9351503230001,"minX":-98.496616366,"minY":17.375769747},"result":"Silacayoápam, Oaxaca, Mexico"}