{"bounds":{"maxX":-95.907343963,"maxY":17.1552264150001,"minX":-96.664538345,"minY":16.4369449180001},"result":"Tlacolula, Oaxaca, Mexico"}