{"bounds":{"maxX":-97.161156857,"maxY":18.174591811,"minX":-97.616937384,"minY":17.6083528670001},"result":"Coixtlahuaca, Oaxaca, Mexico"}