{"bounds":{"maxX":-95.989475483,"maxY":17.668383751,"minX":-96.3632912369999,"minY":17.0957952480001},"result":"Villa Alta, Oaxaca, Mexico"}