{"bounds":{"maxX":-95.1814139319999,"maxY":17.814977044,"minX":-96.127481254,"minY":17.234231718},"result":"Choapam, Oaxaca, Mexico"}