{"bounds":{"maxX":-97.230864659,"maxY":17.871093353,"minX":-97.804346679,"minY":17.3494800710001},"result":"Teposcolula, Oaxaca, Mexico"}