{"bounds":{"maxX":-96.557461199,"maxY":18.398166739,"minX":-97.2465770539999,"minY":17.784303863},"result":"Teotitlán, Oaxaca, Mexico"}