{"bounds":{"maxX":-96.4769753369999,"maxY":16.742618696,"minX":-96.93203783,"minY":16.316214583},"result":"Ejutla, Oaxaca, Mexico"}