{"bounds":{"maxX":-95.122144648,"maxY":17.601541034,"minX":-96.20907012,"minY":16.8653649460001},"result":"Mixe, Oaxaca, Mexico"}