{"bounds":{"maxX":-95.967241165,"maxY":16.1404515030001,"minX":-97.061115284,"minY":15.658062822},"result":"Pochutla, Oaxaca, Mexico"}