{"bounds":{"maxX":-97.365752906,"maxY":20.151975609,"minX":-97.464727968,"minY":19.9920712150001},"result":"Ayotoxco de Guerrero, Puebla, Mexico"}