{"bounds":{"maxX":-97.956470666,"maxY":20.2474129350001,"minX":-98.031800399,"minY":20.19894994},"result":"Juan Galindo, Puebla, Mexico"}