{"bounds":{"maxX":-98.6361339809999,"maxY":18.817253167,"minX":-98.733206271,"minY":18.6856501520001},"result":"Acteopan, Puebla, Mexico"}