{"bounds":{"maxX":-98.193448674,"maxY":18.2163442290001,"minX":-98.367281546,"minY":17.9537090370001},"result":"Piaxtla, Puebla, Mexico"}