{"bounds":{"maxX":-98.4110856349999,"maxY":19.149448658,"minX":-98.4785077339999,"minY":19.1124108500001},"result":"Domingo Arenas, Puebla, Mexico"}