{"bounds":{"maxX":-98.26104316,"maxY":19.1186869800001,"minX":-98.404350339,"minY":19.026017757},"result":"San Pedro Cholula, Puebla, Mexico"}