{"bounds":{"maxX":-97.947566653,"maxY":18.748525993,"minX":-98.178274815,"minY":18.6099998280001},"result":"Huatlatlauca, Puebla, Mexico"}