{"bounds":{"maxX":-97.326339385,"maxY":18.82214867,"minX":-97.523465834,"minY":18.628602044},"result":"Cañada Morelos, Puebla, Mexico"}