{"bounds":{"maxX":-98.476558648,"maxY":18.748976719,"minX":-98.584428666,"minY":18.640844889},"result":"Tlapanalá, Puebla, Mexico"}