{"bounds":{"maxX":-97.6351458779999,"maxY":20.09331732,"minX":-97.733343216,"minY":20.0085870890001},"result":"Hueytlalpan, Puebla, Mexico"}