{"bounds":{"maxX":-97.269712995,"maxY":18.6857590060001,"minX":-97.4253674879999,"minY":18.5408765760001},"result":"Nicolás Bravo, Puebla, Mexico"}