{"bounds":{"maxX":-98.3306809649999,"maxY":19.235225299,"minX":-98.640314378,"minY":19.0933537080001},"result":"Huejotzingo, Puebla, Mexico"}