{"bounds":{"maxX":-97.340383461,"maxY":18.7165285500001,"minX":-97.4738028579999,"minY":18.57668112},"result":"Chapulco, Puebla, Mexico"}