{"bounds":{"maxX":-97.7423655429999,"maxY":20.164587671,"minX":-97.841917194,"minY":20.0741951810001},"result":"San Felipe Tepatlán, Puebla, Mexico"}