{"bounds":{"maxX":-97.843464392,"maxY":18.8358630500001,"minX":-97.888950888,"minY":18.783569008},"result":"Tepeyahualco de Cuauhtémoc, Puebla, Mexico"}