{"bounds":{"maxX":-97.541711732,"maxY":19.7920699430001,"minX":-97.593417292,"minY":19.7005249260001},"result":"Zaragoza, Puebla, Mexico"}