{"bounds":{"maxX":-97.624611702,"maxY":19.310664525,"minX":-97.839672301,"minY":19.185501607},"result":"San José Chiapa, Puebla, Mexico"}