{"bounds":{"maxX":-97.8561454489999,"maxY":20.092148278,"minX":-98.174996574,"minY":19.8290079490001},"result":"Zacatlán, Puebla, Mexico"}