{"bounds":{"maxX":-97.41317717,"maxY":18.4206722590001,"minX":-97.671914209,"minY":18.103387368},"result":"Zapotitlán, Puebla, Mexico"}