{"bounds":{"maxX":-98.004402716,"maxY":20.4485844980001,"minX":-98.099732688,"minY":20.3562788310001},"result":"Tlaxco, Puebla, Mexico"}