{"bounds":{"maxX":-98.560617233,"maxY":18.7150341670001,"minX":-98.7279999359999,"minY":18.585415949},"result":"Tepexco, Puebla, Mexico"}