{"bounds":{"maxX":-97.276887844,"maxY":19.3925307210001,"minX":-97.478392546,"minY":19.222043607},"result":"Guadalupe Victoria, Puebla, Mexico"}