{"bounds":{"maxX":-98.592776869,"maxY":18.790132597,"minX":-98.6569763099999,"minY":18.696828049},"result":"Tepemaxalco, Puebla, Mexico"}