{"bounds":{"maxX":-97.812381817,"maxY":18.8452681950001,"minX":-97.9067021229999,"minY":18.7235711010001},"result":"Huitziltepec, Puebla, Mexico"}