{"bounds":{"maxX":-98.224401153,"maxY":19.1607509,"minX":-98.3001840319999,"minY":19.0780326600001},"result":"Cuautlancingo, Puebla, Mexico"}