{"bounds":{"maxX":-97.695099858,"maxY":20.1700292520001,"minX":-97.773080348,"minY":20.0679510350001},"result":"Hermenegildo Galeana, Puebla, Mexico"}