{"bounds":{"maxX":-97.773565407,"maxY":20.6751026630001,"minX":-97.9974734309999,"minY":20.485886554},"result":"Pantepec, Puebla, Mexico"}