{"bounds":{"maxX":-98.092639294,"maxY":18.1319714740001,"minX":-98.211715957,"minY":17.967569107},"result":"Guadalupe, Puebla, Mexico"}