{"bounds":{"maxX":-97.3527574,"maxY":18.26485516,"minX":-97.6531759219999,"minY":18.0255915700001},"result":"Caltepec, Puebla, Mexico"}