{"bounds":{"maxX":-97.610756578,"maxY":20.0454408570001,"minX":-97.643264745,"minY":19.9864198120001},"result":"Atlequizayan, Puebla, Mexico"}