{"bounds":{"maxX":-97.168040535,"maxY":18.365873181,"minX":-97.29564067,"minY":18.2889262750001},"result":"Zinacatepec, Puebla, Mexico"}