{"bounds":{"maxX":-97.489439128,"maxY":18.7658935750001,"minX":-97.7598556359999,"minY":18.502892704},"result":"Tlacotepec de Benito Juárez, Puebla, Mexico"}