{"bounds":{"maxX":-97.810670317,"maxY":18.1645845910001,"minX":-98.006282325,"minY":17.9609384670001},"result":"Petlalcingo, Puebla, Mexico"}