{"bounds":{"maxX":-98.077344972,"maxY":18.766077393,"minX":-98.132694252,"minY":18.719059348},"result":"La Magdalena Tlatlauquitepec, Puebla, Mexico"}