{"bounds":{"maxX":-97.741777661,"maxY":18.476591253,"minX":-97.896610875,"minY":18.315011312},"result":"Coyotepec, Puebla, Mexico"}