{"bounds":{"maxX":-97.613257647,"maxY":19.916353375,"minX":-97.684408954,"minY":19.7896394520001},"result":"Xochiapulco, Puebla, Mexico"}