{"bounds":{"maxX":-97.593643029,"maxY":18.8291684160001,"minX":-97.752907409,"minY":18.70542242},"result":"Yehualtepec, Puebla, Mexico"}