{"bounds":{"maxX":-98.082917709,"maxY":18.638820792,"minX":-98.2467747489999,"minY":18.508943631},"result":"Coatzingo, Puebla, Mexico"}