{"bounds":{"maxX":-98.05806195,"maxY":18.1906042150001,"minX":-98.214599834,"minY":18.091981489},"result":"San Pablo Anicano, Puebla, Mexico"}