{"bounds":{"maxX":-97.9043423319999,"maxY":18.72366888,"minX":-98.270498521,"minY":18.468079598},"result":"Zacapala, Puebla, Mexico"}