{"bounds":{"maxX":-97.605624731,"maxY":20.077970527,"minX":-97.663398177,"minY":20.0022164550001},"result":"Ixtepec, Puebla, Mexico"}