{"bounds":{"maxX":-98.468610131,"maxY":18.669626382,"minX":-98.611638445,"minY":18.569055636},"result":"Tilapa, Puebla, Mexico"}