{"bounds":{"maxX":-98.182919429,"maxY":20.3045449800001,"minX":-98.284624204,"minY":20.21525666},"result":"Honey, Puebla, Mexico"}