{"bounds":{"maxX":-98.321878672,"maxY":19.03312687,"minX":-98.36952647,"minY":18.9923626180001},"result":"San Gregorio Atzompa, Puebla, Mexico"}