{"bounds":{"maxX":-97.657917372,"maxY":19.9981038870001,"minX":-97.774312698,"minY":19.890162387},"result":"Huitzilan de Serdán, Puebla, Mexico"}