{"bounds":{"maxX":-97.6574284,"maxY":20.279514116,"minX":-97.869214791,"minY":20.1253754910001},"result":"Jopala, Puebla, Mexico"}