{"bounds":{"maxX":-97.419519721,"maxY":19.871342955,"minX":-97.4733010749999,"minY":19.832247814},"result":"Teteles de Avila Castillo, Puebla, Mexico"}