{"bounds":{"maxX":-98.38195093,"maxY":18.237571901,"minX":-98.5568403949999,"minY":18.061024676},"result":"Chila de la Sal, Puebla, Mexico"}