{"bounds":{"maxX":-97.015686057,"maxY":18.3513515980001,"minX":-97.2067471779999,"minY":18.148094364},"result":"Coxcatlán, Puebla, Mexico"}