{"bounds":{"maxX":-97.526149001,"maxY":19.250136234,"minX":-97.685479395,"minY":19.0356483750001},"result":"San Salvador el Seco, Puebla, Mexico"}