{"bounds":{"maxX":-98.29810516,"maxY":18.7077946840001,"minX":-98.384232092,"minY":18.5988235070001},"result":"Xochiltepec, Puebla, Mexico"}