{"bounds":{"maxX":-97.475006236,"maxY":19.7062664850001,"minX":-97.705004172,"minY":19.4623551880001},"result":"Cuyoaco, Puebla, Mexico"}