{"bounds":{"maxX":-98.364546342,"maxY":19.3276908070001,"minX":-98.492731952,"minY":19.204233539},"result":"San Martín Texmelucan, Puebla, Mexico"}