{"bounds":{"maxX":-98.540246179,"maxY":19.028377532,"minX":-98.7141540709999,"minY":18.8255773070001},"result":"Tochimilco, Puebla, Mexico"}