{"bounds":{"maxX":-97.673125119,"maxY":20.381063689,"minX":-97.959775448,"minY":20.201155796},"result":"Zihuateutla, Puebla, Mexico"}