{"bounds":{"maxX":-97.5390166889999,"maxY":19.5425386420001,"minX":-97.7977513279999,"minY":19.3651101460001},"result":"Libres, Puebla, Mexico"}