{"bounds":{"maxX":-97.72593576,"maxY":20.0391860400001,"minX":-97.830169709,"minY":19.982933216},"result":"Tepango de Rodríguez, Puebla, Mexico"}