{"bounds":{"maxX":-98.318169139,"maxY":19.19201421,"minX":-98.374560916,"minY":19.133133726},"result":"Tlaltenango, Puebla, Mexico"}