{"bounds":{"maxX":-97.166447526,"maxY":18.328491007,"minX":-97.4140497339999,"minY":18.1232540990001},"result":"San José Miahuatlán, Puebla, Mexico"}