{"bounds":{"maxX":-98.2330133789999,"maxY":18.1321472270001,"minX":-98.386475983,"minY":17.911109411},"result":"Tecomatlán, Puebla, Mexico"}