{"bounds":{"maxX":-97.456330759,"maxY":18.664816408,"minX":-97.647301074,"minY":18.44174201},"result":"Tepanco de López, Puebla, Mexico"}