{"bounds":{"maxX":-97.3580467369999,"maxY":19.9988797610001,"minX":-97.456209062,"minY":19.859633},"result":"Hueyapan, Puebla, Mexico"}