{"bounds":{"maxX":-98.297929562,"maxY":18.091174826,"minX":-98.5013451039999,"minY":17.86091193},"result":"Tulcingo, Puebla, Mexico"}