{"bounds":{"maxX":-97.76434706,"maxY":18.5353614650001,"minX":-97.897400967,"minY":18.420204697},"result":"Ixcaquixtla, Puebla, Mexico"}