{"bounds":{"maxX":-97.9482204559999,"maxY":18.500686866,"minX":-98.169433171,"minY":18.303049279},"result":"Santa Inés Ahuatempan, Puebla, Mexico"}