{"bounds":{"maxX":-97.298395963,"maxY":18.9037187980001,"minX":-97.445555073,"minY":18.8105489600001},"result":"Esperanza, Puebla, Mexico"}