{"bounds":{"maxX":-97.697774844,"maxY":18.0686351430001,"minX":-97.828349272,"minY":17.94514895},"result":"San Miguel Ixitlán, Puebla, Mexico"}