{"bounds":{"maxX":-97.733762642,"maxY":20.5141486310001,"minX":-98.013297899,"minY":20.389337992},"result":"Jalpan, Puebla, Mexico"}