{"bounds":{"maxX":-98.3271348819999,"maxY":18.289855668,"minX":-98.462466948,"minY":18.079557702},"result":"Axutla, Puebla, Mexico"}