{"bounds":{"maxX":-97.586028015,"maxY":20.0989117230001,"minX":-97.6281806819999,"minY":20.0508007510001},"result":"Caxhuacan, Puebla, Mexico"}