{"bounds":{"maxX":-96.991407424,"maxY":19.3228044410001,"minX":-97.216178274,"minY":19.162522853},"result":"Quimixtlán, Puebla, Mexico"}