{"bounds":{"maxX":-97.643184474,"maxY":19.9278078150001,"minX":-97.912518755,"minY":19.6952640710001},"result":"Tetela de Ocampo, Puebla, Mexico"}