{"bounds":{"maxX":-97.630552423,"maxY":20.021590481,"minX":-97.738423741,"minY":19.9870812390001},"result":"Zapotitlán de Méndez, Puebla, Mexico"}