{"bounds":{"maxX":-98.44209646,"maxY":19.3495252590001,"minX":-98.64702239,"minY":19.167161976},"result":"San Salvador el Verde, Puebla, Mexico"}