{"bounds":{"maxX":-97.845689217,"maxY":19.8574208590001,"minX":-98.012922208,"minY":19.7025441480001},"result":"Aquixtla, Puebla, Mexico"}