{"bounds":{"maxX":-98.468133183,"maxY":19.2620030480001,"minX":-98.596480602,"minY":19.2045276170001},"result":"San Felipe Teotlalcingo, Puebla, Mexico"}