{"bounds":{"maxX":-98.193300666,"maxY":18.660626146,"minX":-98.378445798,"minY":18.483150546},"result":"Ahuatlán, Puebla, Mexico"}