{"bounds":{"maxX":-97.855801487,"maxY":18.878172986,"minX":-97.9116053499999,"minY":18.8363507340001},"result":"Tlanepantla, Puebla, Mexico"}