{"bounds":{"maxX":-98.248545013,"maxY":18.841891667,"minX":-98.393846552,"minY":18.6822755640001},"result":"San Diego la Meza Tochimiltzingo, Puebla, Mexico"}