{"bounds":{"maxX":-97.61135145,"maxY":19.085571628,"minX":-97.73172178,"minY":18.9710256380001},"result":"General Felipe Ángeles, Puebla, Mexico"}