{"bounds":{"maxX":-98.0170060309999,"maxY":18.648087935,"minX":-98.143402968,"minY":18.5826221720001},"result":"Santa Catarina Tlaltempan, Puebla, Mexico"}