{"bounds":{"maxX":-98.087722215,"maxY":20.1076207420001,"minX":-98.1809271449999,"minY":20.0057469390001},"result":"Ahuazotepec, Puebla, Mexico"}