{"bounds":{"maxX":-97.783352818,"maxY":19.0153799720001,"minX":-97.871542655,"minY":18.920511725},"result":"Los Reyes de Juárez, Puebla, Mexico"}