{"bounds":{"maxX":-97.479069426,"maxY":19.4291927780001,"minX":-97.6655420719999,"minY":19.2262840700001},"result":"Oriental, Puebla, Mexico"}