{"bounds":{"maxX":-97.541640468,"maxY":19.018949037,"minX":-97.7473116849999,"minY":18.880639128},"result":"Quecholac, Puebla, Mexico"}