{"bounds":{"maxX":-96.9259486879999,"maxY":18.5319164540001,"minX":-97.322538733,"minY":18.33808107},"result":"Ajalpan, Puebla, Mexico"}