{"bounds":{"maxX":-97.405361172,"maxY":19.970984392,"minX":-97.4758972499999,"minY":19.859624291},"result":"Yaonáhuac, Puebla, Mexico"}