{"bounds":{"maxX":-96.8465941589999,"maxY":18.381668373,"minX":-97.1004058679999,"minY":18.189791739},"result":"Coyomeapan, Puebla, Mexico"}