{"bounds":{"maxX":-97.9737551919999,"maxY":19.1457936510001,"minX":-98.137104139,"minY":18.9820299350001},"result":"Amozoc, Puebla, Mexico"}