{"bounds":{"maxX":-97.314123003,"maxY":18.386728658,"minX":-97.431308985,"minY":18.237031856},"result":"San Gabriel Chilac, Puebla, Mexico"}