{"bounds":{"maxX":-97.3155101999999,"maxY":20.2498816130001,"minX":-97.4873507,"minY":20.139144952},"result":"Tenampulco, Puebla, Mexico"}