{"bounds":{"maxX":-97.8415732449999,"maxY":18.618250564,"minX":-98.050124481,"minY":18.3300444380001},"result":"Tepexi de Rodríguez, Puebla, Mexico"}