{"bounds":{"maxX":-97.368803596,"maxY":18.965412703,"minX":-97.6763006899999,"minY":18.7096537800001},"result":"Palmar de Bravo, Puebla, Mexico"}