{"bounds":{"maxX":-97.520098259,"maxY":19.963220262,"minX":-97.64477937,"minY":19.718974443},"result":"Zacapoaxtla, Puebla, Mexico"}