{"bounds":{"maxX":-97.301848068,"maxY":19.8769586720001,"minX":-97.428964864,"minY":19.615343012},"result":"Xiutetelco, Puebla, Mexico"}