{"bounds":{"maxX":-98.412300618,"maxY":19.082226921,"minX":-98.48042412,"minY":19.033977189},"result":"Nealtican, Puebla, Mexico"}