{"bounds":{"maxX":-97.2165764539999,"maxY":18.5544595980001,"minX":-97.3239985549999,"minY":18.4354909520001},"result":"San Antonio Cañada, Puebla, Mexico"}