{"bounds":{"maxX":-97.3911169099999,"maxY":20.0411966360001,"minX":-97.6004933249999,"minY":19.636536993},"result":"Tlatlauquitepec, Puebla, Mexico"}