{"bounds":{"maxX":-97.892413464,"maxY":20.1451183560001,"minX":-98.023384304,"minY":20.027474139},"result":"Chiconcuautla, Puebla, Mexico"}