{"bounds":{"maxX":-97.8762426219999,"maxY":20.4668112310001,"minX":-98.115646392,"minY":20.2943563270001},"result":"Tlacuilotepec, Puebla, Mexico"}