{"bounds":{"maxX":-97.746079396,"maxY":18.957791661,"minX":-97.801919952,"minY":18.8877923320001},"result":"San Salvador Huixcolotla, Puebla, Mexico"}