{"bounds":{"maxX":-97.8720386159999,"maxY":18.921911757,"minX":-97.911852622,"minY":18.886872709},"result":"Mixtla, Puebla, Mexico"}