{"bounds":{"maxX":-98.258936552,"maxY":19.1740967150001,"minX":-98.323498601,"minY":19.0983416940001},"result":"Coronango, Puebla, Mexico"}