{"bounds":{"maxX":-97.341739021,"maxY":18.6084093260001,"minX":-97.4926125389999,"minY":18.492414855},"result":"Santiago Miahuatlán, Puebla, Mexico"}