{"bounds":{"maxX":-98.376248371,"maxY":18.804573803,"minX":-98.503514981,"minY":18.6531060730001},"result":"Tepeojuma, Puebla, Mexico"}