{"bounds":{"maxX":-98.249414251,"maxY":19.0684976640001,"minX":-98.3581921539999,"minY":18.9756538610001},"result":"San Andrés Cholula, Puebla, Mexico"}