{"bounds":{"maxX":-98.076708116,"maxY":18.509129134,"minX":-98.29272186,"minY":18.357457562},"result":"Cuayuca de Andrade, Puebla, Mexico"}