{"bounds":{"maxX":-98.069880081,"maxY":20.3545116280001,"minX":-98.198610157,"minY":20.2201741550001},"result":"Pahuatlán, Puebla, Mexico"}