{"bounds":{"maxX":-97.1224088179999,"maxY":20.1912055510001,"minX":-97.3102783259999,"minY":20.009499352},"result":"Acateno, Puebla, Mexico"}