{"bounds":{"maxX":-97.4209126759999,"maxY":19.3425106350001,"minX":-97.5747399049999,"minY":19.1003784270001},"result":"San Nicolás Buenos Aires, Puebla, Mexico"}