{"bounds":{"maxX":-98.1684905829999,"maxY":18.860409528,"minX":-98.3303834559999,"minY":18.6093567180001},"result":"Teopantlán, Puebla, Mexico"}