{"bounds":{"maxX":-97.8896519149999,"maxY":18.8461933200001,"minX":-97.931436118,"minY":18.7623335820001},"result":"Atoyatempan, Puebla, Mexico"}