{"bounds":{"maxX":-97.960796908,"maxY":19.975306909,"minX":-98.315004346,"minY":19.667475865},"result":"Chignahuapan, Puebla, Mexico"}