{"bounds":{"maxX":-96.6485069999999,"maxY":20.85383,"minX":-98.977111,"minY":17.90996},"result":"Puebla, Mexico"}