{"bounds":{"maxX":-97.564209767,"maxY":19.998526987,"minX":-97.61685556,"minY":19.9253258320001},"result":"Nauzontla, Puebla, Mexico"}