{"bounds":{"maxX":-97.446369207,"maxY":20.1316445190001,"minX":-97.619123256,"minY":19.9834204210001},"result":"Zoquiapan, Puebla, Mexico"}