{"bounds":{"maxX":-97.559064576,"maxY":19.810300624,"minX":-97.783068339,"minY":19.6177471510001},"result":"Zautla, Puebla, Mexico"}