{"bounds":{"maxX":-98.198978601,"maxY":18.2785398070001,"minX":-98.356367483,"minY":18.178395869},"result":"Chinantla, Puebla, Mexico"}