{"bounds":{"maxX":-97.6932160059999,"maxY":20.839959747,"minX":-97.922446601,"minY":20.572926223},"result":"Francisco Z. Mena, Puebla, Mexico"}