{"bounds":{"maxX":-98.3074866439999,"maxY":19.0005309160001,"minX":-98.593563481,"minY":18.8021048590001},"result":"Atlixco, Puebla, Mexico"}