{"bounds":{"maxX":-98.4869560449999,"maxY":19.467848168,"minX":-98.663475885,"minY":19.2344464400001},"result":"Tlahuapan, Puebla, Mexico"}