{"bounds":{"maxX":-97.2666257019999,"maxY":19.084338809,"minX":-97.559743789,"minY":18.87021658},"result":"Chalchicomula de Sesma, Puebla, Mexico"}