{"bounds":{"maxX":-97.7129109379999,"maxY":20.0836650910001,"minX":-97.7461078969999,"minY":20.025436633},"result":"Coatepec, Puebla, Mexico"}