{"bounds":{"maxX":-97.915473623,"maxY":18.914448372,"minX":-98.159777661,"minY":18.71758785},"result":"Tzicatlacoyan, Puebla, Mexico"}