{"bounds":{"maxX":-96.853572142,"maxY":18.493363613,"minX":-97.157398815,"minY":18.2773074410001},"result":"Zoquitlán, Puebla, Mexico"}