{"bounds":{"maxX":-97.241768317,"maxY":19.028268718,"minX":-97.3614814759999,"minY":18.8604847770001},"result":"Atzitzintla, Puebla, Mexico"}