{"bounds":{"maxX":-97.138168379,"maxY":19.3358437840001,"minX":-97.276811932,"minY":19.175956867},"result":"Chilchotla, Puebla, Mexico"}