{"bounds":{"maxX":-97.74958709,"maxY":19.9755476980001,"minX":-97.832795988,"minY":19.8615219270001},"result":"Cuautempan, Puebla, Mexico"}