{"bounds":{"maxX":-97.3468930069999,"maxY":19.699013135,"minX":-97.614219464,"minY":19.3384640990001},"result":"Tepeyahualco, Puebla, Mexico"}