{"bounds":{"maxX":-97.6559891799999,"maxY":19.210200629,"minX":-97.746898575,"minY":19.0807112310001},"result":"Mazapiltepec de Juárez, Puebla, Mexico"}