{"bounds":{"maxX":-97.194589066,"maxY":19.266676757,"minX":-97.483830355,"minY":19.0303132060001},"result":"Tlachichuca, Puebla, Mexico"}