{"bounds":{"maxX":-97.6820512909999,"maxY":19.185501607,"minX":-97.811918858,"minY":19.060303956},"result":"Soltepec, Puebla, Mexico"}