{"bounds":{"maxX":-98.454920315,"maxY":19.394402988,"minX":-98.5488379879999,"minY":19.307073157},"result":"San Matías Tlalancaleca, Puebla, Mexico"}