{"bounds":{"maxX":-98.685790791,"maxY":18.326044478,"minX":-98.884785671,"minY":18.092318569},"result":"Cohetzala, Puebla, Mexico"}