{"bounds":{"maxX":-97.896226352,"maxY":18.341214537,"minX":-98.002630466,"minY":18.210677536},"result":"Xayacatlán de Bravo, Puebla, Mexico"}