{"bounds":{"maxX":-97.954047775,"maxY":19.230938382,"minX":-98.037640793,"minY":19.060442149},"result":"Tepatlaxco de Hidalgo, Puebla, Mexico"}