{"bounds":{"maxX":-97.966940522,"maxY":18.1401360570001,"minX":-98.1115344039999,"minY":17.9644416410001},"result":"San Pedro Yeloixtlahuaca, Puebla, Mexico"}