{"bounds":{"maxX":-97.5786513529999,"maxY":20.172134214,"minX":-97.661236701,"minY":20.0235334990001},"result":"Huehuetla, Puebla, Mexico"}