{"bounds":{"maxX":-98.5517613869999,"maxY":18.12323192,"minX":-98.870710876,"minY":17.93316105},"result":"Ixcamilpa de Guerrero, Puebla, Mexico"}