{"bounds":{"maxX":-97.775068255,"maxY":18.381232816,"minX":-97.910874711,"minY":18.1852489450001},"result":"Totoltepec de Guerrero, Puebla, Mexico"}