{"bounds":{"maxX":-97.7069275169999,"maxY":20.0018445110001,"minX":-97.829984127,"minY":19.939475869},"result":"Zongozotla, Puebla, Mexico"}