{"bounds":{"maxX":-98.0042438579999,"maxY":18.6694509050001,"minX":-98.113206325,"minY":18.625808982},"result":"Chigmecatitlán, Puebla, Mexico"}