{"bounds":{"maxX":-98.517668982,"maxY":18.5676609240001,"minX":-98.563488546,"minY":18.5263321510001},"result":"Atzala, Puebla, Mexico"}