{"bounds":{"maxX":-98.136449387,"maxY":18.486840993,"minX":-98.442629481,"minY":18.25072092},"result":"Tehuitzingo, Puebla, Mexico"}