{"bounds":{"maxX":-96.985560101,"maxY":19.28578736,"minX":-97.147496715,"minY":19.128028935},"result":"Chichiquila, Puebla, Mexico"}