{"bounds":{"maxX":-97.6754934959999,"maxY":19.1126613640001,"minX":-97.827816947,"minY":18.9475192},"result":"Acatzingo, Puebla, Mexico"}