{"bounds":{"maxX":-98.502436029,"maxY":18.888642942,"minX":-98.7011970519999,"minY":18.7378712980001},"result":"Atzitzihuacán, Puebla, Mexico"}