{"bounds":{"maxX":-97.7811964749999,"maxY":19.990288542,"minX":-97.919273547,"minY":19.8945443310001},"result":"Tepetzintla, Puebla, Mexico"}