{"bounds":{"maxX":-98.336754924,"maxY":18.6676138020001,"minX":-98.4159474849999,"minY":18.562884636},"result":"Epatlán, Puebla, Mexico"}