{"bounds":{"maxX":-98.268546694,"maxY":19.007945944,"minX":-98.37090031,"minY":18.852120875},"result":"Ocoyucan, Puebla, Mexico"}