{"bounds":{"maxX":-97.397287423,"maxY":19.853508689,"minX":-97.472017964,"minY":19.7501329890001},"result":"Atempan, Puebla, Mexico"}