{"bounds":{"maxX":-97.473996735,"maxY":19.112249858,"minX":-97.620016122,"minY":18.9825692220001},"result":"San Juan Atenco, Puebla, Mexico"}