{"bounds":{"maxX":-97.7252304149999,"maxY":20.062475051,"minX":-97.773694372,"minY":20.0066449130001},"result":"Camocuautla, Puebla, Mexico"}