{"bounds":{"maxX":-97.9408571879999,"maxY":19.0283766630001,"minX":-98.138483806,"minY":18.897859714},"result":"Cuautinchán, Puebla, Mexico"}