{"bounds":{"maxX":-97.790278136,"maxY":19.2729896390001,"minX":-97.838361676,"minY":19.2219883710001},"result":"Rafael Lara Grajales, Puebla, Mexico"}