{"bounds":{"maxX":-98.3456441179999,"maxY":19.0861697010001,"minX":-98.425952378,"minY":18.991545473},"result":"San Jerónimo Tecuanipan, Puebla, Mexico"}