{"bounds":{"maxX":-97.585208209,"maxY":18.4753294340001,"minX":-97.791883346,"minY":18.2757639490001},"result":"Atexcal, Puebla, Mexico"}