{"bounds":{"maxX":-97.929846678,"maxY":18.369093392,"minX":-98.300941046,"minY":17.878442637},"result":"Acatlán, Puebla, Mexico"}