{"bounds":{"maxX":-98.153275438,"maxY":18.297899988,"minX":-98.246638214,"minY":18.1663411060001},"result":"Ahuehuetitla, Puebla, Mexico"}