{"bounds":{"maxX":-97.8916714059999,"maxY":18.989603206,"minX":-98.07480932,"minY":18.806971704},"result":"Tecali de Herrera, Puebla, Mexico"}