{"bounds":{"maxX":-97.2035851319999,"maxY":20.200574675,"minX":-97.382428875,"minY":19.867971998},"result":"Hueytamalco, Puebla, Mexico"}