{"bounds":{"maxX":-96.724683034,"maxY":18.5176574500001,"minX":-96.911998155,"minY":18.236507956},"result":"San Sebastián Tlacotepec, Puebla, Mexico"}