{"bounds":{"maxX":-97.471807341,"maxY":20.165444488,"minX":-97.59379668,"minY":20.0401764810001},"result":"Tuzamapan de Galeana, Puebla, Mexico"}