{"bounds":{"maxX":-98.06573636,"maxY":18.844886269,"minX":-98.240999346,"minY":18.670345017},"result":"Huehuetlán el Grande, Puebla, Mexico"}