{"bounds":{"maxX":-98.480670047,"maxY":18.0541957200001,"minX":-98.628173252,"minY":17.971083294},"result":"Albino Zertuche, Puebla, Mexico"}