{"bounds":{"maxX":-97.742508543,"maxY":20.086722136,"minX":-97.846259244,"minY":20.025155431},"result":"Amixtlán, Puebla, Mexico"}