{"bounds":{"maxX":-98.487290802,"maxY":18.189175429,"minX":-98.7153942319999,"minY":18.0359574340001},"result":"Xicotlán, Puebla, Mexico"}