{"bounds":{"maxX":-97.08106959,"maxY":18.6437458400001,"minX":-97.29350849,"minY":18.4275385830001},"result":"Vicente Guerrero, Puebla, Mexico"}