{"bounds":{"maxX":-98.761195277,"maxY":18.431310404,"minX":-99.070494275,"minY":18.167032271},"result":"Jolalpan, Puebla, Mexico"}