{"bounds":{"maxX":-97.2046762209999,"maxY":19.3873438150001,"minX":-97.379403071,"minY":19.1815917210001},"result":"Lafragua, Puebla, Mexico"}