{"bounds":{"maxX":-97.8353901999999,"maxY":19.1958304990001,"minX":-98.016890145,"minY":19.0045967930001},"result":"Acajete, Puebla, Mexico"}