{"bounds":{"maxX":-98.40501087,"maxY":19.066014685,"minX":-98.581907577,"minY":18.9344466910001},"result":"Tianguismanalco, Puebla, Mexico"}