{"bounds":{"maxX":-97.771351888,"maxY":18.907658509,"minX":-97.884594882,"minY":18.7303598080001},"result":"Tochtepec, Puebla, Mexico"}