{"bounds":{"maxX":-98.372886313,"maxY":18.86131987,"minX":-98.6776753939999,"minY":18.6522699510001},"result":"Huaquechula, Puebla, Mexico"}