{"bounds":{"maxX":-97.6424999019999,"maxY":18.9578902380001,"minX":-97.8037225689999,"minY":18.7686719540001},"result":"Tecamachalco, Puebla, Mexico"}