{"bounds":{"maxX":-98.308274685,"maxY":19.144980925,"minX":-98.382611378,"minY":19.098053841},"result":"Juan C. Bonilla, Puebla, Mexico"}