{"bounds":{"maxX":-98.6478735699999,"maxY":18.4575321780001,"minX":-98.797342057,"minY":18.260279326},"result":"Huehuetlán el Chico, Puebla, Mexico"}