{"bounds":{"maxX":-97.621065325,"maxY":20.1832270150001,"minX":-97.728925822,"minY":20.045094681},"result":"Olintla, Puebla, Mexico"}