{"bounds":{"maxX":-97.8112136409999,"maxY":18.0259578610001,"minX":-97.948849142,"minY":17.908532345},"result":"Chila, Puebla, Mexico"}