{"bounds":{"maxX":-97.748499507,"maxY":20.434075959,"minX":-98.044686644,"minY":20.2291903010001},"result":"Xicotepec, Puebla, Mexico"}