{"bounds":{"maxX":-98.050260779,"maxY":20.305549829,"minX":-98.155244731,"minY":20.1703378400001},"result":"Naupan, Puebla, Mexico"}