{"bounds":{"maxX":-98.754017472,"maxY":18.5238855540001,"minX":-98.9392059309999,"minY":18.374922542},"result":"Teotlalco, Puebla, Mexico"}