{"bounds":{"maxX":-97.315300728,"maxY":19.979545709,"minX":-97.406932496,"minY":19.7682529310001},"result":"Teziutlán, Puebla, Mexico"}