{"bounds":{"maxX":-97.811940997,"maxY":20.0920174400001,"minX":-97.918553141,"minY":19.9648660230001},"result":"Ahuacatlán, Puebla, Mexico"}