{"bounds":{"maxX":-98.523655365,"maxY":18.621562662,"minX":-98.716768993,"minY":18.3980297050001},"result":"Chietla, Puebla, Mexico"}