{"bounds":{"maxX":-97.7081912849999,"maxY":18.7850206850001,"minX":-97.8578231659999,"minY":18.603906518},"result":"Xochitlán Todos Santos, Puebla, Mexico"}