{"bounds":{"maxX":-97.620035695,"maxY":19.6028635110001,"minX":-97.731623607,"minY":19.498651484},"result":"Ocotepec, Puebla, Mexico"}