{"bounds":{"maxX":-98.686258245,"maxY":18.84692719,"minX":-98.75349392,"minY":18.669359747},"result":"Cohuecan, Puebla, Mexico"}