{"bounds":{"maxX":-98.438817667,"maxY":19.239439716,"minX":-98.600321659,"minY":19.1587232950001},"result":"Chiautzingo, Puebla, Mexico"}