{"bounds":{"maxX":-97.4571459489999,"maxY":20.1522842200001,"minX":-97.59353497,"minY":20.014921771},"result":"Jonotla, Puebla, Mexico"}