{"bounds":{"maxX":-97.5410433329999,"maxY":20.601763324,"minX":-97.82505321,"minY":20.408016423},"result":"Venustiano Carranza, Puebla, Mexico"}