{"bounds":{"maxX":-98.336291428,"maxY":18.6744157470001,"minX":-98.372598166,"minY":18.6411063090001},"result":"San Martín Totoltepec, Puebla, Mexico"}