{"bounds":{"maxX":-97.746898575,"maxY":19.287975687,"minX":-97.915065473,"minY":19.098373273},"result":"Nopalucan, Puebla, Mexico"}