{"bounds":{"maxX":-98.2877490559999,"maxY":18.68354226,"minX":-98.5653799629999,"minY":18.3294306710001},"result":"Izúcar de Matamoros, Puebla, Mexico"}