{"bounds":{"maxX":-98.452243432,"maxY":19.153803609,"minX":-98.640657063,"minY":19.0208129100001},"result":"San Nicolás de los Ranchos, Puebla, Mexico"}