{"bounds":{"maxX":-97.7867498479999,"maxY":18.766579161,"minX":-97.948961345,"minY":18.580725822},"result":"Molcaxac, Puebla, Mexico"}