{"bounds":{"maxX":-97.258521112,"maxY":18.4038524430001,"minX":-97.340499902,"minY":18.3120745890001},"result":"Altepexi, Puebla, Mexico"}