{"bounds":{"maxX":-97.954660901,"maxY":20.301419884,"minX":-98.140016445,"minY":20.0549627610001},"result":"Huauchinango, Puebla, Mexico"}