{"bounds":{"maxX":-98.3914812419999,"maxY":19.1443987070001,"minX":-98.5762550759999,"minY":19.0624853140001},"result":"Calpan, Puebla, Mexico"}