{"bounds":{"maxX":-97.800899413,"maxY":19.128587811,"minX":-97.972472199,"minY":18.907259579},"result":"Tepeaca, Puebla, Mexico"}