{"bounds":{"maxX":-98.020232057,"maxY":19.230938382,"minX":-98.294124176,"minY":18.8367795080001},"result":"Puebla, Puebla, Mexico"}