{"bounds":{"maxX":-97.838953223,"maxY":18.912726283,"minX":-97.895011671,"minY":18.8647615520001},"result":"Santo Tomás Hueyotlipan, Puebla, Mexico"}