{"bounds":{"maxX":-97.369504561,"maxY":19.873347876,"minX":-97.503380373,"minY":19.6408651830001},"result":"Chignautla, Puebla, Mexico"}