{"bounds":{"maxX":-97.959565234,"maxY":18.7705428100001,"minX":-98.085844035,"minY":18.7195485610001},"result":"San Juan Atzompa, Puebla, Mexico"}