{"bounds":{"maxX":-97.4513074659999,"maxY":19.152325025,"minX":-97.572511347,"minY":19.0589377810001},"result":"Aljojuca, Puebla, Mexico"}