{"bounds":{"maxX":-97.600452622,"maxY":19.9949653240001,"minX":-97.733440634,"minY":19.873727214},"result":"Xochitlán de Vicente Suárez, Puebla, Mexico"}