{"bounds":{"maxX":-97.61622526,"maxY":18.6216451330001,"minX":-97.852163194,"minY":18.4604398710001},"result":"Juan N. Méndez, Puebla, Mexico"}