{"bounds":{"maxX":-97.69207639,"maxY":19.741400212,"minX":-98.0422120219999,"minY":19.454345936},"result":"Ixtacamaxtitlán, Puebla, Mexico"}