{"bounds":{"maxX":-96.841776979,"maxY":18.5538990040001,"minX":-96.996240491,"minY":18.451413873},"result":"Eloxochitlán, Puebla, Mexico"}