{"bounds":{"maxX":-98.287875603,"maxY":19.1903988220001,"minX":-98.323792693,"minY":19.154374423},"result":"San Miguel Xoxtla, Puebla, Mexico"}