{"bounds":{"maxX":-98.344402805,"maxY":19.012316533,"minX":-98.4156853599999,"minY":18.924472044},"result":"Santa Isabel Cholula, Puebla, Mexico"}