{"bounds":{"maxX":-97.412999837,"maxY":20.104884901,"minX":-97.580117875,"minY":19.949777225},"result":"Cuetzalan, Puebla, Mexico"}