{"bounds":{"maxX":-97.786156074,"maxY":20.1907413320001,"minX":-97.892701,"minY":20.0828101010001},"result":"Tlapacoya, Puebla, Mexico"}