{"bounds":{"maxX":-97.207756387,"maxY":18.6076771100001,"minX":-97.6379845449999,"minY":18.323882907},"result":"Tehuacán, Puebla, Mexico"}