{"bounds":{"maxX":-97.785844356,"maxY":18.962584985,"minX":-97.856897394,"minY":18.893453132},"result":"Cuapiaxtla de Madero, Puebla, Mexico"}