{"bounds":{"maxX":-97.839462256,"maxY":18.2885221120001,"minX":-97.9984890859999,"minY":18.1220623240001},"result":"San Jerónimo Xayacatlán, Puebla, Mexico"}