{"bounds":{"maxX":-98.3819136019999,"maxY":18.4623362520001,"minX":-98.8069381459999,"minY":18.1064577600001},"result":"Chiautla, Puebla, Mexico"}