{"bounds":{"maxX":-97.828389111,"maxY":20.2399886960001,"minX":-97.997691714,"minY":20.0869810940001},"result":"Tlaola, Puebla, Mexico"}