{"bounds":{"maxX":-100.328824313,"maxY":20.928446062,"minX":-100.596535714,"minY":20.5235294120001},"result":"Querétaro, Querétaro, Mexico"}