{"bounds":{"maxX":-99.927527207,"maxY":20.938665073,"minX":-100.271567594,"minY":20.5619786340001},"result":"Colón, Querétaro, Mexico"}