{"bounds":{"maxX":-99.429192701,"maxY":21.358113406,"minX":-99.715848496,"minY":20.9748930260001},"result":"Pinal de Amoles, Querétaro, Mexico"}