{"bounds":{"maxX":-99.042267,"maxY":21.5859,"minX":-100.58413,"minY":20.04244},"result":"Querétaro, Mexico"}