{"bounds":{"maxX":-100.154913148,"maxY":20.9709988390001,"minX":-100.407239439,"minY":20.5009339480001},"result":"El Marqués, Querétaro, Mexico"}