{"bounds":{"maxX":-99.1223966219999,"maxY":21.670005427,"minX":-99.549501563,"minY":21.098220891},"result":"Jalpan de Serra, Querétaro, Mexico"}