{"bounds":{"maxX":-99.411164431,"maxY":21.578363288,"minX":-99.794522011,"minY":21.286070432},"result":"Arroyo Seco, Querétaro, Mexico"}