{"bounds":{"maxX":-99.3839183059999,"maxY":21.0185702040001,"minX":-99.881728159,"minY":20.563900722},"result":"Cadereyta de Montes, Querétaro, Mexico"}