{"bounds":{"maxX":-99.835442391,"maxY":20.5473880320001,"minX":-100.196026081,"minY":20.2067147290001},"result":"Tlacolula, Querétaro, Mexico"}