{"bounds":{"maxX":-99.656835163,"maxY":21.2358963020001,"minX":-100.02754307,"minY":20.944300239},"result":"Peñamiller, Querétaro, Mexico"}