{"bounds":{"maxX":-100.040958811,"maxY":20.579253995,"minX":-100.298647164,"minY":20.358491799},"result":"Pedro Escobedo, Querétaro, Mexico"}