{"bounds":{"maxX":-99.735273483,"maxY":20.767151289,"minX":-99.991571839,"minY":20.53860625},"result":"Ezequiel Montes, Querétaro, Mexico"}