{"bounds":{"maxX":-99.7890868,"maxY":21.072177589,"minX":-100.092341067,"minY":20.753148373},"result":"Tolimán, Querétaro, Mexico"}