{"bounds":{"maxX":-99.3632459089999,"maxY":21.1164041210001,"minX":-99.685835579,"minY":20.8819079090001},"result":"San Joaquín, Querétaro, Mexico"}