{"bounds":{"maxX":-99.921757784,"maxY":20.3594008310001,"minX":-100.309576278,"minY":20.015018287},"result":"Amealco de Bonfil, Querétaro, Mexico"}