{"bounds":{"maxX":-99.828124239,"maxY":20.6529292000001,"minX":-100.084962287,"minY":20.4315847290001},"result":"Tequisquiapan, Querétaro, Mexico"}