{"bounds":{"maxX":-100.36781471,"maxY":20.5947790110001,"minX":-100.509755583,"minY":20.3608226490001},"result":"Corregidora, Querétaro, Mexico"}