{"bounds":{"maxX":-99.0430798529999,"maxY":21.462831511,"minX":-99.369394953,"minY":21.101265685},"result":"Landa de Matamoros, Querétaro, Mexico"}