{"bounds":{"maxX":-100.18335849,"maxY":20.553247932,"minX":-100.403279381,"minY":20.285469387},"result":"Huimilpan, Querétaro, Mexico"}