{"bounds":{"maxX":-86.915328721,"maxY":20.812063708,"minX":-87.962742041,"minY":20.3568648090001},"result":"Solidaridad, Quintana Roo, Mexico"}