{"bounds":{"maxX":-86.723952899,"maxY":20.597710561,"minX":-87.36342885,"minY":20.2719730920001},"result":"Cozumel, Quintana Roo, Mexico"}