{"bounds":{"maxX":-88.3914218739999,"maxY":20.1900779580001,"minX":-89.296561814,"minY":19.230160794},"result":"José María Morelos, Quintana Roo, Mexico"}