{"bounds":{"maxX":-87.303149186,"maxY":20.5160898660001,"minX":-87.9950654419999,"minY":19.7773922590001},"result":"Tulum, Quintana Roo, Mexico"}