{"bounds":{"maxX":-87.302151274,"maxY":19.291139431,"minX":-89.2074142769999,"minY":17.893985554},"result":"Othón P. Blanco, Quintana Roo, Mexico"}