{"bounds":{"maxX":-87.41031485,"maxY":20.424067704,"minX":-88.717608546,"minY":19.05180427},"result":"Felipe Carrillo Puerto, Quintana Roo, Mexico"}