{"bounds":{"maxX":-86.710137,"maxY":21.60486,"minX":-89.415337,"minY":17.86726},"result":"Quintana Roo, Mexico"}