{"bounds":{"maxX":-86.710742899,"maxY":21.605252684,"minX":-87.2231086899999,"minY":21.2018385490001},"result":"Isla Mujeres, Quintana Roo, Mexico"}