{"bounds":{"maxX":-87.099735628,"maxY":21.5967622480001,"minX":-87.744259472,"minY":20.5928096230001},"result":"Lázaro Cárdenas, Quintana Roo, Mexico"}