{"bounds":{"maxX":-86.740540202,"maxY":21.231770747,"minX":-87.3233508339999,"minY":20.7284479470001},"result":"Benito Juárez, Quintana Roo, Mexico"}