{"bounds":{"maxX":-110.330897209,"maxY":29.9332946500001,"minX":-110.733024453,"minY":29.566620191},"result":"Rayón, Sonora, Mexico"}