{"bounds":{"maxX":-110.32180603,"maxY":31.333372099,"minX":-110.782839624,"minY":30.977629225},"result":"Santa Cruz, Sonora, Mexico"}