{"bounds":{"maxX":-110.053033972,"maxY":28.6311993090001,"minX":-111.391545313,"minY":27.5165096160001},"result":"Guaymas, Sonora, Mexico"}