{"bounds":{"maxX":-108.86914021,"maxY":27.88608585,"minX":-109.81383643,"minY":27.2967929000001},"result":"Quiriego, Sonora, Mexico"}