{"bounds":{"maxX":-100.274574798,"maxY":21.768280744,"minX":-100.64101161,"minY":21.522306428},"result":"Tierra Nueva, San Luis Potosí, Mexico"}