{"bounds":{"maxX":-109.498542802,"maxY":27.239939829,"minX":-109.946930002,"minY":26.8480138620001},"result":"Etchojoa, Sonora, Mexico"}