{"bounds":{"maxX":-107.512006324,"maxY":25.812295695,"minX":-108.048760609,"minY":24.916029775},"result":"Mocorito, Sinaloa, Mexico"}