{"bounds":{"maxX":-105.397263,"maxY":27.040701,"minX":-109.447914,"minY":22.472085},"result":"Sinaloa, Mexico"}