{"bounds":{"maxX":-98.866387974,"maxY":21.5028094690001,"minX":-99.1378295919999,"minY":21.27943301},"result":"Xilitla, San Luis Potosí, Mexico"}