{"bounds":{"maxX":-100.513127315,"maxY":24.1831564660001,"minX":-100.837265617,"minY":23.6972559120001},"result":"Cedral, San Luis Potosí, Mexico"}