{"bounds":{"maxX":-98.96051601,"maxY":22.0147338470001,"minX":-99.255892728,"minY":21.4817678860001},"result":"Aquismón, San Luis Potosí, Mexico"}