{"bounds":{"maxX":-108.838783409,"maxY":30.0535404840001,"minX":-109.25807207,"minY":29.5142295520001},"result":"Bacadéhuachi, Sonora, Mexico"}