{"bounds":{"maxX":-105.92479881,"maxY":23.891156967,"minX":-106.618365853,"minY":23.068443207},"result":"Mazatlán, Sinaloa, Mexico"}