{"bounds":{"maxX":-109.520282689,"maxY":30.3201252740001,"minX":-110.106856539,"minY":29.809540817},"result":"Cumpas, Sonora, Mexico"}