{"bounds":{"maxX":-109.728016554,"maxY":27.2261773810001,"minX":-109.973441238,"minY":26.969886731},"result":"Benito Juárez, Sonora, Mexico"}