{"bounds":{"maxX":-107.895093802,"maxY":25.4505327310001,"minX":-108.379016282,"minY":24.8023730620001},"result":"Angostura, Sinaloa, Mexico"}