{"bounds":{"maxX":-100.498598321,"maxY":22.194268392,"minX":-100.837068062,"minY":21.88372996},"result":"Zaragoza, San Luis Potosí, Mexico"}