{"bounds":{"maxX":-110.000353443,"maxY":30.0363052870001,"minX":-110.48393442,"minY":29.8424018380001},"result":"Huépac, Sonora, Mexico"}