{"bounds":{"maxX":-98.826804268,"maxY":21.5627990300001,"minX":-98.968445445,"minY":21.4666591540001},"result":"Coxcatlán, San Luis Potosí, Mexico"}