{"bounds":{"maxX":-99.967357592,"maxY":22.595593658,"minX":-100.569522386,"minY":22.242409061},"result":"Cerritos, San Luis Potosí, Mexico"}