{"bounds":{"maxX":-109.74020426,"maxY":30.898878328,"minX":-110.243897608,"minY":30.4621215220001},"result":"Bacoachi, Sonora, Mexico"}