{"bounds":{"maxX":-98.817282581,"maxY":22.415286247,"minX":-99.337297091,"minY":21.7417016370001},"result":"Ciudad Valles, San Luis Potosí, Mexico"}