{"bounds":{"maxX":-99.974074741,"maxY":22.465234891,"minX":-100.352582137,"minY":22.1254668130001},"result":"Villa Juárez, San Luis Potosí, Mexico"}