{"bounds":{"maxX":-105.434625534,"maxY":22.9624661720001,"minX":-105.99795244,"minY":22.4723339650001},"result":"Escuinapa, Sinaloa, Mexico"}