{"bounds":{"maxX":-105.700288748,"maxY":23.766526594,"minX":-106.242900508,"minY":23.0759750330001},"result":"Concordia, Sinaloa, Mexico"}