{"bounds":{"maxX":-110.568273713,"maxY":29.6746826410001,"minX":-111.073708401,"minY":29.2751425750001},"result":"San Miguel de Horcasitas, Sonora, Mexico"}