{"bounds":{"maxX":-110.413435155,"maxY":31.0988304270001,"minX":-111.086727157,"minY":30.5745346190001},"result":"Imuris, Sonora, Mexico"}