{"bounds":{"maxX":-106.604706884,"maxY":24.2871632970001,"minX":-107.165387946,"minY":23.774371934},"result":"Elota, Sinaloa, Mexico"}