{"bounds":{"maxX":-99.206085881,"maxY":22.7484979600001,"minX":-99.5443273769999,"minY":22.1464614820001},"result":"El Naranjo, San Luis Potosí, Mexico"}