{"bounds":{"maxX":-109.333954209,"maxY":29.6555839750001,"minX":-109.736626739,"minY":29.3154663230001},"result":"Tepache, Sonora, Mexico"}