{"bounds":{"maxX":-108.606922092,"maxY":30.3445473310001,"minX":-109.189176504,"minY":29.9439639610001},"result":"Huachinera, Sonora, Mexico"}