{"bounds":{"maxX":-109.22531867,"maxY":29.726221966,"minX":-109.523889498,"minY":29.5232108650001},"result":"Divisaderos, Sonora, Mexico"}