{"bounds":{"maxX":-109.322920715,"maxY":31.1320255140001,"minX":-110.033858094,"minY":30.523101298},"result":"Fronteras, Sonora, Mexico"}