{"bounds":{"maxX":-108.757881207,"maxY":26.402468153,"minX":-109.447692602,"minY":25.4468719330001},"result":"Ahome, Sinaloa, Mexico"}