{"bounds":{"maxX":-99.233898343,"maxY":21.7314273920001,"minX":-99.5565964259999,"minY":21.4185228110001},"result":"Santa Catarina, San Luis Potosí, Mexico"}