{"bounds":{"maxX":-100.818146834,"maxY":22.897951989,"minX":-101.508109981,"minY":22.5167069500001},"result":"Moctezuma, San Luis Potosí, Mexico"}