{"bounds":{"maxX":-100.822646191,"maxY":23.5848600050001,"minX":-101.446747768,"minY":22.957086642},"result":"Charcas, San Luis Potosí, Mexico"}