{"bounds":{"maxX":-98.880847999,"maxY":21.729610129,"minX":-99.0195777,"minY":21.5514920210001},"result":"Tancanhuitz, San Luis Potosí, Mexico"}