{"bounds":{"maxX":-109.194915198,"maxY":29.8741150230001,"minX":-109.432889233,"minY":29.6282201080001},"result":"Granados, Sonora, Mexico"}