{"bounds":{"maxX":-108.542199016,"maxY":30.468151645,"minX":-109.226018568,"minY":30.0395097480001},"result":"Bacerac, Sonora, Mexico"}