{"bounds":{"maxX":-100.449344788,"maxY":22.4367205830001,"minX":-100.843205387,"minY":22.085364172},"result":"Armadillo de los Infante, San Luis Potosí, Mexico"}