{"bounds":{"maxX":-108.683807441,"maxY":31.3342514600001,"minX":-109.746521302,"minY":30.708825931},"result":"Agua Prieta, Sonora, Mexico"}