{"bounds":{"maxX":-100.445839493,"maxY":23.026148477,"minX":-100.935676482,"minY":22.3381781960001},"result":"Villa Alta, San Luis Potosí, Mexico"}