{"bounds":{"maxX":-98.325967049,"maxY":22.3777569320001,"minX":-98.6841379159999,"minY":21.9595317810001},"result":"Ebano, San Luis Potosí, Mexico"}