{"bounds":{"maxX":-108.424270834,"maxY":27.775679199,"minX":-109.259973027,"minY":26.3901802610001},"result":"Alamos, Sonora, Mexico"}