{"bounds":{"maxX":-110.382132673,"maxY":29.712761352,"minX":-112.613172907,"minY":28.2254349},"result":"Hermosillo, Sonora, Mexico"}