{"bounds":{"maxX":-110.40507759,"maxY":30.253464373,"minX":-111.217915174,"minY":29.818581017},"result":"Opodepe, Sonora, Mexico"}