{"bounds":{"maxX":-111.41906683,"maxY":30.963881723,"minX":-111.650979544,"minY":30.6944917710001},"result":"Atil, Sonora, Mexico"}