{"bounds":{"maxX":-107.955460319,"maxY":27.0423059890001,"minX":-108.663640514,"minY":26.283818755},"result":"Choix, Sinaloa, Mexico"}