{"bounds":{"maxX":-110.217468047,"maxY":29.9210716480001,"minX":-110.437895886,"minY":29.819396995},"result":"San Felipe de Jesús, Sonora, Mexico"}