{"bounds":{"maxX":-109.534169669,"maxY":28.407016196,"minX":-110.151612902,"minY":27.0182971450001},"result":"Cajeme, Sonora, Mexico"}