{"bounds":{"maxX":-111.098004767,"maxY":31.256929293,"minX":-111.706165515,"minY":30.607151346},"result":"Tubutama, Sonora, Mexico"}