{"bounds":{"maxX":-100.742040226,"maxY":22.6606600170001,"minX":-101.168506788,"minY":21.957610345},"result":"San Luis Potosí, San Luis Potosí, Mexico"}