{"bounds":{"maxX":-111.220909443,"maxY":30.615775666,"minX":-111.896789508,"minY":29.966002023},"result":"Trincheras, Sonora, Mexico"}