{"bounds":{"maxX":-106.871156608,"maxY":25.275980584,"minX":-107.809670513,"minY":24.034688455},"result":"Culiacán, Sinaloa, Mexico"}