{"bounds":{"maxX":-99.483672341,"maxY":21.7484777490001,"minX":-99.798656514,"minY":21.4472769430001},"result":"Lagunillas, San Luis Potosí, Mexico"}