{"bounds":{"maxX":-109.861806117,"maxY":31.2574722480001,"minX":-110.54017401,"minY":30.7155162760001},"result":"Cananea, Sonora, Mexico"}