{"bounds":{"maxX":-110.90784302,"maxY":30.4322706190001,"minX":-111.42838373,"minY":29.872070518},"result":"Benjamín Hill, Sonora, Mexico"}