{"bounds":{"maxX":-109.258680848,"maxY":29.5715687200001,"minX":-110.008795253,"minY":28.98353802},"result":"San Pedro de la Cueva, Sonora, Mexico"}