{"bounds":{"maxX":-109.115654232,"maxY":30.127292934,"minX":-109.621498489,"minY":29.8146715730001},"result":"Huásabas, Sonora, Mexico"}