{"bounds":{"maxX":-111.385598059,"maxY":30.90308258,"minX":-112.760736905,"minY":29.291800267},"result":"Pitiquito, Sonora, Mexico"}