{"bounds":{"maxX":-110.404069796,"maxY":30.6789469710001,"minX":-110.839927739,"minY":30.1798457360001},"result":"Cucurpe, Sonora, Mexico"}