{"bounds":{"maxX":-101.446269927,"maxY":23.1583184,"minX":-102.260050972,"minY":22.6504103190001},"result":"Villa de Ramos, San Luis Potosí, Mexico"}