{"bounds":{"maxX":-100.805867784,"maxY":23.918563502,"minX":-101.340354745,"minY":23.3712699440001},"result":"Catorce, San Luis Potosí, Mexico"}