{"bounds":{"maxX":-100.773459393,"maxY":23.0734663260001,"minX":-101.418641232,"minY":22.7687631100001},"result":"Venado, San Luis Potosí, Mexico"}