{"bounds":{"maxX":-109.294882413,"maxY":29.107179531,"minX":-109.883254637,"minY":28.5100819640001},"result":"Soyopa, Sonora, Mexico"}