{"bounds":{"maxX":-113.543451163,"maxY":32.4939131620001,"minX":-115.053022327,"minY":31.4910062060001},"result":"San Luis Río Colorado, Sonora, Mexico"}