{"bounds":{"maxX":-98.6627916369999,"maxY":21.507826772,"minX":-98.830932506,"minY":21.3096175810001},"result":"Tampacán, San Luis Potosí, Mexico"}