{"bounds":{"maxX":-109.064287815,"maxY":27.4307818030001,"minX":-109.825629868,"minY":26.6235248450001},"result":"Navojoa, Sonora, Mexico"}