{"bounds":{"maxX":-108.260514549,"maxY":26.6580028240001,"minX":-109.042583182,"minY":25.816648693},"result":"El Fuerte, Sinaloa, Mexico"}