{"bounds":{"maxX":-111.612457457,"maxY":31.6638616770001,"minX":-112.294985702,"minY":30.525215761},"result":"Altar, Sonora, Mexico"}