{"bounds":{"maxX":-108.178639609,"maxY":25.8308675860001,"minX":-109.026546326,"minY":25.1852950690001},"result":"Guasave, Sinaloa, Mexico"}