{"bounds":{"maxX":-110.137618453,"maxY":27.5193620100001,"minX":-110.606099999,"minY":27.132093851},"result":"San Ignacio Río Muerto, Sonora, Mexico"}