{"bounds":{"maxX":-100.706842711,"maxY":22.260233796,"minX":-100.884315298,"minY":22.141413313},"result":"Cerro de San Pedro, San Luis Potosí, Mexico"}