{"bounds":{"maxX":-98.621228458,"maxY":21.327154878,"minX":-98.942542019,"minY":21.1601538300001},"result":"Tamazunchale, San Luis Potosí, Mexico"}