{"bounds":{"maxX":-108.551625022,"maxY":29.545353635,"minX":-109.484033964,"minY":28.4925989500001},"result":"Sahuaripa, Sonora, Mexico"}