{"bounds":{"maxX":-108.657116503,"maxY":30.888431386,"minX":-109.313013317,"minY":30.404293653},"result":"Bavispe, Sonora, Mexico"}