{"bounds":{"maxX":-99.402489496,"maxY":21.9537353870001,"minX":-99.808220647,"minY":21.6504929760001},"result":"Rayón, San Luis Potosí, Mexico"}