{"bounds":{"maxX":-109.791116724,"maxY":29.483426992,"minX":-110.13003517,"minY":28.7972314780001},"result":"Villa Pesqueira, Sonora, Mexico"}