{"bounds":{"maxX":-98.598816428,"maxY":21.6995359700001,"minX":-98.738546599,"minY":21.5236958780001},"result":"Tanquián de Escobedo, San Luis Potosí, Mexico"}