{"bounds":{"maxX":-110.006078719,"maxY":29.8770797180001,"minX":-110.43139994,"minY":29.6915196420001},"result":"Aconchi, Sonora, Mexico"}