{"bounds":{"maxX":-100.585092903,"maxY":24.491521828,"minX":-101.216746382,"minY":23.782431999},"result":"Vanegas, San Luis Potosí, Mexico"}