{"bounds":{"maxX":-98.454700115,"maxY":21.95990448,"minX":-98.7306555389999,"minY":21.6653760300001},"result":"San Vicente Tancuayalab, San Luis Potosí, Mexico"}