{"bounds":{"maxX":-100.790180206,"maxY":21.995730139,"minX":-101.219794625,"minY":21.6724935190001},"result":"Villa de Reyes, San Luis Potosí, Mexico"}