{"bounds":{"maxX":-110.739110352,"maxY":31.0841854270001,"minX":-111.284056096,"minY":30.4409993850001},"result":"Magdalena, Sonora, Mexico"}