{"bounds":{"maxX":-108.842145341,"maxY":28.9737302250001,"minX":-109.29811838,"minY":28.742371575},"result":"Arivechi, Sonora, Mexico"}