{"bounds":{"maxX":-101.04395284,"maxY":22.1537698770001,"minX":-101.503515271,"minY":21.8099396590001},"result":"Villa de Arriaga, San Luis Potosí, Mexico"}