{"bounds":{"maxX":-100.478925208,"maxY":23.612898301,"minX":-100.918015137,"minY":22.9299743670001},"result":"Villa de Guadalupe, San Luis Potosí, Mexico"}