{"bounds":{"maxX":-109.627263198,"maxY":28.562993912,"minX":-110.111355558,"minY":28.200425866},"result":"Suaqui Grande, Sonora, Mexico"}