{"bounds":{"maxX":-99.414374793,"maxY":22.218362373,"minX":-99.889755334,"minY":21.943910934},"result":"Alaquines, San Luis Potosí, Mexico"}