{"bounds":{"maxX":-108.47970101,"maxY":28.6448841600001,"minX":-109.366947164,"minY":28.1815318600001},"result":"Yécora, Sonora, Mexico"}