{"bounds":{"maxX":-100.287508782,"maxY":22.323279606,"minX":-100.594686131,"minY":21.972464546},"result":"San Nicolás Tolentino, San Luis Potosí, Mexico"}