{"bounds":{"maxX":-110.00610114,"maxY":28.216962955,"minX":-110.315344934,"minY":27.102455419},"result":"Bácum, Sonora, Mexico"}