{"bounds":{"maxX":-107.452876637,"maxY":25.0333364360001,"minX":-108.070695351,"minY":24.4354151680001},"result":"Navolato, Sinaloa, Mexico"}