{"bounds":{"maxX":-106.462863949,"maxY":24.82635119,"minX":-107.055561021,"minY":24.2138826340001},"result":"Cosalá, Sinaloa, Mexico"}