{"bounds":{"maxX":-98.763370451,"maxY":21.3819274430001,"minX":-98.944960752,"minY":21.283391678},"result":"Matlapa, San Luis Potosí, Mexico"}