{"bounds":{"maxX":-101.375900473,"maxY":23.1814428800001,"minX":-101.946065458,"minY":22.465033836},"result":"Salinas, San Luis Potosí, Mexico"}