{"bounds":{"maxX":-109.338759814,"maxY":28.573595364,"minX":-109.660047423,"minY":28.340678644},"result":"Onavas, Sonora, Mexico"}