{"bounds":{"maxX":-105.857587951,"maxY":24.3747552880001,"minX":-106.861886525,"minY":23.4735665480001},"result":"San Ignacio, Sinaloa, Mexico"}