{"bounds":{"maxX":-109.955585174,"maxY":29.7062472760001,"minX":-110.631741373,"minY":29.0086453920001},"result":"Ures, Sonora, Mexico"}