{"bounds":{"maxX":-105.392220003,"maxY":23.368529473,"minX":-106.259230138,"minY":22.810616231},"result":"Rosario, Sinaloa, Mexico"}