{"bounds":{"maxX":-109.662895555,"maxY":31.334132256,"minX":-110.36028896,"minY":31.0406625410001},"result":"Naco, Sonora, Mexico"}