{"bounds":{"maxX":-112.067665996,"maxY":31.7335134730001,"minX":-113.127166961,"minY":30.0602491290001},"result":"Caborca, Sonora, Mexico"}