{"bounds":{"maxX":-98.503352426,"maxY":21.543432232,"minX":-98.743364517,"minY":21.1831402120001},"result":"San Martín Chalchicuautla, San Luis Potosí, Mexico"}