{"bounds":{"maxX":-111.213879988,"maxY":31.517643444,"minX":-111.698075403,"minY":30.968454536},"result":"Sáric, Sonora, Mexico"}