{"bounds":{"maxX":-112.43766201,"maxY":32.114555608,"minX":-114.005985056,"minY":30.9448200320001},"result":"Puerto Peñasco, Sonora, Mexico"}