{"bounds":{"maxX":-109.916984223,"maxY":29.103437039,"minX":-110.433273851,"minY":28.7594344890001},"result":"Mazatán, Sonora, Mexico"}