{"bounds":{"maxX":-100.011252208,"maxY":23.310368403,"minX":-100.625750342,"minY":22.4982934060001},"result":"Guadalcázar, San Luis Potosí, Mexico"}