{"bounds":{"maxX":-109.760050959,"maxY":28.9947306540001,"minX":-110.897188042,"minY":28.454227815},"result":"La Colorada, Sonora, Mexico"}