{"bounds":{"maxX":-109.735991671,"maxY":30.770386978,"minX":-110.50210479,"minY":30.111285948},"result":"Arizpe, Sonora, Mexico"}