{"bounds":{"maxX":-110.515313728,"maxY":28.150622959,"minX":-110.853844295,"minY":27.858170511},"result":"Empalme, Sonora, Mexico"}