{"bounds":{"maxX":-99.741345568,"maxY":22.402159082,"minX":-100.404075973,"minY":21.558057161},"result":"Rioverde, San Luis Potosí, Mexico"}