{"bounds":{"maxX":-108.534964277,"maxY":29.963928631,"minX":-109.18571237,"minY":29.267429814},"result":"Nácori Chico, Sonora, Mexico"}