{"bounds":{"maxX":-98.7295249749999,"maxY":21.6652337790001,"minX":-98.931811376,"minY":21.571996687},"result":"San Antonio, San Luis Potosí, Mexico"}