{"bounds":{"maxX":-100.66071769,"maxY":22.8228719800001,"minX":-100.949578862,"minY":22.505460611},"result":"Villa de Arista, San Luis Potosí, Mexico"}