{"bounds":{"maxX":-100.965342268,"maxY":22.436388193,"minX":-101.370011144,"minY":22.0730157140001},"result":"Mexquitic de Carmona, San Luis Potosí, Mexico"}