{"bounds":{"maxX":-98.332756,"maxY":24.540221,"minX":-102.289832,"minY":21.189939},"result":"San Luis Potosí, Mexico"}