{"bounds":{"maxX":-111.490304221,"maxY":31.064547439,"minX":-111.802329837,"minY":30.522344714},"result":"Oquitoa, Sonora, Mexico"}