{"bounds":{"maxX":-98.780315031,"maxY":21.5114725810001,"minX":-98.956622274,"minY":21.3360244130001},"result":"Axtla de Terrazas, San Luis Potosí, Mexico"}