{"bounds":{"maxX":-108.919455304,"maxY":28.4062454520001,"minX":-109.688900189,"minY":27.6809270890001},"result":"Rosario, Sonora, Mexico"}