{"bounds":{"maxX":-99.705575932,"maxY":21.729315985,"minX":-100.106693621,"minY":21.4481365870001},"result":"San Ciro de Acosta, San Luis Potosí, Mexico"}