{"bounds":{"maxX":-106.965322692,"maxY":26.142859926,"minX":-107.792962642,"minY":25.0669653840001},"result":"Badiraguato, Sinaloa, Mexico"}