{"bounds":{"maxX":-98.9431171579999,"maxY":21.5803969940001,"minX":-99.029837286,"minY":21.45341066},"result":"Huehuetlán, San Luis Potosí, Mexico"}