{"bounds":{"maxX":-108.327598,"maxY":32.496079,"minX":-115.039429,"minY":26.300621},"result":"Sonora, Mexico"}