{"bounds":{"maxX":-101.007208466,"maxY":22.692019541,"minX":-101.435125417,"minY":22.2532758730001},"result":"Ahualulco, San Luis Potosí, Mexico"}