{"bounds":{"maxX":-108.995704989,"maxY":26.913941132,"minX":-109.884841854,"minY":26.302967687},"result":"Huatabampo, Sonora, Mexico"}