{"bounds":{"maxX":-109.120302367,"maxY":30.7373378500001,"minX":-109.795464743,"minY":30.223249332},"result":"Nacozari de García, Sonora, Mexico"}