{"bounds":{"maxX":-107.489940246,"maxY":26.453276585,"minX":-108.76480704,"minY":25.585796497},"result":"Sinaloa, Sinaloa, Mexico"}