{"bounds":{"maxX":-100.162833145,"maxY":21.964547257,"minX":-100.85767824,"minY":21.505789169},"result":"Santa María del Río, San Luis Potosí, Mexico"}