{"bounds":{"maxX":-98.6701272029999,"maxY":21.6440607530001,"minX":-98.89528753,"minY":21.457802321},"result":"Tampamolón Corona, San Luis Potosí, Mexico"}