{"bounds":{"maxX":-98.6661134079999,"maxY":21.850402913,"minX":-98.981970266,"minY":21.6394315380001},"result":"Tanlajás, San Luis Potosí, Mexico"}