{"bounds":{"maxX":-107.868555852,"maxY":25.6136771590001,"minX":-108.307137955,"minY":25.1477333500001},"result":"Salvador Alvarado, Sinaloa, Mexico"}