{"bounds":{"maxX":-109.102471283,"maxY":30.479042905,"minX":-109.580827887,"minY":30.026545243},"result":"Villa Alta, Sonora, Mexico"}