{"bounds":{"maxX":-101.22767047,"maxY":23.797153312,"minX":-102.29603841,"minY":23.027294188},"result":"Santo Domingo, San Luis Potosí, Mexico"}