{"bounds":{"maxX":-98.489711744,"maxY":22.40893284,"minX":-98.91882039,"minY":21.7546681110001},"result":"Tamuín, San Luis Potosí, Mexico"}