{"bounds":{"maxX":-112.310183699,"maxY":32.0708832010001,"minX":-113.510713542,"minY":31.3198371490001},"result":"General Plutarco Elías Calles, Sonora, Mexico"}