{"bounds":{"maxX":-100.445720124,"maxY":23.829261499,"minX":-100.783046479,"minY":23.2140456700001},"result":"Matehuala, San Luis Potosí, Mexico"}