{"bounds":{"maxX":-109.625724038,"maxY":28.764121156,"minX":-109.880147484,"minY":28.458950562},"result":"San Javier, Sonora, Mexico"}