{"bounds":{"maxX":-109.950616244,"maxY":29.7965036730001,"minX":-110.325967117,"minY":29.431856354},"result":"Baviácora, Sonora, Mexico"}