{"bounds":{"maxX":-110.652481201,"maxY":30.030903833,"minX":-111.446057441,"minY":29.4480658040001},"result":"Carbó, Sonora, Mexico"}