{"bounds":{"maxX":-110.651216762,"maxY":31.3766074110001,"minX":-111.356766495,"minY":31.0107756580001},"result":"Nogales, Sonora, Mexico"}