{"bounds":{"maxX":-99.9482852259999,"maxY":22.1268504110001,"minX":-100.500522117,"minY":21.8555533110001},"result":"Ciudad Fernández, San Luis Potosí, Mexico"}