{"bounds":{"maxX":-110.794853725,"maxY":30.7289709290001,"minX":-111.332975958,"minY":30.186646211},"result":"Miahuatlán, Sonora, Mexico"}