{"bounds":{"maxX":-110.01310699,"maxY":30.1864936480001,"minX":-110.542468198,"minY":29.9398195110001},"result":"Banámichi, Sonora, Mexico"}