{"bounds":{"maxX":-109.376724847,"maxY":29.977267899,"minX":-110.066554874,"minY":29.5184990560001},"result":"Moctezuma, Sonora, Mexico"}