{"bounds":{"maxX":-109.225238109,"maxY":29.1867803870001,"minX":-109.576759054,"minY":28.5416252270001},"result":"Bacanora, Sonora, Mexico"}