{"bounds":{"maxX":-99.317061517,"maxY":22.7516665200001,"minX":-100.085432642,"minY":22.1110264430001},"result":"Ciudad del Maíz, San Luis Potosí, Mexico"}