{"bounds":{"maxX":-99.1631760239999,"maxY":22.23368136,"minX":-99.520600052,"minY":21.6287862130001},"result":"Tamasopo, San Luis Potosí, Mexico"}