{"bounds":{"maxX":-100.664591428,"maxY":23.72125613,"minX":-100.840842987,"minY":23.6044690860001},"result":"Villa de la Paz, San Luis Potosí, Mexico"}