{"bounds":{"maxX":-99.504545203,"maxY":22.1307948460001,"minX":-99.8094227449999,"minY":21.8843060830001},"result":"Cárdenas, San Luis Potosí, Mexico"}