{"bounds":{"maxX":-100.755299055,"maxY":22.455099584,"minX":-100.968014134,"minY":22.1348971210001},"result":"Soledad de Graciano Sánchez, San Luis Potosí, Mexico"}