{"bounds":{"maxX":-97.784048572,"maxY":22.326470273,"minX":-97.859446495,"minY":22.2309952950001},"result":"Ciudad Madero, Tamaulipas, Mexico"}