{"bounds":{"maxX":-99.459819829,"maxY":23.282818526,"minX":-100.11084696,"minY":22.612764654},"result":"Tula, Tamaulipas, Mexico"}