{"bounds":{"maxX":-97.868326412,"maxY":19.604449263,"minX":-97.983333365,"minY":19.526591146},"result":"Emiliano Zapata, Tlaxcala, Mexico"}