{"bounds":{"maxX":-98.76314553,"maxY":23.1743114430001,"minX":-99.148141905,"minY":22.7986783540001},"result":"Xicoténcatl, Tamaulipas, Mexico"}