{"bounds":{"maxX":-99.144617715,"maxY":23.878692987,"minX":-99.6802636629999,"minY":23.060410555},"result":"Jaumave, Tamaulipas, Mexico"}