{"bounds":{"maxX":-98.12878334,"maxY":19.212249457,"minX":-98.194737934,"minY":19.1726356460001},"result":"Mazatecochco de José María Morelos, Tlaxcala, Mexico"}