{"bounds":{"maxX":-98.4820921,"maxY":22.8602475010001,"minX":-99.125482259,"minY":22.355093504},"result":"El Mante, Tamaulipas, Mexico"}