{"bounds":{"maxX":-98.044205636,"maxY":19.3291642450001,"minX":-98.218654386,"minY":19.2496911280001},"result":"Chiautempan, Tlaxcala, Mexico"}