{"bounds":{"maxX":-93.0232244319999,"maxY":18.225775953,"minX":-93.408350948,"minY":17.948752712},"result":"Cunduacán, Tabasco, Mexico"}