{"bounds":{"maxX":-98.24874239,"maxY":19.4143826980001,"minX":-98.320636351,"minY":19.2896368140001},"result":"Panotla, Tlaxcala, Mexico"}