{"bounds":{"maxX":-97.6811592179999,"maxY":24.4775078690001,"minX":-98.5131065589999,"minY":23.272356609},"result":"Soto la Marina, Tamaulipas, Mexico"}