{"bounds":{"maxX":-91.771185272,"maxY":18.473080899,"minX":-92.352822472,"minY":17.795972696},"result":"Jonuta, Tabasco, Mexico"}