{"bounds":{"maxX":-98.172263672,"maxY":19.221190032,"minX":-98.2324738739999,"minY":19.2031725090001},"result":"Santa Cruz Quilehtla, Tlaxcala, Mexico"}