{"bounds":{"maxX":-98.646799572,"maxY":24.879643581,"minX":-99.2454197929999,"minY":24.115938488},"result":"San Carlos, Tamaulipas, Mexico"}