{"bounds":{"maxX":-98.276089934,"maxY":19.583443479,"minX":-98.419793947,"minY":19.376077083},"result":"Hueyotlipan, Tlaxcala, Mexico"}