{"bounds":{"maxX":-99.091615582,"maxY":26.5810341480001,"minX":-99.430946584,"minY":26.252849989},"result":"Mier, Tamaulipas, Mexico"}