{"bounds":{"maxX":-92.829681061,"maxY":18.348559068,"minX":-93.0620513379999,"minY":18.007308546},"result":"Nacajuca, Tabasco, Mexico"}