{"bounds":{"maxX":-98.173925283,"maxY":19.3772222100001,"minX":-98.218611,"minY":19.323776391},"result":"Apetatitlán de Antonio Carvajal, Tlaxcala, Mexico"}