{"bounds":{"maxX":-98.14708674,"maxY":19.4440779880001,"minX":-98.2162233609999,"minY":19.3633036950001},"result":"Yauhquemehcan, Tlaxcala, Mexico"}