{"bounds":{"maxX":-97.6843428449999,"maxY":19.394235542,"minX":-97.867505006,"minY":19.283752652},"result":"Cuapiaxtla, Tlaxcala, Mexico"}