{"bounds":{"maxX":-97.703850826,"maxY":19.4983746,"minX":-97.888766555,"minY":19.3260937650001},"result":"Altzayanca, Tlaxcala, Mexico"}