{"bounds":{"maxX":-98.216374834,"maxY":19.5241414540001,"minX":-98.291256463,"minY":19.4512145630001},"result":"San Lucas Tecopilco, Tlaxcala, Mexico"}