{"bounds":{"maxX":-99.0443251299999,"maxY":24.409417423,"minX":-99.657080623,"minY":23.919556447},"result":"Hidalgo, Tamaulipas, Mexico"}