{"bounds":{"maxX":-98.1226548879999,"maxY":19.2311527040001,"minX":-98.21320658,"minY":19.2012703400001},"result":"Acuamanala de Miguel Hidalgo, Tlaxcala, Mexico"}