{"bounds":{"maxX":-97.854051808,"maxY":19.2917320670001,"minX":-97.984822971,"minY":19.2275639440001},"result":"Ixtenco, Tlaxcala, Mexico"}