{"bounds":{"maxX":-92.826001165,"maxY":17.7702418760001,"minX":-93.057732143,"minY":17.468928933},"result":"Teapa, Tabasco, Mexico"}