{"bounds":{"maxX":-98.247610133,"maxY":19.26627274,"minX":-98.279014995,"minY":19.2268844220001},"result":"San Jerónimo Zacualpan, Tlaxcala, Mexico"}