{"bounds":{"maxX":-98.289249462,"maxY":23.19256461,"minX":-98.907307068,"minY":22.388006826},"result":"González, Tamaulipas, Mexico"}