{"bounds":{"maxX":-98.0722917479999,"maxY":19.3438229500001,"minX":-98.191814935,"minY":19.295826092},"result":"Contla de Juan Cuamatzi, Tlaxcala, Mexico"}