{"bounds":{"maxX":-97.517400364,"maxY":25.4440705530001,"minX":-98.430414933,"minY":24.3005411840001},"result":"San Fernando, Tamaulipas, Mexico"}