{"bounds":{"maxX":-98.09935774,"maxY":19.2165758290001,"minX":-98.204347814,"minY":19.1050718610001},"result":"San Pablo del Monte, Tlaxcala, Mexico"}