{"bounds":{"maxX":-92.127138082,"maxY":18.170300911,"minX":-92.718028427,"minY":17.540225419},"result":"Macuspana, Tabasco, Mexico"}