{"bounds":{"maxX":-98.6009596279999,"maxY":24.195878641,"minX":-99.147175376,"minY":23.761970761},"result":"Padilla, Tamaulipas, Mexico"}