{"bounds":{"maxX":-92.545696091,"maxY":17.6892160240001,"minX":-92.912622159,"minY":17.3432986660001},"result":"Tacotalpa, Tabasco, Mexico"}