{"bounds":{"maxX":-98.001009276,"maxY":24.4626223440001,"minX":-98.559261681,"minY":23.7935443480001},"result":"Abasolo, Tamaulipas, Mexico"}