{"bounds":{"maxX":-97.1437989999999,"maxY":27.668109,"minX":-100.122247,"minY":22.197041},"result":"Tamaulipas, Mexico"}