{"bounds":{"maxX":-98.1939905409999,"maxY":19.374779013,"minX":-98.294453211,"minY":19.2613178940001},"result":"Tlaxcala, Tlaxcala, Mexico"}