{"bounds":{"maxX":-98.0160267479999,"maxY":19.36107179,"minX":-98.090461929,"minY":19.284970279},"result":"San José Teacalco, Tlaxcala, Mexico"}