{"bounds":{"maxX":-99.170458331,"maxY":27.2944481930001,"minX":-99.770131495,"minY":26.5476420910001},"result":"Guerrero, Tamaulipas, Mexico"}