{"bounds":{"maxX":-98.138111113,"maxY":26.227149796,"minX":-98.5854664829999,"minY":25.445959181},"result":"Reynosa, Tamaulipas, Mexico"}