{"bounds":{"maxX":-98.349313561,"maxY":19.3159317080001,"minX":-98.4102573599999,"minY":19.2498520410001},"result":"Tepetitla de Lardizábal, Tlaxcala, Mexico"}