{"bounds":{"maxX":-97.838582724,"maxY":22.3330468090001,"minX":-98.00032405,"minY":22.2079577220001},"result":"Tampico, Tamaulipas, Mexico"}