{"bounds":{"maxX":-98.143184616,"maxY":19.205121763,"minX":-98.242147648,"minY":19.138062324},"result":"Papalotla de Xicohténcatl, Tlaxcala, Mexico"}