{"bounds":{"maxX":-98.2735164589999,"maxY":19.3196670990001,"minX":-98.320795167,"minY":19.262218411},"result":"San Damián Texóloc, Tlaxcala, Mexico"}