{"bounds":{"maxX":-91.5540777479999,"maxY":17.9576256770001,"minX":-91.830661692,"minY":17.4299571870001},"result":"Emiliano Zapata, Tabasco, Mexico"}