{"bounds":{"maxX":-98.3192031409999,"maxY":19.3169171210001,"minX":-98.356312213,"minY":19.270007277},"result":"Santa Ana Nopalucan, Tlaxcala, Mexico"}