{"bounds":{"maxX":-98.941803453,"maxY":26.4135167680001,"minX":-99.197801566,"minY":26.0529452760001},"result":"Miguel Alemán, Tamaulipas, Mexico"}