{"bounds":{"maxX":-98.385140044,"maxY":19.61995333,"minX":-98.543036354,"minY":19.4268992990001},"result":"Sanctórum de Lázaro Cárdenas, Tlaxcala, Mexico"}