{"bounds":{"maxX":-98.44813791,"maxY":19.567213591,"minX":-98.638054978,"minY":19.4492141960001},"result":"Nanacamilpa de Mariano Arista, Tlaxcala, Mexico"}