{"bounds":{"maxX":-90.980522,"maxY":18.650139,"minX":-94.13176,"minY":17.252532},"result":"Tabasco, Mexico"}