{"bounds":{"maxX":-98.277992383,"maxY":24.471731758,"minX":-98.7263779629999,"minY":23.940532568},"result":"Jiménez, Tamaulipas, Mexico"}