{"bounds":{"maxX":-98.646799572,"maxY":24.7803918330001,"minX":-98.924749247,"minY":24.464292857},"result":"Miahuatlán, Tamaulipas, Mexico"}