{"bounds":{"maxX":-98.7346199,"maxY":24.096927991,"minX":-99.486939857,"minY":23.676762932},"result":"Güémez, Tamaulipas, Mexico"}