{"bounds":{"maxX":-97.847209412,"maxY":19.5455182480001,"minX":-98.039152515,"minY":19.41483371},"result":"Terrenate, Tlaxcala, Mexico"}