{"bounds":{"maxX":-98.209845082,"maxY":23.9967815140001,"minX":-99.0412806639999,"minY":23.090379978},"result":"Casas, Tamaulipas, Mexico"}