{"bounds":{"maxX":-98.362010042,"maxY":19.6166884310001,"minX":-98.4588335829999,"minY":19.575981917},"result":"Benito Juárez, Tlaxcala, Mexico"}