{"bounds":{"maxX":-99.631986522,"maxY":23.551007618,"minX":-100.144950219,"minY":23.096856717},"result":"Bustamante, Tamaulipas, Mexico"}