{"bounds":{"maxX":-98.2242090829999,"maxY":19.187023217,"minX":-98.262220966,"minY":19.1575940720001},"result":"Xicohtzinco, Tlaxcala, Mexico"}