{"bounds":{"maxX":-97.8015199229999,"maxY":19.453144896,"minX":-98.039518615,"minY":19.192570141},"result":"Huamantla, Tlaxcala, Mexico"}