{"bounds":{"maxX":-98.149505602,"maxY":19.385988641,"minX":-98.2349667,"minY":19.338441806},"result":"Amaxac de Guerrero, Tlaxcala, Mexico"}