{"bounds":{"maxX":-97.982609222,"maxY":19.5718027880001,"minX":-98.181443512,"minY":19.41851437},"result":"Tetla de la Solidaridad, Tlaxcala, Mexico"}