{"bounds":{"maxX":-98.240457964,"maxY":19.2533738340001,"minX":-98.271068466,"minY":19.222234429},"result":"San Juan Huactzinco, Tlaxcala, Mexico"}