{"bounds":{"maxX":-98.9408732429999,"maxY":23.983233915,"minX":-99.37900945,"minY":23.3961403980001},"result":"Victoria, Tamaulipas, Mexico"}