{"bounds":{"maxX":-97.97060953,"maxY":19.4488340610001,"minX":-98.083585485,"minY":19.375886861},"result":"Xaloztoc, Tlaxcala, Mexico"}