{"bounds":{"maxX":-97.6254390989999,"maxY":19.395614983,"minX":-97.71964295,"minY":19.285888115},"result":"El Carmen Tequexquitla, Tlaxcala, Mexico"}