{"bounds":{"maxX":-98.1609638149999,"maxY":19.3024654050001,"minX":-98.2152581,"minY":19.2577179460001},"result":"La Magdalena Tlaltelulco, Tlaxcala, Mexico"}