{"bounds":{"maxX":-92.583167701,"maxY":18.341809276,"minX":-93.250883324,"minY":17.7125357420001},"result":"Centro, Tabasco, Mexico"}