{"bounds":{"maxX":-98.348779495,"maxY":19.4998119640001,"minX":-98.5082626669999,"minY":19.381656191},"result":"Españita, Tlaxcala, Mexico"}