{"bounds":{"maxX":-90.987618694,"maxY":18.171054751,"minX":-91.7127585389999,"minY":17.421405082},"result":"Balancán, Tabasco, Mexico"}