{"bounds":{"maxX":-93.285031283,"maxY":18.407608732,"minX":-94.129754369,"minY":17.9303861930001},"result":"Cárdenas, Tabasco, Mexico"}