{"bounds":{"maxX":-98.413013975,"maxY":25.1271340070001,"minX":-99.204946793,"minY":24.72442391},"result":"Burgos, Tamaulipas, Mexico"}