{"bounds":{"maxX":-97.760999732,"maxY":23.370140748,"minX":-98.367700752,"minY":22.5490618370001},"result":"Aldama, Tamaulipas, Mexico"}