{"bounds":{"maxX":-98.29783821,"maxY":19.2924375280001,"minX":-98.37803869,"minY":19.1686618840001},"result":"Natívitas, Tlaxcala, Mexico"}