{"bounds":{"maxX":-98.0589992389999,"maxY":19.4802076,"minX":-98.179809329,"minY":19.3704200600001},"result":"Apizaco, Tlaxcala, Mexico"}