{"bounds":{"maxX":-97.850988292,"maxY":19.2539493900001,"minX":-97.9978210849999,"minY":19.1642134160001},"result":"Zitlaltepec de Trinidad Sánchez Santos, Tlaxcala, Mexico"}