{"bounds":{"maxX":-98.5212668029999,"maxY":26.260378313,"minX":-98.763463663,"minY":26.0179176080001},"result":"Gustavo Díaz Ordaz, Tamaulipas, Mexico"}