{"bounds":{"maxX":-98.3000138089999,"maxY":19.423409862,"minX":-98.48730481,"minY":19.2702155100001},"result":"Ixtacuixtla de Mariano Matamoros, Tlaxcala, Mexico"}