{"bounds":{"maxX":-98.028221485,"maxY":19.4122910680001,"minX":-98.13023348,"minY":19.35443586},"result":"Tzompantepec, Tlaxcala, Mexico"}