{"bounds":{"maxX":-99.4787652639999,"maxY":27.679126216,"minX":-99.926418271,"minY":27.2713266120001},"result":"Nuevo Laredo, Tamaulipas, Mexico"}