{"bounds":{"maxX":-98.1774327099999,"maxY":19.5383635370001,"minX":-98.305250717,"minY":19.4630980310001},"result":"Muñoz de Domingo Arenas, Tlaxcala, Mexico"}