{"bounds":{"maxX":-93.095588208,"maxY":18.428619643,"minX":-93.528556298,"minY":18.151237693},"result":"Comalcalco, Tabasco, Mexico"}