{"bounds":{"maxX":-98.435921835,"maxY":19.641119659,"minX":-98.708398587,"minY":19.463304065},"result":"Calpulalpan, Tlaxcala, Mexico"}