{"bounds":{"maxX":-92.668433764,"maxY":17.915435933,"minX":-92.937414433,"minY":17.626032498},"result":"Jalapa, Tabasco, Mexico"}