{"bounds":{"maxX":-98.2302370419999,"maxY":19.2327137230001,"minX":-98.306310157,"minY":19.1607509},"result":"Zacatelco, Tlaxcala, Mexico"}