{"bounds":{"maxX":-99.472373572,"maxY":23.4559213740001,"minX":-99.654870998,"minY":23.0749328410001},"result":"Palmillas, Tamaulipas, Mexico"}