{"bounds":{"maxX":-99.092430915,"maxY":23.0997264800001,"minX":-99.56426497,"minY":22.588605006},"result":"Ocampo, Tamaulipas, Mexico"}