{"bounds":{"maxX":-98.056025964,"maxY":19.3675818510001,"minX":-98.1227600289999,"minY":19.322771607},"result":"Cuaxomulco, Tlaxcala, Mexico"}