{"bounds":{"maxX":-92.214607804,"maxY":18.6498993600001,"minX":-93.088490351,"minY":18.056423943},"result":"Centla, Tabasco, Mexico"}