{"bounds":{"maxX":-98.154942964,"maxY":19.168210129,"minX":-98.224565065,"minY":19.132699471},"result":"Tenancingo, Tlaxcala, Mexico"}