{"bounds":{"maxX":-98.223081205,"maxY":19.3589033580001,"minX":-98.289668563,"minY":19.3165771610001},"result":"Totolac, Tlaxcala, Mexico"}