{"bounds":{"maxX":-98.101337046,"maxY":19.6043021610001,"minX":-98.252315102,"minY":19.4893932750001},"result":"Atlangatepec, Tlaxcala, Mexico"}