{"bounds":{"maxX":-98.1879370409999,"maxY":19.280719607,"minX":-98.225003172,"minY":19.2465315040001},"result":"Santa Isabel Xiloxoxtla, Tlaxcala, Mexico"}