{"bounds":{"maxX":-98.9098660239999,"maxY":22.767247017,"minX":-99.2104760409999,"minY":22.3711067350001},"result":"Antiguo Morelos, Tamaulipas, Mexico"}