{"bounds":{"maxX":-99.147382323,"maxY":24.804143708,"minX":-99.61728726,"minY":24.372942353},"result":"Villagrán, Tamaulipas, Mexico"}