{"bounds":{"maxX":-98.0924577709999,"maxY":19.404455404,"minX":-98.1614220719999,"minY":19.317756816},"result":"Santa Cruz Tlaxcala, Tlaxcala, Mexico"}