{"bounds":{"maxX":-97.948399996,"maxY":19.572039187,"minX":-98.027826944,"minY":19.500462758},"result":"Lázaro Cárdenas, Tlaxcala, Mexico"}