{"bounds":{"maxX":-92.998872192,"maxY":18.407763115,"minX":-93.217303411,"minY":18.067841559},"result":"Jalpa de Méndez, Tabasco, Mexico"}