{"bounds":{"maxX":-99.58138071,"maxY":23.7844881250001,"minX":-99.961187625,"minY":23.391554301},"result":"Miquihuana, Tamaulipas, Mexico"}