{"bounds":{"maxX":-98.677737867,"maxY":26.3945654280001,"minX":-99.0267002429999,"minY":25.968322732},"result":"Camargo, Tamaulipas, Mexico"}