{"bounds":{"maxX":-93.295361021,"maxY":18.210275801,"minX":-94.127907975,"minY":17.3128431490001},"result":"Huimanguillo, Tabasco, Mexico"}