{"bounds":{"maxX":-98.177016137,"maxY":19.4835753020001,"minX":-98.299843005,"minY":19.3545724310001},"result":"Xaltocan, Tlaxcala, Mexico"}