{"bounds":{"maxX":-98.031870054,"maxY":19.2904814980001,"minX":-98.188791061,"minY":19.231584072},"result":"San Francisco Tetlanohcan, Tlaxcala, Mexico"}