{"bounds":{"maxX":-98.241875674,"maxY":19.2312063160001,"minX":-98.273769065,"minY":19.199205352},"result":"San Lorenzo Axocomanitla, Tlaxcala, Mexico"}