{"bounds":{"maxX":-99.109535721,"maxY":22.624236356,"minX":-99.305452646,"minY":22.4066364820001},"result":"Nuevo Morelos, Tamaulipas, Mexico"}