{"bounds":{"maxX":-98.099814647,"maxY":24.8983064510001,"minX":-98.702780311,"minY":24.4111683350001},"result":"Cruillas, Tamaulipas, Mexico"}