{"bounds":{"maxX":-98.058577879,"maxY":25.504373431,"minX":-98.863843609,"minY":24.9128017850001},"result":"Méndez, Tamaulipas, Mexico"}