{"bounds":{"maxX":-97.735772315,"maxY":26.060925889,"minX":-97.979315594,"minY":25.5037964140001},"result":"Valle Hermoso, Tamaulipas, Mexico"}