{"bounds":{"maxX":-98.992726152,"maxY":23.1507646210001,"minX":-99.3585334529999,"minY":22.8336401710001},"result":"Gómez Farías, Tamaulipas, Mexico"}