{"bounds":{"maxX":-98.195439082,"maxY":19.211872419,"minX":-98.231879479,"minY":19.174391502},"result":"Santa Catarina Ayometla, Tlaxcala, Mexico"}