{"bounds":{"maxX":-90.987460023,"maxY":17.6650521180001,"minX":-91.620167109,"minY":17.250893331},"result":"Tenosique, Tabasco, Mexico"}