{"bounds":{"maxX":-97.546577,"maxY":19.76421,"minX":-98.674797,"minY":19.13647},"result":"Tlaxcala, Mexico"}