{"bounds":{"maxX":-97.144223604,"maxY":26.070034365,"minX":-97.942617718,"minY":25.0419550330001},"result":"Matamoros, Tamaulipas, Mexico"}