{"bounds":{"maxX":-98.298761572,"maxY":19.263983281,"minX":-98.332778306,"minY":19.2205939020001},"result":"Santa Apolonia Teacalco, Tlaxcala, Mexico"}