{"bounds":{"maxX":-92.997371694,"maxY":18.4531378890001,"minX":-93.526499496,"minY":18.271573334},"result":"Paraíso, Tabasco, Mexico"}