{"bounds":{"maxX":-97.9537478989999,"maxY":19.7289174320001,"minX":-98.381696843,"minY":19.510892083},"result":"Tlaxco, Tlaxcala, Mexico"}