{"bounds":{"maxX":-98.206081137,"maxY":19.2773199700001,"minX":-98.2536511549999,"minY":19.216467063},"result":"Tepeyanco, Tlaxcala, Mexico"}