{"bounds":{"maxX":-98.2572936939999,"maxY":19.280907153,"minX":-98.316660423,"minY":19.1842702660001},"result":"Tetlatlahuca, Tlaxcala, Mexico"}