{"bounds":{"maxX":-97.993091533,"maxY":19.4161430240001,"minX":-98.042236368,"minY":19.365112642},"result":"Tocatlán, Tlaxcala, Mexico"}