{"bounds":{"maxX":-97.85003908,"maxY":26.0744633570001,"minX":-98.1732381639999,"minY":25.3813269830001},"result":"Río Bravo, Tamaulipas, Mexico"}