{"bounds":{"maxX":-99.4049046489999,"maxY":24.7368023670001,"minX":-99.732977768,"minY":24.463995583},"result":"Mainero, Tamaulipas, Mexico"}