{"bounds":{"maxX":-97.82027393,"maxY":22.804452258,"minX":-98.343484957,"minY":22.3214993760001},"result":"Altamira, Tamaulipas, Mexico"}