{"bounds":{"maxX":-98.0316862669999,"maxY":19.25832875,"minX":-98.2273388519999,"minY":19.163176585},"result":"Teolocholco, Tlaxcala, Mexico"}