{"bounds":{"maxX":-98.407895884,"maxY":23.5749878940001,"minX":-99.267169262,"minY":23.020153108},"result":"Llera, Tamaulipas, Mexico"}