{"bounds":{"maxX":-97.5748488679999,"maxY":20.833631283,"minX":-97.757537149,"minY":20.629573775},"result":"Castillo de Teayo, Veracruz, Mexico"}