{"bounds":{"maxX":-97.327490728,"maxY":22.166275903,"minX":-98.08095758,"minY":21.536676201},"result":"Tampico Alto, Veracruz, Mexico"}