{"bounds":{"maxX":-96.952416377,"maxY":20.053701721,"minX":-97.260558711,"minY":19.75668396},"result":"Atzalan, Veracruz, Mexico"}