{"bounds":{"maxX":-97.02217446,"maxY":19.7815522490001,"minX":-97.150971668,"minY":19.6450482160001},"result":"Tatatila, Veracruz, Mexico"}