{"bounds":{"maxX":-97.048861646,"maxY":18.6553795080001,"minX":-97.145857829,"minY":18.570702528},"result":"Tlaquilpa, Veracruz, Mexico"}