{"bounds":{"maxX":-96.402086234,"maxY":19.9244319360001,"minX":-96.759899167,"minY":19.532240605},"result":"Alto Lucero, Veracruz, Mexico"}