{"bounds":{"maxX":-97.053253255,"maxY":18.730320313,"minX":-97.186770093,"minY":18.6409989040001},"result":"Atlahuilco, Veracruz, Mexico"}