{"bounds":{"maxX":-96.928610947,"maxY":18.6498900190001,"minX":-97.041525575,"minY":18.553030735},"result":"Mixtla de Altamirano, Veracruz, Mexico"}