{"bounds":{"maxX":-94.7615884209999,"maxY":18.061109634,"minX":-94.911874922,"minY":17.952476248},"result":"Soconusco, Veracruz, Mexico"}