{"bounds":{"maxX":-96.777981939,"maxY":20.297863364,"minX":-97.021374067,"minY":20.1305707010001},"result":"San Rafael, Veracruz, Mexico"}