{"bounds":{"maxX":-95.349511557,"maxY":17.949824839,"minX":-95.9028637919999,"minY":17.565604684},"result":"Playa Vicente, Veracruz, Mexico"}