{"bounds":{"maxX":-94.2234579509999,"maxY":18.2101112460001,"minX":-94.639030212,"minY":18.060978489},"result":"Coatzacoalcos, Veracruz, Mexico"}