{"bounds":{"maxX":-97.5999288199999,"maxY":20.245199386,"minX":-97.7008358159999,"minY":20.173929426},"result":"Mecatlán, Veracruz, Mexico"}