{"bounds":{"maxX":-94.607255235,"maxY":17.971725662,"minX":-94.6763174119999,"minY":17.923346843},"result":"Zaragoza, Veracruz, Mexico"}