{"bounds":{"maxX":-97.986687774,"maxY":21.67347076,"minX":-98.398576299,"minY":21.105844404},"result":"Tantoyuca, Veracruz, Mexico"}