{"bounds":{"maxX":-97.365473035,"maxY":20.8675213770001,"minX":-97.715393992,"minY":20.4840236210001},"result":"Tihuatlán, Veracruz, Mexico"}