{"bounds":{"maxX":-96.943098361,"maxY":20.280832441,"minX":-97.1575292379999,"minY":19.95860077},"result":"Martínez de la Torre, Veracruz, Mexico"}