{"bounds":{"maxX":-93.923118,"maxY":17.4629135060001,"minX":-94.758897611,"minY":17.149433387},"result":"Uxpanapa, Veracruz, Mexico"}