{"bounds":{"maxX":-94.701182638,"maxY":18.548885189,"minX":-94.913145957,"minY":18.082009855},"result":"Mecayapan, Veracruz, Mexico"}