{"bounds":{"maxX":-96.30915737,"maxY":19.4967758550001,"minX":-96.480766176,"minY":19.3943773460001},"result":"Ursulo Galván, Veracruz, Mexico"}