{"bounds":{"maxX":-97.558656249,"maxY":21.4240984,"minX":-97.776807935,"minY":21.3271146280001},"result":"Chinampa de Gorostiza, Veracruz, Mexico"}