{"bounds":{"maxX":-97.657673145,"maxY":21.3339545470001,"minX":-97.872505957,"minY":21.1991935030001},"result":"Tancoco, Veracruz, Mexico"}