{"bounds":{"maxX":-97.0679800569999,"maxY":18.8861663440001,"minX":-97.157598573,"minY":18.832015717},"result":"Orizaba, Veracruz, Mexico"}