{"bounds":{"maxX":-96.0219759399999,"maxY":19.144908625,"minX":-96.272017633,"minY":18.83949205},"result":"Medellín, Veracruz, Mexico"}