{"bounds":{"maxX":-97.218092123,"maxY":21.139431775,"minX":-97.5999056269999,"minY":20.727926552},"result":"Tuxpan, Veracruz, Mexico"}