{"bounds":{"maxX":-96.482468044,"maxY":19.055707425,"minX":-96.667780093,"minY":18.9503442340001},"result":"Camarón de Tejeda, Veracruz, Mexico"}