{"bounds":{"maxX":-96.3139345389999,"maxY":19.187915693,"minX":-96.584259135,"minY":18.9340365910001},"result":"Soledad de Doblado, Veracruz, Mexico"}