{"bounds":{"maxX":-94.1973153449999,"maxY":18.097284727,"minX":-94.3730351,"minY":17.887813911},"result":"Moloacán, Veracruz, Mexico"}