{"bounds":{"maxX":-96.972978607,"maxY":18.6510574700001,"minX":-97.0783530589999,"minY":18.5814413700001},"result":"Texhuacán, Veracruz, Mexico"}