{"bounds":{"maxX":-96.924169648,"maxY":18.825426339,"minX":-96.9803706449999,"minY":18.770605056},"result":"Naranjal, Veracruz, Mexico"}