{"bounds":{"maxX":-98.086972745,"maxY":20.906621558,"minX":-98.2655030449999,"minY":20.7273862920001},"result":"Benito Juárez, Veracruz, Mexico"}