{"bounds":{"maxX":-96.2222237559999,"maxY":19.414263659,"minX":-96.384792949,"minY":19.2208176340001},"result":"La Antigua, Veracruz, Mexico"}