{"bounds":{"maxX":-96.753958543,"maxY":19.2998332780001,"minX":-96.917509616,"minY":19.2169759970001},"result":"Tenampa, Veracruz, Mexico"}