{"bounds":{"maxX":-97.11076404,"maxY":18.929188061,"minX":-97.218024418,"minY":18.856886418},"result":"Ixhuatlancillo, Veracruz, Mexico"}