{"bounds":{"maxX":-96.684561882,"maxY":19.2053239850001,"minX":-96.8715893839999,"minY":19.160368756},"result":"Tlacotepec de Mejía, Veracruz, Mexico"}