{"bounds":{"maxX":-97.8418375099999,"maxY":21.427599184,"minX":-97.95728417,"minY":21.2461297350001},"result":"Citlaltépetl, Veracruz, Mexico"}