{"bounds":{"maxX":-96.804342667,"maxY":19.0939984830001,"minX":-96.896690212,"minY":19.00280995},"result":"Tepatlaxco, Veracruz, Mexico"}