{"bounds":{"maxX":-96.9524889589999,"maxY":18.7987959660001,"minX":-97.135643333,"minY":18.700279267},"result":"Tequila, Veracruz, Mexico"}