{"bounds":{"maxX":-97.149507646,"maxY":19.688109249,"minX":-97.259720257,"minY":19.614195631},"result":"Villa Aldama, Veracruz, Mexico"}