{"bounds":{"maxX":-96.5602280529999,"maxY":19.3830606290001,"minX":-96.7396640279999,"minY":19.303589161},"result":"Apazapan, Veracruz, Mexico"}