{"bounds":{"maxX":-97.152276182,"maxY":18.9123037200001,"minX":-97.236721094,"minY":18.757039832},"result":"Nogales, Veracruz, Mexico"}