{"bounds":{"maxX":-97.1225536599999,"maxY":18.6677707110001,"minX":-97.226574609,"minY":18.5914093710001},"result":"Xoxocotla, Veracruz, Mexico"}