{"bounds":{"maxX":-96.9043270129999,"maxY":18.79534926,"minX":-96.937919775,"minY":18.7551106180001},"result":"Coetzala, Veracruz, Mexico"}