{"bounds":{"maxX":-97.646682675,"maxY":21.996623476,"minX":-98.1595629829999,"minY":21.4020349370001},"result":"Ozuluama de Mascareñas, Veracruz, Mexico"}