{"bounds":{"maxX":-97.6342879169999,"maxY":20.262926329,"minX":-97.741474413,"minY":20.163432954},"result":"Filomeno Mata, Veracruz, Mexico"}