{"bounds":{"maxX":-97.087135856,"maxY":19.0539149160001,"minX":-97.2851257679999,"minY":18.910777985},"result":"La Perla, Veracruz, Mexico"}