{"bounds":{"maxX":-96.256348716,"maxY":19.198782952,"minX":-96.4482379739999,"minY":18.974094366},"result":"Manlio Fabio Altamirano, Veracruz, Mexico"}