{"bounds":{"maxX":-97.227487509,"maxY":21.582532196,"minX":-97.713008999,"minY":21.0964599960001},"result":"Tamiahua, Veracruz, Mexico"}