{"bounds":{"maxX":-96.71133266,"maxY":19.0107978130001,"minX":-96.867850871,"minY":18.8377641110001},"result":"Atoyac, Veracruz, Mexico"}