{"bounds":{"maxX":-96.971641959,"maxY":18.9469860990001,"minX":-97.08712568,"minY":18.755603061},"result":"Ixtaczoquitlán, Veracruz, Mexico"}