{"bounds":{"maxX":-96.833742645,"maxY":18.7817081750001,"minX":-97.0277052609999,"minY":18.521913786},"result":"Zongolica, Veracruz, Mexico"}