{"bounds":{"maxX":-96.897200429,"maxY":19.6124068880001,"minX":-96.9887795879999,"minY":19.5666787260001},"result":"Banderilla, Veracruz, Mexico"}