{"bounds":{"maxX":-96.958294332,"maxY":19.6213072730001,"minX":-97.002544603,"minY":19.57816345},"result":"Rafael Lucio, Veracruz, Mexico"}