{"bounds":{"maxX":-97.205877293,"maxY":18.7919889360001,"minX":-97.3500253719999,"minY":18.624249245},"result":"Acultzingo, Veracruz, Mexico"}