{"bounds":{"maxX":-97.1027124839999,"maxY":19.761334118,"minX":-97.199249008,"minY":19.646329655},"result":"Las Minas, Veracruz, Mexico"}