{"bounds":{"maxX":-97.292193622,"maxY":18.8129897170001,"minX":-97.3548243659999,"minY":18.7639123220001},"result":"Aquila, Veracruz, Mexico"}