{"bounds":{"maxX":-97.3998860899999,"maxY":20.5900888190001,"minX":-97.4881319089999,"minY":20.4870115690001},"result":"Poza Rica, Veracruz, Mexico"}