{"bounds":{"maxX":-96.702030716,"maxY":19.908421951,"minX":-96.837507629,"minY":19.7847124050001},"result":"Yecuatla, Veracruz, Mexico"}