{"bounds":{"maxX":-96.466554628,"maxY":19.0482208220001,"minX":-96.815216021,"minY":18.84700696},"result":"Paso del Macho, Veracruz, Mexico"}