{"bounds":{"maxX":-96.6839732509999,"maxY":19.218656455,"minX":-97.0561547469999,"minY":19.072509348},"result":"Huatusco, Veracruz, Mexico"}