{"bounds":{"maxX":-96.094063374,"maxY":19.1714515520001,"minX":-96.1496576869999,"minY":19.0543119870001},"result":"Boca del Río, Veracruz, Mexico"}