{"bounds":{"maxX":-96.172853919,"maxY":19.0644197870001,"minX":-96.315495684,"minY":18.9165410790001},"result":"Jamapa, Veracruz, Mexico"}