{"bounds":{"maxX":-97.870817793,"maxY":21.6691056780001,"minX":-98.068939025,"minY":21.184644642},"result":"Chontla, Veracruz, Mexico"}