{"bounds":{"maxX":-95.6397010329999,"maxY":18.4404919570001,"minX":-95.792478766,"minY":18.21478269},"result":"Carlos A. Carrillo, Veracruz, Mexico"}