{"bounds":{"maxX":-96.873349587,"maxY":19.0108837120001,"minX":-97.00355926,"minY":18.837089468},"result":"Córdoba, Veracruz, Mexico"}