{"bounds":{"maxX":-95.866739041,"maxY":18.795257844,"minX":-96.057812882,"minY":18.5198110040001},"result":"Ignacio de la Llave, Veracruz, Mexico"}