{"bounds":{"maxX":-95.878872791,"maxY":18.2528838010001,"minX":-96.015799903,"minY":18.1355727380001},"result":"Tlacojalpan, Veracruz, Mexico"}