{"bounds":{"maxX":-97.0209240519999,"maxY":18.9920098860001,"minX":-97.127695683,"minY":18.875953854},"result":"Atzacan, Veracruz, Mexico"}