{"bounds":{"maxX":-96.725212488,"maxY":18.8007654960001,"minX":-96.9043270129999,"minY":18.739540719},"result":"Cuichapa, Veracruz, Mexico"}