{"bounds":{"maxX":-95.974645973,"maxY":18.9511767860001,"minX":-96.43613105,"minY":18.595146791},"result":"Tlalixcoyan, Veracruz, Mexico"}