{"bounds":{"maxX":-97.110180688,"maxY":18.865598963,"minX":-97.1805710899999,"minY":18.8251219680001},"result":"Río Blanco, Veracruz, Mexico"}