{"bounds":{"maxX":-95.765363537,"maxY":18.4321208170001,"minX":-96.188371397,"minY":18.1320319280001},"result":"Cosamaloapan de Carpio, Veracruz, Mexico"}