{"bounds":{"maxX":-97.848190416,"maxY":21.181818666,"minX":-98.2393546439999,"minY":20.8318383280001},"result":"Chicontepec, Veracruz, Mexico"}