{"bounds":{"maxX":-96.988340922,"maxY":19.62717566,"minX":-97.104572139,"minY":19.505299058},"result":"Acajete, Veracruz, Mexico"}