{"bounds":{"maxX":-97.562106576,"maxY":21.5309890410001,"minX":-97.9321249339999,"minY":21.2964360190001},"result":"Tantima, Veracruz, Mexico"}