{"bounds":{"maxX":-96.557781811,"maxY":19.902687981,"minX":-96.749844221,"minY":19.7447754880001},"result":"Juchique de Ferrer, Veracruz, Mexico"}