{"bounds":{"maxX":-98.1810695359999,"maxY":20.80252211,"minX":-98.433465595,"minY":20.6694352580001},"result":"Zontecomatlán de López y Fuentes, Veracruz, Mexico"}