{"bounds":{"maxX":-96.79897319,"maxY":19.5995077860001,"minX":-96.97084281,"minY":19.4845915390001},"result":"Xalapa, Veracruz, Mexico"}