{"bounds":{"maxX":-97.0214531,"maxY":19.687624408,"minX":-97.168810475,"minY":19.5473356950001},"result":"Las Vigas de Ramírez, Veracruz, Mexico"}