{"bounds":{"maxX":-97.51353827,"maxY":21.62678254,"minX":-97.822383209,"minY":21.3204889400001},"result":"Tamalín, Veracruz, Mexico"}