{"bounds":{"maxX":-96.8493998019999,"maxY":19.772723527,"minX":-96.918235113,"minY":19.689719009},"result":"Miahuatlán, Veracruz, Mexico"}