{"bounds":{"maxX":-96.913312134,"maxY":19.7274058680001,"minX":-96.993082422,"minY":19.63412872},"result":"Coacoatzintla, Veracruz, Mexico"}