{"bounds":{"maxX":-97.574115093,"maxY":20.4582289200001,"minX":-97.765641734,"minY":20.2089896950001},"result":"Coyutla, Veracruz, Mexico"}