{"bounds":{"maxX":-96.871644101,"maxY":19.7776534180001,"minX":-96.9672879349999,"minY":19.663229641},"result":"Tonayán, Veracruz, Mexico"}