{"bounds":{"maxX":-96.797034415,"maxY":19.5323907380001,"minX":-97.106229626,"minY":19.3572737910001},"result":"Coatepec, Veracruz, Mexico"}