{"bounds":{"maxX":-95.558728749,"maxY":18.3563444100001,"minX":-95.8242415349999,"minY":17.919290737},"result":"José Azueta, Veracruz, Mexico"}