{"bounds":{"maxX":-96.785421291,"maxY":20.5991913610001,"minX":-97.215726368,"minY":20.237900187},"result":"Tecolutla, Veracruz, Mexico"}