{"bounds":{"maxX":-93.607939809,"maxY":17.990005605,"minX":-94.31442831,"minY":17.1369649100001},"result":"Las Choapas, Veracruz, Mexico"}