{"bounds":{"maxX":-94.8495072649999,"maxY":18.148409144,"minX":-95.259923208,"minY":17.907662875},"result":"Acayucan, Veracruz, Mexico"}