{"bounds":{"maxX":-95.3801539249999,"maxY":18.364251972,"minX":-95.729365446,"minY":17.881466459},"result":"Isla, Veracruz, Mexico"}