{"bounds":{"maxX":-97.895797091,"maxY":22.471750915,"minX":-98.6815466039999,"minY":21.6894097690001},"result":"Pánuco, Veracruz, Mexico"}