{"bounds":{"maxX":-98.195601902,"maxY":20.70253489,"minX":-98.412587092,"minY":20.5417221270001},"result":"Texcatepec, Veracruz, Mexico"}