{"bounds":{"maxX":-97.785238953,"maxY":22.260270431,"minX":-98.089963914,"minY":22.063669455},"result":"Pueblo Viejo, Veracruz, Mexico"}