{"bounds":{"maxX":-94.649275426,"maxY":18.017504135,"minX":-94.6965721399999,"minY":17.9576319550001},"result":"Oteapan, Veracruz, Mexico"}