{"bounds":{"maxX":-96.884626808,"maxY":19.2024671290001,"minX":-96.959235131,"minY":19.1397360330001},"result":"Sochiapa, Veracruz, Mexico"}