{"bounds":{"maxX":-96.894773903,"maxY":19.523039356,"minX":-97.151661453,"minY":19.368610791},"result":"Xico, Veracruz, Mexico"}