{"bounds":{"maxX":-96.566829307,"maxY":18.786091196,"minX":-96.915344789,"minY":18.631931229},"result":"Omealca, Veracruz, Mexico"}