{"bounds":{"maxX":-94.431369893,"maxY":17.8437173520001,"minX":-94.8521845719999,"minY":17.320809754},"result":"Hidalgotitlán, Veracruz, Mexico"}