{"bounds":{"maxX":-94.682471519,"maxY":18.508761878,"minX":-94.8965157809999,"minY":18.1900002630001},"result":"Tatahuicapan, Veracruz, Mexico"}