{"bounds":{"maxX":-97.887721004,"maxY":20.8953659270001,"minX":-98.1482369409999,"minY":20.514933366},"result":"Ixhuatlán de Madero, Veracruz, Mexico"}