{"bounds":{"maxX":-95.766505861,"maxY":18.6277145180001,"minX":-96.001522171,"minY":18.366372234},"result":"Ixmatlahuacan, Veracruz, Mexico"}