{"bounds":{"maxX":-95.841110455,"maxY":18.2507576240001,"minX":-95.9194483209999,"minY":18.130790968},"result":"Tuxtilla, Veracruz, Mexico"}