{"bounds":{"maxX":-94.8788509669999,"maxY":17.986001334,"minX":-95.43506464,"minY":17.538519352},"result":"San Juan Evangelista, Veracruz, Mexico"}