{"bounds":{"maxX":-97.2227833109999,"maxY":19.9376195400001,"minX":-97.380420812,"minY":19.609593788},"result":"Jalacingo, Veracruz, Mexico"}