{"bounds":{"maxX":-96.118517696,"maxY":19.265208478,"minX":-96.339672471,"minY":19.1021834750001},"result":"Veracruz, Veracruz, Mexico"}