{"bounds":{"maxX":-98.314837841,"maxY":20.8656214850001,"minX":-98.55017976,"minY":20.662716905},"result":"Ilamatlán, Veracruz, Mexico"}