{"bounds":{"maxX":-97.0480741539999,"maxY":18.588393481,"minX":-97.144563069,"minY":18.521314524},"result":"Astacinga, Veracruz, Mexico"}