{"bounds":{"maxX":-96.841731027,"maxY":19.403530937,"minX":-97.030596804,"minY":19.3429226420001},"result":"Teocelo, Veracruz, Mexico"}