{"bounds":{"maxX":-98.335946076,"maxY":20.716411529,"minX":-98.597285689,"minY":20.331215736},"result":"Huayacocotla, Veracruz, Mexico"}