{"bounds":{"maxX":-96.949705463,"maxY":19.8929967780001,"minX":-97.283074101,"minY":19.6367953540001},"result":"Altotonga, Veracruz, Mexico"}