{"bounds":{"maxX":-96.330706693,"maxY":19.727229945,"minX":-96.79416528,"minY":19.394656194},"result":"Actopan, Veracruz, Mexico"}