{"bounds":{"maxX":-97.482481249,"maxY":20.2735038800001,"minX":-97.621956557,"minY":20.1556375870001},"result":"Coxquihui, Veracruz, Mexico"}