{"bounds":{"maxX":-97.014916113,"maxY":20.5306826840001,"minX":-97.191587849,"minY":20.3717906110001},"result":"Gutiérrez Zamora, Veracruz, Mexico"}