{"bounds":{"maxX":-95.502982018,"maxY":18.705637957,"minX":-95.7648607959999,"minY":18.334524017},"result":"Tlacotalpan, Veracruz, Mexico"}