{"bounds":{"maxX":-95.5099327739999,"maxY":19.1020830680001,"minX":-96.1208094949999,"minY":18.5551439930001},"result":"Alvarado, Veracruz, Mexico"}