{"bounds":{"maxX":-96.834070233,"maxY":19.7769761540001,"minX":-96.8736422439999,"minY":19.7085702150001},"result":"Landero y Coss, Veracruz, Mexico"}