{"bounds":{"maxX":-96.9322868799999,"maxY":19.78805398,"minX":-97.068539177,"minY":19.6159382280001},"result":"Tlacolulan, Veracruz, Mexico"}