{"bounds":{"maxX":-96.817605891,"maxY":18.9617373090001,"minX":-96.9571599879999,"minY":18.783380805},"result":"Amatlán de los Reyes, Veracruz, Mexico"}