{"bounds":{"maxX":-97.022094367,"maxY":18.7897666480001,"minX":-97.0752178019999,"minY":18.74751833},"result":"Magdalena, Veracruz, Mexico"}