{"bounds":{"maxX":-98.080856044,"maxY":21.72183059,"minX":-98.643700216,"minY":21.3785903890001},"result":"Tempoal, Veracruz, Mexico"}