{"bounds":{"maxX":-94.318444056,"maxY":18.06507606,"minX":-94.4581777069999,"minY":17.897901049},"result":"Ixhuatlán del Sureste, Veracruz, Mexico"}