{"bounds":{"maxX":-94.645534791,"maxY":17.5908557880001,"minX":-95.2045972,"minY":17.184667099},"result":"Jesús Carranza, Veracruz, Mexico"}