{"bounds":{"maxX":-97.545253902,"maxY":20.250117464,"minX":-97.611651728,"minY":20.1938636150001},"result":"Chumatlán, Veracruz, Mexico"}