{"bounds":{"maxX":-96.680723603,"maxY":20.241771445,"minX":-96.913308418,"minY":20.002024776},"result":"Nautla, Veracruz, Mexico"}