{"bounds":{"maxX":-96.183918557,"maxY":18.9792414460001,"minX":-96.538884782,"minY":18.736236363},"result":"Cotaxtla, Veracruz, Mexico"}