{"bounds":{"maxX":-96.803294001,"maxY":19.289679829,"minX":-96.9857126369999,"minY":19.1749701640001},"result":"Totutla, Veracruz, Mexico"}