{"bounds":{"maxX":-94.700615328,"maxY":17.9800866190001,"minX":-94.894704996,"minY":17.5748882720001},"result":"Texistepec, Veracruz, Mexico"}