{"bounds":{"maxX":-95.704180966,"maxY":18.660509947,"minX":-95.877675451,"minY":18.464839431},"result":"Acula, Veracruz, Mexico"}