{"bounds":{"maxX":-97.131766706,"maxY":18.817242236,"minX":-97.2002929229999,"minY":18.7620123250001},"result":"Camerino Z. Mendoza, Veracruz, Mexico"}