{"bounds":{"maxX":-97.704449857,"maxY":21.239643599,"minX":-97.844274903,"minY":21.1307732940001},"result":"Cerro Azul, Veracruz, Mexico"}