{"bounds":{"maxX":-95.704543848,"maxY":18.3400650900001,"minX":-95.91614765,"minY":18.080378974},"result":"Chacaltianguis, Veracruz, Mexico"}