{"bounds":{"maxX":-97.101343881,"maxY":20.6733734650001,"minX":-97.5192238659999,"minY":20.1518315480001},"result":"Papantla, Veracruz, Mexico"}