{"bounds":{"maxX":-96.714161684,"maxY":19.7354426590001,"minX":-96.830982628,"minY":19.592317286},"result":"Tepetlán, Veracruz, Mexico"}