{"bounds":{"maxX":-96.0156352129999,"maxY":18.422967256,"minX":-96.300127015,"minY":18.1618900340001},"result":"Tres Valles, Veracruz, Mexico"}