{"bounds":{"maxX":-96.492756506,"maxY":19.209068792,"minX":-96.923736784,"minY":19.074087628},"result":"Comapa, Veracruz, Mexico"}