{"bounds":{"maxX":-95.990579872,"maxY":18.2169954890001,"minX":-96.083764206,"minY":18.126738244},"result":"Otatitlán, Veracruz, Mexico"}