{"bounds":{"maxX":-96.749911796,"maxY":19.7146574990001,"minX":-96.9172055559999,"minY":19.563031998},"result":"Naolinco, Veracruz, Mexico"}