{"bounds":{"maxX":-94.627287425,"maxY":18.0264612760001,"minX":-94.7986845999999,"minY":17.697366721},"result":"Jáltipan, Veracruz, Mexico"}