{"bounds":{"maxX":-98.34065514,"maxY":21.3324849840001,"minX":-98.543981724,"minY":21.156241364},"result":"Chiconamel, Veracruz, Mexico"}