{"bounds":{"maxX":-95.232662985,"maxY":18.573245448,"minX":-95.5450002649999,"minY":18.237478067},"result":"Santiago Tuxtla, Veracruz, Mexico"}