{"bounds":{"maxX":-97.1306349979999,"maxY":18.78044177,"minX":-97.2438028239999,"minY":18.633486191},"result":"Soledad Atzompa, Veracruz, Mexico"}