{"bounds":{"maxX":-97.494551819,"maxY":20.1769118350001,"minX":-97.608381908,"minY":20.078941887},"result":"Zozocolco de Hidalgo, Veracruz, Mexico"}