{"bounds":{"maxX":-94.846475319,"maxY":17.955175249,"minX":-94.949563726,"minY":17.8368153910001},"result":"Oluta, Veracruz, Mexico"}