{"bounds":{"maxX":-96.32205076,"maxY":19.3653070140001,"minX":-96.6241717889999,"minY":19.149642075},"result":"Paso de Ovejas, Veracruz, Mexico"}