{"bounds":{"maxX":-96.841450483,"maxY":19.6436674650001,"minX":-96.987818805,"minY":19.578620481},"result":"Jilotepec, Veracruz, Mexico"}