{"bounds":{"maxX":-94.8639923919999,"maxY":18.599637737,"minX":-95.1636091519999,"minY":18.271134696},"result":"Catemaco, Veracruz, Mexico"}