{"bounds":{"maxX":-96.947603939,"maxY":19.579060242,"minX":-97.022251189,"minY":19.5063544600001},"result":"Tlalnelhuayocan, Veracruz, Mexico"}