{"bounds":{"maxX":-98.248704328,"maxY":21.4162243690001,"minX":-98.497842825,"minY":21.177402495},"result":"Platón Sánchez, Veracruz, Mexico"}