{"bounds":{"maxX":-95.4367974639999,"maxY":18.714821869,"minX":-95.561442654,"minY":18.603809293},"result":"Lerdo de Tejada, Veracruz, Mexico"}