{"bounds":{"maxX":-94.7947322529999,"maxY":18.4063047400001,"minX":-95.0316738719999,"minY":18.050874277},"result":"Soteapan, Veracruz, Mexico"}