{"bounds":{"maxX":-96.848218386,"maxY":19.095967027,"minX":-97.01813419,"minY":18.957294179},"result":"Ixhuatlán del Café, Veracruz, Mexico"}