{"bounds":{"maxX":-96.65318211,"maxY":19.818020936,"minX":-96.861014336,"minY":19.698891455},"result":"Chiconquiaco, Veracruz, Mexico"}