{"bounds":{"maxX":-96.464474319,"maxY":18.889265885,"minX":-96.70151608,"minY":18.7540162450001},"result":"Carrillo Puerto, Veracruz, Mexico"}