{"bounds":{"maxX":-94.800442569,"maxY":17.9321369740001,"minX":-95.077420325,"minY":17.5632306850001},"result":"Sayula de Alemán, Veracruz, Mexico"}