{"bounds":{"maxX":-97.041217826,"maxY":18.812715353,"minX":-97.113257375,"minY":18.7738575020001},"result":"Tlilapan, Veracruz, Mexico"}