{"bounds":{"maxX":-93.609414,"maxY":22.456439,"minX":-98.7124719999999,"minY":17.151429},"result":"Veracruz, Mexico"}