{"bounds":{"maxX":-95.260434569,"maxY":18.7166739670001,"minX":-95.504791074,"minY":18.4688920520001},"result":"Angel R. Cabada, Veracruz, Mexico"}