{"bounds":{"maxX":-96.999700666,"maxY":19.134262581,"minX":-97.196621563,"minY":18.9838341620001},"result":"Coscomatepec, Veracruz, Mexico"}