{"bounds":{"maxX":-94.95817676,"maxY":18.327969167,"minX":-95.412440133,"minY":18.062159018},"result":"Hueyapan de Ocampo, Veracruz, Mexico"}