{"bounds":{"maxX":-97.581125206,"maxY":21.363668438,"minX":-97.792314921,"minY":21.253124886},"result":"Naranjos Amatlán, Veracruz, Mexico"}