{"bounds":{"maxX":-98.305379463,"maxY":21.8905717870001,"minX":-98.572373119,"minY":21.643821104},"result":"El Higo, Veracruz, Mexico"}