{"bounds":{"maxX":-95.45957457,"maxY":18.6214161190001,"minX":-95.581757505,"minY":18.4716985360001},"result":"Saltabarranca, Veracruz, Mexico"}