{"bounds":{"maxX":-97.3935025279999,"maxY":20.5081259950001,"minX":-97.654946504,"minY":20.347629775},"result":"Coatzintla, Veracruz, Mexico"}