{"bounds":{"maxX":-97.098295502,"maxY":18.9808009700001,"minX":-97.255265551,"minY":18.8713502530001},"result":"Mariano Escobedo, Veracruz, Mexico"}