{"bounds":{"maxX":-97.0650029289999,"maxY":18.7959506440001,"minX":-97.121995896,"minY":18.7471504760001},"result":"San Andrés Tenejapan, Veracruz, Mexico"}