{"bounds":{"maxX":-96.9894008219999,"maxY":19.0370397630001,"minX":-97.091979322,"minY":18.9637528380001},"result":"Chocamán, Veracruz, Mexico"}