{"bounds":{"maxX":-96.672154663,"maxY":18.7526328320001,"minX":-96.898131131,"minY":18.364750294},"result":"Tezonapa, Veracruz, Mexico"}