{"bounds":{"maxX":-95.190489988,"maxY":18.1933063330001,"minX":-95.5229013859999,"minY":17.7530635270001},"result":"Juan Rodríguez Clara, Veracruz, Mexico"}