{"bounds":{"maxX":-96.529361525,"maxY":19.135728789,"minX":-96.884228064,"minY":19.0204692040001},"result":"Zentla, Veracruz, Mexico"}