{"bounds":{"maxX":-96.8934366349999,"maxY":19.3698960250001,"minX":-97.0354676539999,"minY":19.2888354},"result":"Cosautlán de Carvajal, Veracruz, Mexico"}