{"bounds":{"maxX":-97.0830076029999,"maxY":20.1215344170001,"minX":-97.269267449,"minY":19.922623179},"result":"Tlapacoyan, Veracruz, Mexico"}