{"bounds":{"maxX":-96.8128688199999,"maxY":19.7149700140001,"minX":-96.864403816,"minY":19.662497495},"result":"Acatlán, Veracruz, Mexico"}