{"bounds":{"maxX":-96.596992759,"maxY":19.3728112690001,"minX":-97.031392614,"minY":19.194675229},"result":"Tlaltetela, Veracruz, Mexico"}