{"bounds":{"maxX":-96.525939839,"maxY":20.156271454,"minX":-96.775975965,"minY":19.828440846},"result":"Vega de Alatorre, Veracruz, Mexico"}