{"bounds":{"maxX":-97.098779823,"maxY":19.6457096300001,"minX":-97.434278523,"minY":19.375933316},"result":"Perote, Veracruz, Mexico"}