{"bounds":{"maxX":-98.207068953,"maxY":21.2673813590001,"minX":-98.45225851,"minY":21.129403327},"result":"Chalma, Veracruz, Mexico"}