{"bounds":{"maxX":-96.9714556059999,"maxY":19.4651009070001,"minX":-97.174937895,"minY":19.2800483570001},"result":"Ixhuacán, Veracruz, Mexico"}