{"bounds":{"maxX":-97.378354302,"maxY":20.369996982,"minX":-97.6088848379999,"minY":20.14088779},"result":"Espinal, Veracruz, Mexico"}