{"bounds":{"maxX":-94.061972817,"maxY":18.2133059560001,"minX":-94.282427963,"minY":17.9660435690001},"result":"Agua Dulce, Veracruz, Mexico"}