{"bounds":{"maxX":-97.046567674,"maxY":18.835396099,"minX":-97.1404910959999,"minY":18.756926053},"result":"Rafael Delgado, Veracruz, Mexico"}