{"bounds":{"maxX":-95.979046356,"maxY":18.7421329680001,"minX":-96.628208561,"minY":18.312428793},"result":"Tierra Blanca, Veracruz, Mexico"}