{"bounds":{"maxX":-94.417008451,"maxY":18.1422018980001,"minX":-94.689838206,"minY":17.8706815210001},"result":"Cosoleacaque, Veracruz, Mexico"}