{"bounds":{"maxX":-96.997202283,"maxY":19.487957781,"minX":-97.27471687,"minY":19.309121852},"result":"Ayahualulco, Veracruz, Mexico"}