{"bounds":{"maxX":-96.637352372,"maxY":19.998504676,"minX":-96.797381915,"minY":19.872087852},"result":"Colipa, Veracruz, Mexico"}