{"bounds":{"maxX":-96.972721054,"maxY":18.5855218730001,"minX":-97.112698232,"minY":18.454507778},"result":"Tehuipango, Veracruz, Mexico"}