{"bounds":{"maxX":-96.467515088,"maxY":18.853659624,"minX":-96.780414249,"minY":18.7260399140001},"result":"Cuitláhuac, Veracruz, Mexico"}