{"bounds":{"maxX":-95.511191969,"maxY":17.7506302570001,"minX":-95.8087629889999,"minY":17.5184916740001},"result":"Santiago Sochiapan, Veracruz, Mexico"}