{"bounds":{"maxX":-96.9642591419999,"maxY":19.0512834790001,"minX":-97.033019729,"minY":18.9861290600001},"result":"Tomatlán, Veracruz, Mexico"}