{"bounds":{"maxX":-97.92894211,"maxY":21.350076329,"minX":-98.116439717,"minY":21.1485569610001},"result":"Ixcatepec, Veracruz, Mexico"}