{"bounds":{"maxX":-97.180659452,"maxY":20.8027538650001,"minX":-97.410185707,"minY":20.6156323060001},"result":"Cazones de Herrera, Veracruz, Mexico"}