{"bounds":{"maxX":-94.584134437,"maxY":18.3500355420001,"minX":-94.766056937,"minY":18.0877283500001},"result":"Pajapan, Veracruz, Mexico"}