{"bounds":{"maxX":-98.230184421,"maxY":20.611891352,"minX":-98.4467058019999,"minY":20.397563158},"result":"Zacualpan, Veracruz, Mexico"}