{"bounds":{"maxX":-97.7474746669999,"maxY":21.2381360270001,"minX":-97.9678270919999,"minY":21.064779561},"result":"Tepetzintla, Veracruz, Mexico"}