{"bounds":{"maxX":-97.500032882,"maxY":21.198735335,"minX":-97.9298863179999,"minY":20.783909239},"result":"Álamo Temapache, Veracruz, Mexico"}