{"bounds":{"maxX":-95.0497147149999,"maxY":18.7152499160001,"minX":-95.445744495,"minY":18.2109834450001},"result":"San Andrés Tuxtla, Veracruz, Mexico"}