{"bounds":{"maxX":-97.0950838479999,"maxY":18.8367306320001,"minX":-97.166652111,"minY":18.79600265},"result":"Huiloapan de Cuauhtémoc, Veracruz, Mexico"}