{"bounds":{"maxX":-96.694768347,"maxY":19.4032203140001,"minX":-96.8251873299999,"minY":19.266947214},"result":"Jalcomulco, Veracruz, Mexico"}