{"bounds":{"maxX":-98.108028242,"maxY":20.74277017,"minX":-98.2911913,"minY":20.491369859},"result":"Tlachichilco, Veracruz, Mexico"}