{"bounds":{"maxX":-97.063827907,"maxY":19.1367895770001,"minX":-97.2015315799999,"minY":19.06202203},"result":"Alpatláhuac, Veracruz, Mexico"}