{"bounds":{"maxX":-96.889479654,"maxY":19.895211649,"minX":-96.9967926469999,"minY":19.7551575310001},"result":"Tenochtitlán, Veracruz, Mexico"}