{"bounds":{"maxX":-97.211088309,"maxY":18.924495365,"minX":-97.326781506,"minY":18.7626761390001},"result":"Maltrata, Veracruz, Mexico"}