{"bounds":{"maxX":-96.372259233,"maxY":19.438277543,"minX":-96.818928999,"minY":19.1885450880001},"result":"Puente Nacional, Veracruz, Mexico"}