{"bounds":{"maxX":-94.12310072,"maxY":18.094151572,"minX":-94.6568216329999,"minY":17.3168237290001},"result":"Minatitlán, Veracruz, Mexico"}