{"bounds":{"maxX":-97.6594032249999,"maxY":20.306879097,"minX":-97.757297504,"minY":20.227454487},"result":"Coahuitlán, Veracruz, Mexico"}