{"bounds":{"maxX":-96.9256507549999,"maxY":18.9887219550001,"minX":-97.0329419559999,"minY":18.801299036},"result":"Fortín, Veracruz, Mexico"}