{"bounds":{"maxX":-94.3445218269999,"maxY":18.0980747840001,"minX":-94.421256204,"minY":18.0334704950001},"result":"Nanchital, Veracruz, Mexico"}