{"bounds":{"maxX":-94.587864887,"maxY":18.1198670590001,"minX":-94.8195948269999,"minY":18.0009645100001},"result":"Chinameca, Veracruz, Mexico"}