{"bounds":{"maxX":-97.0078956419999,"maxY":18.7145076620001,"minX":-97.084711764,"minY":18.629377162},"result":"Los Reyes, Veracruz, Mexico"}