{"bounds":{"maxX":-95.5937081549999,"maxY":18.5236039480001,"minX":-95.778212165,"minY":18.3514131470001},"result":"Amatitlán, Veracruz, Mexico"}