{"bounds":{"maxX":-97.051741608,"maxY":19.171812582,"minX":-97.269720211,"minY":19.029762713},"result":"Calcahualco, Veracruz, Mexico"}