{"bounds":{"maxX":-96.5406657359999,"maxY":19.5762951720001,"minX":-96.9033726069999,"minY":19.337844621},"result":"Emiliano Zapata, Veracruz, Mexico"}