{"bounds":{"maxX":-96.747586503,"maxY":18.882215525,"minX":-96.8553071709999,"minY":18.7628628860001},"result":"Yanga, Veracruz, Mexico"}