{"bounds":{"maxX":-96.750385522,"maxY":20.151540455,"minX":-96.993057544,"minY":19.7673008310001},"result":"Misantla, Veracruz, Mexico"}