{"bounds":{"maxX":-89.302521562,"maxY":20.4621033870001,"minX":-89.447192889,"minY":20.31813312},"result":"Maní, Yucatán, Mexico"}