{"bounds":{"maxX":-89.040303459,"maxY":20.8526189200001,"minX":-89.217510118,"minY":20.7382519440001},"result":"Xocchel, Yucatán, Mexico"}