{"bounds":{"maxX":-89.058689542,"maxY":20.778525589,"minX":-89.233617023,"minY":20.598170307},"result":"Huhí, Yucatán, Mexico"}