{"bounds":{"maxX":-88.064929428,"maxY":20.65149124,"minX":-88.2718579039999,"minY":20.281371785},"result":"Chichimilá, Yucatán, Mexico"}