{"bounds":{"maxX":-89.146687919,"maxY":21.355139147,"minX":-89.2653977209999,"minY":21.183366904},"result":"Sinanché, Yucatán, Mexico"}