{"bounds":{"maxX":-89.209010587,"maxY":20.9630888840001,"minX":-89.355693301,"minY":20.8379689940001},"result":"Tahmek, Yucatán, Mexico"}