{"bounds":{"maxX":-89.407799262,"maxY":20.576872053,"minX":-89.588200861,"minY":20.4235830820001},"result":"Chapab, Yucatán, Mexico"}