{"bounds":{"maxX":-88.087770613,"maxY":21.4780235470001,"minX":-88.535274817,"minY":21.2014700290001},"result":"Panabá, Yucatán, Mexico"}