{"bounds":{"maxX":-88.163425576,"maxY":21.604445244,"minX":-88.500519391,"minY":21.385420094},"result":"San Felipe, Yucatán, Mexico"}