{"bounds":{"maxX":-89.166592484,"maxY":20.788431066,"minX":-89.257820302,"minY":20.734365414},"result":"Sanahcat, Yucatán, Mexico"}