{"bounds":{"maxX":-87.8199559459999,"maxY":21.0133936840001,"minX":-88.301315657,"minY":20.7742702030001},"result":"Temozón, Yucatán, Mexico"}