{"bounds":{"maxX":-88.942005251,"maxY":20.539598229,"minX":-89.181627955,"minY":20.288632238},"result":"Cantamayec, Yucatán, Mexico"}