{"bounds":{"maxX":-90.123848553,"maxY":21.1091915310001,"minX":-90.4070179999999,"minY":20.7342113020001},"result":"Celestún, Yucatán, Mexico"}