{"bounds":{"maxX":-89.118719067,"maxY":21.312631224,"minX":-89.438145192,"minY":21.017922648},"result":"Motul, Yucatán, Mexico"}