{"bounds":{"maxX":-89.470681934,"maxY":21.190404103,"minX":-89.569054953,"minY":21.1153241390001},"result":"Chicxulub Pueblo, Yucatán, Mexico"}