{"bounds":{"maxX":-88.565668402,"maxY":20.916919788,"minX":-88.688269885,"minY":20.7609790440001},"result":"Quintana Roo, Yucatán, Mexico"}