{"bounds":{"maxX":-89.1822473239999,"maxY":21.041576134,"minX":-89.325684011,"minY":20.925762107},"result":"Cacalchén, Yucatán, Mexico"}