{"bounds":{"maxX":-88.345074078,"maxY":20.67646332,"minX":-88.548181275,"minY":20.5209001490001},"result":"Kaua, Yucatán, Mexico"}