{"bounds":{"maxX":-89.792842175,"maxY":20.6977145490001,"minX":-90.025619929,"minY":20.590132162},"result":"Kopomá, Yucatán, Mexico"}