{"bounds":{"maxX":-88.792437698,"maxY":20.327367167,"minX":-88.989364832,"minY":20.1627616170001},"result":"Tahdziú, Yucatán, Mexico"}