{"bounds":{"maxX":-88.90935116,"maxY":20.164627351,"minX":-89.159307493,"minY":19.67803952},"result":"Tzucacab, Yucatán, Mexico"}