{"bounds":{"maxX":-89.4513034729999,"maxY":21.191103798,"minX":-89.801199164,"minY":20.697106235},"result":"Mérida, Yucatán, Mexico"}