{"bounds":{"maxX":-89.655838037,"maxY":20.9773889420001,"minX":-89.887811988,"minY":20.716996588},"result":"Umán, Yucatán, Mexico"}