{"bounds":{"maxX":-89.307086768,"maxY":20.574381988,"minX":-89.453141248,"minY":20.4464691800001},"result":"Mama, Yucatán, Mexico"}