{"bounds":{"maxX":-89.121221707,"maxY":20.559867264,"minX":-89.244705766,"minY":20.424676719},"result":"Mayapán, Yucatán, Mexico"}