{"bounds":{"maxX":-89.4810068959999,"maxY":20.883631354,"minX":-89.587132729,"minY":20.601731338},"result":"Timucuy, Yucatán, Mexico"}