{"bounds":{"maxX":-89.365706803,"maxY":20.9150703770001,"minX":-89.510218801,"minY":20.720695263},"result":"Acanceh, Yucatán, Mexico"}