{"bounds":{"maxX":-89.415339025,"maxY":21.2039092140001,"minX":-89.4973290629999,"minY":21.084843123},"result":"Mocochá, Yucatán, Mexico"}