{"bounds":{"maxX":-88.24497345,"maxY":21.3020780890001,"minX":-88.483669965,"minY":21.1195494740001},"result":"Sucilá, Yucatán, Mexico"}