{"bounds":{"maxX":-89.0270605439999,"maxY":21.057436104,"minX":-89.159883839,"minY":20.95780676},"result":"Tekantó, Yucatán, Mexico"}