{"bounds":{"maxX":-88.469160035,"maxY":21.343953013,"minX":-88.8511258729999,"minY":21.0809843710001},"result":"Buctzotz, Yucatán, Mexico"}