{"bounds":{"maxX":-89.901708758,"maxY":20.9501245640001,"minX":-90.2164741399999,"minY":20.7360450520001},"result":"Kinchil, Yucatán, Mexico"}