{"bounds":{"maxX":-89.427531917,"maxY":20.4833064630001,"minX":-89.728403666,"minY":20.2465061},"result":"Ticul, Yucatán, Mexico"}