{"bounds":{"maxX":-89.107520168,"maxY":20.4548515000001,"minX":-89.33584767,"minY":20.306397518},"result":"Teabo, Yucatán, Mexico"}