{"bounds":{"maxX":-89.395174335,"maxY":21.011713592,"minX":-89.540583394,"minY":20.909976688},"result":"Tixpéhual, Yucatán, Mexico"}