{"bounds":{"maxX":-88.182676116,"maxY":21.1869062480001,"minX":-88.513851895,"minY":20.8335651240001},"result":"Espita, Yucatán, Mexico"}