{"bounds":{"maxX":-88.4028920009999,"maxY":20.4162392600001,"minX":-88.690608904,"minY":20.0898561270001},"result":"Chikindzonot, Yucatán, Mexico"}