{"bounds":{"maxX":-87.861667359,"maxY":21.6242661740001,"minX":-88.2089262059999,"minY":21.4098424650001},"result":"Río Lagartos, Yucatán, Mexico"}