{"bounds":{"maxX":-88.697655025,"maxY":21.2948786760001,"minX":-89.0214343659999,"minY":21.05130266},"result":"Temax, Yucatán, Mexico"}