{"bounds":{"maxX":-89.338570969,"maxY":20.782481133,"minX":-89.5751679959999,"minY":20.549707197},"result":"Tecoh, Yucatán, Mexico"}