{"bounds":{"maxX":-88.4093260349999,"maxY":20.937571737,"minX":-88.69307384,"minY":20.728087208},"result":"Dzitás, Yucatán, Mexico"}