{"bounds":{"maxX":-89.225166788,"maxY":20.5298699260001,"minX":-89.33673423,"minY":20.4130041720001},"result":"Chumayel, Yucatán, Mexico"}