{"bounds":{"maxX":-88.808099496,"maxY":21.005038713,"minX":-89.194057927,"minY":20.7618631660001},"result":"Izamal, Yucatán, Mexico"}