{"bounds":{"maxX":-89.272129822,"maxY":21.0591288630001,"minX":-89.4912032729999,"minY":20.8909253520001},"result":"Tixkokob, Yucatán, Mexico"}