{"bounds":{"maxX":-89.07166324,"maxY":20.4040628540001,"minX":-89.587499748,"minY":19.551174095},"result":"Tekax, Yucatán, Mexico"}