{"bounds":{"maxX":-89.2957897639999,"maxY":20.324440458,"minX":-89.391669263,"minY":20.195706376},"result":"Akil, Yucatán, Mexico"}