{"bounds":{"maxX":-89.4698420139999,"maxY":20.9820736880001,"minX":-89.599433693,"minY":20.848588787},"result":"Kanasín, Yucatán, Mexico"}