{"bounds":{"maxX":-88.284553011,"maxY":20.9227908660001,"minX":-88.443773329,"minY":20.6537464830001},"result":"Uayma, Yucatán, Mexico"}