{"bounds":{"maxX":-89.358586745,"maxY":20.3588909110001,"minX":-89.748474174,"minY":19.9204600310001},"result":"Oxkutzcab, Yucatán, Mexico"}