{"bounds":{"maxX":-87.533145281,"maxY":21.571635056,"minX":-88.283772974,"minY":20.925736661},"result":"Tizimín, Yucatán, Mexico"}