{"bounds":{"maxX":-89.132683652,"maxY":20.775450176,"minX":-89.358317496,"minY":20.553596215},"result":"Homún, Yucatán, Mexico"}