{"bounds":{"maxX":-88.7524527309999,"maxY":20.8998495440001,"minX":-89.051757488,"minY":20.668968384},"result":"Sudzal, Yucatán, Mexico"}