{"bounds":{"maxX":-88.4604480519999,"maxY":21.184013292,"minX":-88.715771106,"minY":20.8780335810001},"result":"Cenotillo, Yucatán, Mexico"}