{"bounds":{"maxX":-89.825218247,"maxY":20.841489698,"minX":-90.381876732,"minY":20.352091123},"result":"Maxcanú, Yucatán, Mexico"}