{"bounds":{"maxX":-89.575967653,"maxY":20.3747888840001,"minX":-89.902479461,"minY":20.136171942},"result":"Santa Elena, Yucatán, Mexico"}