{"bounds":{"maxX":-89.0015854819999,"maxY":20.356420299,"minX":-89.189081567,"minY":20.139078904},"result":"Tixmehuac, Yucatán, Mexico"}