{"bounds":{"maxX":-89.340093431,"maxY":21.2346259030001,"minX":-89.4443124319999,"minY":21.0339923560001},"result":"Baca, Yucatán, Mexico"}