{"bounds":{"maxX":-89.1467542729999,"maxY":20.8596512230001,"minX":-89.334392441,"minY":20.7596157510001},"result":"Hocabá, Yucatán, Mexico"}