{"bounds":{"maxX":-88.8607803949999,"maxY":20.8325771720001,"minX":-89.084414421,"minY":20.670583547},"result":"Kantunil, Yucatán, Mexico"}