{"bounds":{"maxX":-89.085178478,"maxY":21.165620545,"minX":-89.217641003,"minY":21.0531355260001},"result":"Suma, Yucatán, Mexico"}