{"bounds":{"maxX":-89.530518763,"maxY":20.748287437,"minX":-89.7776579279999,"minY":20.5722422000001},"result":"Abalá, Yucatán, Mexico"}