{"bounds":{"maxX":-88.2164792029999,"maxY":20.572927296,"minX":-88.459322559,"minY":20.2517675120001},"result":"Tixcacalcupul, Yucatán, Mexico"}