{"bounds":{"maxX":-89.223890164,"maxY":21.348196635,"minX":-89.327459984,"minY":21.2722529500001},"result":"Telchac Puerto, Yucatán, Mexico"}