{"bounds":{"maxX":-89.132205315,"maxY":21.057202752,"minX":-89.220501891,"minY":20.9338598860001},"result":"Bokobá, Yucatán, Mexico"}