{"bounds":{"maxX":-89.7972348229999,"maxY":21.2425575870001,"minX":-90.272263062,"minY":20.9035951170001},"result":"Hunucmá, Yucatán, Mexico"}