{"bounds":{"maxX":-89.266170496,"maxY":21.3386163340001,"minX":-89.4533282629999,"minY":21.1644988050001},"result":"Dzemul, Yucatán, Mexico"}