{"bounds":{"maxX":-89.144330775,"maxY":20.6511779050001,"minX":-89.397418619,"minY":20.485845678},"result":"Tekit, Yucatán, Mexico"}