{"bounds":{"maxX":-88.5729416779999,"maxY":20.770933615,"minX":-88.9845424929999,"minY":20.1968235680001},"result":"Yaxcabá, Yucatán, Mexico"}