{"bounds":{"maxX":-89.71013103,"maxY":21.206030475,"minX":-89.837303606,"minY":20.9708714400001},"result":"Ucú, Yucatán, Mexico"}