{"bounds":{"maxX":-88.9456929629999,"maxY":21.3822320100001,"minX":-89.098265387,"minY":21.195170992},"result":"Dzidzantún, Yucatán, Mexico"}