{"bounds":{"maxX":-89.487339457,"maxY":21.3177713380001,"minX":-89.865541179,"minY":21.142139855},"result":"Progreso, Yucatán, Mexico"}