{"bounds":{"maxX":-89.8091340679999,"maxY":20.944501788,"minX":-90.003058416,"minY":20.7513961870001},"result":"Samahil, Yucatán, Mexico"}