{"bounds":{"maxX":-87.9380064869999,"maxY":20.8797730050001,"minX":-88.32493053,"minY":20.34953705},"result":"Valladolid, Yucatán, Mexico"}