{"bounds":{"maxX":-87.514305,"maxY":22.528749,"minX":-91.399865,"minY":19.65109},"result":"Yucatán, Mexico"}