{"bounds":{"maxX":-88.472094537,"maxY":21.4327691340001,"minX":-89.013791195,"minY":21.215550041},"result":"Dzilam González, Yucatán, Mexico"}