{"bounds":{"maxX":-88.993511957,"maxY":21.227509393,"minX":-89.1513064599999,"minY":21.107260975},"result":"Cansahcab, Yucatán, Mexico"}