{"bounds":{"maxX":-89.5262712049999,"maxY":20.6096320090001,"minX":-89.75680818,"minY":20.4021800260001},"result":"Sacalum, Yucatán, Mexico"}