{"bounds":{"maxX":-89.294713713,"maxY":20.7805122520001,"minX":-89.4092857109999,"minY":20.645672228},"result":"Cuzamá, Yucatán, Mexico"}