{"bounds":{"maxX":-87.578340681,"maxY":20.9938727970001,"minX":-88.044819788,"minY":20.4701966960001},"result":"Chemax, Yucatán, Mexico"}