{"bounds":{"maxX":-89.4137530679999,"maxY":21.3232997640001,"minX":-89.5224396529999,"minY":21.134020299},"result":"Ixil, Yucatán, Mexico"}