{"bounds":{"maxX":-89.613886924,"maxY":20.596182039,"minX":-89.870710495,"minY":20.3365009460001},"result":"Muna, Yucatán, Mexico"}