{"bounds":{"maxX":-89.996703697,"maxY":20.7473046540001,"minX":-90.386648786,"minY":20.425225896},"result":"Halachó, Yucatán, Mexico"}