{"bounds":{"maxX":-88.709931012,"maxY":21.080459665,"minX":-88.9911426469999,"minY":20.9600276520001},"result":"Tekal de Venegas, Yucatán, Mexico"}