{"bounds":{"maxX":-89.8755729329999,"maxY":21.02994849,"minX":-90.237822116,"minY":20.8827192800001},"result":"Tetiz, Yucatán, Mexico"}