{"bounds":{"maxX":-88.423594441,"maxY":20.6471010500001,"minX":-88.658171801,"minY":20.2796612010001},"result":"Chankom, Yucatán, Mexico"}