{"bounds":{"maxX":-88.742848602,"maxY":21.1601133390001,"minX":-88.922839599,"minY":21.0308712520001},"result":"Dzoncauich, Yucatán, Mexico"}