{"bounds":{"maxX":-88.411434702,"maxY":21.542184289,"minX":-88.971446476,"minY":21.338887309},"result":"Dzilam de Bravo, Yucatán, Mexico"}