{"bounds":{"maxX":-88.26893319,"maxY":20.712426608,"minX":-88.432953691,"minY":20.531523082},"result":"Cuncunul, Yucatán, Mexico"}