{"bounds":{"maxX":-89.218243561,"maxY":21.276720922,"minX":-89.295030385,"minY":21.1620425790001},"result":"Telchac Pueblo, Yucatán, Mexico"}