{"bounds":{"maxX":-88.2356240239999,"maxY":20.627323302,"minX":-88.5286050839999,"minY":20.3741362860001},"result":"Tekom, Yucatán, Mexico"}