{"bounds":{"maxX":-89.371908951,"maxY":20.4583942570001,"minX":-89.5096234809999,"minY":20.3358456920001},"result":"Dzán, Yucatán, Mexico"}