{"bounds":{"maxX":-89.745264994,"maxY":20.635072699,"minX":-89.962883028,"minY":20.464049178},"result":"Opichén, Yucatán, Mexico"}