{"bounds":{"maxX":-89.0683665829999,"maxY":21.3675650000001,"minX":-89.176744769,"minY":21.2063879340001},"result":"Yobaín, Yucatán, Mexico"}