{"bounds":{"maxX":-88.6126565929999,"maxY":20.310874733,"minX":-88.99970518,"minY":19.7909485610001},"result":"Peto, Yucatán, Mexico"}