{"bounds":{"maxX":-87.9821872539999,"maxY":21.086915112,"minX":-88.2458015729999,"minY":20.9088893970001},"result":"Calotmul, Yucatán, Mexico"}