{"bounds":{"maxX":-88.659391606,"maxY":21.0396279280001,"minX":-88.8572427839999,"minY":20.752309054},"result":"Tunkás, Yucatán, Mexico"}