{"bounds":{"maxX":-88.9959018979999,"maxY":21.128060165,"minX":-89.118928673,"minY":20.9864714440001},"result":"Teya, Yucatán, Mexico"}