{"bounds":{"maxX":-89.242793922,"maxY":21.114128798,"minX":-89.375709978,"minY":20.9974252970001},"result":"Muxupip, Yucatán, Mexico"}