{"bounds":{"maxX":-89.2823786879999,"maxY":20.942666031,"minX":-89.4575903749999,"minY":20.7539237080001},"result":"Seyé, Yucatán, Mexico"}