{"bounds":{"maxX":-88.939441876,"maxY":21.143119918,"minX":-89.057161427,"minY":20.9836994680001},"result":"Tepakán, Yucatán, Mexico"}