{"bounds":{"maxX":-89.714375064,"maxY":20.8254092920001,"minX":-90.018531353,"minY":20.6276780950001},"result":"Chocholá, Yucatán, Mexico"}