{"bounds":{"maxX":-88.313280189,"maxY":20.8649704360001,"minX":-88.696443087,"minY":20.6173469120001},"result":"Tinum, Yucatán, Mexico"}