{"bounds":{"maxX":-89.045141771,"maxY":20.950516754,"minX":-89.242986936,"minY":20.8215339710001},"result":"Hoctún, Yucatán, Mexico"}