{"bounds":{"maxX":-88.822809781,"maxY":20.7461091870001,"minX":-89.199387157,"minY":20.4845154390001},"result":"Sotuta, Yucatán, Mexico"}