{"bounds":{"maxX":-89.438295448,"maxY":21.1246722550001,"minX":-89.5663768319999,"minY":21.025713739},"result":"Conkal, Yucatán, Mexico"}