{"bounds":{"maxX":-89.385854776,"maxY":21.090184478,"minX":-89.500697829,"minY":21.022740743},"result":"Yaxkukul, Yucatán, Mexico"}