{"bounds":{"maxX":-88.966187291,"maxY":20.2912347280001,"minX":-89.088605158,"minY":20.1247157230001},"result":"Chacsinkín, Yucatán, Mexico"}