{"bounds":{"maxX":-103.402324244,"maxY":21.329292493,"minX":-103.62453826,"minY":21.116579797},"result":"Trinidad García de la Cadena, Zacatecas, Mexico"}