{"bounds":{"maxX":-103.466725334,"maxY":21.590346916,"minX":-103.701464716,"minY":21.3909062320001},"result":"Benito Juárez, Zacatecas, Mexico"}