{"bounds":{"maxX":-103.308654993,"maxY":21.896432104,"minX":-103.572627258,"minY":21.6350210950001},"result":"Atolinga, Zacatecas, Mexico"}