{"bounds":{"maxX":-101.192504946,"maxY":25.066636493,"minX":-102.673061568,"minY":23.6935677500001},"result":"Mazapil, Zacatecas, Mexico"}