{"bounds":{"maxX":-101.583389556,"maxY":25.1252355070001,"minX":-102.463325207,"minY":24.6749097380001},"result":"Melchor Ocampo, Zacatecas, Mexico"}