{"bounds":{"maxX":-102.745299935,"maxY":21.8650421580001,"minX":-103.089060172,"minY":21.670283586},"result":"Huanusco, Zacatecas, Mexico"}