{"bounds":{"maxX":-102.673731312,"maxY":24.065499607,"minX":-103.391972909,"minY":23.5594246430001},"result":"Río Grande, Zacatecas, Mexico"}