{"bounds":{"maxX":-103.295025565,"maxY":24.088965107,"minX":-103.879077749,"minY":23.0608972370001},"result":"Sombrerete, Zacatecas, Mexico"}