{"bounds":{"maxX":-101.799275708,"maxY":22.6610940680001,"minX":-102.089020832,"minY":22.426870486},"result":"Villa González Ortega, Zacatecas, Mexico"}