{"bounds":{"maxX":-102.275463491,"maxY":24.4665008580001,"minX":-103.258788532,"minY":23.789992851},"result":"General Francisco R. Murguía, Zacatecas, Mexico"}