{"bounds":{"maxX":-101.759204055,"maxY":22.5017694850001,"minX":-102.112353351,"minY":22.2951482920001},"result":"Noria de Ángeles, Zacatecas, Mexico"}