{"bounds":{"maxX":-102.805461574,"maxY":22.0671321500001,"minX":-103.087957843,"minY":21.812755232},"result":"Tabasco, Zacatecas, Mexico"}