{"bounds":{"maxX":-103.650931277,"maxY":23.323492521,"minX":-104.173614456,"minY":22.971792356},"result":"Jiménez del Teul, Zacatecas, Mexico"}