{"bounds":{"maxX":-102.624841511,"maxY":21.57326812,"minX":-102.762373437,"minY":21.3391580790001},"result":"Apulco, Zacatecas, Mexico"}