{"bounds":{"maxX":-103.14558679,"maxY":24.447253801,"minX":-103.433144335,"minY":24.0629882900001},"result":"Juan Aldama, Zacatecas, Mexico"}