{"bounds":{"maxX":-101.771422691,"maxY":22.230746186,"minX":-102.04522131,"minY":22.019983097},"result":"Villa García, Zacatecas, Mexico"}