{"bounds":{"maxX":-102.217317732,"maxY":22.8345248640001,"minX":-102.40291955,"minY":22.676172969},"result":"Trancoso, Zacatecas, Mexico"}