{"bounds":{"maxX":-102.909600676,"maxY":22.1429160270001,"minX":-103.172535578,"minY":21.8646221110001},"result":"El Plateado de Joaquín Amaro, Zacatecas, Mexico"}