{"bounds":{"maxX":-103.06922569,"maxY":21.9183079320001,"minX":-103.429204248,"minY":21.631162121},"result":"Tlaltenango de Sánchez Román, Zacatecas, Mexico"}