{"bounds":{"maxX":-103.260498682,"maxY":24.3584192450001,"minX":-103.758073396,"minY":23.968791126},"result":"Miguel Auza, Zacatecas, Mexico"}