{"bounds":{"maxX":-103.079205396,"maxY":22.6963983520001,"minX":-103.30531145,"minY":22.5633405890001},"result":"Susticacán, Zacatecas, Mexico"}