{"bounds":{"maxX":-102.233523863,"maxY":23.109702401,"minX":-102.656874144,"minY":22.8471617170001},"result":"Pánuco, Zacatecas, Mexico"}