{"bounds":{"maxX":-102.268868401,"maxY":22.5861419230001,"minX":-102.539821865,"minY":22.334689369},"result":"Cuauhtémoc, Zacatecas, Mexico"}