{"bounds":{"maxX":-100.832496,"maxY":25.147551,"minX":-104.363326,"minY":20.99954},"result":"Zacatecas, Mexico"}