{"bounds":{"maxX":-103.169781744,"maxY":21.5923811050001,"minX":-103.511732856,"minY":21.4297814930001},"result":"Santa María de la Paz, Zacatecas, Mexico"}