{"bounds":{"maxX":-103.721138706,"maxY":23.6115660900001,"minX":-104.115192336,"minY":23.2742255800001},"result":"Chalchihuites, Zacatecas, Mexico"}