{"bounds":{"maxX":-102.484507723,"maxY":23.5963540700001,"minX":-103.523589872,"minY":22.852991306},"result":"Fresnillo, Zacatecas, Mexico"}