{"bounds":{"maxX":-102.196982395,"maxY":23.0249370810001,"minX":-102.657320318,"minY":22.539839111},"result":"Guadalupe, Zacatecas, Mexico"}