{"bounds":{"maxX":-103.240761392,"maxY":22.6629292110001,"minX":-103.690798111,"minY":22.097105448},"result":"Monte Escobedo, Zacatecas, Mexico"}