{"bounds":{"maxX":-102.601106827,"maxY":22.675869961,"minX":-103.154843254,"minY":21.9948106950001},"result":"Villanueva, Zacatecas, Mexico"}