{"bounds":{"maxX":-102.37875274,"maxY":22.968476679,"minX":-102.591764995,"minY":22.7729518370001},"result":"Vetagrande, Zacatecas, Mexico"}