{"bounds":{"maxX":-102.681380196,"maxY":23.0734191070001,"minX":-102.904335607,"minY":22.9566939530001},"result":"General Enrique Estrada, Zacatecas, Mexico"}