{"bounds":{"maxX":-103.032130327,"maxY":21.3394331480001,"minX":-103.298090989,"minY":21.0532778520001},"result":"Moyahua de Estrada, Zacatecas, Mexico"}