{"bounds":{"maxX":-103.191954097,"maxY":23.1638249960001,"minX":-104.353533039,"minY":22.16688243},"result":"Valparaíso, Zacatecas, Mexico"}