{"bounds":{"maxX":-102.110298032,"maxY":22.519209878,"minX":-102.306946583,"minY":22.3485139410001},"result":"Luis Moya, Zacatecas, Mexico"}