{"bounds":{"maxX":-101.285726384,"maxY":22.74768069,"minX":-101.822660083,"minY":21.799058497},"result":"Pinos, Zacatecas, Mexico"}