{"bounds":{"maxX":-102.568691783,"maxY":22.934009458,"minX":-102.79646131,"minY":22.7767882270001},"result":"Morelos, Zacatecas, Mexico"}