{"bounds":{"maxX":-101.78128796,"maxY":22.3813860720001,"minX":-102.162134434,"minY":22.1660373920001},"result":"Loreto, Zacatecas, Mexico"}