{"bounds":{"maxX":-100.742324287,"maxY":24.5911853160001,"minX":-101.080495133,"minY":24.281195891},"result":"El Salvador, Zacatecas, Mexico"}