{"bounds":{"maxX":-102.36088039,"maxY":22.6238925480001,"minX":-102.743958913,"minY":22.2908990380001},"result":"Genaro Codina, Zacatecas, Mexico"}