{"bounds":{"maxX":-102.969851584,"maxY":21.461133976,"minX":-103.262955376,"minY":21.294996161},"result":"Juchipila, Zacatecas, Mexico"}