{"bounds":{"maxX":-103.158492246,"maxY":21.728264021,"minX":-103.555555879,"minY":21.5009608010001},"result":"Tepechitlán, Zacatecas, Mexico"}