{"bounds":{"maxX":-100.987327054,"maxY":24.813352509,"minX":-101.47372007,"minY":24.086864876},"result":"Concepción del Oro, Zacatecas, Mexico"}