{"bounds":{"maxX":-102.959419584,"maxY":23.7817945690001,"minX":-103.492366133,"minY":23.38031009},"result":"Sain Alto, Zacatecas, Mexico"}