{"bounds":{"maxX":-102.946961993,"maxY":22.6076262870001,"minX":-103.305357087,"minY":22.2378349850001},"result":"Tepetongo, Zacatecas, Mexico"}