{"bounds":{"maxX":-102.691816477,"maxY":21.6675475710001,"minX":-103.049569458,"minY":21.2052346620001},"result":"Nochistlán de Mejía, Zacatecas, Mexico"}