{"bounds":{"maxX":-103.227726238,"maxY":21.3460345400001,"minX":-103.474174948,"minY":21.041869402},"result":"Mezquital del Oro, Zacatecas, Mexico"}