{"bounds":{"maxX":-102.040848951,"maxY":22.745427061,"minX":-102.433555083,"minY":22.385498419},"result":"Ojocaliente, Zacatecas, Mexico"}