{"bounds":{"maxX":-102.934976932,"maxY":21.5631627340001,"minX":-103.219651625,"minY":21.361785642},"result":"Apozol, Zacatecas, Mexico"}