{"bounds":{"maxX":-101.948214033,"maxY":22.882642516,"minX":-102.246098025,"minY":22.523828687},"result":"General Pánfilo Natera, Zacatecas, Mexico"}