{"bounds":{"maxX":-101.586540826,"maxY":22.520422108,"minX":-101.846959262,"minY":22.292948433},"result":"Villa Alta, Zacatecas, Mexico"}