{"bounds":{"maxX":-102.554657551,"maxY":23.686795535,"minX":-102.878314721,"minY":23.464882346},"result":"Cañitas de Felipe Pescador, Zacatecas, Mexico"}