{"bounds":{"maxX":-102.53931895,"maxY":22.8414719460001,"minX":-102.849731359,"minY":22.617180455},"result":"Zacatecas, Zacatecas, Mexico"}