{"bounds":{"maxX":-103.220369118,"maxY":21.5094535330001,"minX":-103.722190082,"minY":21.1912528460001},"result":"Teúl de González Ortega, Zacatecas, Mexico"}