{"bounds":{"maxX":-103.135730057,"maxY":22.000861706,"minX":-103.390679767,"minY":21.8887252010001},"result":"Momax, Zacatecas, Mexico"}