{"bounds":{"maxX":-101.466715905,"maxY":24.015412124,"minX":-102.732751575,"minY":23.040630455},"result":"Villa de Cos, Zacatecas, Mexico"}