{"bounds":{"maxX":-102.8028238,"maxY":21.7777783720001,"minX":-103.209202773,"minY":21.4833078},"result":"Jalpa, Zacatecas, Mexico"}