{"bounds":{"maxX":-102.7578718,"maxY":22.924405844,"minX":-103.249627058,"minY":22.496170169},"result":"Jerez, Zacatecas, Mexico"}