{"bounds":{"maxX":-102.602726561,"maxY":23.1218850660001,"minX":-102.908086129,"minY":22.8355952970001},"result":"Calera, Zacatecas, Mexico"}