{"bounds":{"maxX":-86.710137,"maxY":32.71804,"minX":-118.368888,"minY":14.532917},"result":"Mexico"}