{"bounds":{"maxX":102.590996,"maxY":2.49381099999999,"minX":101.97139,"minY":2.04695000000004},"result":"Melaka, Malaysia"}