{"bounds":{"maxX":103.634797,"maxY":4.77637000000004,"minX":101.331199,"minY":2.45832000000001},"result":"Pahang, Malaysia"}