{"bounds":{"maxX":102.6678,"maxY":6.24580800000001,"minX":101.336899,"minY":4.54911100000004},"result":"Kelantan, Malaysia"}