{"bounds":{"maxX":102.700502,"maxY":3.27841000000001,"minX":101.711295,"minY":2.376351},"result":"Negeri Sembilan, Malaysia"}