{"bounds":{"maxX":104.551269,"maxY":2.93470300000001,"minX":102.470336,"minY":1.26444500000002},"result":"Johor, Malaysia"}