{"bounds":{"maxX":100.550399,"maxY":5.585759,"minX":100.175376,"minY":5.12977000000001},"result":"Pulau Pinang, Malaysia"}