{"bounds":{"maxX":101.998298,"maxY":5.93435099999999,"minX":100.095283,"minY":3.66542100000004},"result":"Perak, Malaysia"}