{"bounds":{"maxX":101.133302,"maxY":6.53703000000002,"minX":99.640716,"minY":5.08685000000003},"result":"Kedah, Malaysia"}