{"bounds":{"maxX":100.371521,"maxY":6.72599000000002,"minX":100.124442,"minY":6.25444400000003},"result":"Perlis, Malaysia"}