{"bounds":{"maxX":103.690873,"maxY":5.84430500000002,"minX":102.383797,"minY":3.89041100000003},"result":"Terengganu, Malaysia"}