{"bounds":{"maxX":115.690102,"maxY":5.00215000000003,"minX":109.537934,"minY":0.855001000000016},"result":"Sarawak, Malaysia"}