{"bounds":{"maxX":119.269722,"maxY":7.38055600000001,"minX":115.339751,"minY":4.11197700000002},"result":"Sabah, Malaysia"}