{"bounds":{"maxX":101.969902,"maxY":3.86566200000004,"minX":100.809074,"minY":2.59369200000003},"result":"Selangor, Malaysia"}