{"bounds":{"maxX":119.269722,"maxY":7.38055600000001,"minX":99.640716,"minY":0.855001000000016},"result":"Malaysia"}