{"bounds":{"maxX":38.481838,"maxY":-11.259667,"minX":34.408389,"minY":-15.468351},"result":"Niassa, Mozambique"}