{"bounds":{"maxX":34.534909,"maxY":-16.3853,"minX":32.366719,"minY":-21.585961},"result":"Manica, Mozambique"}