{"bounds":{"maxX":34.47358,"maxY":-21.309147,"minX":31.306299,"minY":-25.382917},"result":"Gaza, Mozambique"}