{"bounds":{"maxX":35.604026,"maxY":-20.957082,"minX":33.154819,"minY":-24.8626379999999},"result":"Inhambane, Mozambique"}