{"bounds":{"maxX":33.137452,"maxY":-24.2032,"minX":31.93805,"minY":-26.8686949999999},"result":"Maputo, Mozambique"}