{"bounds":{"maxX":40.839306,"maxY":-13.441529,"minX":36.69735,"minY":-16.910973},"result":"Nampula, Mozambique"}