{"bounds":{"maxX":40.725417,"maxY":-10.47125,"minX":37.9404,"minY":-14.156962},"result":"Cabo Delgado, Mozambique"}