{"bounds":{"maxX":39.136978,"maxY":-14.99587,"minX":35.144965,"minY":-18.8626379999999},"result":"Zambézia, Mozambique"}