{"bounds":{"maxX":36.294304,"maxY":-16.78302,"minX":33.38913,"minY":-21.3166409999999},"result":"Sofala, Mozambique"}