{"bounds":{"maxX":35.368371,"maxY":-13.998069,"minX":30.217383,"minY":-17.758169},"result":"Tete, Mozambique"}