{"bounds":{"maxX":40.839306,"maxY":-10.47125,"minX":30.217383,"minY":-26.8686949999999},"result":"Mozambique"}