{"bounds":{"maxX":25.2567,"maxY":-17.468423,"minX":22.498481,"minY":-18.5040499999999},"result":"Caprivi, Namibia"}