{"bounds":{"maxX":16.55801,"maxY":-20.492047,"minX":13.62736,"minY":-23.811724},"result":"Erongo, Namibia"}