{"bounds":{"maxX":20.000241,"maxY":-23.168379,"minX":14.45014,"minY":-25.873412},"result":"Hardap, Namibia"}