{"bounds":{"maxX":18.501855,"maxY":-21.708691,"minX":15.723837,"minY":-24.087887},"result":"Khomas, Namibia"}