{"bounds":{"maxX":19.999999,"maxY":-25.00931,"minX":14.801528,"minY":-28.97143},"result":"Karas, Namibia"}