{"bounds":{"maxX":16.721759,"maxY":-16.95989,"minX":11.734862,"minY":-21.190048},"result":"Kunene, Namibia"}