{"bounds":{"maxX":16.038624,"maxY":-17.672159,"minX":15.278309,"minY":-19.330602},"result":"Oshana, Namibia"}