{"bounds":{"maxX":20.99755,"maxY":-18.747973,"minX":15.574102,"minY":-22.379666},"result":"Otjozondjupa, Namibia"}