{"bounds":{"maxX":21.001741,"maxY":-20.239234,"minX":17.955074,"minY":-23.8671849999999},"result":"Omaheke, Namibia"}