{"bounds":{"maxX":18.200375,"maxY":-17.689517,"minX":15.83997,"minY":-19.534113},"result":"Oshikoto, Namibia"}