{"bounds":{"maxX":15.654734,"maxY":-17.38406,"minX":14.130831,"minY":-19.417583},"result":"Omusati, Namibia"}