{"bounds":{"maxX":17.999078,"maxY":-17.389888,"minX":15.546796,"minY":-17.9307889999999},"result":"Ohangwena, Namibia"}