{"bounds":{"maxX":22.504133,"maxY":-17.393161,"minX":17.999069,"minY":-19.184559},"result":"Okavango, Namibia"}