{"bounds":{"maxX":25.2567,"maxY":-16.95989,"minX":11.734862,"minY":-28.97143},"result":"Namibia"}