{"bounds":{"maxX":168.959166,"maxY":-17.399166,"minX":155.868896,"minY":-22.848056},"result":"New Caledonia"}