{"bounds":{"maxX":15.995642,"maxY":23.52503,"minX":4.242887,"minY":15.318475},"result":"Agadez, Niger"}