{"bounds":{"maxX":15.558959,"maxY":18.013492,"minX":10.605229,"minY":13.062409},"result":"Diffa, Niger"}