{"bounds":{"maxX":4.59528700000004,"maxY":14.635122,"minX":2.46904000000001,"minY":11.69697},"result":"Dosso, Niger"}