{"bounds":{"maxX":8.53786400000001,"maxY":15.43725,"minX":6.27579600000001,"minY":12.988611},"result":"Maradi, Niger"}