{"bounds":{"maxX":6.72484100000003,"maxY":18.679722,"minX":3.87712500000004,"minY":13.642834},"result":"Tahoua, Niger"}