{"bounds":{"maxX":4.25753700000001,"maxY":15.697594,"minX":0.166250000000048,"minY":11.901611},"result":"Tillabéri, Niger"}