{"bounds":{"maxX":11.994223,"maxY":17.493097,"minX":7.35244,"minY":12.803607},"result":"Zinder, Niger"}