{"bounds":{"maxX":2.26169400000003,"maxY":13.634099,"minX":1.97171000000003,"minY":13.424211},"result":"Niamey, Niger"}