{"bounds":{"maxX":15.995642,"maxY":23.52503,"minX":0.166250000000048,"minY":11.69697},"result":"Niger"}