{"bounds":{"maxX":167.998062,"maxY":-28.993889,"minX":167.913896,"minY":-29.133055},"result":"Norfolk Island"}