{"bounds":{"maxX":8.34375,"maxY":5.52954900000003,"minX":7.46260800000005,"minY":4.469585},"result":"Akwa Ibom, Nigeria"}