{"bounds":{"maxX":13.6917,"maxY":10.938964,"minX":11.400132,"minY":7.44436300000001},"result":"Adamawa, Nigeria"}