{"bounds":{"maxX":7.36371400000002,"maxY":6.77617500000002,"minX":6.61206900000002,"minY":5.69313600000004},"result":"Anambra, Nigeria"}