{"bounds":{"maxX":7.96204500000005,"maxY":6.022651,"minX":7.15315000000004,"minY":4.81540000000001},"result":"Abia, Nigeria"}