{"bounds":{"maxX":6.72097300000001,"maxY":5.39320000000004,"minX":5.37652700000001,"minY":4.27041800000001},"result":"Bayelsa, Nigeria"}