{"bounds":{"maxX":14.68007,"maxY":13.714445,"minX":11.62927,"minY":10.029217},"result":"Borno, Nigeria"}