{"bounds":{"maxX":11.080219,"maxY":12.502503,"minX":8.69466400000005,"minY":9.494238},"result":"Bauchi, Nigeria"}