{"bounds":{"maxX":9.922842,"maxY":8.14211800000004,"minX":7.49154200000004,"minY":6.44278100000002},"result":"Benue, Nigeria"}