{"bounds":{"maxX":9.46880800000002,"maxY":6.895487,"minX":7.864755,"minY":4.689029},"result":"Cross River, Nigeria"}