{"bounds":{"maxX":6.76059600000002,"maxY":6.52278000000001,"minX":5.003692,"minY":5.02331000000004},"result":"Delta, Nigeria"}