{"bounds":{"maxX":7.86460700000003,"maxY":7.11273500000004,"minX":6.905936,"minY":5.918609},"result":"Enugu, Nigeria"}