{"bounds":{"maxX":6.70096699999999,"maxY":7.57342299999999,"minX":4.97815900000001,"minY":5.73895800000003},"result":"Edo, Nigeria"}