{"bounds":{"maxX":5.81142500000004,"maxY":8.071483,"minX":4.90728300000001,"minY":7.27399300000002},"result":"Ekiti, Nigeria"}