{"bounds":{"maxX":8.44406800000002,"maxY":6.80219099999999,"minX":7.52585900000003,"minY":5.69032600000003},"result":"Ebonyi, Nigeria"}