{"bounds":{"maxX":7.62849800000004,"maxY":9.35993999999999,"minX":6.74633299999999,"minY":8.403412},"result":"Abuja Federal Capital Territory, Nigeria"}