{"bounds":{"maxX":11.945552,"maxY":11.333142,"minX":10.533835,"minY":9.57518600000003},"result":"Gombe, Nigeria"}