{"bounds":{"maxX":7.40521100000001,"maxY":5.92668200000003,"minX":6.62420800000001,"minY":5.17940500000003},"result":"Imo, Nigeria"}