{"bounds":{"maxX":10.609486,"maxY":12.988624,"minX":8.11160599999999,"minY":10.933441},"result":"Jigawa, Nigeria"}