{"bounds":{"maxX":7.88153400000004,"maxY":8.72546900000003,"minX":5.34567200000004,"minY":6.52745000000004},"result":"Kogi, Nigeria"}