{"bounds":{"maxX":8.78502400000002,"maxY":11.495542,"minX":6.093411,"minY":8.99978800000002},"result":"Kaduna, Nigeria"}