{"bounds":{"maxX":6.21089800000004,"maxY":10.150134,"minX":2.72841300000005,"minY":7.96538400000003},"result":"Kwara, Nigeria"}