{"bounds":{"maxX":8.97698700000001,"maxY":13.339568,"minX":6.87507700000003,"minY":11.110753},"result":"Katsina, Nigeria"}