{"bounds":{"maxX":9.35586800000004,"maxY":12.577339,"minX":7.68756100000002,"minY":10.544432},"result":"Kano, Nigeria"}