{"bounds":{"maxX":6.02712200000002,"maxY":13.228171,"minX":3.496037,"minY":10.095731},"result":"Kebbi, Nigeria"}