{"bounds":{"maxX":4.34823600000004,"maxY":6.70700500000004,"minX":2.70627999999999,"minY":6.37319400000001},"result":"Lagos, Nigeria"}