{"bounds":{"maxX":7.34115100000002,"maxY":11.346694,"minX":3.58417100000003,"minY":8.19441},"result":"Niger, Nigeria"}