{"bounds":{"maxX":9.61553200000003,"maxY":9.36237199999999,"minX":6.937161,"minY":7.76282900000001},"result":"Nassarawa, Nigeria"}