{"bounds":{"maxX":4.59602100000001,"maxY":7.97060600000003,"minX":2.668431,"minY":6.31540200000001},"result":"Ogun, Nigeria"}