{"bounds":{"maxX":5.06435600000003,"maxY":8.08473400000003,"minX":4.02856400000002,"minY":6.96676500000001},"result":"Osun, Nigeria"}