{"bounds":{"maxX":6.02837600000004,"maxY":7.77060900000004,"minX":4.35234000000003,"minY":5.85625000000005},"result":"Ondo, Nigeria"}