{"bounds":{"maxX":4.56424100000004,"maxY":9.181848,"minX":2.67830600000002,"minY":7.04489900000004},"result":"Oyo, Nigeria"}