{"bounds":{"maxX":10.654989,"maxY":10.343783,"minX":8.54549600000001,"minY":8.34715600000004},"result":"Plateau, Nigeria"}