{"bounds":{"maxX":7.58819300000005,"maxY":5.71882900000003,"minX":6.38366600000001,"minY":4.347083},"result":"Rivers, Nigeria"}