{"bounds":{"maxX":6.77436399999999,"maxY":13.89201,"minX":4.12764500000003,"minY":11.538265},"result":"Sokoto, Nigeria"}