{"bounds":{"maxX":11.975887,"maxY":9.60440900000003,"minX":9.10822200000001,"minY":6.502453},"result":"Taraba, Nigeria"}