{"bounds":{"maxX":12.489641,"maxY":13.376064,"minX":9.67505400000005,"minY":10.590675},"result":"Yobe, Nigeria"}