{"bounds":{"maxX":7.24188800000002,"maxY":13.190747,"minX":5.02348000000001,"minY":10.855987},"result":"Zamfara, Nigeria"}