{"bounds":{"maxX":14.68007,"maxY":13.89201,"minX":2.668431,"minY":4.27041800000001},"result":"Nigeria"}