{"bounds":{"maxX":-82.97014,"maxY":13.293742,"minX":-85.228264,"minY":10.918702},"result":"Atlántico Sur, Nicaragua"}