{"bounds":{"maxX":-81.9998639999999,"maxY":15.02591,"minX":-85.513527,"minY":13.026807},"result":"Atlántico Norte, Nicaragua"}