{"bounds":{"maxX":-84.96811,"maxY":12.783634,"minX":-85.985992,"minY":12.037051},"result":"Boaco, Nicaragua"}