{"bounds":{"maxX":-86.657088,"maxY":13.306297,"minX":-87.6909699999999,"minY":12.395694},"result":"Chinandega, Nicaragua"}