{"bounds":{"maxX":-84.572121,"maxY":12.644794,"minX":-85.676383,"minY":11.615304},"result":"Chontales, Nicaragua"}