{"bounds":{"maxX":-86.0854199999999,"maxY":11.951141,"minX":-86.440529,"minY":11.518689},"result":"Carazo, Nicaragua"}