{"bounds":{"maxX":-86.109138,"maxY":13.431935,"minX":-86.747627,"minY":12.847484},"result":"Estelí, Nicaragua"}