{"bounds":{"maxX":-85.785515,"maxY":12.190209,"minX":-86.134934,"minY":11.600893},"result":"Granada, Nicaragua"}