{"bounds":{"maxX":-84.824645,"maxY":14.607237,"minX":-86.2622919999999,"minY":12.984376},"result":"Jinotega, Nicaragua"}