{"bounds":{"maxX":-86.2695919999999,"maxY":13.115759,"minX":-87.117654,"minY":12.005663},"result":"León, Nicaragua"}