{"bounds":{"maxX":-86.0624549999999,"maxY":13.656657,"minX":-86.768271,"minY":13.201589},"result":"Madriz, Nicaragua"}