{"bounds":{"maxX":-85.827781,"maxY":12.63101,"minX":-86.6834489999999,"minY":11.7182},"result":"Managua, Nicaragua"}