{"bounds":{"maxX":-85.964334,"maxY":12.140574,"minX":-86.283957,"minY":11.82877},"result":"Masaya, Nicaragua"}