{"bounds":{"maxX":-84.71717,"maxY":13.374095,"minX":-86.284149,"minY":12.507351},"result":"Matagalpa, Nicaragua"}