{"bounds":{"maxX":-85.824784,"maxY":14.07706,"minX":-86.7851939999999,"minY":13.462233},"result":"Nueva Segovia, Nicaragua"}