{"bounds":{"maxX":-85.186585,"maxY":11.684893,"minX":-86.1739889999999,"minY":11.043717},"result":"Rivas, Nicaragua"}