{"bounds":{"maxX":-83.664613,"maxY":11.858178,"minX":-85.1929919999999,"minY":10.707542},"result":"Río San Juan, Nicaragua"}