{"bounds":{"maxX":-81.9998639999999,"maxY":15.02591,"minX":-87.6909699999999,"minY":10.707542},"result":"Nicaragua"}