{"bounds":{"maxX":7.10027600000001,"maxY":53.203873,"minX":6.12632400000001,"minY":52.613217},"result":"Drenthe, Netherlands"}