{"bounds":{"maxX":5.99130100000002,"maxY":52.843567,"minX":5.12674100000004,"minY":52.253318},"result":"Flevoland, Netherlands"}