{"bounds":{"maxX":6.43604200000004,"maxY":53.509583,"minX":4.84916700000002,"minY":52.800979},"result":"Fryslân, Netherlands"}