{"bounds":{"maxX":7.29271,"maxY":53.554584,"minX":6.17388,"minY":52.838769},"result":"Groningen, Netherlands"}