{"bounds":{"maxX":6.83838100000003,"maxY":52.521858,"minX":4.997883,"minY":51.734263},"result":"Gelderland, Netherlands"}