{"bounds":{"maxX":6.23349999999999,"maxY":51.779491,"minX":5.57058599999999,"minY":50.755165},"result":"Limburg, Netherlands"}