{"bounds":{"maxX":6.05635699999999,"maxY":51.831439,"minX":4.19170700000001,"minY":51.221456},"result":"Noord-Brabant, Netherlands"}