{"bounds":{"maxX":5.32160900000002,"maxY":53.183194,"minX":4.49416600000001,"minY":52.165553},"result":"Noord-Holland, Netherlands"}