{"bounds":{"maxX":7.08224100000001,"maxY":52.853741,"minX":5.784426,"minY":52.118979},"result":"Overijssel, Netherlands"}