{"bounds":{"maxX":5.63373000000001,"maxY":52.303669,"minX":4.79436700000002,"minY":51.934276},"result":"Utrecht, Netherlands"}