{"bounds":{"maxX":4.27809100000002,"maxY":51.757916,"minX":3.36078200000003,"minY":51.198947},"result":"Zeeland, Netherlands"}