{"bounds":{"maxX":5.15337400000004,"maxY":52.327655,"minX":3.83972199999999,"minY":51.654911},"result":"Zuid-Holland, Netherlands"}