{"bounds":{"maxX":7.29271,"maxY":53.554584,"minX":3.36078200000003,"minY":50.755165},"result":"Netherlands"}