{"bounds":{"maxX":9.365972,"maxY":59.678008,"minX":6.82245399999999,"minY":58.107919},"result":"Aust-Agder, Norway"}