{"bounds":{"maxX":10.619166,"maxY":61.090537,"minX":7.46445500000004,"minY":59.405608},"result":"Buskerud, Norway"}