{"bounds":{"maxX":11.162199,"maxY":62.381779,"minX":7.34660700000001,"minY":60.121838},"result":"Oppland, Norway"}