{"bounds":{"maxX":9.879636,"maxY":60.197164,"minX":7.09495900000002,"minY":58.763749},"result":"Telemark, Norway"}