{"bounds":{"maxX":11.927287,"maxY":60.595513,"minX":10.324724,"minY":59.480804},"result":"Akershus, Norway"}