{"bounds":{"maxX":11.942448,"maxY":59.78849,"minX":10.576389,"minY":58.876411},"result":"Østfold, Norway"}