{"bounds":{"maxX":12.875002,"maxY":62.698556,"minX":9.584835,"minY":59.842006},"result":"Hedmark, Norway"}