{"bounds":{"maxX":10.595834,"maxY":59.69236,"minX":9.750496,"minY":58.936806},"result":"Vestfold, Norway"}