{"bounds":{"maxX":10.939706,"maxY":60.132001,"minX":10.500332,"minY":59.807507},"result":"Oslo, Norway"}