{"bounds":{"maxX":9.58512899999999,"maxY":63.480523,"minX":5.347486,"minY":61.951537},"result":"Møre og Romsdal, Norway"}