{"bounds":{"maxX":8.32947300000001,"maxY":62.21452,"minX":4.65018500000002,"minY":60.671203},"result":"Sogn og Fjordane, Norway"}