{"bounds":{"maxX":7.71306000000004,"maxY":61.033442,"minX":4.69558499999999,"minY":59.486691},"result":"Hordaland, Norway"}