{"bounds":{"maxX":22.883256,"maxY":70.314126,"minX":15.59502,"minY":68.356889},"result":"Troms, Norway"}