{"bounds":{"maxX":8.20964300000003,"maxY":59.194504,"minX":6.39437100000004,"minY":57.959027},"result":"Vest-Agder, Norway"}