{"bounds":{"maxX":18.154524,"maxY":69.328224,"minX":11.713698,"minY":64.941789},"result":"Nordland, Norway"}