{"bounds":{"maxX":12.25414,"maxY":64.428703,"minX":8.24218400000001,"minY":62.254719},"result":"Sør-Trøndelag, Norway"}