{"bounds":{"maxX":14.311375,"maxY":65.143829,"minX":10.129988,"minY":63.17815},"result":"Nord-Trøndelag, Norway"}