{"bounds":{"maxX":7.19219600000002,"maxY":59.843711,"minX":4.84472300000004,"minY":58.270417},"result":"Rogaland, Norway"}