{"bounds":{"maxX":31.138194,"maxY":71.133019,"minX":21.17153,"minY":68.554367},"result":"Finnmark, Norway"}