{"bounds":{"maxX":31.138194,"maxY":71.133019,"minX":4.65018500000002,"minY":57.959027},"result":"Norway"}