{"bounds":{"maxX":86.9853377545969,"maxY":27.4402406164114,"minX":86.4262695927268,"minY":26.8722590108428},"result":"Khotang, Province 1, Nepal"}