{"bounds":{"maxX":87.2756173294483,"maxY":27.4636564798677,"minX":86.8947937936155,"minY":26.8864129969635},"result":"Bhojpur, Province 1, Nepal"}