{"bounds":{"maxX":87.6773702395834,"maxY":27.9577395483535,"minX":86.9401656293433,"minY":27.1363974782583},"result":"Sankhuwasabha, Province 1, Nepal"}