{"bounds":{"maxX":88.184856265568,"maxY":27.1062670140374,"minX":87.5996116125845,"minY":26.6646426404846},"result":"Ilam, Province 1, Nepal"}