{"bounds":{"maxX":87.0101573111566,"maxY":28.1130614101981,"minX":86.3556035156327,"minY":27.3380705448493},"result":"Solukhumbu, Province 1, Nepal"}