{"bounds":{"maxX":88.0802296456395,"maxY":27.4383536540873,"minX":87.4925681764638,"minY":26.8598968162708},"result":"Panchthar, Province 1, Nepal"}