{"bounds":{"maxX":87.1686516438183,"maxY":27.17993985518,"minX":86.1559247200724,"minY":26.6863032116806},"result":"Udayapur, Province 1, Nepal"}