{"bounds":{"maxX":88.2016681168111,"maxY":27.952923487744,"minX":87.444444094001,"minY":27.2681845557923},"result":"Taplejung, Province 1, Nepal"}