{"bounds":{"maxX":86.6861508818292,"maxY":27.5262695857375,"minX":86.2035808250751,"minY":27.1467923126646},"result":"Okhaldhunga, Province 1, Nepal"}