{"bounds":{"maxX":87.6909120838636,"maxY":26.8735378617373,"minX":87.2385907547964,"minY":26.3478371772314},"result":"Morang, Province 1, Nepal"}