{"bounds":{"maxX":87.3539392603683,"maxY":26.8787982081328,"minX":86.9040289208393,"minY":26.4032717421402},"result":"Sunsari, Province 1, Nepal"}