{"bounds":{"maxX":88.2016681168111,"maxY":28.1130614101981,"minX":86.1559247200724,"minY":26.3478371772314},"result":"Province 1, Nepal"}