{"bounds":{"maxX":87.5801122748704,"maxY":27.1909122320615,"minX":87.1482972913517,"minY":26.8456634055626},"result":"Dhankuta, Province 1, Nepal"}