{"bounds":{"maxX":87.7516515853809,"maxY":27.2970878666267,"minX":87.3920350551781,"minY":26.9680171383382},"result":"Terhathum, Province 1, Nepal"}