{"bounds":{"maxX":88.1879841695109,"maxY":26.8059703211802,"minX":87.6357089743907,"minY":26.3611811596836},"result":"Jhapa, Province 1, Nepal"}