{"bounds":{"maxX":86.2597375556769,"maxY":27.1338517787636,"minX":85.8483336264631,"minY":26.5685099399638},"result":"Dhanusha, Madhesh, Nepal"}