{"bounds":{"maxX":84.973193487053,"maxY":27.4631792265103,"minX":84.4838902469036,"minY":26.9838129746199},"result":"Parsa, Madhesh, Nepal"}