{"bounds":{"maxX":85.9453067615141,"maxY":27.1684331996944,"minX":85.6761978712687,"minY":26.6016637455509},"result":"Mahottari, Madhesh, Nepal"}