{"bounds":{"maxX":86.5546339315841,"maxY":26.9353616306791,"minX":86.1310337671433,"minY":26.549860490716},"result":"Siraha, Madhesh, Nepal"}