{"bounds":{"maxX":87.0145942530929,"maxY":26.7910910539734,"minX":86.4859364048722,"minY":26.4223836288834},"result":"Saptari, Madhesh, Nepal"}