{"bounds":{"maxX":85.271011123429,"maxY":27.3657435600271,"minX":84.8662167698867,"minY":26.849222788253},"result":"Bara, Madhesh, Nepal"}