{"bounds":{"maxX":85.5039580088735,"maxY":27.2329258351894,"minX":85.1632085670727,"minY":26.7446893281625},"result":"Rautahat, Madhesh, Nepal"}