{"bounds":{"maxX":85.8158624265517,"maxY":27.1952430246808,"minX":85.3218445387876,"minY":26.7415331110529},"result":"Sarlahi, Madhesh, Nepal"}