{"bounds":{"maxX":87.0145942530929,"maxY":27.4631792265103,"minX":84.4838902469036,"minY":26.4223836288834},"result":"Madhesh, Nepal"}