{"bounds":{"maxX":84.7966719630848,"maxY":27.8805440205357,"minX":83.9187731318682,"minY":27.3550430036121},"result":"Chitawan, Bagmati, Nepal"}