{"bounds":{"maxX":86.5727629718139,"maxY":27.8325267131732,"minX":85.7975169472199,"minY":27.2421759352387},"result":"Ramechhap, Bagmati, Nepal"}