{"bounds":{"maxX":86.5547163410101,"maxY":28.1741756971985,"minX":85.8844010016139,"minY":27.4741116870784},"result":"Dolakha, Bagmati, Nepal"}