{"bounds":{"maxX":85.5103995263137,"maxY":27.7122671163296,"minX":84.6647856603591,"minY":27.1618536097316},"result":"Makawanpur, Bagmati, Nepal"}