{"bounds":{"maxX":85.8002228673016,"maxY":28.3862847153421,"minX":85.1224537797113,"minY":27.9651515653824},"result":"Rasuwa, Bagmati, Nepal"}