{"bounds":{"maxX":86.065047108423,"maxY":28.2034611096116,"minX":85.4417442961936,"minY":27.6104948999006},"result":"Sindhupalchok, Bagmati, Nepal"}