{"bounds":{"maxX":86.5727629718139,"maxY":28.3862847153421,"minX":83.9187731318682,"minY":26.9191432865707},"result":"Bagmati, Nepal"}