{"bounds":{"maxX":85.5251391500682,"maxY":27.72870858575,"minX":85.352034072707,"minY":27.6199271276682},"result":"Bhaktapur, Bagmati, Nepal"}