{"bounds":{"maxX":85.2702423404083,"maxY":28.3466041144167,"minX":84.6183187464984,"minY":27.6687816462077},"result":"Dhading, Bagmati, Nepal"}