{"bounds":{"maxX":86.3898629959331,"maxY":27.451030912851,"minX":85.4181623567653,"minY":26.9191432865707},"result":"Sindhuli, Bagmati, Nepal"}