{"bounds":{"maxX":85.4971316834812,"maxY":28.0912542979333,"minX":84.9884620737515,"minY":27.7606795312053},"result":"Nuwakot, Bagmati, Nepal"}