{"bounds":{"maxX":85.5658441932297,"maxY":27.8176527967633,"minX":85.1886446469467,"minY":27.5704486518186},"result":"Kathmandu, Bagmati, Nepal"}