{"bounds":{"maxX":85.4434471645329,"maxY":27.693527082636,"minX":85.2315663295866,"minY":27.4030402065751},"result":"Lalitpur, Bagmati, Nepal"}