{"bounds":{"maxX":85.8809915652848,"maxY":27.7569360457822,"minX":85.386920867276,"minY":27.3335669535401},"result":"Kabhrepalanchok, Bagmati, Nepal"}