{"bounds":{"maxX":84.0319506590624,"maxY":28.2216900644579,"minX":83.4398803834673,"minY":27.8682282370043},"result":"Syangja, Gandaki, Nepal"}