{"bounds":{"maxX":84.6948327263353,"maxY":28.5102679888528,"minX":84.18680737269,"minY":28.0555752507595},"result":"Lamjung, Gandaki, Nepal"}