{"bounds":{"maxX":84.5588591702352,"maxY":28.1298090401586,"minX":83.9365801679589,"minY":27.7412222636855},"result":"Tanahu, Gandaki, Nepal"}