{"bounds":{"maxX":84.4313605767448,"maxY":27.8698767321106,"minX":83.67707389801,"minY":27.4378230456556},"result":"Nawalparasi East, Gandaki, Nepal"}