{"bounds":{"maxX":83.871588559278,"maxY":28.7937627269294,"minX":83.0999438797838,"minY":28.2981732739157},"result":"Myagdi, Gandaki, Nepal"}