{"bounds":{"maxX":83.6745989159054,"maxY":28.6352697959596,"minX":82.8773535347847,"minY":28.0774611963235},"result":"Baglung, Gandaki, Nepal"}