{"bounds":{"maxX":84.2478666502463,"maxY":29.3313586694071,"minX":83.4796632848249,"minY":28.5647249244442},"result":"Mustang, Gandaki, Nepal"}