{"bounds":{"maxX":84.5705555213753,"maxY":28.9004535528819,"minX":83.7892651068684,"minY":28.4450200945355},"result":"Manang, Gandaki, Nepal"}