{"bounds":{"maxX":84.2787032799212,"maxY":28.6134387040625,"minX":83.7006206655422,"minY":28.0777411296028},"result":"Kaski, Gandaki, Nepal"}