{"bounds":{"maxX":85.1980166345654,"maxY":29.3313586694071,"minX":82.8773535347847,"minY":27.4378230456556},"result":"Gandaki, Nepal"}