{"bounds":{"maxX":85.1980166345654,"maxY":28.7522145707923,"minX":84.418853293653,"minY":27.7956058657271},"result":"Gorkha, Gandaki, Nepal"}