{"bounds":{"maxX":83.8228479326566,"maxY":28.3997600161756,"minX":83.5591663324724,"minY":28.0054976847296},"result":"Parbat, Gandaki, Nepal"}