{"bounds":{"maxX":83.9063796894234,"maxY":27.6933377685023,"minX":83.5717701726116,"minY":27.3467213395273},"result":"Nawalparasi West, Lumbini, Nepal"}