{"bounds":{"maxX":82.8101891944046,"maxY":28.2590507896255,"minX":82.0076142747558,"minY":27.6764802224126},"result":"Dang, Lumbini, Nepal"}