{"bounds":{"maxX":83.0974942341625,"maxY":28.3625948952355,"minX":82.5882577727848,"minY":27.8777804253848},"result":"Pyuthan, Lumbini, Nepal"}