{"bounds":{"maxX":82.1941805915809,"maxY":28.3378918458594,"minX":81.4986520189893,"minY":27.8537286341882},"result":"Banke, Lumbini, Nepal"}