{"bounds":{"maxX":83.1525625694193,"maxY":28.8692281698184,"minX":82.4858148339859,"minY":28.4754765930593},"result":"Rukum East, Lumbini, Nepal"}