{"bounds":{"maxX":84.0285407418405,"maxY":27.9589209691784,"minX":83.2310404913563,"minY":27.6621719419555},"result":"Palpa, Lumbini, Nepal"}