{"bounds":{"maxX":83.2330552077596,"maxY":27.8206869480466,"minX":82.6961072821449,"minY":27.4179290579982},"result":"Kapilbastu, Lumbini, Nepal"}