{"bounds":{"maxX":81.7667112444302,"maxY":28.6747518468325,"minX":81.0592012590656,"minY":28.0689308891601},"result":"Bardiya, Lumbini, Nepal"}