{"bounds":{"maxX":83.6338935259487,"maxY":27.7682178785649,"minX":83.2042967276518,"minY":27.3302257841231},"result":"Rupandehi, Lumbini, Nepal"}