{"bounds":{"maxX":83.6052724715325,"maxY":28.2708501869496,"minX":83.0218988446749,"minY":27.9208328703621},"result":"Gulmi, Lumbini, Nepal"}