{"bounds":{"maxX":82.9567351743601,"maxY":28.558452959501,"minX":82.350364371011,"minY":28.092749637899},"result":"Rolpa, Lumbini, Nepal"}