{"bounds":{"maxX":83.3305166557276,"maxY":28.1140034213541,"minX":82.7483821332244,"minY":27.7504096223739},"result":"Arghakhanchi, Lumbini, Nepal"}