{"bounds":{"maxX":84.0285407418405,"maxY":28.8692281698184,"minX":81.0592012590656,"minY":27.3302257841231},"result":"Lumbini, Nepal"}