{"bounds":{"maxX":82.497634827528,"maxY":30.4472765059236,"minX":81.2562644728309,"minY":29.604925037517},"result":"Humla, Karnali, Nepal"}