{"bounds":{"maxX":82.4373260329055,"maxY":28.6446829489246,"minX":81.7434291332663,"minY":28.1511101047113},"result":"Salyan, Karnali, Nepal"}