{"bounds":{"maxX":82.7003021523538,"maxY":28.9920641704633,"minX":82.1847364617571,"minY":28.5209867242894},"result":"Rukum West, Karnali, Nepal"}