{"bounds":{"maxX":81.9268690611115,"maxY":29.1359647406384,"minX":81.4101468929054,"minY":28.6333976794349},"result":"Dailekh, Karnali, Nepal"}