{"bounds":{"maxX":83.6804354690219,"maxY":30.4472765059236,"minX":80.9810514299262,"minY":28.1511101047113},"result":"Karnali, Nepal"}