{"bounds":{"maxX":83.6804354690219,"maxY":29.7064487155239,"minX":82.3921903949485,"minY":28.7219841277936},"result":"Dolpa, Karnali, Nepal"}