{"bounds":{"maxX":82.0405258961227,"maxY":28.9783466748989,"minX":80.9810514299262,"minY":28.3373068881697},"result":"Surkhet, Karnali, Nepal"}