{"bounds":{"maxX":82.5912817802134,"maxY":29.5080962686602,"minX":81.8462897308389,"minY":28.9693949229933},"result":"Jumla, Karnali, Nepal"}