{"bounds":{"maxX":82.0194326432403,"maxY":29.4616592998259,"minX":81.468066826835,"minY":28.9710120630285},"result":"Kalikot, Karnali, Nepal"}