{"bounds":{"maxX":82.8290030665835,"maxY":29.9713114515643,"minX":81.7624923617897,"minY":29.3853744043244},"result":"Mugu, Karnali, Nepal"}