{"bounds":{"maxX":82.580187160642,"maxY":29.1275219036907,"minX":81.8200632754121,"minY":28.6113337753614},"result":"Jajarkot, Karnali, Nepal"}