{"bounds":{"maxX":81.8082223623328,"maxY":29.9492816787334,"minX":81.1700057249087,"minY":29.2719044938941},"result":"Bajura, Sudurpaschim, Nepal"}