{"bounds":{"maxX":81.5820376232557,"maxY":29.3866714029405,"minX":81.0265953371918,"minY":28.7482785625648},"result":"Achham, Sudurpaschim, Nepal"}