{"bounds":{"maxX":81.2880296361935,"maxY":29.068159836401,"minX":80.4681982667493,"minY":28.3945111152661},"result":"Kailali, Sudurpaschim, Nepal"}