{"bounds":{"maxX":81.5650146878729,"maxY":30.0543164691273,"minX":80.7460810296066,"minY":29.3909404780308},"result":"Bajhang, Sudurpaschim, Nepal"}