{"bounds":{"maxX":80.7858682742265,"maxY":29.4251643963152,"minX":80.1844658771162,"minY":28.9932802459374},"result":"Dadeldhura, Sudurpaschim, Nepal"}