{"bounds":{"maxX":81.8082223623328,"maxY":30.2467229596973,"minX":80.0585845152345,"minY":28.3945111152661},"result":"Sudurpaschim, Nepal"}