{"bounds":{"maxX":80.9082722842666,"maxY":29.7079835165547,"minX":80.241689469583,"minY":29.3084405408834},"result":"Baitadi, Sudurpaschim, Nepal"}