{"bounds":{"maxX":80.5595319790023,"maxY":29.1373133896612,"minX":80.0585845152345,"minY":28.5518153713148},"result":"Kanchanpur, Sudurpaschim, Nepal"}