{"bounds":{"maxX":81.1087484829535,"maxY":30.2467229596973,"minX":80.3642146744417,"minY":29.6050157642396},"result":"Darchula, Sudurpaschim, Nepal"}