{"bounds":{"maxX":81.1869773360443,"maxY":29.4457277321462,"minX":80.5262510782672,"minY":28.9307063349819},"result":"Doti, Sudurpaschim, Nepal"}