{"bounds":{"maxX":88.2016681168111,"maxY":30.4472765059236,"minX":80.0585845152345,"minY":26.3478371772314},"result":"Nepal"}