{"bounds":{"maxX":166.925049,"maxY":-0.519369999999981,"minX":166.909943,"minY":-0.529496999999992},"result":"Denigomodu, Nauru"}