{"bounds":{"maxX":166.944228,"maxY":-0.502064999999959,"minX":166.931107,"minY":-0.519655},"result":"Ewa, Nauru"}