{"bounds":{"maxX":166.921829,"maxY":-0.539506999999958,"minX":166.911194,"minY":-0.546177999999998},"result":"Boe, Nauru"}