{"bounds":{"maxX":166.94867,"maxY":-0.502440999999976,"minX":166.939255,"minY":-0.517772999999977},"result":"Anetan, Nauru"}