{"bounds":{"maxX":166.918061,"maxY":-0.527377000000001,"minX":166.909531,"minY":-0.541065000000003},"result":"Aiwo, Nauru"}