{"bounds":{"maxX":166.957702,"maxY":-0.519973999999991,"minX":166.935638,"minY":-0.54168999999996},"result":"Anibare, Nauru"}