{"bounds":{"maxX":166.936584,"maxY":-0.526321999999993,"minX":166.915894,"minY":-0.542715999999984},"result":"Buada, Nauru"}