{"bounds":{"maxX":166.958145,"maxY":-0.503828999999996,"minX":166.940003,"minY":-0.521712999999977},"result":"Anabar, Nauru"}