{"bounds":{"maxX":166.941375,"maxY":-0.505847999999958,"minX":166.926102,"minY":-0.523668999999984},"result":"Baiti, Nauru"}