{"bounds":{"maxX":166.93712,"maxY":-0.513692999999989,"minX":166.916687,"minY":-0.530125999999996},"result":"Nibok, Nauru"}