{"bounds":{"maxX":166.951385,"maxY":-0.536556999999959,"minX":166.928452,"minY":-0.554028999999957},"result":"Meneng, Nauru"}