{"bounds":{"maxX":166.938751,"maxY":-0.511073999999951,"minX":166.923158,"minY":-0.528112999999962},"result":"Uaboe, Nauru"}