{"bounds":{"maxX":166.92984,"maxY":-0.539891999999952,"minX":166.914704,"minY":-0.554311999999982},"result":"Yaren, Nauru"}