{"bounds":{"maxX":166.959334,"maxY":-0.513088999999979,"minX":166.944123,"minY":-0.523123999999996},"result":"Ijuw, Nauru"}