{"bounds":{"maxX":166.959334,"maxY":-0.502064999999959,"minX":166.909531,"minY":-0.554311999999982},"result":"Nauru"}