{"bounds":{"maxX":-169.773606,"maxY":-18.9522219999999,"minX":-169.950836,"minY":-19.156157},"result":"Niue"}