{"bounds":{"maxX":175.551667,"maxY":-35.899166,"minX":174.160829,"minY":-37.380549},"result":"Auckland, New Zealand"}