{"bounds":{"maxX":175.551667,"maxY":-35.899166,"minX":174.826386,"minY":-36.901942},"result":"Auckland City, Auckland, New Zealand"}