{"bounds":{"maxX":175.287827,"maxY":-36.826321,"minX":174.729598,"minY":-37.066455},"result":"Manukau City, Auckland, New Zealand"}