{"bounds":{"maxX":175.045883,"maxY":-37.003589,"minX":174.900757,"minY":-37.140023},"result":"Papakura District, Auckland, New Zealand"}