{"bounds":{"maxX":175.088608,"maxY":-36.121831,"minX":174.160829,"minY":-36.909721},"result":"Rodney District, Auckland, New Zealand"}