{"bounds":{"maxX":174.814118,"maxY":-36.6600759999999,"minX":174.633453,"minY":-36.833286},"result":"North Shore City, Auckland, New Zealand"}