{"bounds":{"maxX":175.001923,"maxY":-36.98601,"minX":174.535933,"minY":-37.380549},"result":"Franklin District, Auckland, New Zealand"}