{"bounds":{"maxX":174.888336,"maxY":-36.773941,"minX":174.442872,"minY":-37.052281},"result":"Waitakere City, Auckland, New Zealand"}