{"bounds":{"maxX":176.419281,"maxY":-37.624168,"minX":176.106766,"minY":-37.763089},"result":"Tauranga City, Bay of Plenty, New Zealand"}