{"bounds":{"maxX":177.245101,"maxY":-37.4752769999999,"minX":176.481887,"minY":-38.8568},"result":"Whakatane District, Bay of Plenty, New Zealand"}