{"bounds":{"maxX":178.105666,"maxY":-37.267101,"minX":175.804505,"minY":-39.17187},"result":"Bay of Plenty, New Zealand"}