{"bounds":{"maxX":178.105666,"maxY":-37.535831,"minX":177.060318,"minY":-38.536331},"result":"Opotiki District, Bay of Plenty, New Zealand"}