{"bounds":{"maxX":176.738176,"maxY":-38.058631,"minX":176.645355,"minY":-38.1193039999999},"result":"Kawerau District, Bay of Plenty, New Zealand"}