{"bounds":{"maxX":176.621368,"maxY":-37.9392769999999,"minX":176.061951,"minY":-38.4307429999999},"result":"Rotorua District, Bay of Plenty, New Zealand"}