{"bounds":{"maxX":171.513932,"maxY":-43.449803,"minX":170.589248,"minY":-44.492145},"result":"Timaru District, Canterbury, New Zealand"}