{"bounds":{"maxX":170.590683,"maxY":-43.790896,"minX":169.55661,"minY":-44.950031},"result":"Waitaki District, Canterbury, New Zealand"}