{"bounds":{"maxX":172.6288,"maxY":-42.735531,"minX":171.116211,"minY":-43.9030529999999},"result":"Selwyn District, Canterbury, New Zealand"}