{"bounds":{"maxX":171.224472,"maxY":-44.3079529999999,"minX":170.201446,"minY":-44.940032},"result":"Waimate District, Canterbury, New Zealand"}