{"bounds":{"maxX":171.229263,"maxY":-43.410538,"minX":169.825484,"minY":-44.467679},"result":"Mackenzie District, Canterbury, New Zealand"}