{"bounds":{"maxX":-175.824768,"maxY":-43.562466,"minX":-176.934495,"minY":-44.435276},"result":"Chatham Islands, New Zealand"}