{"bounds":{"maxX":174.066498,"maxY":-41.909901,"minX":173.190247,"minY":-42.565526},"result":"Kaikoura District, Canterbury, New Zealand"}