{"bounds":{"maxX":179.065827,"maxY":-41.909901,"minX":169.55661,"minY":-47.768444},"result":"Canterbury, New Zealand"}