{"bounds":{"maxX":178.578614,"maxY":-37.532775,"minX":177.127625,"minY":-38.971981},"result":"Gisborne, New Zealand"}