{"bounds":{"maxX":176.924727,"maxY":-39.386948,"minX":176.828124,"minY":-39.502185},"result":"Napier City, Hawke's Bay, New Zealand"}