{"bounds":{"maxX":178.003891,"maxY":-38.588551,"minX":176.09697,"minY":-40.431931},"result":"Hawke's Bay, New Zealand"}