{"bounds":{"maxX":178.003891,"maxY":-38.588551,"minX":176.699387,"minY":-39.306945},"result":"Wairoa District, Hawke's Bay, New Zealand"}