{"bounds":{"maxX":174.44333,"maxY":-40.6626439999999,"minX":172.730514,"minY":-42.485977},"result":"Marlborough, New Zealand"}