{"bounds":{"maxX":176.340988,"maxY":-39.1335779999999,"minX":175.106567,"minY":-40.301002},"result":"Rangitikei District, Manawatu-Wanganui, New Zealand"}