{"bounds":{"maxX":176.13495,"maxY":-39.7946439999999,"minX":175.22194,"minY":-40.44059},"result":"Manawatu District, Manawatu-Wanganui, New Zealand"}