{"bounds":{"maxX":175.522416,"maxY":-39.2337649999999,"minX":174.762206,"minY":-40.04642},"result":"Wanganui District, Manawatu-Wanganui, New Zealand"}