{"bounds":{"maxX":175.624604,"maxY":-40.3881259999999,"minX":175.133728,"minY":-40.7669759999999},"result":"Horowhenua District, Manawatu-Wanganui, New Zealand"}