{"bounds":{"maxX":176.634384,"maxY":-38.550945,"minX":174.762206,"minY":-40.782501},"result":"Manawatu-Wanganui, New Zealand"}