{"bounds":{"maxX":173.606064,"maxY":-41.051945,"minX":173.189178,"minY":-41.39841},"result":"Nelson, New Zealand"}