{"bounds":{"maxX":174.619507,"maxY":-35.600162,"minX":173.483659,"minY":-36.400277},"result":"Kaipara District, Northland, New Zealand"}