{"bounds":{"maxX":174.78389,"maxY":-29.231662,"minX":-178.82695,"minY":-36.400277},"result":"Northland, New Zealand"}