{"bounds":{"maxX":174.340928,"maxY":-34.129722,"minX":172.030028,"minY":-35.676257},"result":"Far North District, Northland, New Zealand"}