{"bounds":{"maxX":170.202775,"maxY":-45.438495,"minX":169.009704,"minY":-46.66261},"result":"Clutha District, Otago, New Zealand"}