{"bounds":{"maxX":178.824462,"maxY":-43.955327,"minX":168.123398,"minY":-49.715377},"result":"Otago, New Zealand"}