{"bounds":{"maxX":171.148361,"maxY":-44.8113289999999,"minX":170.215957,"minY":-45.57809},"result":"Waitaki District, Otago, New Zealand"}