{"bounds":{"maxX":170.449844,"maxY":-44.445487,"minX":168.784026,"minY":-45.816054},"result":"Central Otago District, Otago, New Zealand"}