{"bounds":{"maxX":170.752229,"maxY":-45.2290379999999,"minX":169.743775,"minY":-46.061661},"result":"Dunedin City, Otago, New Zealand"}