{"bounds":{"maxX":169.2119,"maxY":-45.793236,"minX":168.705841,"minY":-46.303491},"result":"Gore District, Southland, New Zealand"}