{"bounds":{"maxX":168.520004,"maxY":-46.330405,"minX":168.198607,"minY":-46.626109},"result":"Invercargill City, Southland, New Zealand"}