{"bounds":{"maxX":169.269439,"maxY":-44.259022,"minX":165.868194,"minY":-52.6208329999999},"result":"Southland, New Zealand"}