{"bounds":{"maxX":169.25612,"maxY":-44.259022,"minX":166.425552,"minY":-48.0641659999999},"result":"Southland District, Southland, New Zealand"}