{"bounds":{"maxX":174.872024,"maxY":-38.705833,"minX":173.818771,"minY":-39.296081},"result":"New Plymouth District, Taranaki, New Zealand"}