{"bounds":{"maxX":173.31601,"maxY":-40.497502,"minX":172.054244,"minY":-42.302662},"result":"Tasman District, Tasman, New Zealand"}