{"bounds":{"maxX":175.07901,"maxY":-38.8922449999999,"minX":174.066956,"minY":-39.4185179999999},"result":"Stratford District, Taranaki, New Zealand"}