{"bounds":{"maxX":175.001023,"maxY":-39.17141,"minX":173.750992,"minY":-39.8691669999999},"result":"South Taranaki District, Taranaki, New Zealand"}