{"bounds":{"maxX":175.07901,"maxY":-38.705833,"minX":173.750992,"minY":-39.8691669999999},"result":"Taranaki, New Zealand"}