{"bounds":{"maxX":176.273697,"maxY":-40.6695789999999,"minX":174.612227,"minY":-41.6143259999999},"result":"Wellington, New Zealand"}