{"bounds":{"maxX":175.992723,"maxY":-40.74377,"minX":175.267044,"minY":-41.3627279999999},"result":"Carterton District, Wellington, New Zealand"}