{"bounds":{"maxX":176.513015,"maxY":-38.0426409999999,"minX":175.988983,"minY":-38.568608},"result":"Rotorua District, Waikato, New Zealand"}