{"bounds":{"maxX":175.667328,"maxY":-37.769386,"minX":175.057297,"minY":-38.199023},"result":"Waipa District, Waikato, New Zealand"}