{"bounds":{"maxX":174.997101,"maxY":-41.00182,"minX":174.769745,"minY":-41.198685},"result":"Porirua City, Wellington, New Zealand"}