{"bounds":{"maxX":174.872163,"maxY":-41.142083,"minX":174.612227,"minY":-41.363888},"result":"Wellington City, Wellington, New Zealand"}