{"bounds":{"maxX":175.333328,"maxY":-37.002468,"minX":174.699172,"minY":-37.592571},"result":"Franklin District, Waikato, New Zealand"}