{"bounds":{"maxX":172.701858,"maxY":-40.7748339999999,"minX":171.324859,"minY":-42.521698},"result":"Buller District, West Coast, New Zealand"}