{"bounds":{"maxX":175.548524,"maxY":-37.1842339999999,"minX":174.564117,"minY":-38.00748},"result":"Waikato District, Waikato, New Zealand"}