{"bounds":{"maxX":175.086044,"maxY":-41.1292529999999,"minX":174.847824,"minY":-41.439724},"result":"Lower Hutt City, Wellington, New Zealand"}