{"bounds":{"maxX":172.209321,"maxY":-42.05296,"minX":171.139985,"minY":-42.761012},"result":"Grey District, West Coast, New Zealand"}