{"bounds":{"maxX":175.945007,"maxY":-37.16528,"minX":175.311127,"minY":-37.563808},"result":"Hauraki District, Waikato, New Zealand"}