{"bounds":{"maxX":175.304061,"maxY":-40.947007,"minX":174.958054,"minY":-41.220542},"result":"Upper Hutt City, Wellington, New Zealand"}