{"bounds":{"maxX":172.701858,"maxY":-40.7748339999999,"minX":168.050826,"minY":-44.5026549999999},"result":"West Coast, New Zealand"}