{"bounds":{"maxX":176.288894,"maxY":-38.30173,"minX":175.525055,"minY":-39.302674},"result":"Taupo District, Waikato, New Zealand"}