{"bounds":{"maxX":175.808425,"maxY":-40.919179,"minX":174.957551,"minY":-41.6143259999999},"result":"South Wairarapa District, Wellington, New Zealand"}