{"bounds":{"maxX":176.513015,"maxY":-36.426387,"minX":174.564117,"minY":-39.302674},"result":"Waikato, New Zealand"}