{"bounds":{"maxX":176.273697,"maxY":-40.6695789999999,"minX":175.431107,"minY":-41.195736},"result":"Masterton District, Wellington, New Zealand"}