{"bounds":{"maxX":175.338791,"maxY":-37.71127,"minX":175.18863,"minY":-37.844299},"result":"Hamilton City, Waikato, New Zealand"}