{"bounds":{"maxX":171.898955,"maxY":-42.539109,"minX":168.050826,"minY":-44.5026549999999},"result":"Westland District, West Coast, New Zealand"}