{"bounds":{"maxX":176.156112,"maxY":-37.898934,"minX":175.625214,"minY":-38.442943},"result":"South Waikato District, Waikato, New Zealand"}