{"bounds":{"maxX":175.708558,"maxY":-37.9652369999999,"minX":174.779999,"minY":-38.494477},"result":"Otorohanga District, Waikato, New Zealand"}