{"bounds":{"maxX":179.065827,"maxY":-29.231662,"minX":-178.82695,"minY":-52.6208329999999},"result":"New Zealand"}