{"bounds":{"maxX":58.1737520000001,"maxY":23.8623620000001,"minX":57.1636581420001,"minY":23.1958026890001},"result":"Al Batinah South, Oman"}