{"bounds":{"maxX":56.3126411440002,"maxY":25.0059851810001,"minX":55.4843711860001,"minY":23.654157639},"result":"Al Buraimi, Oman"}