{"bounds":{"maxX":57.6544150450002,"maxY":24.9779071820001,"minX":56.077972412,"minY":23.4907684330001},"result":"Al Batinah North, Oman"}