{"bounds":{"maxX":58.5876884460002,"maxY":23.5040111540001,"minX":56.3256570000001,"minY":21.0956251060001},"result":"A'Dakhiliya, Oman"}