{"bounds":{"maxX":59.2359733590002,"maxY":23.8440280000002,"minX":58.0928535850002,"minY":22.793924336},"result":"Muscat, Oman"}