{"bounds":{"maxX":56.5490260000001,"maxY":26.506805,"minX":56.083595276,"minY":25.236661912},"result":"Musandam, Oman"}