{"bounds":{"maxX":59.8393060000002,"maxY":22.861497736,"minX":58.6237490000001,"minY":20.160694},"result":"A'Sharqiyah South, Oman"}