{"bounds":{"maxX":59.712192536,"maxY":23.0223484030001,"minX":57.8343887340001,"minY":20.875414},"result":"A'Sharqiyah North, Oman"}