{"bounds":{"maxX":58.7485159920001,"maxY":22.0153240000001,"minX":55.3573700001672,"minY":18.936806},"result":"Al Wusta, Oman"}