{"bounds":{"maxX":57.4717970000001,"maxY":21.0791729504589,"minX":51.9999999990001,"minY":16.6423625940001},"result":"Dhofar, Oman"}