{"bounds":{"maxX":56.8746681220001,"maxY":24.1403617850001,"minX":55.213485447,"minY":21.8698679066744},"result":"A'Dhahirah, Oman"}