{"bounds":{"maxX":59.839306,"maxY":26.506805,"minX":52.000031,"minY":16.642362},"result":"Oman"}