{"bounds":{"maxX":-81.915702,"maxY":9.61651599999999,"minX":-82.938722,"minY":8.82794799999999},"result":"Bocas del Toro, Panama"}