{"bounds":{"maxX":-80.05252,"maxY":9.06396900000004,"minX":-80.822998,"minY":8.08709000000005},"result":"Coclé, Panama"}