{"bounds":{"maxX":-79.080277,"maxY":9.64736100000005,"minX":-80.876571,"minY":8.63267000000002},"result":"Colón, Panama"}