{"bounds":{"maxX":-81.507393,"maxY":8.91956100000004,"minX":-83.050178,"minY":7.85930400000001},"result":"Chiriquí, Panama"}