{"bounds":{"maxX":-77.17324,"maxY":9.09275000000002,"minX":-78.512513,"minY":7.21842500000002},"result":"Darién, Panama"}