{"bounds":{"maxX":-80.36625,"maxY":8.13173900000004,"minX":-80.9633489999999,"minY":7.51012900000001},"result":"Herrera, Panama"}