{"bounds":{"maxX":-79.99125,"maxY":8.004029,"minX":-80.738503,"minY":7.22735900000004},"result":"Los Santos, Panama"}