{"bounds":{"maxX":-78.048797,"maxY":9.52334000000002,"minX":-80.170372,"minY":7.99986100000001},"result":"Panamá, Panama"}