{"bounds":{"maxX":-80.614295,"maxY":9.00013899999999,"minX":-82.264032,"minY":7.202359},"result":"Veraguas, Panama"}