{"bounds":{"maxX":-77.2391279999999,"maxY":8.77794,"minX":-78.337441,"minY":7.58110800000003},"result":"Emberá, Panama"}