{"bounds":{"maxX":-77.35736,"maxY":9.60042000000004,"minX":-79.282952,"minY":8.52367000000004},"result":"Kuna Yala, Panama"}