{"bounds":{"maxX":-81.1326589999999,"maxY":9.18652900000001,"minX":-82.4455419999999,"minY":8.14594900000003},"result":"Ngäbe-Buglé, Panama"}