{"bounds":{"maxX":-77.17324,"maxY":9.64736100000005,"minX":-83.050178,"minY":7.202359},"result":"Panama"}