{"bounds":{"maxX":-70.804253,"maxY":-14.632631,"minX":-75.072641,"minY":-17.286249},"result":"Arequipa, Peru"}