{"bounds":{"maxX":-77.132644,"maxY":-2.98437899999999,"minX":-78.711174,"minY":-6.98749099999998},"result":"Amazonas, Peru"}