{"bounds":{"maxX":-72.051124,"maxY":-13.170656,"minX":-73.847794,"minY":-14.842655},"result":"Apurímac, Peru"}