{"bounds":{"maxX":-76.725944,"maxY":-8.05074199999996,"minX":-78.681527,"minY":-10.788654},"result":"Ancash, Peru"}