{"bounds":{"maxX":-72.84691,"maxY":-12.167659,"minX":-75.138603,"minY":-15.62952},"result":"Ayacucho, Peru"}