{"bounds":{"maxX":-70.34588,"maxY":-11.21135,"minX":-73.9958559999999,"minY":-15.458478},"result":"Cuzco [Cusco], Peru"}