{"bounds":{"maxX":-77.078095,"maxY":-11.819895,"minX":-77.25125,"minY":-12.129584},"result":"El Callao, Peru"}