{"bounds":{"maxX":-77.7416219999999,"maxY":-4.623403,"minX":-79.450409,"minY":-7.76320199999998},"result":"Cajamarca, Peru"}