{"bounds":{"maxX":-74.269646,"maxY":-11.984455,"minX":-75.810486,"minY":-14.130093},"result":"Huancavelica, Peru"}