{"bounds":{"maxX":-74.5081489999999,"maxY":-8.31640499999997,"minX":-77.31691,"minY":-10.490705},"result":"Huánuco, Peru"}