{"bounds":{"maxX":-74.6470189999999,"maxY":-12.964739,"minX":-76.4679179999999,"minY":-15.44127},"result":"Ica, Peru"}