{"bounds":{"maxX":-73.349571,"maxY":-10.652745,"minX":-76.519165,"minY":-12.683459},"result":"Junín, Peru"}