{"bounds":{"maxX":-79.1218259999999,"maxY":-5.48061300000001,"minX":-80.7418059999999,"minY":-7.17958399999998},"result":"Lambayeque, Peru"}