{"bounds":{"maxX":-75.508156,"maxY":-10.269973,"minX":-77.8865279999999,"minY":-13.323605},"result":"Lima, Peru"}