{"bounds":{"maxX":-76.899238,"maxY":-6.92640799999998,"minX":-79.6915279999999,"minY":-8.96936599999998},"result":"La Libertad, Peru"}