{"bounds":{"maxX":-69.948676,"maxY":-0.0374699999999848,"minX":-77.812911,"minY":-8.70104799999996},"result":"Loreto, Peru"}