{"bounds":{"maxX":-69.9949569999999,"maxY":-15.974267,"minX":-71.492157,"minY":-17.822639},"result":"Moquegua, Peru"}