{"bounds":{"maxX":-68.653106,"maxY":-9.87984899999998,"minX":-72.404037,"minY":-13.361789},"result":"Madre de Dios, Peru"}