{"bounds":{"maxX":-74.131401,"maxY":-9.43210599999998,"minX":-76.730422,"minY":-11.154957},"result":"Pasco, Peru"}