{"bounds":{"maxX":-79.2104179999999,"maxY":-4.08296999999999,"minX":-81.3306959999999,"minY":-6.47680499999996},"result":"Piura, Peru"}