{"bounds":{"maxX":-68.818818,"maxY":-13.00033,"minX":-71.118331,"minY":-17.29519},"result":"Puno, Peru"}