{"bounds":{"maxX":-75.495819,"maxY":-5.38493499999998,"minX":-77.77333,"minY":-8.796628},"result":"San Martín, Peru"}