{"bounds":{"maxX":-80.127959,"maxY":-3.402917,"minX":-81.044304,"minY":-4.23150999999996},"result":"Tumbes, Peru"}