{"bounds":{"maxX":-69.460098,"maxY":-16.770209,"minX":-71.142105,"minY":-18.351804},"result":"Tacna, Peru"}