{"bounds":{"maxX":-70.4944609999999,"maxY":-7.29292999999996,"minX":-75.9550629999999,"minY":-11.448439},"result":"Ucayali, Peru"}