{"bounds":{"maxX":-68.653106,"maxY":-0.0374699999999848,"minX":-81.3306959999999,"minY":-18.351804},"result":"Peru"}