{"bounds":{"maxX":-150.94583,"maxY":-15.799168,"minX":-154.727295,"minY":-16.919445},"result":"Leeward Islands, French Polynesia"}