{"bounds":{"maxX":-138.796952,"maxY":-7.89492899999999,"minX":-140.721755,"minY":-10.027008},"result":"Marquesas Islands, French Polynesia"}