{"bounds":{"maxX":-143.484756,"maxY":-21.794999,"minX":-154.723327,"minY":-27.900628},"result":"Austral Islands, French Polynesia"}