{"bounds":{"maxX":-134.45111,"maxY":-14.090279,"minX":-148.718048,"minY":-23.377223},"result":"Tuamotu-Gambier, French Polynesia"}