{"bounds":{"maxX":-148.058915,"maxY":-16.983334,"minX":-150.65248,"minY":-17.883667},"result":"Windward Islands, French Polynesia"}