{"bounds":{"maxX":-134.45111,"maxY":-7.89492899999999,"minX":-154.727295,"minY":-27.900628},"result":"French Polynesia"}