{"bounds":{"maxX":145.350418,"maxY":-5.775935,"minX":144.421814,"minY":-6.86873499999996},"result":"Chimbu, Papua New Guinea"}