{"bounds":{"maxX":149.664521,"maxY":-7.772535,"minX":146.382019,"minY":-10.409167},"result":"Central, Papua New Guinea"}