{"bounds":{"maxX":144.833679,"maxY":-3.189166,"minX":141.339217,"minY":-5.15823399999999},"result":"East Sepik, Papua New Guinea"}