{"bounds":{"maxX":152.498519,"maxY":-4.08742799999999,"minX":150.594208,"minY":-6.07494399999996},"result":"East New Britain, Papua New Guinea"}