{"bounds":{"maxX":146.136214,"maxY":-5.85243399999996,"minX":144.98761,"minY":-7.15843599999999},"result":"Eastern Highlands, Papua New Guinea"}