{"bounds":{"maxX":144.248718,"maxY":-5.010334,"minX":142.749421,"minY":-5.97583499999996},"result":"Enga, Papua New Guinea"}