{"bounds":{"maxX":146.652511,"maxY":-6.70543499999997,"minX":142.994111,"minY":-8.58737199999996},"result":"Gulf, Papua New Guinea"}