{"bounds":{"maxX":147.218339,"maxY":-3.990275,"minX":143.969116,"minY":-5.99653499999999},"result":"Madang, Papua New Guinea"}