{"bounds":{"maxX":148.208329,"maxY":-0.755832999999996,"minX":142.824051,"minY":-2.93217999999996},"result":"Manus, Papua New Guinea"}