{"bounds":{"maxX":148.184173,"maxY":-5.28027699999996,"minX":145.742019,"minY":-8.03233399999999},"result":"Morobe, Papua New Guinea"}