{"bounds":{"maxX":154.39972,"maxY":-8.30111199999999,"minX":148.966705,"minY":-11.65538},"result":"Milne Bay, Papua New Guinea"}