{"bounds":{"maxX":157.03778,"maxY":-4.35553599999997,"minX":154.09964,"minY":-6.88091699999995},"result":"North Solomons (Bougainville), Papua New Guinea"}