{"bounds":{"maxX":154.751709,"maxY":-1.314796,"minX":149.505203,"minY":-4.85166499999997},"result":"New Ireland, Papua New Guinea"}