{"bounds":{"maxX":149.443862,"maxY":-8.00403599999999,"minX":147.00412,"minY":-9.97723399999995},"result":"Northern, Papua New Guinea"}