{"bounds":{"maxX":147.287415,"maxY":-9.35683499999999,"minX":147.038604,"minY":-9.540278},"result":"National Capital District (Port Moresby), Papua New Guinea"}