{"bounds":{"maxX":144.688111,"maxY":-4.94113499999997,"minX":142.06697,"minY":-6.82363499999997},"result":"Southern Highlands, Papua New Guinea"}