{"bounds":{"maxX":143.096572,"maxY":-2.60270800000001,"minX":140.99971,"minY":-5.37897999999996},"result":"Sandaun (West Sepik), Papua New Guinea"}