{"bounds":{"maxX":145.026412,"maxY":-5.21873399999998,"minX":143.77092,"minY":-6.389836},"result":"Western Highlands, Papua New Guinea"}