{"bounds":{"maxX":151.690019,"maxY":-4.535144,"minX":148.307786,"minY":-6.32583299999999},"result":"West New Britain, Papua New Guinea"}