{"bounds":{"maxX":143.924165,"maxY":-4.987235,"minX":140.83435,"minY":-9.52407399999998},"result":"Western, Papua New Guinea"}