{"bounds":{"maxX":157.03778,"maxY":-0.755832999999996,"minX":140.83435,"minY":-11.65538},"result":"Papua New Guinea"}