{"bounds":{"maxX":124.22025,"maxY":13.52336,"minX":123.27547,"minY":12.98583},"result":"Albay, Philippines"}