{"bounds":{"maxX":121.48965,"maxY":18.54124,"minX":120.92783,"minY":17.62427},"result":"Apayao, Philippines"}