{"bounds":{"maxX":122.27337,"maxY":16.53012,"minX":121.28172,"minY":14.99731},"result":"Aurora, Philippines"}