{"bounds":{"maxX":122.3253,"maxY":12.11861,"minX":121.283,"minY":10.40609},"result":"Antique, Philippines"}