{"bounds":{"maxX":122.5781,"maxY":11.99917,"minX":121.84339,"minY":11.3125},"result":"Aklan, Philippines"}