{"bounds":{"maxX":121.1227,"maxY":17.97807,"minX":120.46719,"minY":17.15698},"result":"Abra, Philippines"}