{"bounds":{"maxX":126.36018,"maxY":9.23514,"minX":125.24231,"minY":7.93504000000001},"result":"Agusan del Sur, Philippines"}