{"bounds":{"maxX":125.76751,"maxY":9.45848000000001,"minX":125.20567,"minY":8.65959000000004},"result":"Agusan del Norte, Philippines"}