{"bounds":{"maxX":125.44414,"maxY":8.59437000000003,"minX":124.4956,"minY":7.39988},"result":"Bukidnon, Philippines"}