{"bounds":{"maxX":120.90524,"maxY":16.93484,"minX":120.46906,"minY":16.18766},"result":"Benguet, Philippines"}