{"bounds":{"maxX":124.61961,"maxY":11.81677,"minX":124.25421,"minY":11.46262},"result":"Biliran, Philippines"}