{"bounds":{"maxX":122.40722,"maxY":6.90736000000004,"minX":121.42917,"minY":6.27778000000001},"result":"Basilan, Philippines"}