{"bounds":{"maxX":124.64547,"maxY":10.26556,"minX":123.68114,"minY":9.48583000000002},"result":"Bohol, Philippines"}