{"bounds":{"maxX":121.34537,"maxY":15.27246,"minX":120.6628,"minY":14.68111},"result":"Bulacan, Philippines"}