{"bounds":{"maxX":120.62369,"maxY":14.92966,"minX":120.22305,"minY":14.36407},"result":"Bataan, Philippines"}