{"bounds":{"maxX":121.47145,"maxY":14.24,"minX":120.48705,"minY":13.52583},"result":"Batangas, Philippines"}