{"bounds":{"maxX":122.03598,"maxY":21.07014,"minX":121.77778,"minY":20.26},"result":"Batanes, Philippines"}