{"bounds":{"maxX":121.07085,"maxY":14.50028,"minX":120.61278,"minY":14.06133},"result":"Cavite, Philippines"}