{"bounds":{"maxX":126.2958,"maxY":8.00002000000001,"minX":125.67524,"minY":7.07435000000004},"result":"Compostela Valley, Philippines"}