{"bounds":{"maxX":124.56889,"maxY":11.58206,"minX":123.29639,"minY":9.41212999999999},"result":"Cebu, Philippines"}