{"bounds":{"maxX":124.80664,"maxY":9.25778000000003,"minX":124.63319,"minY":9.07839000000001},"result":"Camiguin, Philippines"}