{"bounds":{"maxX":123.09857,"maxY":11.64528,"minX":122.20007,"minY":11.1406},"result":"Capiz, Philippines"}