{"bounds":{"maxX":122.33889,"maxY":19.96611,"minX":120.96105,"minY":17.50822},"result":"Cagayan, Philippines"}