{"bounds":{"maxX":123.11745,"maxY":14.50061,"minX":122.29929,"minY":13.83713},"result":"Camarines Norte, Philippines"}