{"bounds":{"maxX":124.00238,"maxY":14.12877,"minX":122.54819,"minY":13.26205},"result":"Camarines Sur, Philippines"}