{"bounds":{"maxX":124.42607,"maxY":14.10932,"minX":124.01276,"minY":13.5164},"result":"Catanduanes, Philippines"}