{"bounds":{"maxX":125.71508,"maxY":6.63389000000001,"minX":125.17912,"minY":5.36528000000004},"result":"Davao Occidental, Philippines"}