{"bounds":{"maxX":125.7175,"maxY":7.56877000000003,"minX":125.10056,"minY":6.41801000000004},"result":"Davao del Sur, Philippines"}