{"bounds":{"maxX":125.7075,"maxY":10.47186,"minX":125.46028,"minY":9.85167000000001},"result":"Dinagat Islands, Philippines"}