{"bounds":{"maxX":125.94431,"maxY":7.99817000000002,"minX":125.25013,"minY":6.89225000000005},"result":"Davao del Norte, Philippines"}