{"bounds":{"maxX":126.60535,"maxY":8.00093000000004,"minX":125.94244,"minY":6.26913000000002},"result":"Davao Oriental, Philippines"}