{"bounds":{"maxX":122.74382,"maxY":10.75444,"minX":122.47421,"minY":10.32845},"result":"Guimaras, Philippines"}