{"bounds":{"maxX":121.59114,"maxY":17.07999,"minX":120.87859,"minY":16.59587},"result":"Ifugao, Philippines"}