{"bounds":{"maxX":123.37305,"maxY":11.63944,"minX":122.01112,"minY":10.46708},"result":"Iloilo, Philippines"}