{"bounds":{"maxX":120.97926,"maxY":18.65139,"minX":120.41055,"minY":17.70374},"result":"Ilocos Norte, Philippines"}