{"bounds":{"maxX":122.52889,"maxY":17.54815,"minX":121.33065,"minY":16.38982},"result":"Isabela, Philippines"}