{"bounds":{"maxX":120.85828,"maxY":17.90429,"minX":120.34399,"minY":16.65924},"result":"Ilocos Sur, Philippines"}