{"bounds":{"maxX":121.67498,"maxY":17.68977,"minX":120.91479,"minY":17.16817},"result":"Kalinga, Philippines"}