{"bounds":{"maxX":125.14944,"maxY":11.56361,"minX":124.24672,"minY":10.18312},"result":"Leyte, Philippines"}