{"bounds":{"maxX":121.63244,"maxY":14.57583,"minX":121.00533,"minY":13.96418},"result":"Laguna, Philippines"}