{"bounds":{"maxX":120.58044,"maxY":16.92057,"minX":120.2775,"minY":16.20835},"result":"La Union, Philippines"}