{"bounds":{"maxX":124.57507,"maxY":8.34055000000001,"minX":123.62119,"minY":7.69418999999999},"result":"Lanao del Norte, Philippines"}