{"bounds":{"maxX":124.80769,"maxY":8.21221000000003,"minX":123.81536,"minY":7.40028000000001},"result":"Lanao del Sur, Philippines"}