{"bounds":{"maxX":121.56236,"maxY":17.30442,"minX":120.77434,"minY":16.82445},"result":"Mountain Province, Philippines"}