{"bounds":{"maxX":125.0037,"maxY":7.65203000000002,"minX":123.94334,"minY":6.64941800000003},"result":"Maguindanao, Philippines"}