{"bounds":{"maxX":125.25556,"maxY":9.09255000000002,"minX":124.24555,"minY":8.23520000000002},"result":"Misamis Oriental, Philippines"}