{"bounds":{"maxX":122.18826,"maxY":13.57067,"minX":121.80473,"minY":13.1891},"result":"Marinduque, Philippines"}