{"bounds":{"maxX":124.10361,"maxY":13.18067,"minX":122.84328,"minY":11.71056},"result":"Masbate, Philippines"}