{"bounds":{"maxX":123.86874,"maxY":8.67027000000002,"minX":123.54819,"minY":8.00999999999999},"result":"Misamis Occidental, Philippines"}