{"bounds":{"maxX":121.24675,"maxY":13.89928,"minX":120.01778,"minY":12.15278},"result":"Occidental Mindoro, Philippines"}