{"bounds":{"maxX":125.34222,"maxY":12.75861,"minX":124.00243,"minY":12.13891},"result":"Northern Samar, Philippines"}