{"bounds":{"maxX":123.33601,"maxY":10.41344,"minX":122.61291,"minY":9.03818000000001},"result":"Negros Oriental, Philippines"}