{"bounds":{"maxX":121.37621,"maxY":16.12756,"minX":120.61281,"minY":15.16503},"result":"Nueva Ecija, Philippines"}