{"bounds":{"maxX":121.46764,"maxY":16.74897,"minX":120.75901,"minY":15.77052},"result":"Nueva Vizcaya, Philippines"}