{"bounds":{"maxX":125.31336,"maxY":7.68187,"minX":124.32874,"minY":6.72055},"result":"Cotabato, Philippines"}