{"bounds":{"maxX":123.57248,"maxY":11.04444,"minX":122.36526,"minY":9.41972000000004},"result":"Negros Occidental, Philippines"}