{"bounds":{"maxX":121.335205,"maxY":12.66972,"minX":116.92834,"minY":7.50694000000004},"result":"Palawan, Philippines"}