{"bounds":{"maxX":120.92233,"maxY":16.44389,"minX":119.74944,"minY":15.61848},"result":"Pangasinan, Philippines"}