{"bounds":{"maxX":120.98707,"maxY":15.28014,"minX":120.35833,"minY":14.76695},"result":"Pampanga, Philippines"}