{"bounds":{"maxX":122.13166,"maxY":16.64153,"minX":121.29371,"minY":15.91659},"result":"Quirino, Philippines"}