{"bounds":{"maxX":125.23305,"maxY":15.21644,"minX":121.2374,"minY":10.42444},"result":"Quezon, Philippines"}