{"bounds":{"maxX":121.4698,"maxY":14.89227,"minX":121.093407,"minY":14.29061},"result":"Rizal, Philippines"}