{"bounds":{"maxX":122.69917,"maxY":13.03194,"minX":121.68056,"minY":12.03139},"result":"Romblon, Philippines"}