{"bounds":{"maxX":125.53763,"maxY":6.46952000000005,"minX":124.35212,"minY":5.56657000000001},"result":"Sarangani, Philippines"}