{"bounds":{"maxX":121.94939,"maxY":6.44056,"minX":119.63879,"minY":5.45564000000002},"result":"Sulu, Philippines"}