{"bounds":{"maxX":126.18389,"maxY":10.06389,"minX":125.39086,"minY":9.32456000000002},"result":"Surigao del Norte, Philippines"}