{"bounds":{"maxX":123.70186,"maxY":9.30090000000001,"minX":123.45212,"minY":9.09456},"result":"Siquijor, Philippines"}