{"bounds":{"maxX":125.29889,"maxY":10.62224,"minX":124.75317,"minY":9.89472000000001},"result":"Southern Leyte, Philippines"}