{"bounds":{"maxX":125.19693,"maxY":6.88339999999999,"minX":124.01527,"minY":6.11360999999999},"result":"Sultan Kudarat, Philippines"}