{"bounds":{"maxX":124.19907,"maxY":13.1181,"minX":123.48042,"minY":12.52333},"result":"Sorsogon, Philippines"}