{"bounds":{"maxX":126.45972,"maxY":9.49515000000002,"minX":125.74344,"minY":7.90974},"result":"Surigao del Sur, Philippines"}