{"bounds":{"maxX":125.27258,"maxY":6.67099000000002,"minX":124.28094,"minY":5.95476000000002},"result":"South Cotabato, Philippines"}