{"bounds":{"maxX":120.78287,"maxY":15.88911,"minX":120.16324,"minY":15.16303},"result":"Tarlac, Philippines"}