{"bounds":{"maxX":120.684193,"maxY":7.95916700000004,"minX":118.082343,"minY":4.58694000000003},"result":"Tawi-Tawi, Philippines"}