{"bounds":{"maxX":125.30656,"maxY":12.33532,"minX":124.14522,"minY":11.08557},"result":"Samar, Philippines"}