{"bounds":{"maxX":123.67039,"maxY":8.23939000000001,"minX":121.89722,"minY":6.85777999999999},"result":"Zamboanga del Sur, Philippines"}