{"bounds":{"maxX":120.46062,"maxY":15.84526,"minX":119.78545,"minY":14.73778},"result":"Zambales, Philippines"}