{"bounds":{"maxX":123.55526,"maxY":8.85956000000004,"minX":121.90139,"minY":7.14597000000003},"result":"Zamboanga del Norte, Philippines"}