{"bounds":{"maxX":126.60535,"maxY":21.07014,"minX":116.92834,"minY":4.58694000000003},"result":"Philippines"}