{"bounds":{"maxX":70.261871,"maxY":32.076099,"minX":60.899437,"minY":24.890973},"result":"Baluchistan, Pakistan"}