{"bounds":{"maxX":73.333801,"maxY":33.803329,"minX":72.777901,"minY":33.494183},"result":"Islamabad, Pakistan"}