{"bounds":{"maxX":75.465172,"maxY":35.154969,"minX":73.398331,"minY":32.7803748862462},"result":"Azad Kashmir, Pakistan"}