{"bounds":{"maxX":74.1194244573646,"maxY":36.889804,"minX":70.040207,"minY":31.242121},"result":"North-West Frontier, Pakistan"}