{"bounds":{"maxX":77.843079,"maxY":37.097012,"minX":72.512771,"minY":34.515831},"result":"Northern Areas, Pakistan"}