{"bounds":{"maxX":75.366996,"maxY":34.024395,"minX":69.261757,"minY":27.7082260721194},"result":"Punjab, Pakistan"}