{"bounds":{"maxX":71.1241843914995,"maxY":28.495642,"minX":66.653197,"minY":23.702916},"result":"Sind, Pakistan"}