{"bounds":{"maxX":77.843079,"maxY":37.097012,"minX":60.899437,"minY":23.702916},"result":"Pakistan"}