{"bounds":{"maxX":17.718473,"maxY":51.77261,"minX":14.82003,"minY":50.095116},"result":"Dolnoslaskie, Poland"}