{"bounds":{"maxX":19.752832,"maxY":53.696959,"minX":17.289487,"minY":52.278455},"result":"Kujawsko-pomorskie, Poland"}