{"bounds":{"maxX":16.371171,"maxY":53.10739,"minX":14.528909,"minY":51.403549},"result":"Lubuskie, Poland"}