{"bounds":{"maxX":20.673693,"maxY":52.334228,"minX":18.054032,"minY":50.804326},"result":"Lódzkie, Poland"}