{"bounds":{"maxX":24.153277,"maxY":52.303956,"minX":21.645198,"minY":50.313446},"result":"Lubelskie, Poland"}