{"bounds":{"maxX":23.091227,"maxY":53.444816,"minX":19.295961,"minY":51.008758},"result":"Mazowieckie, Poland"}