{"bounds":{"maxX":21.513074,"maxY":50.48676,"minX":19.112335,"minY":49.179795},"result":"Malopolskie, Poland"}