{"bounds":{"maxX":18.655631,"maxY":51.153157,"minX":16.948305,"minY":49.972428},"result":"Opolskie, Poland"}