{"bounds":{"maxX":23.93975,"maxY":54.424747,"minX":21.522521,"minY":52.297153},"result":"Podlaskie, Poland"}