{"bounds":{"maxX":23.661194,"maxY":50.807781,"minX":21.207763,"minY":49.006131},"result":"Podkarpackie, Poland"}