{"bounds":{"maxX":19.653609,"maxY":54.835693,"minX":16.787248,"minY":53.433865},"result":"Pomorskie, Poland"}