{"bounds":{"maxX":21.909619,"maxY":51.291546,"minX":19.741737,"minY":50.172901},"result":"Swietokrzyskie, Poland"}