{"bounds":{"maxX":19.96834,"maxY":51.039353,"minX":18.011191,"minY":49.394058},"result":"Slaskie, Poland"}