{"bounds":{"maxX":22.819684,"maxY":54.436297,"minX":19.12831,"minY":53.093221},"result":"Warminsko-mazurskie, Poland"}