{"bounds":{"maxX":19.081658,"maxY":53.596516,"minX":15.824108,"minY":51.065494},"result":"Wielkopolskie, Poland"}