{"bounds":{"maxX":17.057754,"maxY":54.574584,"minX":14.12127,"minY":52.595512},"result":"Zachodniopomorskie, Poland"}