{"bounds":{"maxX":24.153277,"maxY":54.835693,"minX":14.12127,"minY":49.006131},"result":"Poland"}