{"bounds":{"maxX":-56.1264389999999,"maxY":47.145,"minX":-56.406112,"minY":46.748889},"result":"Saint Pierre and Miquelon"}