{"bounds":{"maxX":-124.771942,"maxY":-23.907726,"minX":-130.756225,"minY":-25.079886},"result":"Pitcairn Islands"}