{"bounds":{"maxX":-66.5798559999999,"maxY":18.494305,"minX":-66.770561,"minY":18.315069},"result":"Arecibo, Puerto Rico"}