{"bounds":{"maxX":-66.216697,"maxY":18.180192,"minX":-66.320586,"minY":18.076157},"result":"Aibonito, Puerto Rico"}