{"bounds":{"maxX":-66.664519,"maxY":18.250625,"minX":-66.836266,"minY":18.112247},"result":"Adjuntas, Puerto Rico"}