{"bounds":{"maxX":-67.1270289999999,"maxY":18.415417,"minX":-67.2395539999999,"minY":18.313098},"result":"Aguada, Puerto Rico"}