{"bounds":{"maxX":-66.01982,"maxY":18.040712,"minX":-66.095107,"minY":17.952083},"result":"Arroyo, Puerto Rico"}