{"bounds":{"maxX":-66.06623,"maxY":18.303026,"minX":-66.1906049999999,"minY":18.197575},"result":"Aguas Buenas, Puerto Rico"}