{"bounds":{"maxX":-67.037728,"maxY":18.323876,"minX":-67.2259749999999,"minY":18.242807},"result":"Añasco, Puerto Rico"}