{"bounds":{"maxX":-67.056228,"maxY":18.513195,"minX":-67.169587,"minY":18.387054},"result":"Aguadilla, Puerto Rico"}