{"bounds":{"maxX":-66.24083,"maxY":18.249127,"minX":-66.372963,"minY":18.151835},"result":"Barranquitas, Puerto Rico"}