{"bounds":{"maxX":-66.525437,"maxY":18.490417,"minX":-66.593337,"minY":18.38928},"result":"Barceloneta, Puerto Rico"}