{"bounds":{"maxX":-66.1186069999999,"maxY":18.431082,"minX":-66.2133709999999,"minY":18.258524},"result":"Bayamón, Puerto Rico"}