{"bounds":{"maxX":-66.257644,"maxY":18.176582,"minX":-66.4445939999999,"minY":18.014834},"result":"Coamo, Puerto Rico"}