{"bounds":{"maxX":-66.095253,"maxY":18.23047,"minX":-66.244523,"minY":18.13265},"result":"Cidra, Puerto Rico"}