{"bounds":{"maxX":-66.4540709999999,"maxY":18.371929,"minX":-66.611388,"minY":18.15705},"result":"Ciales, Puerto Rico"}