{"bounds":{"maxX":-65.836334,"maxY":18.414066,"minX":-65.931075,"minY":18.252436},"result":"Canóvanas, Puerto Rico"}