{"bounds":{"maxX":-66.1101379999999,"maxY":18.459583,"minX":-66.1700969999999,"minY":18.421097},"result":"Cataño, Puerto Rico"}