{"bounds":{"maxX":-66.051323,"maxY":18.169018,"minX":-66.226814,"minY":18.036805},"result":"Cayey, Puerto Rico"}