{"bounds":{"maxX":-65.901978,"maxY":18.457916,"minX":-66.043168,"minY":18.268691},"result":"Carolina, Puerto Rico"}