{"bounds":{"maxX":-67.0970829999999,"maxY":18.168751,"minX":-67.2154159999999,"minY":17.915138},"result":"Cabo Rojo, Puerto Rico"}