{"bounds":{"maxX":-66.168807,"maxY":18.276611,"minX":-66.270958,"minY":18.173113},"result":"Comerío, Puerto Rico"}