{"bounds":{"maxX":-65.997765,"maxY":18.312571,"minX":-66.117944,"minY":18.113719},"result":"Caguas, Puerto Rico"}