{"bounds":{"maxX":-65.220696,"maxY":18.350973,"minX":-65.393471,"minY":18.276527},"result":"Culebra, Puerto Rico"}