{"bounds":{"maxX":-66.810455,"maxY":18.492361,"minX":-66.90165,"minY":18.343219},"result":"Camuy, Puerto Rico"}