{"bounds":{"maxX":-66.277755,"maxY":18.368217,"minX":-66.383048,"minY":18.238541},"result":"Corozal, Puerto Rico"}