{"bounds":{"maxX":-65.575416,"maxY":18.297005,"minX":-65.766946,"minY":18.197915},"result":"Ceiba, Puerto Rico"}