{"bounds":{"maxX":-66.211402,"maxY":18.480694,"minX":-66.3174749999999,"minY":18.383147},"result":"Dorado, Puerto Rico"}