{"bounds":{"maxX":-66.531128,"maxY":18.413722,"minX":-66.590653,"minY":18.337861},"result":"Florida, Puerto Rico"}