{"bounds":{"maxX":-65.527358,"maxY":18.398472,"minX":-65.753478,"minY":18.26734},"result":"Fajardo, Puerto Rico"}