{"bounds":{"maxX":-66.733124,"maxY":18.137094,"minX":-66.8529129999999,"minY":17.949307},"result":"Guayanilla, Puerto Rico"}