{"bounds":{"maxX":-66.080573,"maxY":18.440691,"minX":-66.143928,"minY":18.277721},"result":"Guaynabo, Puerto Rico"}