{"bounds":{"maxX":-66.053169,"maxY":18.107515,"minX":-66.217636,"minY":17.920973},"result":"Guayama, Puerto Rico"}