{"bounds":{"maxX":-65.91867,"maxY":18.311152,"minX":-66.03061,"minY":18.207221},"result":"Gurabo, Puerto Rico"}