{"bounds":{"maxX":-66.859123,"maxY":18.03387,"minX":-66.981805,"minY":17.926251},"result":"Guánica, Puerto Rico"}