{"bounds":{"maxX":-66.765419,"maxY":18.493473,"minX":-66.838609,"minY":18.320806},"result":"Hatillo, Puerto Rico"}