{"bounds":{"maxX":-67.077453,"maxY":18.159997,"minX":-67.159637,"minY":18.104441},"result":"Hormigueros, Puerto Rico"}