{"bounds":{"maxX":-65.729028,"maxY":18.20699,"minX":-65.877693,"minY":18.069429},"result":"Humacao, Puerto Rico"}