{"bounds":{"maxX":-66.922119,"maxY":18.515973,"minX":-67.102638,"minY":18.375412},"result":"Isabela, Puerto Rico"}