{"bounds":{"maxX":-65.8521029999999,"maxY":18.270127,"minX":-65.951995,"minY":18.14281},"result":"Juncos, Puerto Rico"}