{"bounds":{"maxX":-66.531021,"maxY":18.298448,"minX":-66.6521069999999,"minY":18.15068},"result":"Jayuya, Puerto Rico"}