{"bounds":{"maxX":-66.421272,"maxY":18.153132,"minX":-66.565391,"minY":17.922917},"result":"Juana Díaz, Puerto Rico"}