{"bounds":{"maxX":-65.815544,"maxY":18.275262,"minX":-65.928475,"minY":18.117949},"result":"Las Piedras, Puerto Rico"}