{"bounds":{"maxX":-66.897994,"maxY":18.289582,"minX":-67.081756,"minY":18.187579},"result":"Las Marías, Puerto Rico"}