{"bounds":{"maxX":-66.817016,"maxY":18.367357,"minX":-66.912749,"minY":18.170381},"result":"Lares, Puerto Rico"}