{"bounds":{"maxX":-65.669501,"maxY":18.389583,"minX":-65.7704459999999,"minY":18.287893},"result":"Luquillo, Puerto Rico"}