{"bounds":{"maxX":-65.829863,"maxY":18.460417,"minX":-65.99292,"minY":18.37827},"result":"Loíza, Puerto Rico"}