{"bounds":{"maxX":-66.95887,"maxY":18.065513,"minX":-67.115754,"minY":17.930973},"result":"Lajas, Puerto Rico"}