{"bounds":{"maxX":-66.836845,"maxY":18.208228,"minX":-67.051749,"minY":18.137873},"result":"Maricao, Puerto Rico"}