{"bounds":{"maxX":-67.018166,"maxY":18.389861,"minX":-67.951805,"minY":18.052084},"result":"Mayagüez, Puerto Rico"}