{"bounds":{"maxX":-65.8503479999999,"maxY":18.061247,"minX":-65.988532,"minY":17.980417},"result":"Maunabo, Puerto Rico"}