{"bounds":{"maxX":-67.027253,"maxY":18.460925,"minX":-67.1346139999999,"minY":18.306575},"result":"Moca, Puerto Rico"}