{"bounds":{"maxX":-66.365235,"maxY":18.37788,"minX":-66.4649649999999,"minY":18.256249},"result":"Morovis, Puerto Rico"}