{"bounds":{"maxX":-66.438584,"maxY":18.486251,"minX":-66.5434329999999,"minY":18.350141},"result":"Manatí, Puerto Rico"}