{"bounds":{"maxX":-66.205529,"maxY":18.333779,"minX":-66.313125,"minY":18.241043},"result":"Naranjito, Puerto Rico"}