{"bounds":{"maxX":-65.657973,"maxY":18.296624,"minX":-65.831352,"minY":18.174305},"result":"Naguabo, Puerto Rico"}