{"bounds":{"maxX":-66.350425,"maxY":18.294172,"minX":-66.54705,"minY":18.147439},"result":"Orocovis, Puerto Rico"}