{"bounds":{"maxX":-66.6782469999999,"maxY":18.13487,"minX":-66.7696539999999,"minY":17.964582},"result":"Peñuelas, Puerto Rico"}