{"bounds":{"maxX":-66.509581,"maxY":18.17194,"minX":-66.698693,"minY":17.88264},"result":"Ponce, Puerto Rico"}