{"bounds":{"maxX":-65.9092019999999,"maxY":18.11038,"minX":-66.089142,"minY":17.967638},"result":"Patillas, Puerto Rico"}