{"bounds":{"maxX":-66.898712,"maxY":18.491805,"minX":-66.966683,"minY":18.366293},"result":"Quebradillas, Puerto Rico"}