{"bounds":{"maxX":-65.748779,"maxY":18.422638,"minX":-65.87693,"minY":18.271916},"result":"Río Grande, Puerto Rico"}