{"bounds":{"maxX":-67.1818699999999,"maxY":18.375694,"minX":-67.271804,"minY":18.296447},"result":"Rincón, Puerto Rico"}