{"bounds":{"maxX":-66.88498,"maxY":18.151047,"minX":-66.984483,"minY":18.023479},"result":"Sabana Grande, Puerto Rico"}