{"bounds":{"maxX":-66.893165,"maxY":18.39431,"minX":-67.052711,"minY":18.253293},"result":"San Sebastián, Puerto Rico"}