{"bounds":{"maxX":-66.331292,"maxY":18.042599,"minX":-66.452124,"minY":17.919026},"result":"Santa Isabel, Puerto Rico"}