{"bounds":{"maxX":-65.991279,"maxY":18.473194,"minX":-66.127083,"minY":18.296344},"result":"San Juan, Puerto Rico"}