{"bounds":{"maxX":-65.925248,"maxY":18.229625,"minX":-66.052711,"minY":18.075566},"result":"San Lorenzo, Puerto Rico"}