{"bounds":{"maxX":-66.166207,"maxY":18.095329,"minX":-66.342751,"minY":17.912362},"result":"Salinas, Puerto Rico"}