{"bounds":{"maxX":-66.970466,"maxY":18.174036,"minX":-67.109108,"minY":18.052547},"result":"San Germán, Puerto Rico"}