{"bounds":{"maxX":-66.133469,"maxY":18.47625,"minX":-66.2641139999999,"minY":18.389103},"result":"Toa Baja, Puerto Rico"}