{"bounds":{"maxX":-66.196884,"maxY":18.401403,"minX":-66.319078,"minY":18.316644},"result":"Toa Alta, Puerto Rico"}