{"bounds":{"maxX":-65.938995,"maxY":18.380259,"minX":-66.041251,"minY":18.293502},"result":"Trujillo Alto, Puerto Rico"}