{"bounds":{"maxX":-66.566827,"maxY":18.34925,"minX":-66.830368,"minY":18.150837},"result":"Utuado, Puerto Rico"}