{"bounds":{"maxX":-66.4195099999999,"maxY":18.178447,"minX":-66.53016,"minY":18.080845},"result":"Villalba, Puerto Rico"}