{"bounds":{"maxX":-66.348517,"maxY":18.494305,"minX":-66.448799,"minY":18.342298},"result":"Vega Baja, Puerto Rico"}