{"bounds":{"maxX":-66.2997819999999,"maxY":18.486529,"minX":-66.377305,"minY":18.330474},"result":"Vega Alta, Puerto Rico"}