{"bounds":{"maxX":-64.9998639999999,"maxY":18.162917,"minX":-65.577636,"minY":17.99986},"result":"Vieques, Puerto Rico"}