{"bounds":{"maxX":-65.794304,"maxY":18.125616,"minX":-66.010688,"minY":18.011249},"result":"Yabucoa, Puerto Rico"}