{"bounds":{"maxX":-66.796249,"maxY":18.171071,"minX":-66.926301,"minY":17.954255},"result":"Yauco, Puerto Rico"}