{"bounds":{"maxX":-64.9998639999999,"maxY":18.515973,"minX":-67.951805,"minY":17.88264},"result":"Puerto Rico"}