{"bounds":{"maxX":35.575455,"maxY":32.551567,"minX":34.229026,"minY":31.223606},"result":"Palestinian Territory"}