{"bounds":{"maxX":-7.73175499999996,"maxY":40.210898,"minX":-8.13272999999998,"minY":39.93281},"result":"Pampilhosa da Serra, Coimbra, Portugal"}