{"bounds":{"maxX":-6.80014899999998,"maxY":41.036403,"minX":-7.12223899999998,"minY":40.7485},"result":"Figueira de Castelo Rodrigo, Guarda, Portugal"}