{"bounds":{"maxX":-6.95382599999999,"maxY":40.97121,"minX":-7.26243799999997,"minY":40.587641},"result":"Pinhel, Guarda, Portugal"}