{"bounds":{"maxX":-7.720417,"maxY":37.131173,"minX":-7.88977699999998,"minY":36.999027},"result":"Olhão, Faro, Portugal"}