{"bounds":{"maxX":-8.459205,"maxY":40.563948,"minX":-8.63077899999996,"minY":40.465505},"result":"Oliveira do Bairro, Aveiro, Portugal"}