{"bounds":{"maxX":-8.69987399999997,"maxY":40.326883,"minX":-8.909583,"minY":40.01256},"result":"Figueira da Foz, Coimbra, Portugal"}