{"bounds":{"maxX":-7.20743599999997,"maxY":38.847997,"minX":-7.50000399999999,"minY":38.671235},"result":"Vila Viçosa, Évora, Portugal"}