{"bounds":{"maxX":-7.48795099999995,"maxY":39.795194,"minX":-7.82885299999998,"minY":39.537363},"result":"Vila Velha de Ródão, Castelo Branco, Portugal"}