{"bounds":{"maxX":-8.30617099999995,"maxY":41.770613,"minX":-8.54734099999996,"minY":41.568891},"result":"Vila Verde, Braga, Portugal"}