{"bounds":{"maxX":-6.79816399999999,"maxY":41.309179,"minX":-7.223702,"minY":41.033066},"result":"Torre de Moncorvo, Bragança, Portugal"}