{"bounds":{"maxX":-7.73175499999996,"maxY":40.520367,"minX":-8.909583,"minY":39.923786},"result":"Coimbra, Portugal"}