{"bounds":{"maxX":-7.133487,"maxY":41.037477,"minX":-7.37998099999999,"minY":40.823125},"result":"Mêda, Guarda, Portugal"}