{"bounds":{"maxX":-7.24827499999998,"maxY":38.176404,"minX":-7.68233899999996,"minY":37.741211},"result":"Serpa, Beja, Portugal"}