{"bounds":{"maxX":-8.28087499999998,"maxY":41.452549,"minX":-8.30585099999996,"minY":41.436323},"result":"Guimarães, Braga, Portugal"}