{"bounds":{"maxX":-8.31187499999999,"maxY":37.870914,"minX":-8.81953799999997,"minY":37.373712},"result":"Odemira, Beja, Portugal"}