{"bounds":{"maxX":-7.58342999999996,"maxY":40.535513,"minX":-7.84922299999999,"minY":40.229915},"result":"Seia, Guarda, Portugal"}