{"bounds":{"maxX":-7.03273999999999,"maxY":40.700956,"minX":-7.467309,"minY":40.380602},"result":"Guarda, Guarda, Portugal"}