{"bounds":{"maxX":-7.92669699999999,"maxY":38.32935,"minX":-8.164377,"minY":38.150563},"result":"Alvito, Beja, Portugal"}