{"bounds":{"maxX":-8.24612299999995,"maxY":41.405787,"minX":-8.32807599999995,"minY":41.341066},"result":"Vizela, Braga, Portugal"}