{"bounds":{"maxX":-7.83687699999996,"maxY":38.305256,"minX":-8.00331399999999,"minY":38.105914},"result":"Cuba, Beja, Portugal"}