{"bounds":{"maxX":-8.51138299999997,"maxY":40.833041,"minX":-8.66458299999999,"minY":40.688805},"result":"Estarreja, Aveiro, Portugal"}