{"bounds":{"maxX":-7.26998999999995,"maxY":40.416125,"minX":-7.39306899999997,"minY":40.244471},"result":"Belmonte, Castelo Branco, Portugal"}