{"bounds":{"maxX":-6.78096099999999,"maxY":40.552986,"minX":-7.33255499999996,"minY":40.25389},"result":"Sabugal, Guarda, Portugal"}