{"bounds":{"maxX":-8.13576699999999,"maxY":37.8627,"minX":-8.46678199999997,"minY":37.409267},"result":"Ourique, Beja, Portugal"}