{"bounds":{"maxX":-8.52318499999996,"maxY":40.976202,"minX":-8.69458299999997,"minY":40.800416},"result":"Ovar, Aveiro, Portugal"}