{"bounds":{"maxX":-7.20372699999996,"maxY":38.774089,"minX":-7.56367999999998,"minY":38.430107},"result":"Alandroal, Évora, Portugal"}