{"bounds":{"maxX":-8.61809,"maxY":40.659583,"minX":-8.76608399999998,"minY":40.562444},"result":"Ílhavo, Aveiro, Portugal"}