{"bounds":{"maxX":-8.68197099999998,"maxY":40.520367,"minX":-8.82567299999999,"minY":40.371005},"result":"Mira, Coimbra, Portugal"}