{"bounds":{"maxX":-7.452721,"maxY":39.008437,"minX":-7.799914,"minY":38.684865},"result":"Estremoz, Évora, Portugal"}