{"bounds":{"maxX":-8.24537699999996,"maxY":40.694291,"minX":-8.55814699999996,"minY":40.495908},"result":"Águeda, Aveiro, Portugal"}