{"bounds":{"maxX":-7.45720799999998,"maxY":38.438603,"minX":-7.936511,"minY":38.188467},"result":"Portel, Évora, Portugal"}