{"bounds":{"maxX":-7.88660999999996,"maxY":37.631258,"minX":-8.27578499999998,"minY":37.318973},"result":"Almodôvar, Beja, Portugal"}