{"bounds":{"maxX":-8.40788499999996,"maxY":40.780848,"minX":-8.63190099999997,"minY":40.608068},"result":"Albergaria-a-Velha, Aveiro, Portugal"}