{"bounds":{"maxX":-7.39164899999997,"maxY":38.926826,"minX":-7.564235,"minY":38.713006},"result":"Borba, Évora, Portugal"}