{"bounds":{"maxX":-7.91585899999995,"maxY":39.948692,"minX":-8.29312499999997,"minY":39.726978},"result":"Sertã, Castelo Branco, Portugal"}