{"bounds":{"maxX":-7.10679199999998,"maxY":38.440354,"minX":-7.43059299999999,"minY":38.154653},"result":"Mourão, Évora, Portugal"}