{"bounds":{"maxX":-8.38884199999995,"maxY":41.053463,"minX":-8.612976,"minY":40.871948},"result":"Santa Maria da Feira, Aveiro, Portugal"}