{"bounds":{"maxX":-8.17688799999996,"maxY":37.439398,"minX":-8.53547399999997,"minY":37.088634},"result":"Silves, Faro, Portugal"}