{"bounds":{"maxX":-8.23675499999996,"maxY":40.903901,"minX":-8.43473799999998,"minY":40.765122},"result":"Vale de Cambra, Aveiro, Portugal"}