{"bounds":{"maxX":-8.61958399999997,"maxY":37.235031,"minX":-8.853208,"minY":37.071231},"result":"Lagos, Faro, Portugal"}