{"bounds":{"maxX":-7.81065699999999,"maxY":41.616826,"minX":-8.06888199999997,"minY":41.446644},"result":"Cabeceiras de Basto, Braga, Portugal"}