{"bounds":{"maxX":-8.27011899999997,"maxY":40.085189,"minX":-8.47458599999999,"minY":39.923786},"result":"Penela, Coimbra, Portugal"}