{"bounds":{"maxX":-6.93224099999998,"maxY":40.324635,"minX":-7.31924399999997,"minY":40.049194},"result":"Penamacor, Castelo Branco, Portugal"}