{"bounds":{"maxX":-7.10679199999998,"maxY":39.026931,"minX":-8.65847299999996,"minY":38.154653},"result":"Évora, Portugal"}