{"bounds":{"maxX":-8.49452499999995,"maxY":41.654386,"minX":-8.745879,"minY":41.414051},"result":"Barcelos, Braga, Portugal"}