{"bounds":{"maxX":-8.10824499999995,"maxY":40.370801,"minX":-8.38964799999997,"minY":40.218614},"result":"Penacova, Coimbra, Portugal"}