{"bounds":{"maxX":-6.65854400000001,"maxY":41.711335,"minX":-7.12953499999998,"minY":41.403679},"result":"Macedo de Cavaleiros, Bragança, Portugal"}