{"bounds":{"maxX":-7.48922099999999,"maxY":38.755128,"minX":-7.72566599999999,"minY":38.475525},"result":"Redondo, Évora, Portugal"}