{"bounds":{"maxX":-8.02908499999995,"maxY":38.86911,"minX":-8.58270199999998,"minY":38.436847},"result":"Montemor-o-Novo, Évora, Portugal"}