{"bounds":{"maxX":-7.39986099999999,"maxY":37.529139,"minX":-8.997545,"minY":36.960972},"result":"Faro, Portugal"}