{"bounds":{"maxX":-8.16362699999996,"maxY":40.254686,"minX":-8.34031099999999,"minY":40.176043},"result":"Vila Nova de Poiares, Coimbra, Portugal"}