{"bounds":{"maxX":-8.31148999999999,"maxY":40.512526,"minX":-8.57981599999999,"minY":40.39536},"result":"Anadia, Aveiro, Portugal"}