{"bounds":{"maxX":-8.18835199999995,"maxY":41.617206,"minX":-8.52606899999995,"minY":41.361856},"result":"Braga, Braga, Portugal"}