{"bounds":{"maxX":-6.86093499999998,"maxY":41.990751,"minX":-7.213573,"minY":41.671124},"result":"Vinhais, Bragança, Portugal"}