{"bounds":{"maxX":-8.24193299999996,"maxY":41.700177,"minX":-8.43384099999997,"minY":41.603248},"result":"Amares, Braga, Portugal"}