{"bounds":{"maxX":-6.36672699999997,"maxY":41.693254,"minX":-6.67807999999997,"minY":41.445656},"result":"Vimioso, Bragança, Portugal"}