{"bounds":{"maxX":-6.820469,"maxY":41.471716,"minX":-7.06953399999998,"minY":41.239389},"result":"Alfândega da Fé, Bragança, Portugal"}