{"bounds":{"maxX":-6.863789,"maxY":40.416125,"minX":-8.29312499999997,"minY":39.537363},"result":"Castelo Branco, Portugal"}