{"bounds":{"maxX":-8.08916199999999,"maxY":41.016061,"minX":-8.43416099999996,"minY":40.844847},"result":"Arouca, Aveiro, Portugal"}