{"bounds":{"maxX":-7.90856499999995,"maxY":38.481745,"minX":-8.322565,"minY":38.299514},"result":"Viana do Alentejo, Évora, Portugal"}