{"bounds":{"maxX":-8.15152599999999,"maxY":40.205547,"minX":-8.31146799999999,"minY":40.052079},"result":"Lousã, Coimbra, Portugal"}