{"bounds":{"maxX":-8.42461299999997,"maxY":40.175929,"minX":-8.76391099999995,"minY":39.948844},"result":"Soure, Coimbra, Portugal"}