{"bounds":{"maxX":-8.126938,"maxY":37.217242,"minX":-8.32972699999999,"minY":37.07158},"result":"Albufeira, Faro, Portugal"}