{"bounds":{"maxX":-8.04470799999996,"maxY":41.820633,"minX":-8.36286999999999,"minY":41.649501},"result":"Terras de Bouro, Braga, Portugal"}