{"bounds":{"maxX":-8.41993199999996,"maxY":37.412069,"minX":-8.75513899999999,"minY":37.209896},"result":"Monchique, Faro, Portugal"}