{"bounds":{"maxX":-8.520959,"maxY":40.72625,"minX":-8.76347199999998,"minY":40.528485},"result":"Aveiro, Aveiro, Portugal"}