{"bounds":{"maxX":-7.56876999999997,"maxY":37.386985,"minX":-7.91519899999997,"minY":37.057183},"result":"Tavira, Faro, Portugal"}