{"bounds":{"maxX":-7.67364199999997,"maxY":38.928396,"minX":-8.153479,"minY":38.627841},"result":"Arraiolos, Évora, Portugal"}