{"bounds":{"maxX":-8.31290199999995,"maxY":40.352014,"minX":-8.59167399999995,"minY":40.098922},"result":"Coimbra, Coimbra, Portugal"}