{"bounds":{"maxX":-7.948666,"maxY":40.212861,"minX":-8.18039299999998,"minY":39.960231},"result":"Góis, Coimbra, Portugal"}