{"bounds":{"maxX":-7.81065699999999,"maxY":41.820633,"minX":-8.80986199999995,"minY":41.318798},"result":"Braga, Portugal"}