{"bounds":{"maxX":-8.05516799999998,"maxY":41.565948,"minX":-8.24794499999996,"minY":41.372831},"result":"Fafe, Braga, Portugal"}