{"bounds":{"maxX":-8.39819799999998,"maxY":40.178553,"minX":-8.59144499999996,"minY":40.029773},"result":"Condeixa-a-Nova, Coimbra, Portugal"}