{"bounds":{"maxX":-8.38511099999999,"maxY":40.937409,"minX":-8.55085099999997,"minY":40.758766},"result":"Oliveira de Azeméis, Aveiro, Portugal"}