{"bounds":{"maxX":-7.343774,"maxY":40.40183,"minX":-7.80904399999997,"minY":40.130036},"result":"Covilhã, Castelo Branco, Portugal"}