{"bounds":{"maxX":-8.08916199999999,"maxY":41.080155,"minX":-8.78402399999999,"minY":40.278809},"result":"Aveiro, Portugal"}