{"bounds":{"maxX":-7.73966899999999,"maxY":39.870605,"minX":-8.035754,"minY":39.565781},"result":"Proença-a-Nova, Castelo Branco, Portugal"}