{"bounds":{"maxX":-7.17915899999997,"maxY":40.083644,"minX":-7.85075699999999,"minY":39.640842},"result":"Castelo Branco, Castelo Branco, Portugal"}