{"bounds":{"maxX":-8.77226299999995,"maxY":37.16542,"minX":-8.997545,"minY":36.993508},"result":"Vila do Bispo, Faro, Portugal"}