{"bounds":{"maxX":-7.78493299999997,"maxY":37.268776,"minX":-7.96600799999999,"minY":37.122527},"result":"São Brás de Alportel, Faro, Portugal"}