{"bounds":{"maxX":-8.59401299999996,"maxY":41.025769,"minX":-8.65313399999997,"minY":40.964739},"result":"Espinho, Aveiro, Portugal"}