{"bounds":{"maxX":-7.486942,"maxY":38.258083,"minX":-7.88067899999999,"minY":38.064473},"result":"Vidigueira, Beja, Portugal"}