{"bounds":{"maxX":-8.59369399999997,"maxY":40.820121,"minX":-8.73374999999999,"minY":40.702663},"result":"Murtosa, Aveiro, Portugal"}