{"bounds":{"maxX":-7.63264199999998,"maxY":38.16258,"minX":-8.08331299999998,"minY":37.776467},"result":"Beja, Beja, Portugal"}