{"bounds":{"maxX":-6.97665999999998,"maxY":41.179344,"minX":-7.34569999999997,"minY":40.922839},"result":"Vila Nova de Foz Côa, Guarda, Portugal"}