{"bounds":{"maxX":-8.37678499999998,"maxY":41.478827,"minX":-8.62330699999995,"minY":41.338541},"result":"Vila Nova de Famalicão, Braga, Portugal"}