{"bounds":{"maxX":-8.05005899999998,"maxY":39.759888,"minX":-8.23814699999997,"minY":39.611264},"result":"Vila de Rei, Castelo Branco, Portugal"}