{"bounds":{"maxX":-7.43425499999995,"maxY":40.607916,"minX":-7.742096,"minY":40.387566},"result":"Gouveia, Guarda, Portugal"}