{"bounds":{"maxX":-7.02916999999997,"maxY":41.735218,"minX":-7.36684699999995,"minY":41.333688},"result":"Mirandela, Bragança, Portugal"}