{"bounds":{"maxX":-6.93151699999999,"maxY":38.220665,"minX":-7.21080799999999,"minY":38.088519},"result":"Barrancos, Beja, Portugal"}