{"bounds":{"maxX":-7.437096,"maxY":37.529139,"minX":-7.89684799999998,"minY":37.108704},"result":"Alcoutim, Faro, Portugal"}