{"bounds":{"maxX":-7.41258499999998,"maxY":37.394579,"minX":-7.63708599999995,"minY":37.16764},"result":"Castro Marim, Faro, Portugal"}