{"bounds":{"maxX":-7.78238999999996,"maxY":40.304128,"minX":-8.20735499999995,"minY":40.13631},"result":"Arganil, Coimbra, Portugal"}