{"bounds":{"maxX":-6.79400999999996,"maxY":40.78341,"minX":-7.05183,"minY":40.47667},"result":"Almeida, Guarda, Portugal"}