{"bounds":{"maxX":-8.60768099999996,"maxY":40.582931,"minX":-8.78402399999999,"minY":40.424054},"result":"Vagos, Aveiro, Portugal"}