{"bounds":{"maxX":-7.25190299999997,"maxY":40.272348,"minX":-7.81728199999998,"minY":39.977653},"result":"Fundão, Castelo Branco, Portugal"}