{"bounds":{"maxX":-6.98684699999995,"maxY":38.331148,"minX":-7.53278999999998,"minY":37.960611},"result":"Moura, Beja, Portugal"}