{"bounds":{"maxX":-8.485208,"maxY":37.279925,"minX":-8.68466799999999,"minY":37.108673},"result":"Portimão, Faro, Portugal"}