{"bounds":{"maxX":-7.84911299999999,"maxY":37.827402,"minX":-8.24649399999998,"minY":37.561248},"result":"Castro Verde, Beja, Portugal"}