{"bounds":{"maxX":-7.88979499999999,"maxY":39.026931,"minX":-8.27219399999996,"minY":38.804969},"result":"Mora, Évora, Portugal"}