{"bounds":{"maxX":-7.03261599999996,"maxY":41.412697,"minX":-7.29816,"minY":41.227908},"result":"Vila Flor, Bragança, Portugal"}