{"bounds":{"maxX":-6.78096099999999,"maxY":41.179344,"minX":-7.84922299999999,"minY":40.229915},"result":"Guarda, Portugal"}