{"bounds":{"maxX":-8.22994399999999,"maxY":41.080155,"minX":-8.40091200000001,"minY":40.962259},"result":"Castelo de Paiva, Aveiro, Portugal"}