{"bounds":{"maxX":-7.42636699999997,"maxY":37.849413,"minX":-7.93418099999997,"minY":37.432007},"result":"Mértola, Beja, Portugal"}