{"bounds":{"maxX":-6.68825099999998,"maxY":41.248607,"minX":-6.99517899999995,"minY":41.024533},"result":"Freixo de Espada à Cinta, Bragança, Portugal"}