{"bounds":{"maxX":-7.93692499999997,"maxY":41.487937,"minX":-8.14659699999999,"minY":41.318798},"result":"Celorico de Basto, Braga, Portugal"}