{"bounds":{"maxX":-7.55494599999997,"maxY":38.768196,"minX":-8.16574900000001,"minY":38.340684},"result":"Évora, Évora, Portugal"}