{"bounds":{"maxX":-7.75820999999996,"maxY":40.498609,"minX":-7.98173299999996,"minY":40.259423},"result":"Oliveira do Hospital, Coimbra, Portugal"}