{"bounds":{"maxX":-7.97709599999996,"maxY":38.224045,"minX":-8.40966099999997,"minY":37.964776},"result":"Ferreira do Alentejo, Beja, Portugal"}