{"bounds":{"maxX":-8.37826899999999,"maxY":38.754606,"minX":-8.65847299999996,"minY":38.542118},"result":"Vendas Novas, Évora, Portugal"}