{"bounds":{"maxX":-7.18607899999995,"maxY":40.921815,"minX":-7.46723299999996,"minY":40.68944},"result":"Trancoso, Guarda, Portugal"}