{"bounds":{"maxX":-7.87829399999998,"maxY":37.418267,"minX":-8.23201399999999,"minY":37.010418},"result":"Loulé, Faro, Portugal"}