{"bounds":{"maxX":-7.98150499999997,"maxY":41.700755,"minX":-8.25955499999998,"minY":41.546389},"result":"Vieira do Minho, Braga, Portugal"}