{"bounds":{"maxX":-7.41884799999997,"maxY":40.461556,"minX":-7.61291499999999,"minY":40.311265},"result":"Manteigas, Guarda, Portugal"}