{"bounds":{"maxX":-7.18652699999996,"maxY":41.338514,"minX":-7.43187799999998,"minY":41.135483},"result":"Carrazeda de Ansiães, Bragança, Portugal"}