{"bounds":{"maxX":-8.48098899999997,"maxY":40.485584,"minX":-8.84632399999998,"minY":40.245299},"result":"Cantanhede, Coimbra, Portugal"}