{"bounds":{"maxX":-6.515489,"maxY":41.992509,"minX":-6.95445999999998,"minY":41.534565},"result":"Bragança, Bragança, Portugal"}