{"bounds":{"maxX":-6.189142,"maxY":41.992509,"minX":-7.43187799999998,"minY":41.024533},"result":"Bragança, Portugal"}