{"bounds":{"maxX":-8.47360299999997,"maxY":40.916607,"minX":-8.51203599999997,"minY":40.878835},"result":"São João da Madeira, Aveiro, Portugal"}