{"bounds":{"maxX":-7.41984499999995,"maxY":40.758086,"minX":-7.58932799999997,"minY":40.557588},"result":"Fornos de Algodres, Guarda, Portugal"}