{"bounds":{"maxX":-8.35375399999998,"maxY":40.416381,"minX":-8.52995099999998,"minY":40.278809},"result":"Mealhada, Aveiro, Portugal"}