{"bounds":{"maxX":-8.70066799999995,"maxY":41.624942,"minX":-8.80986199999995,"minY":41.466143},"result":"Esposende, Braga, Portugal"}