{"bounds":{"maxX":-7.80791699999997,"maxY":37.145792,"minX":-8.00650299999995,"minY":36.960972},"result":"Faro, Faro, Portugal"}