{"bounds":{"maxX":-7.337873,"maxY":38.526593,"minX":-7.61289999999997,"minY":38.227368},"result":"Reguengos de Monsaraz, Évora, Portugal"}