{"bounds":{"maxX":-8.04819499999996,"maxY":38.00026,"minX":-8.33613099999997,"minY":37.780152},"result":"Aljustrel, Beja, Portugal"}