{"bounds":{"maxX":-7.89897199999996,"maxY":40.423954,"minX":-8.13399699999997,"minY":40.240715},"result":"Tábua, Coimbra, Portugal"}