{"bounds":{"maxX":-6.863789,"maxY":40.100665,"minX":-7.36171199999995,"minY":39.653066},"result":"Idanha-a-Nova, Castelo Branco, Portugal"}