{"bounds":{"maxX":-8.547507,"maxY":40.311046,"minX":-8.77512199999995,"minY":40.112105},"result":"Montemor-o-Velho, Coimbra, Portugal"}