{"bounds":{"maxX":-7.39986099999999,"maxY":37.259076,"minX":-7.57463300000001,"minY":37.147914},"result":"Vila Real de Santo António, Faro, Portugal"}