{"bounds":{"maxX":-6.93151699999999,"maxY":38.331148,"minX":-8.81953799999997,"minY":37.318973},"result":"Beja, Portugal"}