{"bounds":{"maxX":-8.36936599999996,"maxY":37.179893,"minX":-8.532419,"minY":37.085338},"result":"Lagoa, Faro, Portugal"}