{"bounds":{"maxX":-8.27113799999995,"maxY":40.799447,"minX":-8.41646299999996,"minY":40.636762},"result":"Sever do Vouga, Aveiro, Portugal"}