{"bounds":{"maxX":-6.41813399999995,"maxY":41.467254,"minX":-6.92107799999997,"minY":41.193427},"result":"Mogadouro, Bragança, Portugal"}