{"bounds":{"maxX":-7.42197499999997,"maxY":40.873285,"minX":-7.62810099999996,"minY":40.690297},"result":"Aguiar da Beira, Guarda, Portugal"}