{"bounds":{"maxX":-7.69108999999997,"maxY":40.059146,"minX":-8.08822999999995,"minY":39.810701},"result":"Oleiros, Castelo Branco, Portugal"}