{"bounds":{"maxX":-8.674149,"maxY":37.442955,"minX":-8.91871099999997,"minY":37.149478},"result":"Aljezur, Faro, Portugal"}