{"bounds":{"maxX":-8.43892699999998,"maxY":39.243983,"minX":-8.711793,"minY":39.092012},"result":"Almeirim, Santarém, Portugal"}