{"bounds":{"maxX":-7.94993499999998,"maxY":41.100819,"minX":-8.263981,"minY":40.964735},"result":"Cinfães, Viseu, Portugal"}