{"bounds":{"maxX":-7.824367,"maxY":39.384599,"minX":-8.34387499999997,"minY":38.978216},"result":"Ponte de Sôr, Portalegre, Portugal"}