{"bounds":{"maxX":-7.89403199999998,"maxY":41.375195,"minX":-8.21629999999999,"minY":41.189441},"result":"Amarante, Porto, Portugal"}