{"bounds":{"maxX":-8.98249899999996,"maxY":39.509772,"minX":-9.22847099999996,"minY":39.291429},"result":"Caldas da Rainha, Leiria, Portugal"}