{"bounds":{"maxX":-9.02189799999996,"maxY":39.028796,"minX":-9.17853099999996,"minY":38.921439},"result":"Arruda dos Vinhos, Lisboa, Portugal"}