{"bounds":{"maxX":-7.51207599999998,"maxY":39.167028,"minX":-7.77249799999998,"minY":38.990668},"result":"Fronteira, Portalegre, Portugal"}