{"bounds":{"maxX":-9.25643499999995,"maxY":39.48014,"minX":-9.54708199999999,"minY":39.283461},"result":"Peniche, Leiria, Portugal"}