{"bounds":{"maxX":-7.30456099999998,"maxY":41.214652,"minX":-7.55573099999998,"minY":40.999368},"result":"São João da Pesqueira, Viseu, Portugal"}