{"bounds":{"maxX":-8.19168999999999,"maxY":42.018687,"minX":-8.53098699999998,"minY":41.79082},"result":"Arcos de Valdevez, Viana do Castelo, Portugal"}