{"bounds":{"maxX":-8.61685499999999,"maxY":39.562412,"minX":-8.76401099999998,"minY":39.398805},"result":"Alcanena, Santarém, Portugal"}