{"bounds":{"maxX":-8.841545,"maxY":39.031576,"minX":-9.11843799999997,"minY":38.812084},"result":"Vila Franca de Xira, Lisboa, Portugal"}