{"bounds":{"maxX":-8.129705,"maxY":38.845425,"minX":-9.26297899999997,"minY":37.74934},"result":"Setúbal, Portugal"}