{"bounds":{"maxX":-8.73735999999997,"maxY":38.580703,"minX":-9.05562899999995,"minY":38.453963},"result":"Setúbal, Setúbal, Portugal"}