{"bounds":{"maxX":-7.57950399999999,"maxY":41.927097,"minX":-8.11944399999999,"minY":41.586897},"result":"Montalegre, Vila Real, Portugal"}