{"bounds":{"maxX":-9.15943699999997,"maxY":39.06472,"minX":-9.42778699999997,"minY":38.862434},"result":"Mafra, Lisboa, Portugal"}