{"bounds":{"maxX":-7.480456,"maxY":39.663676,"minX":-7.88293099999999,"minY":39.377234},"result":"Nisa, Portalegre, Portugal"}