{"bounds":{"maxX":-8.30104999999998,"maxY":39.901204,"minX":-8.48396699999995,"minY":39.73089},"result":"Alvaiázere, Leiria, Portugal"}