{"bounds":{"maxX":-7.743652,"maxY":41.273046,"minX":-7.89561199999997,"minY":41.173569},"result":"Santa Marta de Penaguião, Vila Real, Portugal"}