{"bounds":{"maxX":-8.52919699999995,"maxY":42.05688,"minX":-8.68188399999997,"minY":41.927175},"result":"Valença, Viana do Castelo, Portugal"}