{"bounds":{"maxX":-8.868022,"maxY":39.890658,"minX":-9.04013899999995,"minY":39.688486},"result":"Marinha Grande, Leiria, Portugal"}