{"bounds":{"maxX":-7.52165099999996,"maxY":39.331085,"minX":-7.878759,"minY":39.115905},"result":"Alter do Chão, Portalegre, Portugal"}