{"bounds":{"maxX":-7.80899199999999,"maxY":39.838557,"minX":-9.00157899999999,"minY":38.731492},"result":"Santarém, Portugal"}