{"bounds":{"maxX":-7.56174499999997,"maxY":40.65153,"minX":-7.89690299999995,"minY":40.52592},"result":"Mangualde, Viseu, Portugal"}