{"bounds":{"maxX":-7.53971799999999,"maxY":39.022321,"minX":-7.914761,"minY":38.895793},"result":"Sousel, Portalegre, Portugal"}