{"bounds":{"maxX":-8.44872999999995,"maxY":41.147512,"minX":-8.67462799999998,"minY":41.00858},"result":"Vila Nova de Gaia, Porto, Portugal"}