{"bounds":{"maxX":-8.46145999999999,"maxY":41.870294,"minX":-8.69969599999996,"minY":41.623676},"result":"Ponte de Lima, Viana do Castelo, Portugal"}