{"bounds":{"maxX":-8.20974899999999,"maxY":40.067337,"minX":-8.36397599999998,"minY":39.793213},"result":"Figueiró dos Vinhos, Leiria, Portugal"}