{"bounds":{"maxX":-8.78186499999998,"maxY":39.317731,"minX":-9.50053099999997,"minY":38.659026},"result":"Lisboa, Portugal"}