{"bounds":{"maxX":-8.14263099999999,"maxY":40.089735,"minX":-8.24145699999997,"minY":39.945946},"result":"Castanheira de Pêra, Leiria, Portugal"}