{"bounds":{"maxX":-8.23640899999998,"maxY":39.707775,"minX":-8.51253499999996,"minY":39.476606},"result":"Tomar, Santarém, Portugal"}