{"bounds":{"maxX":-8.37255999999996,"maxY":41.203321,"minX":-8.58333199999998,"minY":41.001381},"result":"Gondomar, Porto, Portugal"}