{"bounds":{"maxX":-7.53097599999995,"maxY":41.059103,"minX":-7.75732399999998,"minY":40.853567},"result":"Moimenta da Beira, Viseu, Portugal"}