{"bounds":{"maxX":-8.865432,"maxY":39.741415,"minX":-9.15008599999999,"minY":39.384819},"result":"Alcobaça, Leiria, Portugal"}