{"bounds":{"maxX":-8.64203999999995,"maxY":41.829716,"minX":-8.880695,"minY":41.606388},"result":"Viana do Castelo, Viana do Castelo, Portugal"}