{"bounds":{"maxX":-9.07043099999999,"maxY":38.940916,"minX":-9.24600499999997,"minY":38.774807},"result":"Loures, Lisboa, Portugal"}