{"bounds":{"maxX":-8.43454699999995,"maxY":39.459655,"minX":-8.57829599999997,"minY":39.317791},"result":"Golegã, Santarém, Portugal"}