{"bounds":{"maxX":-8.15762999999998,"maxY":40.516963,"minX":-8.359444,"minY":40.322637},"result":"Mortágua, Viseu, Portugal"}