{"bounds":{"maxX":-7.64816399999995,"maxY":41.242018,"minX":-7.89407599999998,"minY":41.141485},"result":"Peso da Régua, Vila Real, Portugal"}