{"bounds":{"maxX":-9.084788,"maxY":39.338245,"minX":-9.23901599999999,"minY":39.211528},"result":"Bombarral, Leiria, Portugal"}