{"bounds":{"maxX":-9.01765699999999,"maxY":38.579608,"minX":-9.22292599999997,"minY":38.409077},"result":"Sesimbra, Setúbal, Portugal"}