{"bounds":{"maxX":-7.80899199999999,"maxY":39.747832,"minX":-8.10831299999995,"minY":39.469403},"result":"Mação, Santarém, Portugal"}