{"bounds":{"maxX":-7.78867099999997,"maxY":41.491791,"minX":-7.981132,"minY":41.302666},"result":"Mondim de Basto, Vila Real, Portugal"}