{"bounds":{"maxX":-8.10803799999996,"maxY":40.089735,"minX":-9.54708199999999,"minY":39.211528},"result":"Leiria, Portugal"}