{"bounds":{"maxX":-7.47461799999996,"maxY":41.174157,"minX":-7.64027099999998,"minY":41.005696},"result":"Tabuaço, Viseu, Portugal"}