{"bounds":{"maxX":-7.17061699999999,"maxY":41.7835,"minX":-7.53108799999995,"minY":41.440417},"result":"Valpaços, Vila Real, Portugal"}