{"bounds":{"maxX":-7.615995,"maxY":41.163036,"minX":-7.75777999999997,"minY":41.019022},"result":"Armamar, Viseu, Portugal"}