{"bounds":{"maxX":-8.24077999999997,"maxY":39.506999,"minX":-8.34452499999998,"minY":39.33732},"result":"Constância, Santarém, Portugal"}