{"bounds":{"maxX":-8.45078999999998,"maxY":39.632107,"minX":-8.67332499999998,"minY":39.397138},"result":"Torres Novas, Santarém, Portugal"}