{"bounds":{"maxX":-7.93946299999999,"maxY":39.646493,"minX":-8.35557,"minY":39.233313},"result":"Abrantes, Santarém, Portugal"}