{"bounds":{"maxX":-7.31415199999998,"maxY":41.52786,"minX":-7.58875999999998,"minY":41.324008},"result":"Murça, Vila Real, Portugal"}