{"bounds":{"maxX":-8.082739,"maxY":42.154316,"minX":-8.880695,"minY":41.606388},"result":"Viana do Castelo, Portugal"}