{"bounds":{"maxX":-9.05865899999998,"maxY":39.425693,"minX":-9.29159999999996,"minY":39.304624},"result":"Óbidos, Leiria, Portugal"}