{"bounds":{"maxX":-8.45566099999996,"maxY":39.492442,"minX":-8.49963499999996,"minY":39.439508},"result":"Entroncamento, Santarém, Portugal"}