{"bounds":{"maxX":-9.12849999999997,"maxY":38.688416,"minX":-9.26297899999997,"minY":38.550324},"result":"Almada, Setúbal, Portugal"}