{"bounds":{"maxX":-7.60028399999999,"maxY":41.421523,"minX":-7.92135199999996,"minY":41.179681},"result":"Vila Real, Vila Real, Portugal"}