{"bounds":{"maxX":-8.48852599999998,"maxY":41.982578,"minX":-8.675365,"minY":41.844342},"result":"Paredes de Coura, Viana do Castelo, Portugal"}