{"bounds":{"maxX":-8.99719599999997,"maxY":38.683924,"minX":-9.09293099999996,"minY":38.577529},"result":"Barreiro, Setúbal, Portugal"}