{"bounds":{"maxX":-7.95914899999997,"maxY":40.640669,"minX":-8.30841399999997,"minY":40.447963},"result":"Tondela, Viseu, Portugal"}