{"bounds":{"maxX":-8.68738299999995,"maxY":39.651514,"minX":-8.93356399999999,"minY":39.465252},"result":"Porto de Mós, Leiria, Portugal"}