{"bounds":{"maxX":-8.16894499999995,"maxY":41.248011,"minX":-8.39255699999995,"minY":41.040104},"result":"Penafiel, Porto, Portugal"}