{"bounds":{"maxX":-7.192924,"maxY":41.880004,"minX":-7.62053499999996,"minY":41.58127},"result":"Chaves, Vila Real, Portugal"}