{"bounds":{"maxX":-8.29314299999999,"maxY":38.126953,"minX":-8.82513899999998,"minY":37.74934},"result":"Santiago do Cacém, Setúbal, Portugal"}