{"bounds":{"maxX":-7.69667499999997,"maxY":39.21854,"minX":-8.15200899999996,"minY":38.940828},"result":"Avis, Portalegre, Portugal"}