{"bounds":{"maxX":-6.951143,"maxY":39.118386,"minX":-7.14936799999998,"minY":38.905862},"result":"Campo Maior, Portalegre, Portugal"}