{"bounds":{"maxX":-7.562702,"maxY":41.795301,"minX":-7.91784899999999,"minY":41.578498},"result":"Boticas, Vila Real, Portugal"}