{"bounds":{"maxX":-8.67008099999998,"maxY":41.917378,"minX":-8.87625099999997,"minY":41.780754},"result":"Caminha, Viana do Castelo, Portugal"}