{"bounds":{"maxX":-7.11036299999995,"maxY":39.208244,"minX":-7.39007099999998,"minY":39.005974},"result":"Arronches, Portalegre, Portugal"}