{"bounds":{"maxX":-8.61060999999995,"maxY":41.425714,"minX":-8.76794699999999,"minY":41.255499},"result":"Vila do Conde, Porto, Portugal"}