{"bounds":{"maxX":-8.55260199999998,"maxY":41.185939,"minX":-8.691282,"minY":41.138354},"result":"Porto, Porto, Portugal"}