{"bounds":{"maxX":-7.75006999999999,"maxY":41.026618,"minX":-8.13259699999998,"minY":40.78672},"result":"Castro Daire, Viseu, Portugal"}