{"bounds":{"maxX":-9.14989199999997,"maxY":38.830532,"minX":-9.24112399999996,"minY":38.760223},"result":"Odivelas, Lisboa, Portugal"}