{"bounds":{"maxX":-9.22069499999998,"maxY":38.932434,"minX":-9.50053099999997,"minY":38.738584},"result":"Sintra, Lisboa, Portugal"}