{"bounds":{"maxX":-8.080917,"maxY":39.626603,"minX":-8.19523999999996,"minY":39.497333},"result":"Sardoal, Santarém, Portugal"}