{"bounds":{"maxX":-8.22541699999999,"maxY":39.803492,"minX":-8.43260899999996,"minY":39.644262},"result":"Ferreira do Zêzere, Santarém, Portugal"}