{"bounds":{"maxX":-8.17260499999998,"maxY":39.463789,"minX":-8.580536,"minY":39.071133},"result":"Chamusca, Santarém, Portugal"}