{"bounds":{"maxX":-7.36211199999997,"maxY":41.403601,"minX":-7.60366899999997,"minY":41.179668},"result":"Alijó, Vila Real, Portugal"}