{"bounds":{"maxX":-8.81025099999999,"maxY":38.762084,"minX":-9.024022,"minY":38.671373},"result":"Alcochete, Setúbal, Portugal"}