{"bounds":{"maxX":-8.33479,"maxY":40.026727,"minX":-8.53881199999995,"minY":39.855559},"result":"Ansião, Leiria, Portugal"}