{"bounds":{"maxX":-8.61238699999996,"maxY":38.741633,"minX":-9.02585799999997,"minY":38.514306},"result":"Palmela, Setúbal, Portugal"}