{"bounds":{"maxX":-8.10803799999996,"maxY":40.03646,"minX":-8.26140799999996,"minY":39.850254},"result":"Pedrógão Grande, Leiria, Portugal"}