{"bounds":{"maxX":-8.04126599999995,"maxY":41.259043,"minX":-8.29297099999997,"minY":41.064184},"result":"Marco de Canaveses, Porto, Portugal"}