{"bounds":{"maxX":-7.65977399999997,"maxY":41.081009,"minX":-7.85064299999999,"minY":40.95425},"result":"Tarouca, Viseu, Portugal"}