{"bounds":{"maxX":-7.903098,"maxY":40.538068,"minX":-8.06852299999997,"minY":40.380579},"result":"Carregal do Sal, Viseu, Portugal"}