{"bounds":{"maxX":-8.59543599999995,"maxY":41.273119,"minX":-8.72708399999999,"minY":41.171494},"result":"Matosinhos, Porto, Portugal"}