{"bounds":{"maxX":-7.032871,"maxY":39.057184,"minX":-7.42424299999999,"minY":38.751496},"result":"Elvas, Portalegre, Portugal"}