{"bounds":{"maxX":-9.048317,"maxY":38.655972,"minX":-9.17839399999997,"minY":38.540597},"result":"Seixal, Setúbal, Portugal"}