{"bounds":{"maxX":-9.21121499999998,"maxY":38.751953,"minX":-9.32968099999999,"minY":38.659026},"result":"Oeiras, Lisboa, Portugal"}