{"bounds":{"maxX":-7.37867799999998,"maxY":39.584174,"minX":-7.59817599999997,"minY":39.367655},"result":"Castelo de Vide, Portalegre, Portugal"}