{"bounds":{"maxX":-7.30456099999998,"maxY":41.214652,"minX":-8.359444,"minY":40.322637},"result":"Viseu, Portugal"}