{"bounds":{"maxX":-8.51525099999998,"maxY":41.295373,"minX":-8.69397099999998,"minY":41.179635},"result":"Maia, Porto, Portugal"}