{"bounds":{"maxX":-8.59063199999997,"maxY":41.471237,"minX":-8.78680599999996,"minY":41.364576},"result":"Póvoa de Varzim, Porto, Portugal"}