{"bounds":{"maxX":-7.47137399999997,"maxY":41.639699,"minX":-7.78461899999996,"minY":41.391086},"result":"Vila Pouca de Aguiar, Vila Real, Portugal"}