{"bounds":{"maxX":-8.43998199999999,"maxY":41.269028,"minX":-8.57071399999995,"minY":41.140767},"result":"Valongo, Porto, Portugal"}