{"bounds":{"maxX":-8.31643499999996,"maxY":41.384291,"minX":-8.519837,"minY":41.238073},"result":"Santo Tirso, Porto, Portugal"}