{"bounds":{"maxX":-7.32526199999995,"maxY":41.070124,"minX":-7.46144599999997,"minY":40.904516},"result":"Penedono, Viseu, Portugal"}