{"bounds":{"maxX":-6.951143,"maxY":40.765454,"minX":-8.52638299999995,"minY":38.751496},"result":"Portalegre, Portugal"}