{"bounds":{"maxX":-7.820402,"maxY":41.202438,"minX":-7.91439800000001,"minY":41.118725},"result":"Mesão Frio, Vila Real, Portugal"}