{"bounds":{"maxX":-7.294219,"maxY":39.495262,"minX":-7.43288999999999,"minY":39.312894},"result":"Marvão, Portalegre, Portugal"}