{"bounds":{"maxX":-7.17061699999999,"maxY":41.927097,"minX":-8.11944399999999,"minY":41.118725},"result":"Vila Real, Portugal"}