{"bounds":{"maxX":-7.875585,"maxY":41.471237,"minX":-8.78680599999996,"minY":41.001381},"result":"Porto, Portugal"}