{"bounds":{"maxX":-9.30807699999997,"maxY":38.768995,"minX":-9.486558,"minY":38.675888},"result":"Cascais, Lisboa, Portugal"}