{"bounds":{"maxX":-8.42308399999996,"maxY":39.838557,"minX":-8.70225299999998,"minY":39.535839},"result":"Ourém, Santarém, Portugal"}