{"bounds":{"maxX":-8.46979999999996,"maxY":40.04436,"minX":-8.93069499999996,"minY":39.776847},"result":"Pombal, Leiria, Portugal"}