{"bounds":{"maxX":-8.78186499999998,"maxY":39.255469,"minX":-9.00471499999998,"minY":39.006106},"result":"Azambuja, Lisboa, Portugal"}