{"bounds":{"maxX":-8.918676,"maxY":39.188678,"minX":-9.16389499999997,"minY":39.000718},"result":"Alenquer, Lisboa, Portugal"}