{"bounds":{"maxX":-8.50616099999996,"maxY":41.347862,"minX":-8.63447499999995,"minY":41.258303},"result":"Trofa, Porto, Portugal"}