{"bounds":{"maxX":-7.70404600000001,"maxY":41.652383,"minX":-7.90984899999995,"minY":41.403628},"result":"Ribeira de Pena, Vila Real, Portugal"}