{"bounds":{"maxX":-8.49271299999998,"maxY":39.306158,"minX":-8.63401299999998,"minY":39.171475},"result":"Alpiarça, Santarém, Portugal"}