{"bounds":{"maxX":-7.53513499999997,"maxY":40.726474,"minX":-7.78396199999997,"minY":40.624173},"result":"Penalva do Castelo, Viseu, Portugal"}