{"bounds":{"maxX":-8.16174899999999,"maxY":41.879095,"minX":-8.47984099999996,"minY":41.732267},"result":"Ponte da Barca, Viana do Castelo, Portugal"}