{"bounds":{"maxX":-7.37419999999997,"maxY":41.021974,"minX":-7.66057599999999,"minY":40.812445},"result":"Sernancelhe, Viseu, Portugal"}