{"bounds":{"maxX":-9.09856199999996,"maxY":39.0359,"minX":-9.24047899999999,"minY":38.947888},"result":"Sobral de Monte Agraço, Lisboa, Portugal"}