{"bounds":{"maxX":-7.875585,"maxY":41.248976,"minX":-8.115454,"minY":41.089584},"result":"Baião, Porto, Portugal"}