{"bounds":{"maxX":-9.19783200000001,"maxY":38.796992,"minX":-9.265288,"minY":38.721995},"result":"Amadora, Lisboa, Portugal"}