{"bounds":{"maxX":-8.109602,"maxY":41.411875,"minX":-8.280101,"minY":41.293913},"result":"Felgueiras, Porto, Portugal"}