{"bounds":{"maxX":-8.00724099999996,"maxY":40.75008,"minX":-8.274272,"minY":40.60062},"result":"Vouzela, Viseu, Portugal"}