{"bounds":{"maxX":-7.53148299999998,"maxY":41.412545,"minX":-7.65816699999999,"minY":41.156113},"result":"Sabrosa, Vila Real, Portugal"}