{"bounds":{"maxX":-8.04504399999996,"maxY":40.465421,"minX":-8.18681499999997,"minY":40.333089},"result":"Santa Comba Dão, Viseu, Portugal"}