{"bounds":{"maxX":-8.192927,"maxY":41.351262,"minX":-8.33973799999995,"minY":41.230812},"result":"Lousada, Porto, Portugal"}