{"bounds":{"maxX":-8.68144099999995,"maxY":38.049233,"minX":-8.89055499999995,"minY":37.804922},"result":"Sines, Setúbal, Portugal"}