{"bounds":{"maxX":-8.78307099999995,"maxY":39.466009,"minX":-9.00157899999999,"minY":39.234911},"result":"Rio Maior, Santarém, Portugal"}