{"bounds":{"maxX":-8.29618199999999,"maxY":41.259773,"minX":-8.47395999999998,"minY":41.068294},"result":"Paredes, Porto, Portugal"}