{"bounds":{"maxX":-8.12953899999997,"maxY":40.803927,"minX":-8.33358099999998,"minY":40.563661},"result":"Oliveira de Frades, Viseu, Portugal"}