{"bounds":{"maxX":-8.67113799999998,"maxY":39.69553,"minX":-8.87380099999996,"minY":39.550869},"result":"Batalha, Leiria, Portugal"}