{"bounds":{"maxX":-8.23818299999999,"maxY":38.494026,"minX":-8.907083,"minY":38.023456},"result":"Grândola, Setúbal, Portugal"}