{"bounds":{"maxX":-7.75897799999996,"maxY":40.842597,"minX":-8.09158299999996,"minY":40.53573},"result":"Viseu, Viseu, Portugal"}