{"bounds":{"maxX":-8.082739,"maxY":42.154316,"minX":-8.34230700000001,"minY":41.923604},"result":"Melgaço, Viana do Castelo, Portugal"}