{"bounds":{"maxX":-8.97522799999996,"maxY":39.311989,"minX":-9.17844399999996,"minY":39.167626},"result":"Cadaval, Lisboa, Portugal"}