{"bounds":{"maxX":-8.68285299999997,"maxY":39.211748,"minX":-8.91312799999997,"minY":39.058288},"result":"Cartaxo, Santarém, Portugal"}