{"bounds":{"maxX":-8.97095899999999,"maxY":39.650121,"minX":-9.11451099999999,"minY":39.511044},"result":"Nazaré, Leiria, Portugal"}