{"bounds":{"maxX":-8.57524100000001,"maxY":39.132627,"minX":-8.81521899999996,"minY":38.961677},"result":"Salvaterra de Magos, Santarém, Portugal"}