{"bounds":{"maxX":-7.745454,"maxY":39.565084,"minX":-8.00889899999999,"minY":39.334054},"result":"Gavião, Portalegre, Portugal"}