{"bounds":{"maxX":-8.94488999999999,"maxY":38.692639,"minX":-9.05062999999996,"minY":38.601217},"result":"Moita, Setúbal, Portugal"}