{"bounds":{"maxX":-8.49097799999998,"maxY":38.845425,"minX":-9.04986199999996,"minY":38.644749},"result":"Montijo, Setúbal, Portugal"}