{"bounds":{"maxX":-8.289444,"maxY":42.090503,"minX":-8.54681499999998,"minY":41.965745},"result":"Monção, Viana do Castelo, Portugal"}