{"bounds":{"maxX":-9.090575,"maxY":38.795856,"minX":-9.22983999999997,"minY":38.691401},"result":"Lisboa, Lisboa, Portugal"}