{"bounds":{"maxX":-7.85033399999998,"maxY":41.150519,"minX":-8.027559,"minY":40.999296},"result":"Resende, Viseu, Portugal"}