{"bounds":{"maxX":-9.12572999999998,"maxY":39.216207,"minX":-9.42210499999999,"minY":39.00407},"result":"Torres Vedras, Lisboa, Portugal"}