{"bounds":{"maxX":-8.65279899999996,"maxY":39.031954,"minX":-8.96905699999996,"minY":38.731492},"result":"Benavente, Santarém, Portugal"}