{"bounds":{"maxX":-8.32709799999998,"maxY":39.521005,"minX":-8.46775099999996,"minY":39.447046},"result":"Vila Nova da Barquinha, Santarém, Portugal"}