{"bounds":{"maxX":-8.12431699999996,"maxY":39.110105,"minX":-8.72952599999996,"minY":38.762708},"result":"Coruche, Santarém, Portugal"}