{"bounds":{"maxX":-7.570697,"maxY":40.874782,"minX":-7.77550199999996,"minY":40.68107},"result":"Sátão, Viseu, Portugal"}