{"bounds":{"maxX":-7.73003999999997,"maxY":41.161839,"minX":-7.91562899999997,"minY":40.981501},"result":"Lamego, Viseu, Portugal"}