{"bounds":{"maxX":-7.74849499999999,"maxY":40.588727,"minX":-7.94348499999995,"minY":40.456013},"result":"Nelas, Viseu, Portugal"}