{"bounds":{"maxX":-8.63756699999999,"maxY":41.990673,"minX":-8.785732,"minY":41.846683},"result":"Vila Nova de Cerveira, Viana do Castelo, Portugal"}