{"bounds":{"maxX":-8.62333599999999,"maxY":39.964875,"minX":-8.968166,"minY":39.636876},"result":"Leiria, Leiria, Portugal"}