{"bounds":{"maxX":-7.29805599999997,"maxY":39.190627,"minX":-7.56811699999997,"minY":38.864915},"result":"Monforte, Portalegre, Portugal"}