{"bounds":{"maxX":-7.23148099999997,"maxY":39.398656,"minX":-7.55849899999998,"minY":39.146232},"result":"Portalegre, Portalegre, Portugal"}