{"bounds":{"maxX":-7.46713399999999,"maxY":40.765454,"minX":-8.52638299999995,"minY":39.177307},"result":"Crato, Portalegre, Portugal"}