{"bounds":{"maxX":-8.54312599999997,"maxY":39.48301,"minX":-8.89945,"minY":39.168747},"result":"Santarém, Santarém, Portugal"}