{"bounds":{"maxX":-9.17586799999998,"maxY":39.317731,"minX":-9.35152799999997,"minY":39.174501},"result":"Lourinhã, Lisboa, Portugal"}