{"bounds":{"maxX":-8.31728299999997,"maxY":41.337226,"minX":-8.452451,"minY":41.242464},"result":"Paços de Ferreira, Porto, Portugal"}