{"bounds":{"maxX":-25.013634,"maxY":39.725363,"minX":-31.268192,"minY":36.926698},"result":"Região Autónoma dos Açores, Portugal"}