{"bounds":{"maxX":-31.1237159999999,"maxY":39.523819,"minX":-31.256136,"minY":39.423511},"result":"Santa Cruz das Flores, Região Autónoma dos Açores, Portugal"}