{"bounds":{"maxX":-25.141473,"maxY":37.808806,"minX":-25.3727469999999,"minY":37.723513},"result":"Povoação, Região Autónoma dos Açores, Portugal"}