{"bounds":{"maxX":-27.7535789999999,"maxY":38.666486,"minX":-28.065241,"minY":38.533485},"result":"Calheta, Região Autónoma dos Açores, Portugal"}