{"bounds":{"maxX":-17.0655369999999,"maxY":32.870464,"minX":-17.230664,"minY":32.766988},"result":"Porto Moniz, Região Autónoma da Madeira, Portugal"}