{"bounds":{"maxX":-15.859746,"maxY":33.128576,"minX":-17.266031,"minY":30.030174},"result":"Região Autónoma da Madeira, Portugal"}