{"bounds":{"maxX":-6.189142,"maxY":42.154316,"minX":-31.268192,"minY":30.030174},"result":"Portugal"}