{"bounds":{"maxX":134.59584,"maxY":7.42598800000002,"minX":134.502227,"minY":7.32500000000005},"result":"Airai, Palau"}