{"bounds":{"maxX":134.541809,"maxY":7.48069200000003,"minX":134.462495,"minY":7.39276800000005},"result":"Aimeliik, Palau"}