{"bounds":{"maxX":134.517639,"maxY":7.369167,"minX":134.224517,"minY":7.10027700000001},"result":"Koror, Palau"}