{"bounds":{"maxX":134.721389,"maxY":8.09416700000003,"minX":134.69336,"minY":8.03862000000004},"result":"Kayangel, Palau"}