{"bounds":{"maxX":134.638337,"maxY":7.53959400000002,"minX":134.571244,"minY":7.48361199999999},"result":"Melekeok, Palau"}