{"bounds":{"maxX":134.624375,"maxY":7.50313,"minX":134.549148,"minY":7.41125800000003},"result":"Ngchesar, Palau"}