{"bounds":{"maxX":134.599182,"maxY":7.57837800000004,"minX":134.49611,"minY":7.464223},"result":"Ngeremlengui, Palau"}