{"bounds":{"maxX":134.638763,"maxY":7.58042900000004,"minX":134.5952,"minY":7.53373900000003},"result":"Ngiwal, Palau"}