{"bounds":{"maxX":134.646943,"maxY":7.68829600000004,"minX":134.595122,"minY":7.572427},"result":"Ngaraard, Palau"}