{"bounds":{"maxX":134.601882,"maxY":7.62055600000002,"minX":134.534438,"minY":7.55635900000004},"result":"Ngardmau, Palau"}