{"bounds":{"maxX":134.559434,"maxY":7.50661500000001,"minX":134.477494,"minY":7.41719499999999},"result":"Ngatpang, Palau"}