{"bounds":{"maxX":134.645553,"maxY":7.75944400000003,"minX":134.607498,"minY":7.685292},"result":"Ngarchelong, Palau"}