{"bounds":{"maxX":134.335511,"maxY":7.09916700000002,"minX":134.121735,"minY":6.88749899999999},"result":"Peleliu, Palau"}