{"bounds":{"maxX":134.721389,"maxY":8.09416700000003,"minX":134.121735,"minY":6.88749899999999},"result":"Palau"}