{"bounds":{"maxX":-56.1216459999999,"maxY":-22.07954,"minX":-57.992271,"minY":-23.502325},"result":"Concepción, Paraguay"}