{"bounds":{"maxX":-57.176799,"maxY":-25.08505,"minX":-57.814132,"minY":-26.011899},"result":"Central, Paraguay"}