{"bounds":{"maxX":-57.155361,"maxY":-22.039113,"minX":-61.088131,"minY":-25.279399},"result":"Presidente Hayes, Paraguay"}