{"bounds":{"maxX":-59.282337,"maxY":-20.054578,"minX":-62.646519,"minY":-23.876723},"result":"Boquerón, Paraguay"}