{"bounds":{"maxX":-54.258632,"maxY":-23.534978,"minX":-56.16438,"minY":-24.7797389999999},"result":"Canindeyú, Paraguay"}