{"bounds":{"maxX":-57.8171609999999,"maxY":-19.291371,"minX":-61.90937,"minY":-22.381692},"result":"Alto Paraguay, Paraguay"}