{"bounds":{"maxX":-57.174782,"maxY":-25.75962,"minX":-58.6624879999999,"minY":-27.440534},"result":"Ñeembucú, Paraguay"}