{"bounds":{"maxX":-54.355582,"maxY":-24.477471,"minX":-55.5535619999999,"minY":-26.255124},"result":"Alto Paraná, Paraguay"}