{"bounds":{"maxX":-55.5011259999999,"maxY":-22.07474,"minX":-56.816276,"minY":-23.832025},"result":"Amambay, Paraguay"}