{"bounds":{"maxX":-55.764717,"maxY":-23.295751,"minX":-57.5069339999999,"minY":-25.015979},"result":"San Pedro, Paraguay"}