{"bounds":{"maxX":-56.5158949999999,"maxY":-24.835991,"minX":-57.4634599999999,"minY":-25.660361},"result":"Cordillera, Paraguay"}