{"bounds":{"maxX":-55.637512,"maxY":-25.559878,"minX":-56.778137,"minY":-26.181841},"result":"Guairá, Paraguay"}