{"bounds":{"maxX":-54.9240149999999,"maxY":-24.46327,"minX":-56.84596,"minY":-25.702906},"result":"Caaguazú, Paraguay"}