{"bounds":{"maxX":-55.248906,"maxY":-25.518733,"minX":-56.844818,"minY":-26.792054},"result":"Caazapá, Paraguay"}