{"bounds":{"maxX":-54.649705,"maxY":-26.086436,"minX":-56.7113429999999,"minY":-27.6058609999999},"result":"Itapúa, Paraguay"}