{"bounds":{"maxX":-56.633663,"maxY":-26.3640119999999,"minX":-57.746227,"minY":-27.604213},"result":"Misiones, Paraguay"}