{"bounds":{"maxX":-56.5476389999999,"maxY":-25.389894,"minX":-57.740035,"minY":-26.606391},"result":"Paraguarí, Paraguay"}