{"bounds":{"maxX":-57.526104,"maxY":-25.214058,"minX":-57.675877,"minY":-25.357345},"result":"Asunción, Paraguay"}