{"bounds":{"maxX":-54.258632,"maxY":-19.291371,"minX":-62.646519,"minY":-27.6058609999999},"result":"Paraguay"}