{"bounds":{"maxX":51.647361,"maxY":25.385304,"minX":51.448037,"minY":25.21551},"result":"Ad Dawhah, Qatar"}