{"bounds":{"maxX":51.352833,"maxY":25.901405,"minX":50.904862,"minY":25.705684},"result":"Al Ghuwayriyah, Qatar"}