{"bounds":{"maxX":51.480973,"maxY":25.318176,"minX":50.736528,"minY":24.548483},"result":"Jariyan al Batnah, Qatar"}