{"bounds":{"maxX":51.294209,"maxY":25.757639,"minX":50.731803,"minY":25.128402},"result":"Al Jumayliyah, Qatar"}