{"bounds":{"maxX":51.623196,"maxY":25.961526,"minX":51.254169,"minY":25.55236},"result":"Al Khawr, Qatar"}