{"bounds":{"maxX":51.42495,"maxY":26.184029,"minX":50.95486,"minY":25.831027},"result":"Madinat ash Shamal, Qatar"}