{"bounds":{"maxX":51.549149,"maxY":25.489994,"minX":51.147481,"minY":25.047018},"result":"Ar Rayyan, Qatar"}