{"bounds":{"maxX":51.575416,"maxY":25.577253,"minX":51.291424,"minY":25.355176},"result":"Umm Salal, Qatar"}