{"bounds":{"maxX":51.629306,"maxY":25.238603,"minX":51.334924,"minY":24.744028},"result":"Al Wakrah, Qatar"}