{"bounds":{"maxX":51.647361,"maxY":26.184029,"minX":50.731803,"minY":24.548483},"result":"Qatar"}