{"bounds":{"maxX":55.837361,"maxY":-20.871806,"minX":55.216251,"minY":-21.38986},"result":"Réunion"}