{"bounds":{"maxX":24.20172,"maxY":46.589817,"minX":22.684363,"minY":45.478212},"result":"Alba, Romania"}