{"bounds":{"maxX":25.305321,"maxY":45.624126,"minX":24.435364,"minY":44.390086},"result":"Arges, Romania"}