{"bounds":{"maxX":22.720312,"maxY":46.677422,"minX":20.681768,"minY":45.877938},"result":"Arad, Romania"}