{"bounds":{"maxX":26.462883,"maxY":44.796547,"minX":25.752725,"minY":44.275199},"result":"Bucuresti, Romania"}