{"bounds":{"maxX":27.399936,"maxY":45.853711,"minX":26.046847,"minY":44.77314},"result":"Buzau, Romania"}