{"bounds":{"maxX":28.169415,"maxY":45.499729,"minX":27.057612,"minY":44.759167},"result":"Braila, Romania"}