{"bounds":{"maxX":27.495315,"maxY":46.829801,"minX":25.990539,"minY":46.022975},"result":"Bacau, Romania"}