{"bounds":{"maxX":22.76927,"maxY":47.601197,"minX":21.422629,"minY":46.377002},"result":"Bihor, Romania"}