{"bounds":{"maxX":26.074265,"maxY":46.187066,"minX":24.601114,"minY":45.416137},"result":"Brasov, Romania"}