{"bounds":{"maxX":27.401433,"maxY":48.265991,"minX":26.04276,"minY":47.38118},"result":"Botosani, Romania"}