{"bounds":{"maxX":25.086738,"maxY":47.651242,"minX":23.907504,"minY":46.734822},"result":"Bistrita-Nasaud, Romania"}