{"bounds":{"maxX":28.984908,"maxY":44.809944,"minX":27.250871,"minY":43.735623},"result":"Constanta, Romania"}