{"bounds":{"maxX":24.204275,"maxY":47.380112,"minX":22.632109,"minY":46.425124},"result":"Cluj, Romania"}