{"bounds":{"maxX":26.448684,"maxY":46.276164,"minX":25.424308,"minY":45.581782},"result":"Covasna, Romania"}