{"bounds":{"maxX":28.00539,"maxY":44.60474,"minX":26.218354,"minY":44.041916},"result":"Calarasi, Romania"}