{"bounds":{"maxX":22.689666,"maxY":45.655544,"minX":21.356885,"minY":44.594445},"result":"Caras-Severin, Romania"}