{"bounds":{"maxX":24.205166,"maxY":44.719382,"minX":22.842389,"minY":43.728182},"result":"Dolj, Romania"}