{"bounds":{"maxX":25.95663,"maxY":45.428458,"minX":25.117434,"minY":44.435687},"result":"Dâmbovita, Romania"}