{"bounds":{"maxX":26.311678,"maxY":44.560597,"minX":25.428141,"minY":43.706548},"result":"Giurgiu, Romania"}