{"bounds":{"maxX":23.853965,"maxY":45.358226,"minX":22.577813,"minY":44.581627},"result":"Gorj, Romania"}