{"bounds":{"maxX":28.202089,"maxY":46.146183,"minX":27.235909,"minY":45.410717},"result":"Galati, Romania"}