{"bounds":{"maxX":23.622198,"maxY":46.351264,"minX":22.350916,"minY":45.258473},"result":"Hunedoara, Romania"}