{"bounds":{"maxX":26.308307,"maxY":47.175087,"minX":24.800773,"minY":46.09761},"result":"Harghita, Romania"}