{"bounds":{"maxX":28.146093,"maxY":47.586314,"minX":26.529696,"minY":46.823196},"result":"Iasi, Romania"}