{"bounds":{"maxX":28.09852,"maxY":44.875278,"minX":26.315243,"minY":44.354607},"result":"Ialomita, Romania"}