{"bounds":{"maxX":23.481443,"maxY":45.119544,"minX":22.004324,"minY":44.104093},"result":"Mehedinti, Romania"}