{"bounds":{"maxX":24.994641,"maxY":48.022759,"minX":22.968662,"minY":47.341514},"result":"Maramures, Romania"}