{"bounds":{"maxX":25.288998,"maxY":47.142386,"minX":23.950279,"minY":46.084339},"result":"Mures, Romania"}