{"bounds":{"maxX":27.212907,"maxY":47.317367,"minX":25.68079,"minY":46.646442},"result":"Neamt, Romania"}