{"bounds":{"maxX":24.823033,"maxY":44.912892,"minX":23.902695,"minY":43.696518},"result":"Olt, Romania"}