{"bounds":{"maxX":26.599768,"maxY":45.546326,"minX":25.44291,"minY":44.764174},"result":"Prahova, Romania"}