{"bounds":{"maxX":23.842394,"maxY":47.433972,"minX":22.531581,"minY":46.878383},"result":"Salaj, Romania"}