{"bounds":{"maxX":26.674655,"maxY":47.983228,"minX":24.947672,"minY":47.092469},"result":"Suceava, Romania"}