{"bounds":{"maxX":24.906019,"maxY":46.269698,"minX":23.582791,"minY":45.490555},"result":"Sibiu, Romania"}