{"bounds":{"maxX":23.625819,"maxY":48.111659,"minX":22.132406,"minY":47.32035},"result":"Satu Mare, Romania"}