{"bounds":{"maxX":22.536009,"maxY":46.194321,"minX":20.260755,"minY":45.181573},"result":"Timis, Romania"}