{"bounds":{"maxX":29.691682,"maxY":45.456143,"minX":27.99108,"minY":44.659038},"result":"Tulcea, Romania"}