{"bounds":{"maxX":25.797694,"maxY":44.53111,"minX":24.589686,"minY":43.638883},"result":"Teleorman, Romania"}