{"bounds":{"maxX":28.263047,"maxY":46.965676,"minX":27.191247,"minY":45.987847},"result":"Vaslui, Romania"}