{"bounds":{"maxX":24.507455,"maxY":45.608466,"minX":23.598351,"minY":44.51493},"result":"Vâlcea, Romania"}