{"bounds":{"maxX":27.52176,"maxY":46.186615,"minX":26.386851,"minY":45.409015},"result":"Vrancea, Romania"}