{"bounds":{"maxX":29.691682,"maxY":48.265991,"minX":20.260755,"minY":43.638883},"result":"Romania"}