{"bounds":{"maxX":19.971079,"maxY":44.941906,"minX":19.101701,"minY":44.090168},"result":"Macva, Serbia"}