{"bounds":{"maxX":20.424062,"maxY":44.564807,"minX":19.425719,"minY":44.052245},"result":"Kolubara, Serbia"}