{"bounds":{"maxX":20.839072,"maxY":45.082328,"minX":19.961195,"minY":44.240459},"result":"Beograd, Serbia"}