{"bounds":{"maxX":21.817756,"maxY":44.288583,"minX":20.908362,"minY":43.687057},"result":"Pomoravlje, Serbia"}