{"bounds":{"maxX":22.748085,"maxY":44.698929,"minX":21.772458,"minY":43.875637},"result":"Bor, Serbia"}