{"bounds":{"maxX":22.645376,"maxY":44.168602,"minX":21.645996,"minY":43.325231},"result":"Zajecar, Serbia"}