{"bounds":{"maxX":21.567233,"maxY":43.840953,"minX":20.760294,"minY":43.125752},"result":"Rasina, Serbia"}