{"bounds":{"maxX":20.282115,"maxY":44.145013,"minX":19.170966,"minY":42.985143},"result":"Zlatibor, Serbia"}