{"bounds":{"maxX":21.139093,"maxY":44.418897,"minX":20.389084,"minY":43.775116},"result":"Šumadija, Serbia"}