{"bounds":{"maxX":20.956992,"maxY":43.859166,"minX":20.033724,"minY":42.818836},"result":"Raška, Serbia"}