{"bounds":{"maxX":21.182579,"maxY":44.696438,"minX":20.730989,"minY":44.18586},"result":"Podunavlje, Serbia"}