{"bounds":{"maxX":22.016998,"maxY":44.803989,"minX":21.020703,"minY":44.065471},"result":"Branicevo, Serbia"}