{"bounds":{"maxX":20.636901,"maxY":44.241817,"minX":19.893664,"minY":43.259847},"result":"Moravica, Serbia"}