{"bounds":{"maxX":22.538339,"maxY":42.821507,"minX":21.512067,"minY":42.227615},"result":"Pcinja, Serbia"}