{"bounds":{"maxX":21.814879,"maxY":43.386651,"minX":20.893876,"minY":42.850468},"result":"Toplica, Serbia"}