{"bounds":{"maxX":22.567505,"maxY":43.155528,"minX":21.369308,"minY":42.654365},"result":"Jablanica, Serbia"}