{"bounds":{"maxX":22.351545,"maxY":43.80294,"minX":21.454279,"minY":43.054688},"result":"Nišava, Serbia"}