{"bounds":{"maxX":22.978982,"maxY":43.389931,"minX":22.113604,"minY":42.844784},"result":"Pirot, Serbia"}