{"bounds":{"maxX":21.566219,"maxY":46.1894,"minX":18.80852,"minY":44.61291},"result":"Vojvodina, Serbia"}