{"bounds":{"maxX":22.978982,"maxY":46.1894,"minX":18.80852,"minY":42.227615},"result":"Serbia"}