{"bounds":{"maxX":40.8153114330001,"maxY":45.181896211,"minX":38.5701179500001,"minY":43.7900047300002},"result":"Adygea, Russia"}