{"bounds":{"maxX":89.8659439090001,"maxY":52.6459159840001,"minX":83.9753723140002,"minY":49.083080292},"result":"Altai Republic, Russia"}