{"bounds":{"maxX":134.901000751446,"maxY":57.0560684210002,"minX":119.623291016,"minY":48.8524322520001},"result":"Amur Oblast, Russia"}