{"bounds":{"maxX":49.2310028080001,"maxY":48.8571281440001,"minX":45.023391723,"minY":45.4269447330001},"result":"Astrakhan Oblast, Russia"}