{"bounds":{"maxX":69.074478,"maxY":81.8562470000001,"minX":35.5005190000001,"minY":60.6697807310001},"result":"Arkhangelsk Oblast, Russia"}