{"bounds":{"maxX":87.1154785170002,"maxY":54.4181022650002,"minX":77.8716888420001,"minY":50.647769928},"result":"Altai Krai, Russia"}