{"bounds":{"maxX":35.2829246520001,"maxY":54.0204353330001,"minX":31.2497787470002,"minY":51.8595008860001},"result":"Bryansk Oblast, Russia"}