{"bounds":{"maxX":59.9264526370001,"maxY":56.5582733170001,"minX":53.1442909240001,"minY":51.561111451},"result":"Bashkortostan, Russia"}