{"bounds":{"maxX":39.3742942800002,"maxY":51.4261779780001,"minX":35.34387207,"minY":49.8025245670001},"result":"Belgorod Oblast, Russia"}