{"bounds":{"maxX":116.950279236,"maxY":57.2371749870002,"minX":98.6289215080002,"minY":49.9534912110001},"result":"Buryatia, Russia"}