{"bounds":{"maxX":46.6185379030001,"maxY":43.9949607840002,"minX":44.9281578050001,"minY":42.4620323180002},"result":"Chechnya, Russia"}