{"bounds":{"maxX":180.0,"maxY":76.166664,"minX":-180.0,"minY":61.8062519999999},"result":"Chukotka Autonomous Okrug, Russia"}