{"bounds":{"maxX":48.4509124760002,"maxY":56.348060609,"minX":45.9642677310001,"minY":54.63331604},"result":"Chuvashia, Russia"}