{"bounds":{"maxX":63.378082275,"maxY":56.4086990350002,"minX":57.1278762820001,"minY":51.9973030080002},"result":"Chelyabinsk Oblast, Russia"}