{"bounds":{"maxX":122.09299469,"maxY":58.4239997860002,"minX":107.693009265,"minY":49.1450810000001},"result":"Zabaykalsky Krai, Russia"}