{"bounds":{"maxX":48.5051078790001,"maxY":45.0157012950002,"minX":45.1989097600001,"minY":41.188865663},"result":"Dagestan, Russia"}