{"bounds":{"maxX":45.3108100890001,"maxY":43.5749015810001,"minX":44.583942413,"minY":42.6247367860001},"result":"Ingushetia, Russia"}