{"bounds":{"maxX":119.122291565,"maxY":64.2834396370001,"minX":95.582000732,"minY":51.1188278210002},"result":"Irkutsk Oblast, Russia"}