{"bounds":{"maxX":43.872760773,"maxY":57.7124252320002,"minX":39.4136734010002,"minY":56.3399200450001},"result":"Ivanovo Oblast, Russia"}