{"bounds":{"maxX":91.846389771,"maxY":55.4247627260001,"minX":87.9024124140001,"minY":51.292198182},"result":"Khakassia, Russia"}