{"bounds":{"maxX":68.6729431160001,"maxY":56.8660316480002,"minX":61.9467620850002,"minY":54.1935160000029},"result":"Kurgan Oblast, Russia"}