{"bounds":{"maxX":37.9557952880002,"maxY":66.6511539999635,"minX":29.3215980748152,"minY":60.6464770000314},"result":"Republic of Karelia, Russia"}