{"bounds":{"maxX":47.594364167,"maxY":48.2111053470001,"minX":41.6633529660001,"minY":44.788352967},"result":"Kalmykia, Russia"}