{"bounds":{"maxX":147.279099,"maxY":62.4935490000001,"minX":130.378098,"minY":45.035830999},"result":"Khabarovsk Krai, Russia"}