{"bounds":{"maxX":89.4391555780001,"maxY":56.8719367980001,"minX":84.4592208860001,"minY":52.1784858710002},"result":"Kemerovo Oblast, Russia"}