{"bounds":{"maxX":37.2382011420002,"maxY":55.3099403380002,"minX":33.483524323,"minY":53.2848854060002},"result":"Kaluga Oblast, Russia"}