{"bounds":{"maxX":113.92292,"maxY":81.275002,"minX":76.0963520000001,"minY":51.7594909670001},"result":"Krasnoyarsk Krai, Russia"}