{"bounds":{"maxX":22.89280484937,"maxY":55.2907099999999,"minX":19.642502,"minY":54.3182144170001},"result":"Kaliningrad Oblast, Russia"}