{"bounds":{"maxX":174.45549,"maxY":64.9113240000001,"minX":155.552780151,"minY":50.8647232060002},"result":"Kamchatka Krai, Russia"}