{"bounds":{"maxX":66.2665479620002,"maxY":68.4108886720002,"minX":45.424392701,"minY":59.2241020210001},"result":"Komi, Russia"}