{"bounds":{"maxX":42.8796920780001,"maxY":44.4746246340002,"minX":40.7161712650001,"minY":43.1848983780001},"result":"Karachay-Cherkessia, Russia"}