{"bounds":{"maxX":41.8698005680002,"maxY":46.87986,"minX":36.597363,"minY":43.3848609930002},"result":"Krasnodar Krai, Russia"}