{"bounds":{"maxX":44.5347213740001,"maxY":43.9494018570001,"minX":42.5080566410002,"minY":42.88948822},"result":"Kabardino-Balkaria, Russia"}