{"bounds":{"maxX":53.895526887,"maxY":61.0743255610001,"minX":46.3295021060001,"minY":56.098731995},"result":"Kirov Oblast, Russia"}