{"bounds":{"maxX":47.6347312930001,"maxY":59.614681245,"minX":40.4058341980002,"minY":57.283325195},"result":"Kostroma Oblast, Russia"}