{"bounds":{"maxX":85.9690704340001,"maxY":65.7015686050001,"minX":59.2341499330001,"minY":58.5671196000001},"result":"Khanty-Mansi Autonomous Okrug, Russia"}