{"bounds":{"maxX":38.6456871030002,"maxY":52.4799003600001,"minX":34.0913848870001,"minY":50.947021485},"result":"Kursk Oblast, Russia"}