{"bounds":{"maxX":35.7130165100002,"maxY":61.3461532590001,"minX":26.6775,"minY":58.4092903140001},"result":"Leningrad Oblast, Russia"}