{"bounds":{"maxX":40.8192253110001,"maxY":53.572387695,"minX":37.6973075880001,"minY":51.8998527540002},"result":"Lipetsk Oblast, Russia"}