{"bounds":{"maxX":46.7131385810002,"maxY":55.1766815190001,"minX":42.1994247440001,"minY":53.6611785890001},"result":"Mordovia, Russia"}