{"bounds":{"maxX":37.9847068780001,"maxY":56.0075073240001,"minX":37.1632881170001,"minY":55.4792178820001},"result":"Moscow, Russia"}