{"bounds":{"maxX":40.2464942930002,"maxY":56.9419326780001,"minX":35.1510162360001,"minY":54.2275238040001},"result":"Moscow Oblast, Russia"}