{"bounds":{"maxX":163.513763,"maxY":66.3175199968955,"minX":144.776885985,"minY":58.8368},"result":"Magadan Oblast, Russia"}