{"bounds":{"maxX":41.4098930000001,"maxY":70.0,"minX":28.4347462542148,"minY":66.056252},"result":"Murmansk Oblast, Russia"}