{"bounds":{"maxX":50.2130050670002,"maxY":57.3407592780001,"minX":45.6306839000001,"minY":55.8356475830002},"result":"Mari El, Russia"}