{"bounds":{"maxX":47.7784423830001,"maxY":58.0799827580001,"minX":41.7894783020002,"minY":54.4587936390001},"result":"Nizhny Novgorod Oblast, Russia"}