{"bounds":{"maxX":36.4719924930001,"maxY":59.406257629,"minX":29.669029236,"minY":56.8828468330001},"result":"Novgorod Oblast, Russia"}