{"bounds":{"maxX":65.711166,"maxY":70.4625020000001,"minX":41.742188,"minY":65.8353580000001},"result":"Nenets Autonomous Okrug, Russia"}