{"bounds":{"maxX":85.085792542,"maxY":57.229522706,"minX":75.0851974490001,"minY":53.3064727780002},"result":"Novosibirsk Oblast, Russia"}