{"bounds":{"maxX":61.6763458250001,"maxY":54.386753083,"minX":50.836586,"minY":50.5144691460001},"result":"Orenburg Oblast, Russia"}