{"bounds":{"maxX":38.0911293020001,"maxY":53.6383323680001,"minX":34.7708892830001,"minY":51.9547233580001},"result":"Oryol Oblast, Russia"}