{"bounds":{"maxX":76.2984924310001,"maxY":58.5716476440001,"minX":70.4209136970001,"minY":53.4448013320001},"result":"Omsk Oblast, Russia"}