{"bounds":{"maxX":31.560697556,"maxY":59.0003889999493,"minX":27.317533492,"minY":55.5977783210001},"result":"Pskov Oblast, Russia"}