{"bounds":{"maxX":46.9845352180001,"maxY":54.0102310180001,"minX":42.1082153320001,"minY":52.2936325070002},"result":"Penza Oblast, Russia"}