{"bounds":{"maxX":139.052413941,"maxY":48.4535140990002,"minX":130.404343001,"minY":42.284584},"result":"Primorsky Krai, Russia"}