{"bounds":{"maxX":59.50327301,"maxY":61.6982955940002,"minX":51.7679214490001,"minY":56.1142425550001},"result":"Perm Krai, Russia"}