{"bounds":{"maxX":44.3832244870001,"maxY":50.1868515020001,"minX":38.2244150000814,"minY":45.952335358},"result":"Rostov Oblast, Russia"}