{"bounds":{"maxX":42.7357177740002,"maxY":55.3258667000001,"minX":38.596348,"minY":53.3056678770001},"result":"Ryazan Oblast, Russia"}