{"bounds":{"maxX":35.4131126400001,"maxY":56.039813995,"minX":30.7599658970001,"minY":53.4122505190001},"result":"Smolensk Oblast, Russia"}