{"bounds":{"maxX":45.7094612120001,"maxY":46.2258644100001,"minX":40.8399543750002,"minY":43.6258316050001},"result":"Stavropol Krai, Russia"}