{"bounds":{"maxX":52.559486389,"maxY":54.6826019290001,"minX":47.9864463820001,"minY":51.7951812740001},"result":"Samara Oblast, Russia"}