{"bounds":{"maxX":66.2034454340001,"maxY":61.9743690490001,"minX":57.2541885370001,"minY":56.0806427000002},"result":"Sverdlovsk Oblast, Russia"}