{"bounds":{"maxX":156.51445,"maxY":54.425152,"minX":141.210327,"minY":43.3601720000001},"result":"Sakhalin Oblast, Russia"}