{"bounds":{"maxX":30.77482,"maxY":60.2662089999999,"minX":29.413376,"minY":59.6032180780001},"result":"Saint Petersburg, Russia"}