{"bounds":{"maxX":50.8627777100002,"maxY":52.8337898250002,"minX":42.5450325010002,"minY":49.807075501},"result":"Saratov Oblast, Russia"}