{"bounds":{"maxX":162.772964,"maxY":76.754166,"minX":105.523483277,"minY":55.500915527},"result":"Sakha, Russia"}