{"bounds":{"maxX":44.9803962710001,"maxY":43.7598571780001,"minX":43.416000367,"minY":42.558403016},"result":"North Ossetia-Alania, Russia"}