{"bounds":{"maxX":75.2059021000002,"maxY":59.9556884770002,"minX":64.8758926390001,"minY":55.132461549},"result":"Tyumen Oblast, Russia"}