{"bounds":{"maxX":39.0070571890001,"maxY":54.8313598630002,"minX":35.9260520930001,"minY":52.952812195},"result":"Tula Oblast, Russia"}