{"bounds":{"maxX":43.2972145080001,"maxY":53.7913894650001,"minX":40.0073127750001,"minY":51.5713844300001},"result":"Tambov Oblast, Russia"}