{"bounds":{"maxX":54.2052497860001,"maxY":56.7081451420001,"minX":47.279705047,"minY":54.045841216},"result":"Tatarstan, Russia"}