{"bounds":{"maxX":38.3748779310001,"maxY":58.8427619940002,"minX":30.8177986140001,"minY":55.5863952630001},"result":"Tver Oblast, Russia"}