{"bounds":{"maxX":99.2206192020002,"maxY":53.7533721930001,"minX":88.7880859370001,"minY":49.7567138680001},"result":"Tuva, Russia"}