{"bounds":{"maxX":89.3850326540002,"maxY":61.0152244560001,"minX":75.0364456170001,"minY":55.6644248970001},"result":"Tomsk Oblast, Russia"}