{"bounds":{"maxX":50.265533448,"maxY":54.9031143200001,"minX":45.8486175550001,"minY":52.5599632260001},"result":"Ulyanovsk Oblast, Russia"}