{"bounds":{"maxX":54.4348220830001,"maxY":58.5439834600002,"minX":51.112735748,"minY":55.8749275210002},"result":"Udmurtia, Russia"}