{"bounds":{"maxX":47.4336242670001,"maxY":51.2534027100002,"minX":41.282802582,"minY":47.4012451180001},"result":"Volgograd Oblast, Russia"}