{"bounds":{"maxX":42.9546470650002,"maxY":52.1014404300001,"minX":38.2116432190002,"minY":49.5607719420001},"result":"Voronezh Oblast, Russia"}