{"bounds":{"maxX":42.9335479740001,"maxY":56.807865143,"minX":38.3209838880002,"minY":55.1028518670001},"result":"Vladimir Oblast, Russia"}