{"bounds":{"maxX":47.138805389,"maxY":61.6305389420002,"minX":34.7717399600001,"minY":58.4899329990001},"result":"Vologda Oblast, Russia"}