{"bounds":{"maxX":41.2176208500001,"maxY":58.9601593020002,"minX":37.361481478,"minY":56.52981186},"result":"Yaroslavl Oblast, Russia"}