{"bounds":{"maxX":85.9841613770002,"maxY":73.520836,"minX":62.0625305170001,"minY":62.178100585},"result":"Yamalo-Nenets Autonomous Okrug, Russia"}