{"bounds":{"maxX":134.906280518,"maxY":49.4893302910001,"minX":130.522613525,"minY":47.659690858},"result":"Jewish Autonomous Oblast, Russia"}