{"bounds":{"maxX":179.999999,"maxY":81.857324,"minX":-180.000001,"minY":41.188865},"result":"Russia"}