{"bounds":{"maxX":30.895959,"maxY":-1.64727799999997,"minX":30.255513,"minY":-2.43343899999996},"result":"Est, Rwanda"}