{"bounds":{"maxX":30.433208,"maxY":-1.65000399999997,"minX":29.743876,"minY":-2.43778499999996},"result":"Ville de Kigali, Rwanda"}