{"bounds":{"maxX":30.016534,"maxY":-1.72700899999995,"minX":29.269823,"minY":-2.83927199999999},"result":"Sud, Rwanda"}