{"bounds":{"maxX":30.830493,"maxY":-1.04491999999999,"minX":29.450485,"minY":-1.87261899999999},"result":"Nord, Rwanda"}