{"bounds":{"maxX":29.672437,"maxY":-1.50100099999997,"minX":28.856793,"minY":-2.76003499999996},"result":"Ouest, Rwanda"}