{"bounds":{"maxX":30.895959,"maxY":-1.04491999999999,"minX":28.856793,"minY":-2.83927199999999},"result":"Rwanda"}