{"bounds":{"maxX":44.846658,"maxY":27.330273,"minX":41.409714,"minY":24.611382},"result":"Al Qasim, Saudi Arabia"}