{"bounds":{"maxX":55.666587,"maxY":29.105336,"minX":44.936105,"minY":17.099314},"result":"Ash Sharqiyah, Saudi Arabia"}