{"bounds":{"maxX":43.667497,"maxY":23.971943,"minX":38.656527,"minY":18.061805},"result":"Makkah, Saudi Arabia"}