{"bounds":{"maxX":48.309998,"maxY":27.532555,"minX":41.973611,"minY":19.253608},"result":"Ar Riyad, Saudi Arabia"}