{"bounds":{"maxX":46.207279,"maxY":32.270782,"minX":37.860551,"minY":27.452496},"result":"Al Hudud ash Shamaliyah, Saudi Arabia"}