{"bounds":{"maxX":42.098884,"maxY":27.398888,"minX":36.772218,"minY":22.489167},"result":"Al Madinah, Saudi Arabia"}