{"bounds":{"maxX":43.337719,"maxY":18.328054,"minX":41.021251,"minY":16.094305},"result":"Jizan, Saudi Arabia"}