{"bounds":{"maxX":40.173873,"maxY":28.988888,"minX":34.494304,"minY":24.536529},"result":"Tabuk, Saudi Arabia"}