{"bounds":{"maxX":44.799988,"maxY":28.883328,"minX":38.999854,"minY":25.30944},"result":"Ha'il, Saudi Arabia"}