{"bounds":{"maxX":47.743466,"maxY":19.530708,"minX":43.634438,"minY":16.949999},"result":"Najran, Saudi Arabia"}