{"bounds":{"maxX":41.912765,"maxY":31.739281,"minX":34.830139,"minY":28.133052},"result":"Al Jawf, Saudi Arabia"}