{"bounds":{"maxX":44.521942,"maxY":20.976108,"minX":41.382499,"minY":17.419415},"result":"‘Asir, Saudi Arabia"}