{"bounds":{"maxX":42.041381,"maxY":20.766109,"minX":40.793053,"minY":19.362221},"result":"Al Bahah, Saudi Arabia"}