{"bounds":{"maxX":55.666587,"maxY":32.270782,"minX":34.494304,"minY":16.094305},"result":"Saudi Arabia"}