{"bounds":{"maxX":157.885284,"maxY":-6.58856099999997,"minX":156.362349,"minY":-7.54555599999998},"result":"Choiseul, Solomon Islands"}