{"bounds":{"maxX":160.908006,"maxY":-8.84583499999997,"minX":158.727782,"minY":-9.94674599999996},"result":"Guadalcanal, Solomon Islands"}