{"bounds":{"maxX":159.92308,"maxY":-7.31777699999998,"minX":157.960008,"minY":-8.57861099999997},"result":"Isabel, Solomon Islands"}