{"bounds":{"maxX":162.487504,"maxY":-10.127222,"minX":161.266509,"minY":-10.901323},"result":"Makira-Ulawa, Solomon Islands"}