{"bounds":{"maxX":161.581117,"maxY":-4.44522000000001,"minX":159.188339,"minY":-9.72917099999995},"result":"Malaita, Solomon Islands"}