{"bounds":{"maxX":170.192505,"maxY":-9.75891099999996,"minX":165.71695,"minY":-12.308334},"result":"Temotu, Solomon Islands"}