{"bounds":{"maxX":158.321946,"maxY":-6.64333299999998,"minX":155.392502,"minY":-8.83339699999999},"result":"Western, Solomon Islands"}