{"bounds":{"maxX":170.192505,"maxY":-4.44522000000001,"minX":155.392502,"minY":-12.308334},"result":"Solomon Islands"}