{"bounds":{"maxX":56.294922,"maxY":-3.71263799999997,"minX":46.202914,"minY":-10.22736},"result":"Seychelles"}