{"bounds":{"maxX":24.72872,"maxY":14.965985,"minX":21.838949,"minY":10.707709},"result":"West Darfur, Sudan"}