{"bounds":{"maxX":27.89996,"maxY":13.13302,"minX":23.022942,"minY":8.67911900000001},"result":"South Darfur, Sudan"}