{"bounds":{"maxX":27.527451,"maxY":20.003588,"minX":22.75361,"minY":11.71853},"result":"North Darfur, Sudan"}