{"bounds":{"maxX":34.298294,"maxY":15.46126,"minX":32.44342,"minY":13.58293},"result":"Gezira, Sudan"}