{"bounds":{"maxX":36.561297,"maxY":15.76711,"minX":33.555031,"minY":12.663622},"result":"Gedaref, Sudan"}