{"bounds":{"maxX":34.377524,"maxY":16.63134,"minX":31.62306,"minY":15.16736},"result":"Khartoum, Sudan"}