{"bounds":{"maxX":32.374062,"maxY":16.5739,"minX":26.93652,"minY":12.23922},"result":"North Kordofan, Sudan"}