{"bounds":{"maxX":32.47274,"maxY":12.75339,"minX":29.19199,"minY":9.71126200000003},"result":"South Kordofan, Sudan"}