{"bounds":{"maxX":37.030129,"maxY":17.15827,"minX":34.183636,"minY":14.90455},"result":"Kassala, Sudan"}