{"bounds":{"maxX":35.76664,"maxY":22.006193,"minX":31.8283,"minY":15.94061},"result":"River Nile, Sudan"}