{"bounds":{"maxX":33.255249,"maxY":15.231,"minX":31.552311,"minY":11.90539},"result":"White Nile, Sudan"}