{"bounds":{"maxX":32.684319,"maxY":22.225082,"minX":24.999999,"minY":16.50794},"result":"Northern, Sudan"}