{"bounds":{"maxX":35.092431,"maxY":12.53795,"minX":33.138409,"minY":9.48475999999999},"result":"Blue Nile, Sudan"}