{"bounds":{"maxX":38.849304,"maxY":23.145148,"minX":33.266998,"minY":17.03157},"result":"Red Sea, Sudan"}