{"bounds":{"maxX":35.706824,"maxY":14.09946,"minX":32.94326,"minY":11.714532},"result":"Sennar, Sudan"}