{"bounds":{"maxX":38.849304,"maxY":23.145148,"minX":21.838949,"minY":8.67911900000001},"result":"Sudan"}