{"bounds":{"maxX":21.615585,"maxY":66.336006,"minX":14.326925,"minY":63.415119},"result":"Västerbottens län [SE-24], Sweden"}