{"bounds":{"maxX":19.587501,"maxY":60.221623,"minX":17.252775,"minY":58.737083},"result":"Stockholms län [SE-01], Sweden"}