{"bounds":{"maxX":24.163283,"maxY":69.059036,"minX":15.376294,"minY":65.06044},"result":"Norrbottens län [SE-25], Sweden"}