{"bounds":{"maxX":18.702592,"maxY":60.66352,"minX":16.733025,"minY":59.376976},"result":"Uppsala län [SE-03], Sweden"}