{"bounds":{"maxX":17.707501,"maxY":59.523426,"minX":15.616697,"minY":58.527638},"result":"Södermanlands län [SE-04], Sweden"}