{"bounds":{"maxX":17.068611,"maxY":59.01197,"minX":14.412814,"minY":57.693314},"result":"Östergötlands län [SE-05], Sweden"}