{"bounds":{"maxX":15.665418,"maxY":58.183308,"minX":13.079978,"minY":56.870704},"result":"Jönköpings län [SE-06], Sweden"}