{"bounds":{"maxX":15.841037,"maxY":57.231502,"minX":13.301866,"minY":56.350452},"result":"Kronobergs län [SE-07], Sweden"}