{"bounds":{"maxX":17.151946,"maxY":58.134701,"minX":15.343901,"minY":56.193474},"result":"Kalmar län [SE-08], Sweden"}