{"bounds":{"maxX":19.350833,"maxY":58.39764,"minX":17.955279,"minY":56.904296},"result":"Gotlands län [SE-09], Sweden"}