{"bounds":{"maxX":16.069167,"maxY":56.495034,"minX":14.39379,"minY":55.950974},"result":"Blekinge län [SE-10], Sweden"}