{"bounds":{"maxX":14.591462,"maxY":56.523377,"minX":12.445834,"minY":55.33625},"result":"Skåne län [SE-12], Sweden"}