{"bounds":{"maxX":13.699552,"maxY":57.590812,"minX":11.869723,"minY":56.317357},"result":"Hallands län [SE-13], Sweden"}