{"bounds":{"maxX":14.782422,"maxY":59.255489,"minX":10.961389,"minY":57.138181},"result":"Västra Götalands län [SE-14], Sweden"}