{"bounds":{"maxX":14.476044,"maxY":61.056286,"minX":11.688374,"minY":58.717426},"result":"Värmlands län [SE-17], Sweden"}