{"bounds":{"maxX":15.807126,"maxY":60.101841,"minX":14.287172,"minY":58.640174},"result":"Örebro län [SE-18], Sweden"}