{"bounds":{"maxX":17.377411,"maxY":60.294351,"minX":15.426104,"minY":59.189537},"result":"Västmanlands län [SE-19], Sweden"}