{"bounds":{"maxX":16.710051,"maxY":62.266407,"minX":12.137722,"minY":59.848492},"result":"Dalarnas län [SE-20], Sweden"}