{"bounds":{"maxX":17.559685,"maxY":62.335809,"minX":14.451842,"minY":60.180298},"result":"Gävleborgs län [SE-21], Sweden"}