{"bounds":{"maxX":19.286518,"maxY":64.016288,"minX":14.786878,"minY":62.128806},"result":"Västernorrlands län [SE-22], Sweden"}