{"bounds":{"maxX":16.998706,"maxY":65.117492,"minX":11.973091,"minY":61.557236},"result":"Jämtlands län [SE-23], Sweden"}