{"bounds":{"maxX":24.163283,"maxY":69.059036,"minX":10.961389,"minY":55.33625},"result":"Sweden"}