{"bounds":{"maxX":104.085801,"maxY":1.47138800000005,"minX":103.616668,"minY":1.16639000000004},"result":"Singapore"}