{"bounds":{"maxX":-14.294201,"maxY":-7.88916799999998,"minX":-14.421112,"minY":-7.99361099999999},"result":"Ascension, Saint Helena, Ascension, and Tristan da Cunha"}