{"bounds":{"maxX":-5.75356099999999,"maxY":-16.028731,"minX":-5.75561499999998,"minY":-16.031589},"result":"Saint Helena, Saint Helena, Ascension, and Tristan da Cunha"}