{"bounds":{"maxX":-5.75356099999999,"maxY":-7.88916799999998,"minX":-14.421112,"minY":-40.371388},"result":"Saint Helena, Ascension, and Tristan da Cunha"}