{"bounds":{"maxX":14.175253,"maxY":46.37728,"minX":13.725395,"minY":46.227967},"result":"Bohinj, Slovenia"}