{"bounds":{"maxX":16.297322,"maxY":46.514694,"minX":16.006484,"minY":46.383632},"result":"Ormož, Slovenia"}