{"bounds":{"maxX":14.741644,"maxY":46.118608,"minX":14.583105,"minY":46.075862},"result":"Dol pri Ljubljani, Slovenia"}