{"bounds":{"maxX":14.786907,"maxY":45.595977,"minX":14.667581,"minY":45.51569},"result":"Osilnica, Slovenia"}