{"bounds":{"maxX":14.333637,"maxY":46.32443,"minX":14.257127,"minY":46.253327},"result":"Naklo, Slovenia"}