{"bounds":{"maxX":16.119832,"maxY":46.706734,"minX":16.027812,"minY":46.624961},"result":"Tišina, Slovenia"}