{"bounds":{"maxX":16.126355,"maxY":46.872238,"minX":16.049122,"minY":46.816921},"result":"Kuzma, Slovenia"}