{"bounds":{"maxX":14.740632,"maxY":46.011967,"minX":14.577133,"minY":45.873238},"result":"Grosuplje, Slovenia"}