{"bounds":{"maxX":15.345785,"maxY":46.31829,"minX":15.202357,"minY":46.190284},"result":"Celje (urbane commune), Slovenia"}