{"bounds":{"maxX":14.962613,"maxY":46.335766,"minX":14.844708,"minY":46.239696},"result":"Nazarje, Slovenia"}