{"bounds":{"maxX":15.812372,"maxY":46.554467,"minX":15.708681,"minY":46.478852},"result":"Duplek, Slovenia"}