{"bounds":{"maxX":14.085234,"maxY":45.773022,"minX":13.931465,"minY":45.602379},"result":"Divaca, Slovenia"}