{"bounds":{"maxX":14.48994,"maxY":45.894227,"minX":14.23906,"minY":45.705845},"result":"Cerknica, Slovenia"}