{"bounds":{"maxX":14.300177,"maxY":45.879859,"minX":14.029229,"minY":45.705594},"result":"Postojna, Slovenia"}