{"bounds":{"maxX":13.67014,"maxY":45.543256,"minX":13.598541,"minY":45.477535},"result":"Izola/Isola, Slovenia"}