{"bounds":{"maxX":14.958458,"maxY":46.512679,"minX":14.676011,"minY":46.420894},"result":"Crna na Koroškem, Slovenia"}