{"bounds":{"maxX":14.116766,"maxY":45.982634,"minX":13.733502,"minY":45.829723},"result":"Ajdovšcina, Slovenia"}