{"bounds":{"maxX":15.096407,"maxY":45.77398,"minX":14.688002,"minY":45.498902},"result":"Kocevje, Slovenia"}