{"bounds":{"maxX":14.718884,"maxY":45.741577,"minX":14.524943,"minY":45.583218},"result":"Loški Potok, Slovenia"}