{"bounds":{"maxX":15.176279,"maxY":46.183055,"minX":15.048625,"minY":46.087085},"result":"Hrastnik, Slovenia"}