{"bounds":{"maxX":14.417261,"maxY":45.755562,"minX":14.049315,"minY":45.623759},"result":"Pivka, Slovenia"}