{"bounds":{"maxX":13.838324,"maxY":46.459434,"minX":13.399397,"minY":46.273824},"result":"Bovec, Slovenia"}