{"bounds":{"maxX":16.026875,"maxY":46.493332,"minX":15.92944,"minY":46.422177},"result":"Dornava, Slovenia"}