{"bounds":{"maxX":14.680506,"maxY":46.203923,"minX":14.557774,"minY":46.093617},"result":"Domžale, Slovenia"}