{"bounds":{"maxX":14.109591,"maxY":45.644939,"minX":13.866157,"minY":45.482754},"result":"Hrpelje-Kozina, Slovenia"}