{"bounds":{"maxX":16.313705,"maxY":46.878219,"minX":16.171336,"minY":46.781585},"result":"Šalovci, Slovenia"}