{"bounds":{"maxX":14.897263,"maxY":46.552566,"minX":14.818592,"minY":46.492126},"result":"Mežica, Slovenia"}