{"bounds":{"maxX":14.83393,"maxY":46.16848,"minX":14.675394,"minY":46.097336},"result":"Moravce, Slovenia"}