{"bounds":{"maxX":15.11753,"maxY":46.655608,"minX":14.919095,"minY":46.531407},"result":"Dravograd, Slovenia"}