{"bounds":{"maxX":15.439715,"maxY":46.656892,"minX":15.270743,"minY":46.513924},"result":"Podvelka, Slovenia"}