{"bounds":{"maxX":14.796065,"maxY":45.891036,"minX":14.622707,"minY":45.745383},"result":"Dobrepolje, Slovenia"}