{"bounds":{"maxX":14.154057,"maxY":46.494861,"minX":13.991995,"minY":46.398873},"result":"Jesenice, Slovenia"}