{"bounds":{"maxX":13.621567,"maxY":46.070709,"minX":13.476135,"minY":45.984032},"result":"Brda, Slovenia"}