{"bounds":{"maxX":15.935448,"maxY":46.64956,"minX":15.7462,"minY":46.500217},"result":"Lenart, Slovenia"}