{"bounds":{"maxX":16.327377,"maxY":46.603852,"minX":16.23688,"minY":46.535633},"result":"Crenšovci, Slovenia"}