{"bounds":{"maxX":14.54858,"maxY":46.367245,"minX":14.364369,"minY":46.28183},"result":"Preddvor, Slovenia"}