{"bounds":{"maxX":14.554185,"maxY":45.74861,"minX":14.366293,"minY":45.578774},"result":"Loška Dolina, Slovenia"}