{"bounds":{"maxX":16.293477,"maxY":46.664265,"minX":16.145108,"minY":46.561122},"result":"Beltinci, Slovenia"}