{"bounds":{"maxX":14.414841,"maxY":46.349411,"minX":14.180251,"minY":46.160961},"result":"Kranj (urbane commune), Slovenia"}