{"bounds":{"maxX":15.083762,"maxY":46.13298,"minX":14.705743,"minY":45.962407},"result":"Litija, Slovenia"}