{"bounds":{"maxX":16.258684,"maxY":46.862137,"minX":16.12079,"minY":46.749527},"result":"Gornji Petrovci, Slovenia"}