{"bounds":{"maxX":14.429548,"maxY":46.107511,"minX":14.178916,"minY":46.015126},"result":"Dobrova-Horjul-Polhov Gradec, Slovenia"}