{"bounds":{"maxX":15.654353,"maxY":46.690185,"minX":15.544492,"minY":46.600189},"result":"Kungota, Slovenia"}