{"bounds":{"maxX":15.816817,"maxY":46.439758,"minX":15.663299,"minY":46.361541},"result":"Kidricevo, Slovenia"}