{"bounds":{"maxX":14.998534,"maxY":46.403308,"minX":14.860352,"minY":46.296613},"result":"Mozirje, Slovenia"}