{"bounds":{"maxX":15.641054,"maxY":46.133709,"minX":15.457317,"minY":45.998654},"result":"Kozje, Slovenia"}