{"bounds":{"maxX":15.702299,"maxY":46.087085,"minX":15.595121,"minY":46.037803},"result":"Podcetrtek, Slovenia"}