{"bounds":{"maxX":16.029408,"maxY":46.724757,"minX":15.780993,"minY":46.592807},"result":"Gornja Radgona, Slovenia"}