{"bounds":{"maxX":13.690408,"maxY":45.530693,"minX":13.562918,"minY":45.447022},"result":"Piran, Slovenia"}