{"bounds":{"maxX":14.460717,"maxY":46.189473,"minX":14.322383,"minY":46.07919},"result":"Medvode, Slovenia"}