{"bounds":{"maxX":16.057197,"maxY":46.443539,"minX":15.949487,"minY":46.311425},"result":"Gorišnica, Slovenia"}