{"bounds":{"maxX":15.710028,"maxY":46.055585,"minX":15.486827,"minY":45.829593},"result":"Brežice, Slovenia"}