{"bounds":{"maxX":15.326367,"maxY":46.506706,"minX":15.116536,"minY":46.389351},"result":"Mislinja, Slovenia"}