{"bounds":{"maxX":14.895601,"maxY":46.207717,"minX":14.639741,"minY":46.143482},"result":"Lukovica, Slovenia"}