{"bounds":{"maxX":15.766594,"maxY":46.633781,"minX":15.513963,"minY":46.508743},"result":"Maribor (urbane commune), Slovenia"}