{"bounds":{"maxX":14.067211,"maxY":46.18187,"minX":13.877885,"minY":46.060893},"result":"Cerkno, Slovenia"}