{"bounds":{"maxX":13.765244,"maxY":46.170873,"minX":13.531242,"minY":46.003716},"result":"Kanal, Slovenia"}