{"bounds":{"maxX":16.202335,"maxY":46.834796,"minX":16.038401,"minY":46.696079},"result":"Puconci, Slovenia"}