{"bounds":{"maxX":14.149998,"maxY":46.44144,"minX":13.84851,"minY":46.299309},"result":"Bled, Slovenia"}