{"bounds":{"maxX":14.012616,"maxY":46.524369,"minX":13.680054,"minY":46.377269},"result":"Kranjska Gora, Slovenia"}