{"bounds":{"maxX":16.423304,"maxY":46.716104,"minX":16.344924,"minY":46.658302},"result":"Kobilje, Slovenia"}