{"bounds":{"maxX":15.761901,"maxY":46.677887,"minX":15.63896,"minY":46.564135},"result":"Pesnica, Slovenia"}