{"bounds":{"maxX":14.909623,"maxY":46.008576,"minX":14.694889,"minY":45.795228},"result":"Ivancna Gorica, Slovenia"}