{"bounds":{"maxX":15.312455,"maxY":45.923623,"minX":15.041509,"minY":45.681786},"result":"Novo Mesto (urbane commune), Slovenia"}