{"bounds":{"maxX":14.215485,"maxY":46.182107,"minX":14.010574,"minY":46.039841},"result":"Gorenja vas-Poljane, Slovenia"}