{"bounds":{"maxX":14.563575,"maxY":46.303325,"minX":14.435578,"minY":46.203697},"result":"Cerklje na Gorenjskem, Slovenia"}