{"bounds":{"maxX":15.564179,"maxY":46.069668,"minX":15.333537,"minY":45.785186},"result":"Krško, Slovenia"}