{"bounds":{"maxX":15.17901,"maxY":46.65915,"minX":15.081991,"minY":46.591968},"result":"Muta, Slovenia"}