{"bounds":{"maxX":16.222097,"maxY":46.710381,"minX":16.089292,"minY":46.607204},"result":"Murska Sobota (urbane commune), Slovenia"}