{"bounds":{"maxX":14.870538,"maxY":46.339164,"minX":14.691439,"minY":46.250228},"result":"Gornji Grad, Slovenia"}