{"bounds":{"maxX":14.896593,"maxY":46.424541,"minX":14.773615,"minY":46.310762},"result":"Ljubno, Slovenia"}