{"bounds":{"maxX":15.377919,"maxY":45.624892,"minX":15.040153,"minY":45.432574},"result":"Crnomelj, Slovenia"}