{"bounds":{"maxX":16.257292,"maxY":46.582421,"minX":16.0066,"minY":46.47929},"result":"Ljutomer, Slovenia"}