{"bounds":{"maxX":15.806403,"maxY":46.368633,"minX":15.663203,"minY":46.265468},"result":"Majšperk, Slovenia"}