{"bounds":{"maxX":14.905885,"maxY":46.363879,"minX":14.522924,"minY":46.182515},"result":"Kamnik, Slovenia"}