{"bounds":{"maxX":14.29066,"maxY":46.032746,"minX":14.091376,"minY":45.851502},"result":"Logatec, Slovenia"}