{"bounds":{"maxX":16.006619,"maxY":46.532428,"minX":15.929629,"minY":46.447052},"result":"Juršinci, Slovenia"}