{"bounds":{"maxX":15.934933,"maxY":46.510975,"minX":15.801995,"minY":46.454083},"result":"Destrnik, Slovenia"}