{"bounds":{"maxX":14.804632,"maxY":46.431572,"minX":14.630454,"minY":46.282147},"result":"Luce, Slovenia"}