{"bounds":{"maxX":15.939835,"maxY":46.493122,"minX":15.771209,"minY":46.39718},"result":"Ptuj (urbane commune), Slovenia"}