{"bounds":{"maxX":15.719876,"maxY":46.485749,"minX":15.541157,"minY":46.411201},"result":"Race-Fram, Slovenia"}