{"bounds":{"maxX":14.474661,"maxY":46.036538,"minX":14.352369,"minY":45.858784},"result":"Brezovica, Slovenia"}