{"bounds":{"maxX":13.70773,"maxY":45.900624,"minX":13.590329,"minY":45.818867},"result":"Miren-Kostanjevica, Slovenia"}