{"bounds":{"maxX":16.372611,"maxY":46.788735,"minX":16.161019,"minY":46.653587},"result":"Moravske Toplice, Slovenia"}