{"bounds":{"maxX":14.127695,"maxY":46.085845,"minX":13.841355,"minY":45.879791},"result":"Idrija, Slovenia"}