{"bounds":{"maxX":15.370507,"maxY":46.197418,"minX":15.110164,"minY":46.069442},"result":"Laško, Slovenia"}