{"bounds":{"maxX":13.891521,"maxY":45.865143,"minX":13.604227,"minY":45.783463},"result":"Komen, Slovenia"}