{"bounds":{"maxX":13.730489,"maxY":46.305859,"minX":13.382119,"minY":46.187684},"result":"Kobarid, Slovenia"}