{"bounds":{"maxX":14.583487,"maxY":46.18961,"minX":14.506728,"minY":46.132649},"result":"Mengeš, Slovenia"}