{"bounds":{"maxX":15.221869,"maxY":46.090652,"minX":15.05843,"minY":46.026704},"result":"Radece, Slovenia"}