{"bounds":{"maxX":14.487914,"maxY":45.684478,"minX":14.073959,"minY":45.478852},"result":"Ilirska Bistrica, Slovenia"}