{"bounds":{"maxX":16.584313,"maxY":46.646595,"minX":16.344582,"minY":46.479051},"result":"Lendava, Slovenia"}