{"bounds":{"maxX":14.746393,"maxY":46.143311,"minX":14.404161,"minY":45.976116},"result":"Ljubljana (urbane commune), Slovenia"}