{"bounds":{"maxX":15.390637,"maxY":45.723545,"minX":15.193979,"minY":45.57167},"result":"Metlika, Slovenia"}