{"bounds":{"maxX":14.577001,"maxY":46.001086,"minX":14.439314,"minY":45.866032},"result":"Ig, Slovenia"}