{"bounds":{"maxX":16.293382,"maxY":46.607407,"minX":16.242183,"minY":46.575356},"result":"Odranci, Slovenia"}