{"bounds":{"maxX":14.40845,"maxY":45.965381,"minX":14.326731,"minY":45.862294},"result":"Borovnica, Slovenia"}