{"bounds":{"maxX":15.218265,"maxY":46.335992,"minX":15.095247,"minY":46.183043},"result":"Žalec, Slovenia"}