{"bounds":{"maxX":16.083608,"maxY":46.610703,"minX":15.960838,"minY":46.518215},"result":"Sveti Jurij, Slovenia"}