{"bounds":{"maxX":13.672289,"maxY":45.932942,"minX":13.612391,"minY":45.900597},"result":"Šempeter-Vrtojba, Slovenia"}