{"bounds":{"maxX":16.131011,"maxY":46.834785,"minX":16.043759,"minY":46.767152},"result":"Grad, Slovenia"}