{"bounds":{"maxX":15.123877,"maxY":45.895027,"minX":15.01633,"minY":45.809684},"result":"Mirna Pec, Slovenia"}