{"bounds":{"maxX":15.073843,"maxY":46.207726,"minX":14.818651,"minY":46.051369},"result":"Zagorje ob Savi, Slovenia"}