{"bounds":{"maxX":15.725236,"maxY":46.517887,"minX":15.679303,"minY":46.468118},"result":"Miklavž na Dravskem Polju, Slovenia"}