{"bounds":{"maxX":14.748492,"maxY":46.454716,"minX":14.558957,"minY":46.356711},"result":"Solcava, Slovenia"}