{"bounds":{"maxX":14.603079,"maxY":46.018943,"minX":14.526338,"minY":45.901593},"result":"Škofljica, Slovenia"}