{"bounds":{"maxX":15.413122,"maxY":46.474839,"minX":15.31107,"minY":46.336201},"result":"Zrece, Slovenia"}