{"bounds":{"maxX":14.001075,"maxY":46.284718,"minX":13.617503,"minY":46.011073},"result":"Tolmin, Slovenia"}