{"bounds":{"maxX":16.099156,"maxY":46.656903,"minX":15.986724,"minY":46.589375},"result":"Radenci, Slovenia"}