{"bounds":{"maxX":15.059957,"maxY":46.367829,"minX":14.988406,"minY":46.314538},"result":"Šmartno ob Paki, Slovenia"}