{"bounds":{"maxX":15.351643,"maxY":46.449939,"minX":15.22887,"minY":46.364545},"result":"Vitanje, Slovenia"}