{"bounds":{"maxX":15.545315,"maxY":46.371822,"minX":15.351203,"minY":46.27948},"result":"Slovenske Konjice, Slovenia"}