{"bounds":{"maxX":16.282319,"maxY":46.543382,"minX":16.236649,"minY":46.509147},"result":"Razkrižje, Slovenia"}