{"bounds":{"maxX":15.432026,"maxY":46.158474,"minX":15.360358,"minY":46.108666},"result":"Dobje, Slovenia"}