{"bounds":{"maxX":14.384131,"maxY":46.239055,"minX":14.154176,"minY":46.096783},"result":"Škofja Loka, Slovenia"}