{"bounds":{"maxX":15.099997,"maxY":46.193641,"minX":14.987412,"minY":46.076355},"result":"Trbovlje, Slovenia"}