{"bounds":{"maxX":15.259411,"maxY":46.389401,"minX":15.182786,"minY":46.318265},"result":"Dobrna, Slovenia"}