{"bounds":{"maxX":15.332452,"maxY":46.660176,"minX":15.157271,"minY":46.524456},"result":"Radlje ob Dravi, Slovenia"}