{"bounds":{"maxX":14.899585,"maxY":45.539231,"minX":14.80458,"minY":45.474132},"result":"Kostel, Slovenia"}