{"bounds":{"maxX":16.160273,"maxY":46.614311,"minX":16.063007,"minY":46.532567},"result":"Križevci, Slovenia"}