{"bounds":{"maxX":15.798012,"maxY":46.709202,"minX":15.61889,"minY":46.642291},"result":"Šentilj, Slovenia"}