{"bounds":{"maxX":14.178991,"maxY":46.085934,"minX":14.020685,"minY":46.007782},"result":"Žiri, Slovenia"}