{"bounds":{"maxX":15.406096,"maxY":45.888198,"minX":15.246324,"minY":45.759277},"result":"Šentjernej, Slovenia"}