{"bounds":{"maxX":16.052892,"maxY":46.393811,"minX":16.010892,"minY":46.342396},"result":"Zavrc, Slovenia"}