{"bounds":{"maxX":14.673734,"maxY":45.905189,"minX":14.484714,"minY":45.794923},"result":"Velike Lašce, Slovenia"}