{"bounds":{"maxX":15.371519,"maxY":46.368134,"minX":15.22849,"minY":46.265072},"result":"Vojnik, Slovenia"}