{"bounds":{"maxX":16.053851,"maxY":46.781312,"minX":15.9799,"minY":46.694912},"result":"Cankova, Slovenia"}