{"bounds":{"maxX":15.862828,"maxY":46.461116,"minX":15.78126,"minY":46.390041},"result":"Hajdina, Slovenia"}