{"bounds":{"maxX":16.191023,"maxY":46.60725,"minX":16.124639,"minY":46.571693},"result":"Veržej, Slovenia"}