{"bounds":{"maxX":15.130938,"maxY":46.257706,"minX":15.033537,"minY":46.183009},"result":"Prebold, Slovenia"}