{"bounds":{"maxX":15.59598,"maxY":46.279526,"minX":15.432502,"minY":46.155005},"result":"Šmarje pri Jelšah, Slovenia"}