{"bounds":{"maxX":15.971043,"maxY":46.592839,"minX":15.899568,"minY":46.53592},"result":"Cerkvenjak, Slovenia"}