{"bounds":{"maxX":15.985388,"maxY":46.425694,"minX":15.893521,"minY":46.365269},"result":"Markovci, Slovenia"}