{"bounds":{"maxX":14.806118,"maxY":45.819938,"minX":14.581502,"minY":45.635128},"result":"Ribnica, Slovenia"}