{"bounds":{"maxX":14.055113,"maxY":45.883182,"minX":13.881297,"minY":45.765918},"result":"Vipava, Slovenia"}