{"bounds":{"maxX":15.919806,"maxY":46.553647,"minX":15.84299,"minY":46.503834},"result":"Trnovska Vas, Slovenia"}