{"bounds":{"maxX":15.198009,"maxY":46.431939,"minX":15.059938,"minY":46.314606},"result":"Velenje (urbane commune), Slovenia"}