{"bounds":{"maxX":15.110889,"maxY":46.346574,"minX":15.044336,"minY":46.25769},"result":"Polzela, Slovenia"}