{"bounds":{"maxX":14.998133,"maxY":46.278899,"minX":14.875306,"minY":46.186412},"result":"Vransko, Slovenia"}