{"bounds":{"maxX":14.568076,"maxY":46.143375,"minX":14.511745,"minY":46.111367},"result":"Trzin, Slovenia"}