{"bounds":{"maxX":15.556972,"maxY":46.563953,"minX":15.398053,"minY":46.478465},"result":"Ruše, Slovenia"}