{"bounds":{"maxX":15.211052,"maxY":46.019481,"minX":14.852968,"minY":45.838012},"result":"Trebnje, Slovenia"}