{"bounds":{"maxX":15.709155,"maxY":46.499905,"minX":15.331518,"minY":46.27605},"result":"Slovenska Bistrica, Slovenia"}