{"bounds":{"maxX":14.241407,"maxY":46.281621,"minX":13.98036,"minY":46.15707},"result":"Železniki, Slovenia"}