{"bounds":{"maxX":14.560826,"maxY":45.841084,"minX":14.43319,"minY":45.730858},"result":"Bloke, Slovenia"}