{"bounds":{"maxX":15.884728,"maxY":46.702896,"minX":15.782502,"minY":46.610477},"result":"Sveta Ana, Slovenia"}