{"bounds":{"maxX":14.532442,"maxY":46.203742,"minX":14.450646,"minY":46.13615},"result":"Vodice, Slovenia"}