{"bounds":{"maxX":15.06728,"maxY":45.86999,"minX":14.791046,"minY":45.745468},"result":"Žužemberk, Slovenia"}