{"bounds":{"maxX":15.038859,"maxY":46.26117,"minX":14.956892,"minY":46.190056},"result":"Tabor, Slovenia"}