{"bounds":{"maxX":14.44273,"maxY":46.44727,"minX":14.231546,"minY":46.317298},"result":"Tržic, Slovenia"}