{"bounds":{"maxX":16.359841,"maxY":46.660743,"minX":16.262823,"minY":46.596748},"result":"Turnišce, Slovenia"}