{"bounds":{"maxX":15.107682,"maxY":45.791855,"minX":14.954239,"minY":45.635406},"result":"Dolenjske Toplice, Slovenia"}