{"bounds":{"maxX":15.860581,"maxY":46.322433,"minX":15.744577,"minY":46.258401},"result":"Žetale, Slovenia"}