{"bounds":{"maxX":16.391847,"maxY":46.696332,"minX":16.298724,"minY":46.625225},"result":"Dobrovnik, Slovenia"}