{"bounds":{"maxX":14.456389,"maxY":46.289032,"minX":14.369119,"minY":46.189418},"result":"Šencur, Slovenia"}