{"bounds":{"maxX":14.568363,"maxY":46.235801,"minX":14.49681,"minY":46.171775},"result":"Komenda, Slovenia"}