{"bounds":{"maxX":15.546766,"maxY":46.641667,"minX":15.4293,"minY":46.535411},"result":"Selnica ob Dravi, Slovenia"}