{"bounds":{"maxX":16.053968,"maxY":46.843692,"minX":15.984757,"minY":46.763546},"result":"Rogašovci, Slovenia"}