{"bounds":{"maxX":14.33232,"maxY":46.047088,"minX":14.229943,"minY":45.997276},"result":"Horjul, Slovenia"}