{"bounds":{"maxX":14.559053,"maxY":46.428322,"minX":14.395482,"minY":46.345867},"result":"Jezersko, Slovenia"}