{"bounds":{"maxX":15.214642,"maxY":46.616904,"minX":15.10202,"minY":46.517349},"result":"Vuzenica, Slovenia"}