{"bounds":{"maxX":15.489444,"maxY":46.425163,"minX":15.397517,"minY":46.357627},"result":"Oplotnica, Slovenia"}