{"bounds":{"maxX":15.079911,"maxY":46.332274,"minX":14.962444,"minY":46.229198},"result":"Braslovce, Slovenia"}