{"bounds":{"maxX":15.529251,"maxY":46.311325,"minX":15.325146,"minY":46.066017},"result":"Šentjur pri Celju, Slovenia"}