{"bounds":{"maxX":15.454803,"maxY":46.585179,"minX":15.30611,"minY":46.467774},"result":"Lovrenc na Pohorju, Slovenia"}