{"bounds":{"maxX":15.92549,"maxY":46.649639,"minX":15.848656,"minY":46.592748},"result":"Benedikt, Slovenia"}