{"bounds":{"maxX":15.966934,"maxY":46.400765,"minX":15.806326,"minY":46.294277},"result":"Videm, Slovenia"}