{"bounds":{"maxX":15.713866,"maxY":46.290261,"minX":15.555368,"minY":46.200973},"result":"Rogaška Slatina, Slovenia"}