{"bounds":{"maxX":16.385327,"maxY":46.610992,"minX":16.308451,"minY":46.544956},"result":"Velika Polana, Slovenia"}