{"bounds":{"maxX":13.983275,"maxY":45.812005,"minX":13.722628,"minY":45.644912},"result":"Sežana, Slovenia"}