{"bounds":{"maxX":15.415924,"maxY":46.083659,"minX":15.078746,"minY":45.923614},"result":"Sevnica, Slovenia"}