{"bounds":{"maxX":15.344046,"maxY":45.95926,"minX":15.221258,"minY":45.866797},"result":"Škocjan, Slovenia"}