{"bounds":{"maxX":15.316448,"maxY":46.570774,"minX":15.183511,"minY":46.488949},"result":"Ribnica na Pohorju, Slovenia"}