{"bounds":{"maxX":14.393572,"maxY":46.029407,"minX":14.178838,"minY":45.887143},"result":"Vrhnika, Slovenia"}