{"bounds":{"maxX":15.783564,"maxY":46.269035,"minX":15.666104,"minY":46.204207},"result":"Rogatec, Slovenia"}