{"bounds":{"maxX":14.943502,"maxY":46.610356,"minX":14.824356,"minY":46.502827},"result":"Prevalje, Slovenia"}