{"bounds":{"maxX":14.668278,"maxY":45.794952,"minX":14.535493,"minY":45.713229},"result":"Sodražica, Slovenia"}