{"bounds":{"maxX":14.232216,"maxY":46.444164,"minX":14.119535,"minY":46.37403},"result":"Žirovnica, Slovenia"}