{"bounds":{"maxX":15.355782,"maxY":46.229522,"minX":15.273678,"minY":46.165451},"result":"Štore, Slovenia"}