{"bounds":{"maxX":15.903381,"maxY":46.358074,"minX":15.785743,"minY":46.284542},"result":"Podlehnik, Slovenia"}