{"bounds":{"maxX":15.699617,"maxY":46.521351,"minX":15.536121,"minY":46.460945},"result":"Hoce-Slivnica, Slovenia"}