{"bounds":{"maxX":14.262314,"maxY":46.420368,"minX":14.108832,"minY":46.271016},"result":"Radovljica, Slovenia"}