{"bounds":{"maxX":15.636744,"maxY":46.208469,"minX":15.518895,"minY":46.066219},"result":"Bistrica ob Sotli, Slovenia"}