{"bounds":{"maxX":15.801843,"maxY":46.503704,"minX":15.699598,"minY":46.432584},"result":"Starše, Slovenia"}