{"bounds":{"maxX":16.35026,"maxY":46.874039,"minX":16.27944,"minY":46.797065},"result":"Hodoš, Slovenia"}