{"bounds":{"maxX":15.260703,"maxY":45.703178,"minX":15.015204,"minY":45.596371},"result":"Semic, Slovenia"}