{"bounds":{"maxX":15.085939,"maxY":46.453128,"minX":14.891501,"minY":46.350113},"result":"Šoštanj, Slovenia"}