{"bounds":{"maxX":16.584313,"maxY":46.878219,"minX":13.382119,"minY":45.428285},"result":"Slovenia"}