{"bounds":{"maxX":36.815284,"maxY":80.834021,"minX":-9.07991399999997,"minY":70.827424},"result":"Svalbard"}