{"bounds":{"maxX":17.519076,"maxY":48.655881,"minX":16.834175,"minY":48.008857},"result":"Bratislavský kraj, Slovakia"}