{"bounds":{"maxX":20.491663,"maxY":48.941452,"minX":18.460051,"minY":48.057054},"result":"Banskobystrický kraj, Slovakia"}