{"bounds":{"maxX":22.384561,"maxY":49.018222,"minX":20.167721,"minY":48.334187},"result":"Košický kraj, Slovakia"}