{"bounds":{"maxX":19.057087,"maxY":48.714008,"minX":17.700684,"minY":47.732746},"result":"Nitriansky kraj, Slovakia"}