{"bounds":{"maxX":22.567913,"maxY":49.461072,"minX":19.864751,"minY":48.768784},"result":"Prešovský kraj, Slovakia"}