{"bounds":{"maxX":18.813536,"maxY":49.319852,"minX":17.352421,"minY":48.486206},"result":"Trenciansky kraj, Slovakia"}