{"bounds":{"maxX":17.968357,"maxY":48.88123,"minX":16.926318,"minY":47.766792},"result":"Trnavský kraj, Slovakia"}