{"bounds":{"maxX":20.057814,"maxY":49.604771,"minX":18.331939,"minY":48.741603},"result":"Žilinský kraj, Slovakia"}