{"bounds":{"maxX":22.567913,"maxY":49.604771,"minX":16.834175,"minY":47.732746},"result":"Slovakia"}