{"bounds":{"maxX":-10.265753,"maxY":9.06003400000003,"minX":-11.591371,"minY":7.31643400000002},"result":"Eastern, Sierra Leone"}