{"bounds":{"maxX":-10.584979,"maxY":10.000431,"minX":-13.303506,"minY":8.247434},"result":"Northern, Sierra Leone"}