{"bounds":{"maxX":-11.138222,"maxY":8.48753400000004,"minX":-13.0715259999999,"minY":6.91761600000001},"result":"Southern, Sierra Leone"}