{"bounds":{"maxX":-12.895871,"maxY":8.49958400000003,"minX":-13.2984709999999,"minY":8.09264000000002},"result":"Western Area (Freetown), Sierra Leone"}