{"bounds":{"maxX":-10.265753,"maxY":10.000431,"minX":-13.303506,"minY":6.91761600000001},"result":"Sierra Leone"}