{"bounds":{"maxX":12.513146,"maxY":43.995693,"minX":12.446716,"minY":43.958131},"result":"Serravalle, San Marino"}