{"bounds":{"maxX":12.51008,"maxY":43.968526,"minX":12.455969,"minY":43.939041},"result":"Domagnano, San Marino"}