{"bounds":{"maxX":12.435543,"maxY":43.929195,"minX":12.405632,"minY":43.897838},"result":"Chiesanuova, San Marino"}