{"bounds":{"maxX":12.480219,"maxY":43.96864,"minX":12.425506,"minY":43.918248},"result":"Borgo Maggiore, San Marino"}