{"bounds":{"maxX":12.514123,"maxY":43.956048,"minX":12.471182,"minY":43.917302},"result":"Faetano, San Marino"}