{"bounds":{"maxX":12.454973,"maxY":43.943455,"minX":12.412433,"minY":43.913097},"result":"San Marino, San Marino"}