{"bounds":{"maxX":12.43749,"maxY":43.95525,"minX":12.400664,"minY":43.930175},"result":"Acquaviva, San Marino"}