{"bounds":{"maxX":12.475629,"maxY":43.924142,"minX":12.429248,"minY":43.894654},"result":"Fiorentino, San Marino"}