{"bounds":{"maxX":12.49391,"maxY":43.923237,"minX":12.468509,"minY":43.898647},"result":"Montegiardino, San Marino"}