{"bounds":{"maxX":12.514123,"maxY":43.995693,"minX":12.400664,"minY":43.894654},"result":"San Marino"}