{"bounds":{"maxX":-15.679778,"maxY":15.019312,"minX":-16.672221,"minY":14.508911},"result":"Diourbel, Senegal"}