{"bounds":{"maxX":-17.12086,"maxY":14.886805,"minX":-17.543193,"minY":14.57597},"result":"Dakar, Senegal"}