{"bounds":{"maxX":-15.35698,"maxY":14.859699,"minX":-16.78249,"minY":13.58661},"result":"Fatick, Senegal"}