{"bounds":{"maxX":-14.571649,"maxY":14.71357,"minX":-16.36488,"minY":13.584931},"result":"Kaolack, Senegal"}