{"bounds":{"maxX":-13.469639,"maxY":13.589459,"minX":-16.017268,"minY":12.423779},"result":"Kolda, Senegal"}