{"bounds":{"maxX":-14.25079,"maxY":16.185789,"minX":-16.746831,"minY":14.525202},"result":"Louga, Senegal"}