{"bounds":{"maxX":-12.58481,"maxY":16.69163,"minX":-16.530138,"minY":14.400389},"result":"Saint-Louis, Senegal"}