{"bounds":{"maxX":-16.181861,"maxY":15.467864,"minX":-17.173335,"minY":14.036013},"result":"Thiès, Senegal"}