{"bounds":{"maxX":-11.355891,"maxY":15.10036,"minX":-14.831315,"minY":12.30727},"result":"Tambacounda, Senegal"}