{"bounds":{"maxX":-15.8893399999999,"maxY":13.163769,"minX":-16.791251,"minY":12.335928},"result":"Ziguinchor, Senegal"}