{"bounds":{"maxX":-11.355891,"maxY":16.69163,"minX":-17.543193,"minY":12.30727},"result":"Senegal"}