{"bounds":{"maxX":44.235138,"maxY":11.515416,"minX":42.68301,"minY":9.64307200000002},"result":"Awdal, Somalia"}