{"bounds":{"maxX":44.799999,"maxY":4.96043800000001,"minX":42.882767,"minY":3.250001},"result":"Bakool, Somalia"}