{"bounds":{"maxX":45.603474,"maxY":2.183044,"minX":45.266477,"minY":1.988472},"result":"Banaadir, Somalia"}