{"bounds":{"maxX":51.415696,"maxY":11.989306,"minX":48.869583,"minY":8.32763500000004},"result":"Bari, Somalia"}