{"bounds":{"maxX":44.689999,"maxY":3.92000100000001,"minX":42.400001,"minY":1.46000000000004},"result":"Bay, Somalia"}