{"bounds":{"maxX":47.834862,"maxY":6.516524,"minX":45.532864,"minY":3.47180600000002},"result":"Galguduud, Somalia"}