{"bounds":{"maxX":43.14,"maxY":4.30580600000002,"minX":40.978499,"minY":1.230771},"result":"Gedo, Somalia"}