{"bounds":{"maxX":46.400002,"maxY":5.48277400000001,"minX":44.587559,"minY":3.20000100000004},"result":"Hiiraan, Somalia"}