{"bounds":{"maxX":43.179584,"maxY":1.319999,"minX":40.988632,"minY":-1.64708199999995},"result":"Jubbada Hoose, Somalia"}