{"bounds":{"maxX":43.518471,"maxY":1.95000000000005,"minX":41.419998,"minY":0.310000000000002},"result":"Jubbada Dhexe, Somalia"}