{"bounds":{"maxX":49.646251,"maxY":7.71000000000004,"minX":46.54037,"minY":4.34319500000004},"result":"Mudug, Somalia"}