{"bounds":{"maxX":50.178196,"maxY":9.14000100000004,"minX":47.557662,"minY":7.40291400000001},"result":"Nugaal, Somalia"}