{"bounds":{"maxX":47.035694,"maxY":3.89000000000004,"minX":45.069999,"minY":2.15000100000003},"result":"Shabeellaha Dhexe, Somalia"}