{"bounds":{"maxX":49.060002,"maxY":11.325694,"minX":46.009999,"minY":9.42000200000001},"result":"Sanaag, Somalia"}