{"bounds":{"maxX":49.080002,"maxY":10.080001,"minX":46.009999,"minY":8.0},"result":"Sool, Somalia"}