{"bounds":{"maxX":45.389999,"maxY":3.27000000000004,"minX":42.98,"minY":0.675719000000015},"result":"Shabeellaha Hoose, Somalia"}