{"bounds":{"maxX":47.099998,"maxY":10.170001,"minX":44.689999,"minY":8.0},"result":"Togdheer, Somalia"}