{"bounds":{"maxX":46.036179,"maxY":10.86875,"minX":43.292572,"minY":8.77203700000001},"result":"Woqooyi Galbeed, Somalia"}