{"bounds":{"maxX":51.415696,"maxY":11.989306,"minX":40.978499,"minY":-1.64708199999995},"result":"Somalia"}