{"bounds":{"maxX":-54.7263609999999,"maxY":5.36513200000002,"minX":-55.5212549999999,"minY":4.01438200000001},"result":"Brokopondo, Suriname"}