{"bounds":{"maxX":-55.88929,"maxY":5.95958300000001,"minX":-56.604405,"minY":5.332447},"result":"Coronie, Suriname"}