{"bounds":{"maxX":-54.620044,"maxY":5.99986000000001,"minX":-55.1726389999999,"minY":5.48527200000001},"result":"Commewijne, Suriname"}