{"bounds":{"maxX":-53.984097,"maxY":5.98180500000001,"minX":-54.73798,"minY":5.233045},"result":"Marowijne, Suriname"}