{"bounds":{"maxX":-56.454368,"maxY":6.01513900000003,"minX":-57.34863,"minY":5.20851900000002},"result":"Nickerie, Suriname"}