{"bounds":{"maxX":-54.624229,"maxY":5.70299600000004,"minX":-56.047082,"minY":4.99006400000002},"result":"Para, Suriname"}