{"bounds":{"maxX":-55.105117,"maxY":5.91875000000005,"minX":-55.25742,"minY":5.77239600000001},"result":"Paramaribo, Suriname"}