{"bounds":{"maxX":-55.304029,"maxY":6.00180600000004,"minX":-56.000138,"minY":5.40331000000003},"result":"Saramacca, Suriname"}