{"bounds":{"maxX":-55.078834,"maxY":5.94152800000001,"minX":-55.357531,"minY":5.65793500000001},"result":"Wanica, Suriname"}