{"bounds":{"maxX":-53.977494,"maxY":6.01513900000003,"minX":-58.086564,"minY":1.83114600000005},"result":"Suriname"}