{"bounds":{"maxX":28.936621,"maxY":9.90998000000002,"minX":26.135441,"minY":7.89472599999999},"result":"Northern Bahr el Ghazal, South Sudan"}