{"bounds":{"maxX":32.223099,"maxY":6.25126600000004,"minX":29.793117,"minY":3.48064300000004},"result":"Central Equatoria, South Sudan"}