{"bounds":{"maxX":35.947699,"maxY":5.99624900000003,"minX":31.72121,"minY":3.50730800000002},"result":"Eastern Equatoria, South Sudan"}