{"bounds":{"maxX":30.99604,"maxY":6.79675700000001,"minX":26.286592,"minY":4.27171200000004},"result":"Western Equatoria, South Sudan"}