{"bounds":{"maxX":35.019569,"maxY":9.52073000000001,"minX":30.188999,"minY":5.72277300000002},"result":"Jonglei, South Sudan"}