{"bounds":{"maxX":31.70858,"maxY":7.85780199999999,"minX":28.463751,"minY":5.67481800000002},"result":"Lakes, South Sudan"}