{"bounds":{"maxX":34.144402,"maxY":12.219,"minX":30.76071,"minY":7.98406400000005},"result":"Upper Nile, South Sudan"}