{"bounds":{"maxX":30.79288,"maxY":10.29435,"minX":28.701981,"minY":7.06645700000001},"result":"Unity, South Sudan"}