{"bounds":{"maxX":29.698549,"maxY":9.029,"minX":27.4924,"minY":6.38950700000004},"result":"Warrap, South Sudan"}