{"bounds":{"maxX":35.947699,"maxY":12.219,"minX":24.15193,"minY":3.48064300000004},"result":"South Sudan"}