{"bounds":{"maxX":7.46263800000003,"maxY":1.70152899999999,"minX":7.28097300000002,"minY":1.33902800000004},"result":"Príncipe, São Tomé and Príncipe"}