{"bounds":{"maxX":6.76236,"maxY":0.41347300000001,"minX":6.45986200000004,"minY":-0.0140269999999987},"result":"São Tomé, São Tomé and Príncipe"}