{"bounds":{"maxX":7.46263800000003,"maxY":1.70152899999999,"minX":6.45986200000004,"minY":-0.0140269999999987},"result":"São Tomé and Príncipe"}