{"bounds":{"maxX":-89.690659,"maxY":14.064374,"minX":-90.124862,"minY":13.660685},"result":"Ahuachapán, El Salvador"}