{"bounds":{"maxX":-88.858512,"maxY":14.057421,"minX":-89.167634,"minY":13.633469},"result":"Cuscatlán, El Salvador"}