{"bounds":{"maxX":-88.681159,"maxY":14.422705,"minX":-89.427154,"minY":13.901993},"result":"Chalatenango, El Salvador"}