{"bounds":{"maxX":-88.4874419999999,"maxY":14.019086,"minX":-88.988357,"minY":13.738312},"result":"Cabañas, El Salvador"}