{"bounds":{"maxX":-89.1323619999999,"maxY":14.062419,"minX":-89.620414,"minY":13.417916},"result":"La Libertad, El Salvador"}