{"bounds":{"maxX":-87.939339,"maxY":13.986462,"minX":-88.271965,"minY":13.539756},"result":"Morazán, El Salvador"}