{"bounds":{"maxX":-88.776329,"maxY":13.66538,"minX":-89.157884,"minY":13.25901},"result":"La Paz, El Salvador"}