{"bounds":{"maxX":-89.247962,"maxY":14.450551,"minX":-89.741677,"minY":13.77241},"result":"Santa Ana, El Salvador"}