{"bounds":{"maxX":-88.4848479999999,"maxY":13.793494,"minX":-88.8941579999999,"minY":13.235694},"result":"San Vicente, El Salvador"}