{"bounds":{"maxX":-88.9875479999999,"maxY":14.056671,"minX":-89.288895,"minY":13.468975},"result":"San Salvador, El Salvador"}