{"bounds":{"maxX":-89.4387819999999,"maxY":13.906029,"minX":-89.951248,"minY":13.518193},"result":"Sonsonate, El Salvador"}