{"bounds":{"maxX":-88.018838,"maxY":13.895736,"minX":-88.527397,"minY":13.167247},"result":"San Miguel, El Salvador"}