{"bounds":{"maxX":-88.120697,"maxY":13.692082,"minX":-88.803437,"minY":13.158751},"result":"Usulután, El Salvador"}