{"bounds":{"maxX":-87.6837449999999,"maxY":13.899358,"minX":-88.092711,"minY":13.15264},"result":"La Unión, El Salvador"}