{"bounds":{"maxX":-87.6837449999999,"maxY":14.450551,"minX":-90.124862,"minY":13.15264},"result":"El Salvador"}