{"bounds":{"maxX":-63.013588,"maxY":18.063549,"minX":-63.1394299999999,"minY":18.004305},"result":"Sint Maarten"}