{"bounds":{"maxX":36.401788,"maxY":33.593132,"minX":36.288558,"minY":33.508437},"result":"Dimashq, Syria"}