{"bounds":{"maxX":36.570831,"maxY":33.296386,"minX":35.804467,"minY":32.356644},"result":"Dar‘a, Syria"}