{"bounds":{"maxX":41.333065,"maxY":36.463533,"minX":39.241951,"minY":34.043289},"result":"Dayr az Zawr, Syria"}