{"bounds":{"maxX":42.3850409230169,"maxY":37.3183949125401,"minX":39.4391550011282,"minY":35.5513339843097},"result":"Al Hasakah, Syria"}