{"bounds":{"maxX":40.191204,"maxY":35.391106,"minX":36.112622,"minY":33.120319},"result":"Hims, Syria"}