{"bounds":{"maxX":38.303886,"maxY":35.755875,"minX":36.135277,"minY":34.846939},"result":"Hamah, Syria"}