{"bounds":{"maxX":38.6716540010995,"maxY":36.9242589636161,"minX":36.5433270010738,"minY":35.4286039991667},"result":"Halab, Syria"}