{"bounds":{"maxX":37.2162850003181,"maxY":36.3349919998481,"minX":36.1486050000654,"minY":35.3163839997871},"result":"Idlib, Syria"}