{"bounds":{"maxX":36.289162000083,"maxY":35.9403300068088,"minX":35.7176250000293,"minY":35.2166739999615},"result":"Al Ladhiqiyah, Syria"}