{"bounds":{"maxX":35.988327,"maxY":33.312828,"minX":35.860404,"minY":32.889595},"result":"Al Qunaytirah, Syria"}