{"bounds":{"maxX":39.8043370007727,"maxY":36.7826769492796,"minX":38.0202700007548,"minY":35.2492909971035},"result":"Ar Raqqah, Syria"}