{"bounds":{"maxX":38.321522,"maxY":34.229996,"minX":35.868566,"minY":32.683942},"result":"Rif Dimashq, Syria"}