{"bounds":{"maxX":37.501174,"maxY":33.227775,"minX":36.336105,"minY":32.310681},"result":"As Suwayda', Syria"}