{"bounds":{"maxX":36.313476,"maxY":35.257874,"minX":35.854027,"minY":34.635682},"result":"Tartus, Syria"}