{"bounds":{"maxX":42.3850409230169,"maxY":37.3183949125401,"minX":35.7176250000293,"minY":32.310681},"result":"Syria"}