{"bounds":{"maxX":31.759229,"maxY":-25.71965,"minX":30.900788,"minY":-26.47711},"result":"Hhohho, Eswatini"}