{"bounds":{"maxX":32.137249,"maxY":-25.929219,"minX":31.472639,"minY":-27.16106},"result":"Lubombo, Eswatini"}