{"bounds":{"maxX":31.702481,"maxY":-26.157231,"minX":30.794109,"minY":-26.891019},"result":"Manzini, Eswatini"}