{"bounds":{"maxX":31.980201,"maxY":-26.752741,"minX":30.902928,"minY":-27.317101},"result":"Shiselweni, Eswatini"}