{"bounds":{"maxX":32.137249,"maxY":-25.71965,"minX":30.794109,"minY":-27.317101},"result":"Eswatini"}