{"bounds":{"maxX":-71.082084,"maxY":21.962639,"minX":-72.483191,"minY":21.177085},"result":"Turks and Caicos Islands"}