{"bounds":{"maxX":20.368999,"maxY":16.108999,"minX":16.958,"minY":12.125},"result":"Batha, Chad"}