{"bounds":{"maxX":17.542999,"maxY":12.432,"minX":15.36908,"minY":9.82600000000002},"result":"Chari-Baguirmi, Chad"}