{"bounds":{"maxX":20.243999,"maxY":13.031,"minX":17.305,"minY":9.87700000000001},"result":"Guéra, Chad"}