{"bounds":{"maxX":18.051001,"maxY":16.843277,"minX":13.644234,"minY":13.023},"result":"Kanem, Chad"}