{"bounds":{"maxX":17.295,"maxY":9.15300000000002,"minX":15.245849,"minY":7.44106900000003},"result":"Logone-Oriental, Chad"}