{"bounds":{"maxX":15.576,"maxY":14.51582,"minX":13.473475,"minY":12.993},"result":"Lac, Chad"}