{"bounds":{"maxX":18.213989,"maxY":9.64100000000002,"minX":17.046,"minY":7.80354500000004},"result":"Mandoul, Chad"}