{"bounds":{"maxX":19.985359,"maxY":10.588,"minX":17.381001,"minY":8.01940100000002},"result":"Moyen-Chari, Chad"}