{"bounds":{"maxX":15.441,"maxY":10.010211,"minX":14.019461,"minY":8.47015500000003},"result":"Mayo-Kébbi-Ouest, Chad"}