{"bounds":{"maxX":15.506,"maxY":12.363,"minX":14.89129,"minY":11.092201},"result":"Ndjamena, Chad"}