{"bounds":{"maxX":22.464979,"maxY":12.123,"minX":18.874001,"minY":9.09527300000002},"result":"Salamat, Chad"}