{"bounds":{"maxX":23.131464,"maxY":15.966,"minX":20.042999,"minY":13.915991},"result":"Wadi Fira, Chad"}