{"bounds":{"maxX":24.002686,"maxY":23.450371,"minX":13.473475,"minY":7.44106900000003},"result":"Chad"}