{"bounds":{"maxX":77.60327,"maxY":-11.51375,"minX":40.328194,"minY":-50.0188899999999},"result":"French Southern and Antarctic Lands"}