{"bounds":{"maxX":1.65018800000001,"maxY":9.29781500000001,"minX":0.381674000000032,"minY":7.89664100000005},"result":"Centre, Togo"}