{"bounds":{"maxX":1.43123400000002,"maxY":10.220831,"minX":0.224452000000042,"minY":8.84305700000004},"result":"Kara, Togo"}