{"bounds":{"maxX":1.806692,"maxY":6.91304600000001,"minX":0.717367000000024,"minY":6.10958200000005},"result":"Maritime (Région), Togo"}