{"bounds":{"maxX":1.677526,"maxY":8.37361200000004,"minX":0.501814000000024,"minY":6.53416700000002},"result":"Plateaux, Togo"}