{"bounds":{"maxX":0.998344000000031,"maxY":11.138981,"minX":-0.147322999999972,"minY":9.871667},"result":"Savannes, Togo"}