{"bounds":{"maxX":1.806692,"maxY":11.138981,"minX":-0.147322999999972,"minY":6.10958200000005},"result":"Togo"}