{"bounds":{"maxX":101.414718,"maxY":15.580082,"minX":100.423278,"minY":14.653731},"result":"Lop Buri, Thailand"}