{"bounds":{"maxX":100.963989,"maxY":13.71787,"minX":100.445251,"minY":13.478331},"result":"Samut Prakan, Thailand"}