{"bounds":{"maxX":101.455688,"maxY":15.044801,"minX":100.576568,"minY":14.242641},"result":"Saraburi, Thailand"}