{"bounds":{"maxX":100.568673,"maxY":14.139171,"minX":100.26522,"minY":13.7883},"result":"Nonthaburi, Thailand"}