{"bounds":{"maxX":100.489731,"maxY":15.109661,"minX":100.182588,"minY":14.71403},"result":"Sing Buri, Thailand"}