{"bounds":{"maxX":100.952897,"maxY":14.27328,"minX":100.332703,"minY":13.91569},"result":"Pathum Thani, Thailand"}