{"bounds":{"maxX":100.82534,"maxY":14.672992,"minX":100.243233,"minY":14.109932},"result":"Phra Nakhon Si Ayutthaya, Thailand"}