{"bounds":{"maxX":100.51667,"maxY":14.800752,"minX":100.195519,"minY":14.435889},"result":"Ang Thong, Thailand"}