{"bounds":{"maxX":100.354653,"maxY":15.41659,"minX":99.716942,"minY":14.902132},"result":"Chai Nat, Thailand"}