{"bounds":{"maxX":102.943077,"maxY":14.194741,"minX":101.861748,"minY":13.235681},"result":"Sa Kaeo, Thailand"}