{"bounds":{"maxX":101.506348,"maxY":14.51139,"minX":100.914268,"minY":13.958679},"result":"Nakhon Nayok, Thailand"}