{"bounds":{"maxX":102.108177,"maxY":14.461931,"minX":101.138482,"minY":13.58066},"result":"Prachin Buri, Thailand"}