{"bounds":{"maxX":101.720131,"maxY":13.598861,"minX":100.64724,"minY":12.507934},"result":"Chon Buri, Thailand"}