{"bounds":{"maxX":101.990601,"maxY":13.975611,"minX":100.850083,"minY":13.17738},"result":"Chachoengsao, Thailand"}