{"bounds":{"maxX":102.538612,"maxY":13.334611,"minX":101.686623,"minY":12.285281},"result":"Chanthaburi, Thailand"}