{"bounds":{"maxX":102.915192,"maxY":12.756371,"minX":102.243605,"minY":11.561391},"result":"Trat, Thailand"}