{"bounds":{"maxX":101.832039,"maxY":13.16312,"minX":100.985602,"minY":12.51267},"result":"Rayong, Thailand"}