{"bounds":{"maxX":103.014168,"maxY":15.80652,"minX":101.18303,"minY":14.11939},"result":"Nakhon Ratchasima, Thailand"}