{"bounds":{"maxX":104.006813,"maxY":18.446701,"minX":103.306991,"minY":18.10891},"result":"Bueng Kan, Thailand"}