{"bounds":{"maxX":104.910798,"maxY":15.567131,"minX":103.904519,"minY":14.341911},"result":"Si Sa Ket, Thailand"}