{"bounds":{"maxX":102.460846,"maxY":16.72975,"minX":101.318199,"minY":15.314052},"result":"Chaiyaphum, Thailand"}