{"bounds":{"maxX":105.63913,"maxY":16.095991,"minX":104.374771,"minY":14.20803},"result":"Ubon Ratchathani, Thailand"}