{"bounds":{"maxX":102.683228,"maxY":17.67667,"minX":101.983643,"minY":16.76608},"result":"Nong Bua Lam Phu, Thailand"}