{"bounds":{"maxX":105.06276,"maxY":16.28255,"minX":104.421044,"minY":15.535381},"result":"Amnat Charoen, Thailand"}