{"bounds":{"maxX":104.093842,"maxY":15.481609,"minX":103.091911,"minY":14.32554},"result":"Surin, Thailand"}