{"bounds":{"maxX":104.82763,"maxY":16.34771,"minX":103.999199,"minY":15.288311},"result":"Yasothon, Thailand"}