{"bounds":{"maxX":103.506737,"maxY":15.793981,"minX":102.433457,"minY":14.12946},"result":"Buri Ram, Thailand"}