{"bounds":{"maxX":102.155747,"maxY":18.21788,"minX":100.834967,"minY":16.750529},"result":"Loei, Thailand"}