{"bounds":{"maxX":104.243119,"maxY":17.099729,"minX":103.100228,"minY":16.179971},"result":"Kalasin, Thailand"}