{"bounds":{"maxX":104.192558,"maxY":18.432452,"minX":102.058022,"minY":17.590901},"result":"Nong Khai, Thailand"}