{"bounds":{"maxX":103.506402,"maxY":16.642061,"minX":102.845582,"minY":15.404679},"result":"Maha Sarakham, Thailand"}