{"bounds":{"maxX":104.437752,"maxY":18.088439,"minX":103.25331,"minY":16.770481},"result":"Sakon Nakhon, Thailand"}