{"bounds":{"maxX":103.188056,"maxY":17.08752,"minX":101.749733,"minY":15.630491},"result":"Khon Kaen, Thailand"}