{"bounds":{"maxX":103.669608,"maxY":18.08291,"minX":102.018188,"minY":16.800292},"result":"Udon Thani, Thailand"}