{"bounds":{"maxX":104.80658,"maxY":18.024999,"minX":103.984612,"minY":16.784482},"result":"Nakhon Phanom, Thailand"}