{"bounds":{"maxX":104.353431,"maxY":16.470971,"minX":103.273841,"minY":15.40346},"result":"Roi Et, Thailand"}