{"bounds":{"maxX":104.98066,"maxY":16.904831,"minX":104.073036,"minY":16.1832},"result":"Mukdahan, Thailand"}