{"bounds":{"maxX":100.648871,"maxY":19.733941,"minX":99.684517,"minY":18.80352},"result":"Phayao, Thailand"}