{"bounds":{"maxX":101.193015,"maxY":18.379441,"minX":99.898377,"minY":17.16251},"result":"Uttaradit, Thailand"}