{"bounds":{"maxX":99.573867,"maxY":20.144162,"minX":98.009751,"minY":17.27267},"result":"Chiang Mai, Thailand"}