{"bounds":{"maxX":98.652839,"maxY":19.811281,"minX":97.345191,"minY":17.635392},"result":"Mae Hong Son, Thailand"}