{"bounds":{"maxX":100.579826,"maxY":20.463212,"minX":99.260146,"minY":18.997561},"result":"Chiang Rai, Thailand"}