{"bounds":{"maxX":99.322533,"maxY":18.708111,"minX":98.666741,"minY":17.422701},"result":"Lamphun, Thailand"}