{"bounds":{"maxX":100.553077,"maxY":18.832461,"minX":99.368241,"minY":17.704211},"result":"Phrae, Thailand"}