{"bounds":{"maxX":100.127419,"maxY":19.41604,"minX":98.880989,"minY":17.205411},"result":"Lampang, Thailand"}