{"bounds":{"maxX":101.359428,"maxY":19.63176,"minX":100.338082,"minY":18.01147},"result":"Nan, Thailand"}