{"bounds":{"maxX":100.850099,"maxY":16.194691,"minX":99.086257,"minY":15.055871},"result":"Nakhon Sawan, Thailand"}