{"bounds":{"maxX":101.111367,"maxY":17.741621,"minX":99.857742,"minY":16.30719},"result":"Phitsanulok, Thailand"}