{"bounds":{"maxX":99.446518,"maxY":17.86703,"minX":97.744813,"minY":15.179861},"result":"Tak, Thailand"}