{"bounds":{"maxX":100.1063,"maxY":15.79554,"minX":98.984612,"minY":14.93832},"result":"Uthai Thani, Thailand"}