{"bounds":{"maxX":100.771576,"maxY":16.64568,"minX":99.984467,"minY":15.91096},"result":"Phichit, Thailand"}