{"bounds":{"maxX":100.112794,"maxY":17.819781,"minX":99.311158,"minY":16.681159},"result":"Sukhothai, Thailand"}