{"bounds":{"maxX":101.789848,"maxY":17.13094,"minX":100.637451,"minY":15.318621},"result":"Phetchabun, Thailand"}