{"bounds":{"maxX":100.05677,"maxY":16.907462,"minX":98.987213,"minY":15.85657},"result":"Kamphaeng Phet, Thailand"}