{"bounds":{"maxX":100.032174,"maxY":12.652461,"minX":99.147454,"minY":10.95489},"result":"Prachuap Khiri Khan, Thailand"}