{"bounds":{"maxX":100.282279,"maxY":15.08083,"minX":99.283302,"minY":14.058421},"result":"Suphan Buri, Thailand"}