{"bounds":{"maxX":100.420853,"maxY":13.732739,"minX":100.028618,"minY":13.424913},"result":"Samut Sakhon, Thailand"}