{"bounds":{"maxX":100.079635,"maxY":13.514132,"minX":99.853433,"minY":13.244911},"result":"Samut Songkhram, Thailand"}