{"bounds":{"maxX":100.070251,"maxY":13.948291,"minX":99.16716,"minY":13.14771},"result":"Ratchaburi, Thailand"}