{"bounds":{"maxX":100.103889,"maxY":13.34319,"minX":99.0998,"minY":12.539931},"result":"Phetchaburi, Thailand"}