{"bounds":{"maxX":99.877922,"maxY":15.659639,"minX":98.183799,"minY":13.72487},"result":"Kanchanaburi, Thailand"}