{"bounds":{"maxX":100.333656,"maxY":14.208591,"minX":99.830628,"minY":13.64675},"result":"Nakhon Pathom, Thailand"}