{"bounds":{"maxX":98.965149,"maxY":10.785421,"minX":98.326011,"minY":9.30441999999999},"result":"Ranong, Thailand"}