{"bounds":{"maxX":100.745354,"maxY":9.32265100000001,"minX":99.23439,"minY":7.83599100000004},"result":"Nakhon Si Thammarat, Thailand"}