{"bounds":{"maxX":98.706749,"maxY":9.35163,"minX":97.630279,"minY":7.88792100000001},"result":"Phangnga, Thailand"}