{"bounds":{"maxX":98.616165,"maxY":8.20023300000003,"minX":98.258056,"minY":7.46122100000002},"result":"Phuket, Thailand"}