{"bounds":{"maxX":100.090554,"maxY":10.126388,"minX":98.442741,"minY":8.30032199999999},"result":"Surat Thani, Thailand"}