{"bounds":{"maxX":99.416313,"maxY":8.67440100000005,"minX":98.61139,"minY":7.39971400000002},"result":"Krabi, Thailand"}