{"bounds":{"maxX":99.519722,"maxY":11.032862,"minX":98.626831,"minY":9.60108100000002},"result":"Chumphon, Thailand"}