{"bounds":{"maxX":100.426056,"maxY":7.89365100000003,"minX":99.73236,"minY":7.09027200000003},"result":"Phatthalung, Thailand"}