{"bounds":{"maxX":102.093032,"maxY":6.63534000000004,"minX":101.371467,"minY":5.73701},"result":"Narathiwat, Thailand"}