{"bounds":{"maxX":100.220672,"maxY":7.13014000000004,"minX":99.15413,"minY":6.40509000000003},"result":"Satun, Thailand"}