{"bounds":{"maxX":99.998237,"maxY":8.01340100000004,"minX":99.053344,"minY":6.79393800000003},"result":"Trang, Thailand"}