{"bounds":{"maxX":101.609199,"maxY":6.68281000000002,"minX":100.835159,"minY":5.61604199999999},"result":"Yala, Thailand"}