{"bounds":{"maxX":101.11248,"maxY":7.93700000000001,"minX":100.054619,"minY":6.288679},"result":"Songkhla, Thailand"}