{"bounds":{"maxX":101.72515,"maxY":6.95167000000004,"minX":101.01873,"minY":6.54963100000003},"result":"Pattani, Thailand"}