{"bounds":{"maxX":105.63913,"maxY":20.463212,"minX":97.345191,"minY":5.61604199999999},"result":"Thailand"}