{"bounds":{"maxX":72.227952,"maxY":39.613622,"minX":68.058127,"minY":37.820129},"result":"Dushanbe, Tajikistan"}