{"bounds":{"maxX":75.137223,"maxY":39.468815,"minX":70.277442,"minY":36.671966},"result":"Kŭhistoni Badakhshon, Tajikistan"}