{"bounds":{"maxX":70.504494,"maxY":38.739612,"minX":67.784875,"minY":36.930145},"result":"Khatlon, Tajikistan"}