{"bounds":{"maxX":70.984337,"maxY":41.042243,"minX":67.387131,"minY":38.86658},"result":"Sughd, Tajikistan"}