{"bounds":{"maxX":75.137223,"maxY":41.042243,"minX":67.387131,"minY":36.671966},"result":"Tajikistan"}