{"bounds":{"maxX":-171.181396,"maxY":-8.53194299999996,"minX":-172.520828,"minY":-9.44399599999997},"result":"Tokelau"}