{"bounds":{"maxX":125.81829,"maxY":-8.55895499999997,"minX":125.45433,"minY":-8.85080999999997},"result":"Aileu, Timor-Leste"}