{"bounds":{"maxX":125.725511,"maxY":-8.75577699999997,"minX":125.42482,"minY":-9.22638899999998},"result":"Ainaro, Timor-Leste"}