{"bounds":{"maxX":125.4348,"maxY":-8.73589399999997,"minX":124.931861,"minY":-9.21341099999995},"result":"Bobonaro, Timor-Leste"}