{"bounds":{"maxX":126.81176,"maxY":-8.414444,"minX":126.149719,"minY":-8.70263},"result":"Baucau, Timor-Leste"}