{"bounds":{"maxX":125.540062,"maxY":-9.00629999999995,"minX":124.976876,"minY":-9.460556},"result":"Cova Lima, Timor-Leste"}