{"bounds":{"maxX":125.860725,"maxY":-8.12694499999998,"minX":125.49398,"minY":-8.62698999999998},"result":"Dili, Timor-Leste"}