{"bounds":{"maxX":125.535554,"maxY":-8.63806599999998,"minX":125.190071,"minY":-8.99597499999999},"result":"Ermera, Timor-Leste"}