{"bounds":{"maxX":127.342498,"maxY":-8.32194299999998,"minX":126.695062,"minY":-8.76055599999995},"result":"Lautem, Timor-Leste"}