{"bounds":{"maxX":125.527816,"maxY":-8.55527699999999,"minX":125.091042,"minY":-8.75362999999999},"result":"Liquiça, Timor-Leste"}