{"bounds":{"maxX":126.197205,"maxY":-8.47416699999997,"minX":125.759057,"minY":-9.05773499999998},"result":"Manatuto, Timor-Leste"}