{"bounds":{"maxX":126.060441,"maxY":-8.739037,"minX":125.586312,"minY":-9.19554499999998},"result":"Manufahi, Timor-Leste"}