{"bounds":{"maxX":124.482712,"maxY":-9.16677999999996,"minX":124.044655,"minY":-9.50465299999996},"result":"Oecussi, Timor-Leste"}