{"bounds":{"maxX":126.737305,"maxY":-8.59274099999999,"minX":126.046502,"minY":-8.98967999999996},"result":"Viqueque, Timor-Leste"}