{"bounds":{"maxX":127.342498,"maxY":-8.12694499999998,"minX":124.044655,"minY":-9.50465299999996},"result":"Timor-Leste"}