{"bounds":{"maxX":61.508789,"maxY":40.200255,"minX":56.496644,"minY":35.588322},"result":"Ahal, Turkmenistan"}