{"bounds":{"maxX":57.12912,"maxY":42.343497,"minX":52.441433,"minY":37.309181},"result":"Balkan, Turkmenistan"}