{"bounds":{"maxX":60.943573,"maxY":42.79555,"minX":56.429375,"minY":39.467269},"result":"Dasoguz, Turkmenistan"}