{"bounds":{"maxX":66.684303,"maxY":41.291537,"minX":60.185557,"minY":36.860984},"result":"Lebap, Turkmenistan"}