{"bounds":{"maxX":64.761086,"maxY":39.514705,"minX":60.388106,"minY":35.129814},"result":"Mary, Turkmenistan"}