{"bounds":{"maxX":66.684303,"maxY":42.79555,"minX":52.441433,"minY":35.129814},"result":"Turkmenistan"}