{"bounds":{"maxX":10.385272,"maxY":36.810417,"minX":9.97170199999999,"minY":36.466172},"result":"Ben Arous, Tunisia"}