{"bounds":{"maxX":10.281152,"maxY":37.151248,"minX":9.93231500000002,"minY":36.828511},"result":"L'Ariana, Tunisia"}