{"bounds":{"maxX":10.080264,"maxY":36.982102,"minX":9.55673100000001,"minY":36.591189},"result":"La Manouba, Tunisia"}