{"bounds":{"maxX":10.354861,"maxY":36.957638,"minX":9.984871,"minY":36.718101},"result":"Tunis, Tunisia"}