{"bounds":{"maxX":10.331249,"maxY":37.559861,"minX":8.86874900000004,"minY":36.74099},"result":"Bizerte, Tunisia"}