{"bounds":{"maxX":10.366571,"maxY":36.680951,"minX":9.590327,"minY":36.025508},"result":"Zaghouan, Tunisia"}