{"bounds":{"maxX":11.135971,"maxY":37.14264,"minX":10.32797,"minY":36.363472},"result":"Nabeul, Tunisia"}