{"bounds":{"maxX":9.08058500000004,"maxY":37.023231,"minX":8.15289100000001,"minY":36.360611},"result":"Jendouba, Tunisia"}