{"bounds":{"maxX":9.15197700000004,"maxY":36.460941,"minX":8.25826499999999,"minY":35.634529},"result":"Le Kef, Tunisia"}