{"bounds":{"maxX":9.84553800000003,"maxY":37.158749,"minX":8.90486100000004,"minY":36.37822},"result":"Béja, Tunisia"}