{"bounds":{"maxX":9.76190800000001,"maxY":36.478169,"minX":8.92332500000003,"minY":35.4926},"result":"Siliana, Tunisia"}