{"bounds":{"maxX":10.303221,"maxY":36.162682,"minX":9.26685900000001,"minY":35.03701},"result":"Kairouan, Tunisia"}