{"bounds":{"maxX":9.326007,"maxY":35.796489,"minX":8.24969800000002,"minY":34.640789},"result":"Kasserine, Tunisia"}