{"bounds":{"maxX":10.06478,"maxY":35.510922,"minX":8.80420300000003,"minY":34.281848},"result":"Sidi Bouzid, Tunisia"}