{"bounds":{"maxX":11.167916,"maxY":35.598598,"minX":10.158671,"minY":35.10484},"result":"Mahdia, Tunisia"}