{"bounds":{"maxX":11.050417,"maxY":35.805972,"minX":10.48231,"minY":35.45958},"result":"Monastir, Tunisia"}