{"bounds":{"maxX":10.662952,"maxY":36.407849,"minX":10.146911,"minY":35.42806},"result":"Sousse, Tunisia"}