{"bounds":{"maxX":11.454861,"maxY":35.28862,"minX":9.69743300000005,"minY":34.168195},"result":"Sfax, Tunisia"}