{"bounds":{"maxX":8.656812,"maxY":34.527026,"minX":7.53007600000001,"minY":33.430262},"result":"Tozeur, Tunisia"}