{"bounds":{"maxX":9.99733300000003,"maxY":34.210313,"minX":7.75341900000001,"minY":32.528204},"result":"Kebili, Tunisia"}