{"bounds":{"maxX":9.60028500000004,"maxY":34.773811,"minX":8.04351200000002,"minY":34.083119},"result":"Gafsa, Tunisia"}