{"bounds":{"maxX":11.598271,"maxY":33.907917,"minX":9.70484700000003,"minY":32.253429},"result":"Medenine, Tunisia"}