{"bounds":{"maxX":11.40335,"maxY":33.27481,"minX":8.35474500000004,"minY":30.23681},"result":"Tataouine, Tunisia"}