{"bounds":{"maxX":10.456251,"maxY":34.31921,"minX":9.24688900000001,"minY":33.285091},"result":"Gabès, Tunisia"}