{"bounds":{"maxX":11.598271,"maxY":37.559861,"minX":7.53007600000001,"minY":30.23681},"result":"Tunisia"}