{"bounds":{"maxX":-173.735001,"maxY":-15.8375,"minX":-173.810561,"minY":-15.983889},"result":"Niuas, Tonga"}