{"bounds":{"maxX":-174.264725,"maxY":-19.592221,"minX":-175.408616,"minY":-20.556389},"result":"Ha'apai, Tonga"}