{"bounds":{"maxX":-174.973618,"maxY":-21.042499,"minX":-176.213837,"minY":-22.349723},"result":"Tongatapu, Tonga"}