{"bounds":{"maxX":-173.901948,"maxY":-15.565796,"minX":-175.680298,"minY":-19.180297},"result":"Vava'u, Tonga"}