{"bounds":{"maxX":-174.900145,"maxY":-21.281665,"minX":-174.97667,"minY":-21.474999},"result":"'Eua, Tonga"}