{"bounds":{"maxX":-173.735001,"maxY":-15.565796,"minX":-176.213837,"minY":-22.349723},"result":"Tonga"}