{"bounds":{"maxX":32.6133319753186,"maxY":37.450317978118,"minX":29.2623910258892,"minY":36.0914429995852},"result":"Antalya, Türkiye"}