{"bounds":{"maxX":42.5909113513146,"maxY":41.5240259003084,"minX":41.1601804710741,"minY":40.557892920272},"result":"Artvin, Türkiye"}