{"bounds":{"maxX":39.2623601119764,"maxY":38.2074399835572,"minX":37.4261529757353,"minY":37.4098550271888},"result":"Adıyaman, Türkiye"}