{"bounds":{"maxX":44.4817597950845,"maxY":40.0279648147753,"minX":42.2730871346569,"minY":38.9493348848524},"result":"Ağrı, Türkiye"}