{"bounds":{"maxX":36.4922189618144,"maxY":41.0781110042571,"minX":34.9890330011571,"minY":40.2343369875371},"result":"Amasya, Türkiye"}