{"bounds":{"maxX":36.3995020072159,"maxY":38.3858940245141,"minX":34.674737970856,"minY":36.5392229805224},"result":"Adana, Türkiye"}