{"bounds":{"maxX":28.8543649949203,"maxY":38.1261330119357,"minX":27.00173991225,"minY":37.319749998574},"result":"Aydın, Türkiye"}