{"bounds":{"maxX":33.8991270096619,"maxY":40.7423289614266,"minX":30.8147029774662,"minY":38.6601600491447},"result":"Ankara, Türkiye"}