{"bounds":{"maxX":31.7221490177958,"maxY":39.2657109739674,"minX":29.6739990053175,"minY":37.7673289743019},"result":"Afyon, Türkiye"}