{"bounds":{"maxX":41.3084875675798,"maxY":39.546039951518,"minX":39.9231811936874,"minY":38.4696579712975},"result":"Bingöl, Türkiye"}