{"bounds":{"maxX":43.2224712702477,"maxY":39.0322828320834,"minX":41.5159246480252,"minY":37.9851308937177},"result":"Bitlis, Türkiye"}