{"bounds":{"maxX":29.9366299949737,"maxY":40.6158479846851,"minX":28.101034986625,"minY":39.5854889800342},"result":"Bursa, Türkiye"}