{"bounds":{"maxX":27.5300149651442,"maxY":40.7462039980993,"minX":25.666541756389,"minY":39.4530040254897},"result":"Çanakkale, Türkiye"}