{"bounds":{"maxX":35.5183280076829,"maxY":41.3268740372935,"minX":33.9586390276559,"minY":39.9367879682464},"result":"Çorum, Türkiye"}