{"bounds":{"maxX":32.5780600453521,"maxY":41.028648043735,"minX":30.5529389553645,"minY":40.1246100058482},"result":"Bolu, Türkiye"}