{"bounds":{"maxX":30.6401340117519,"maxY":40.52718600627,"minX":29.7141020404771,"minY":39.6549260307369},"result":"Bilecik, Türkiye"}