{"bounds":{"maxX":34.1650959673012,"maxY":41.0744940006317,"minX":32.5650550259308,"minY":40.2481970234395},"result":"Çankırı, Türkiye"}