{"bounds":{"maxX":30.9062409985066,"maxY":37.8277430222706,"minX":29.3445399699104,"minY":36.8593049917743},"result":"Burdur, Türkiye"}