{"bounds":{"maxX":28.9987540460308,"maxY":40.6662779665328,"minX":26.5314549467761,"minY":39.0777230060495},"result":"Balıkesir, Türkiye"}