{"bounds":{"maxX":32.0216179851579,"maxY":40.1509740144861,"minX":29.9914550300402,"minY":39.0688119986151},"result":"Eskişehir, Türkiye"}