{"bounds":{"maxX":39.1804540637945,"maxY":41.0792609664909,"minX":37.9780780248661,"minY":40.0556809673214},"result":"Giresun, Türkiye"}