{"bounds":{"maxX":40.1389591765997,"maxY":40.799703960857,"minX":38.7860100049964,"minY":39.8502859914889},"result":"Gümüşhane, Türkiye"}