{"bounds":{"maxX":30.0748889526268,"maxY":38.4883580039105,"minX":28.5582879952255,"minY":36.8596409694645},"result":"Denizli, Türkiye"}