{"bounds":{"maxX":42.5853233926258,"maxY":40.9597498965813,"minX":40.2590501932059,"minY":39.1485538926636},"result":"Erzurum, Türkiye"}