{"bounds":{"maxX":40.3460832295453,"maxY":39.1883529475942,"minX":38.3535100539549,"minY":38.2590240105065},"result":"Elazığ, Türkiye"}