{"bounds":{"maxX":41.3767845570519,"maxY":38.7178339759382,"minX":39.106140087581,"minY":37.5076450324183},"result":"Diyarbakır, Türkiye"}