{"bounds":{"maxX":38.0602699897497,"maxY":37.5377390364041,"minX":36.4481780041627,"minY":36.7050879977216},"result":"Gaziantep, Türkiye"}