{"bounds":{"maxX":40.7682033151758,"maxY":40.0737430263555,"minX":38.265023037544,"minY":39.0121109849793},"result":"Erzincan, Türkiye"}