{"bounds":{"maxX":27.0198689932515,"maxY":41.9996940095207,"minX":26.0344728354646,"minY":40.5893579523465},"result":"Edirne, Türkiye"}