{"bounds":{"maxX":29.9611839946694,"maxY":41.5907230202657,"minX":27.9741590204885,"minY":40.8030359925209},"result":"İstanbul, Türkiye"}