{"bounds":{"maxX":36.946080046994,"maxY":39.2983319651189,"minX":34.8361029870355,"minY":37.7295360171051},"result":"Kayseri, Türkiye"}