{"bounds":{"maxX":31.5101240049773,"maxY":38.5096920230001,"minX":30.0412189980637,"minY":37.3068760035324},"result":"Isparta, Türkiye"}