{"bounds":{"maxX":34.6082419779157,"maxY":42.0199209797494,"minX":32.7541379750631,"minY":40.8145279595546},"result":"Kastamonu, Türkiye"}