{"bounds":{"maxX":28.1438869366758,"maxY":42.1062389561417,"minX":26.8773819676086,"minY":41.2223830083656},"result":"Kırklareli, Türkiye"}