{"bounds":{"maxX":44.8147031864483,"maxY":37.8062625004349,"minX":43.2948324739742,"minY":36.9633065468146},"result":"Hakkari, Türkiye"}