{"bounds":{"maxX":35.1636230330593,"maxY":37.4270090009443,"minX":32.5467460085537,"minY":36.0168850454743},"result":"Mersin, Türkiye"}