{"bounds":{"maxX":28.4744429925715,"maxY":39.4036770057396,"minX":26.181971830198,"minY":37.8355679847142},"result":"İzmir, Türkiye"}