{"bounds":{"maxX":43.749353898788,"maxY":41.1108647978915,"minX":42.1290580422555,"minY":39.9443898671681},"result":"Kars, Türkiye"}