{"bounds":{"maxX":36.69735501916,"maxY":37.019828014757,"minX":35.7795069908395,"minY":35.812691972911},"result":"Hatay, Türkiye"}