{"bounds":{"maxX":29.7674930102568,"maxY":37.5508349914878,"minX":27.1991389664007,"minY":36.2929700394725},"result":"Muğla, Türkiye"}