{"bounds":{"maxX":34.7017260115983,"maxY":39.7979159628654,"minX":33.4198580357073,"minY":38.8128419853221},"result":"Kırşehir, Türkiye"}