{"bounds":{"maxX":30.3684939944464,"maxY":41.2096359793844,"minX":29.3340140448043,"minY":40.5303160032615},"result":"Kocaeli, Türkiye"}