{"bounds":{"maxX":29.0863719980969,"maxY":39.4058300158319,"minX":27.1162339195587,"minY":38.0841960423375},"result":"Manisa, Türkiye"}