{"bounds":{"maxX":37.7503469865438,"maxY":38.5802750289917,"minX":36.1997090238625,"minY":37.1971659970258},"result":"K.Maraş, Türkiye"}