{"bounds":{"maxX":39.1501550375038,"maxY":39.155419025675,"minX":37.2569560441237,"minY":37.896239969863},"result":"Malatya, Türkiye"}