{"bounds":{"maxX":42.7146155823379,"maxY":39.5084578910117,"minX":41.1126004512621,"minY":38.4942969582426},"result":"Muş, Türkiye"}