{"bounds":{"maxX":34.436451010841,"maxY":39.271394041491,"minX":31.2378700357557,"minY":36.7038800213083},"result":"Konya, Türkiye"}