{"bounds":{"maxX":30.4394670380046,"maxY":39.8716720032166,"minX":28.6136120032962,"minY":38.7929369519784},"result":"Kütahya, Türkiye"}