{"bounds":{"maxX":41.897192972061,"maxY":37.7382999394177,"minX":39.942293170363,"minY":36.911185005973},"result":"Mardin, Türkiye"}