{"bounds":{"maxX":38.7725950908866,"maxY":40.5113690108399,"minX":35.8561420240837,"minY":38.5356659649044},"result":"Sivas, Türkiye"}