{"bounds":{"maxX":35.4541259852352,"maxY":42.0978430361771,"minX":34.2243140447741,"minY":41.209235019278},"result":"Sinop, Türkiye"}