{"bounds":{"maxX":41.4398265347605,"maxY":41.3324509558672,"minX":40.3400872521258,"minY":40.5123539960664},"result":"Rize, Türkiye"}