{"bounds":{"maxX":35.1387029788532,"maxY":39.4109709808982,"minX":34.2271999896608,"minY":38.3282649847132},"result":"Nevşehir, Türkiye"}