{"bounds":{"maxX":42.9394819833355,"maxY":38.2487728932196,"minX":41.3830696331075,"minY":37.5734498788908},"result":"Siirt, Türkiye"}