{"bounds":{"maxX":28.126973986147,"maxY":41.5681220021089,"minX":26.69528787062,"minY":40.5463959661126},"result":"Tekirdağ, Türkiye"}