{"bounds":{"maxX":35.3154859802534,"maxY":38.3643350459547,"minX":33.9817450197771,"minY":37.3270200396873},"result":"Niğde, Türkiye"}