{"bounds":{"maxX":31.0126220354632,"maxY":41.178905017781,"minX":29.9350749574183,"minY":40.283591975124},"result":"Sakarya, Türkiye"}