{"bounds":{"maxX":38.110504064733,"maxY":41.1476419663011,"minX":36.6834620361949,"minY":40.3240059611356},"result":"Ordu, Türkiye"}