{"bounds":{"maxX":37.1731309829546,"maxY":41.7344170296243,"minX":34.8811620172604,"minY":40.8379469717503},"result":"Samsun, Türkiye"}