{"bounds":{"maxX":36.1633580378113,"maxY":40.2465639762623,"minX":34.0421280407412,"minY":38.9632780201865},"result":"Yozgat, Türkiye"}