{"bounds":{"maxX":40.3311862361159,"maxY":39.6152589799627,"minX":38.732447058213,"minY":38.7641489969757},"result":"Tunceli, Türkiye"}