{"bounds":{"maxX":37.6423020450394,"maxY":40.910299981979,"minX":35.4361900329215,"minY":39.881910964894},"result":"Tokat, Türkiye"}