{"bounds":{"maxX":32.3192189819834,"maxY":41.5909330420878,"minX":31.2954700389408,"minY":41.0059959778702},"result":"Zonguldak, Türkiye"}