{"bounds":{"maxX":44.5150120713431,"maxY":39.395868810972,"minX":42.6583895853651,"minY":37.7185876109752},"result":"Van, Türkiye"}