{"bounds":{"maxX":40.753739327611,"maxY":40.5772209553426,"minX":39.6535171723849,"minY":39.9500410148506},"result":"Bayburt, Türkiye"}