{"bounds":{"maxX":40.2380092675961,"maxY":38.0199219907511,"minX":37.835763986032,"minY":36.6688290137731},"result":"Şanlıurfa, Türkiye"}