{"bounds":{"maxX":40.5000592582312,"maxY":41.1072350131016,"minX":39.1027840672791,"minY":40.5165789554133},"result":"Trabzon, Türkiye"}