{"bounds":{"maxX":30.0303179977619,"maxY":38.9337599871712,"minX":28.7780380196054,"minY":38.2306189568135},"result":"Uşak, Türkiye"}