{"bounds":{"maxX":34.476696027998,"maxY":39.0536990316484,"minX":33.1312480062116,"minY":37.9766970168528},"result":"Aksaray, Türkiye"}