{"bounds":{"maxX":29.5670540309475,"maxY":40.7415070371248,"minX":28.7800190288483,"minY":40.4563810253902},"result":"Yalova, Türkiye"}