{"bounds":{"maxX":43.5232648284781,"maxY":37.7796107974378,"minX":41.5562307025212,"minY":37.1005268400007},"result":"Şırnak, Türkiye"}