{"bounds":{"maxX":34.2486449771113,"maxY":37.5712759979468,"minX":32.4701099722543,"minY":36.303900996364},"result":"Karaman, Türkiye"}