{"bounds":{"maxX":37.5706360287277,"maxY":37.0495980145299,"minX":36.7143069830311,"minY":36.6321580043084},"result":"Kilis, Türkiye"}