{"bounds":{"maxX":44.8174776760379,"maxY":40.14513579645,"minX":43.3036493048418,"minY":39.616111548884},"result":"Iğdır, Türkiye"}