{"bounds":{"maxX":34.2405520122579,"maxY":40.3417719872671,"minX":33.2679209617615,"minY":39.3971739916123},"result":"Kırıkkale, Türkiye"}