{"bounds":{"maxX":41.7245228107144,"maxY":38.5647939257285,"minX":40.9855594113461,"minY":37.4915979639551},"result":"Batman, Türkiye"}