{"bounds":{"maxX":43.4745364486215,"maxY":41.6005998506868,"minX":42.2906361345264,"minY":40.6713249025281},"result":"Ardahan, Türkiye"}