{"bounds":{"maxX":33.1555690173325,"maxY":41.6050500383045,"minX":31.9547379811566,"minY":40.8056680137024},"result":"Karabük, Türkiye"}