{"bounds":{"maxX":32.9183919691785,"maxY":41.8494300150888,"minX":32.0985739578232,"minY":41.2852759625522},"result":"Bartın, Türkiye"}