{"bounds":{"maxX":31.7597090249407,"maxY":41.1164349929247,"minX":30.8254029629314,"minY":40.6375080362448},"result":"Düzce, Türkiye"}