{"bounds":{"maxX":36.7001489599544,"maxY":37.7011700200269,"minX":35.8781970198772,"minY":36.9186880386036},"result":"Osmaniye, Türkiye"}