{"bounds":{"maxX":44.8174776760379,"maxY":42.1062389561417,"minX":25.666541756389,"minY":35.812691972911},"result":"Türkiye"}