{"bounds":{"maxX":-61.358997,"maxY":10.571936,"minX":-61.4687509999999,"minY":10.496524},"result":"Chaguanas, Trinidad and Tobago"}