{"bounds":{"maxX":-61.199581,"maxY":10.591024,"minX":-61.4998639999999,"minY":10.307499},"result":"Couva-Tabaquite-Talparo, Trinidad and Tobago"}