{"bounds":{"maxX":-61.490268,"maxY":10.771807,"minX":-61.765141,"minY":10.657082},"result":"Diego Martin, Trinidad and Tobago"}