{"bounds":{"maxX":-61.51321,"maxY":10.678374,"minX":-61.5493049999999,"minY":10.645696},"result":"Port of Spain, Trinidad and Tobago"}