{"bounds":{"maxX":-61.373597,"maxY":10.269898,"minX":-61.515141,"minY":10.067083},"result":"Penal-Debe, Trinidad and Tobago"}