{"bounds":{"maxX":-61.653625,"maxY":10.212708,"minX":-61.7145849999999,"minY":10.144714},"result":"Point Fortin, Trinidad and Tobago"}