{"bounds":{"maxX":-61.1802969999999,"maxY":10.339296,"minX":-61.467639,"minY":10.070695},"result":"Princes Town, Trinidad and Tobago"}