{"bounds":{"maxX":-60.9670839999999,"maxY":10.440674,"minX":-61.238704,"minY":10.074861},"result":"Rio Claro-Mayaro, Trinidad and Tobago"}