{"bounds":{"maxX":-61.4677119999999,"maxY":10.251282,"minX":-61.9301369999999,"minY":10.042917},"result":"Siparia, Trinidad and Tobago"}