{"bounds":{"maxX":-60.9087489999999,"maxY":11.00014,"minX":-61.2402949999999,"minY":10.411072},"result":"Sangre Grande, Trinidad and Tobago"}