{"bounds":{"maxX":-61.329418,"maxY":10.813194,"minX":-61.5229419999999,"minY":10.547255},"result":"San Juan-Laventille, Trinidad and Tobago"}