{"bounds":{"maxX":-61.439576,"maxY":10.292361,"minX":-61.476527,"minY":10.263672},"result":"San Fernando, Trinidad and Tobago"}