{"bounds":{"maxX":-60.492084,"maxY":11.359585,"minX":-60.845975,"minY":11.13375},"result":"Tobago, Trinidad and Tobago"}