{"bounds":{"maxX":-60.492084,"maxY":11.359585,"minX":-61.9301369999999,"minY":10.042917},"result":"Trinidad and Tobago"}