{"bounds":{"maxX":179.203384,"maxY":-8.42333299999996,"minX":179.035934,"minY":-8.64571699999999},"result":"Funafuti, Tuvalu"}