{"bounds":{"maxX":178.43744,"maxY":-7.92749999999995,"minX":178.305587,"minY":-8.07464799999997},"result":"Nukufetau, Tuvalu"}