{"bounds":{"maxX":177.166671,"maxY":-7.18777699999998,"minX":177.141389,"minY":-7.25360999999998},"result":"Nui, Tuvalu"}