{"bounds":{"maxX":179.871353,"maxY":-9.34680199999997,"minX":179.46791,"minY":-10.79187},"result":"Nukulaelae, Tuvalu"}