{"bounds":{"maxX":177.354629,"maxY":-6.10269,"minX":177.330521,"minY":-6.11525},"result":"Niutao, Tuvalu"}