{"bounds":{"maxX":176.327637,"maxY":-6.27423599999997,"minX":176.312499,"minY":-6.30222099999997},"result":"Nanumanga, Tuvalu"}