{"bounds":{"maxX":176.137222,"maxY":-5.64249999999998,"minX":176.058747,"minY":-5.70138900000001},"result":"Nanumea, Tuvalu"}