{"bounds":{"maxX":178.697738,"maxY":-7.45777699999996,"minX":178.662354,"minY":-7.49972499999996},"result":"Vaitupu, Tuvalu"}