{"bounds":{"maxX":179.871353,"maxY":-5.64249999999998,"minX":176.058747,"minY":-10.79187},"result":"Tuvalu"}