{"bounds":{"maxX":120.509371515,"maxY":23.518429799309,"minX":120.389152214,"minY":23.4395575543108},"result":"Chiayi City, Taiwan"}