{"bounds":{"maxX":120.957514903,"maxY":23.6359129513064,"minX":120.118053191,"minY":23.2147844503159},"result":"Chiayi County, Taiwan"}