{"bounds":{"maxX":120.683947916,"maxY":24.2071862042938,"minX":120.220355219,"minY":23.7856131883031},"result":"Changhua County, Taiwan"}