{"bounds":{"maxX":121.774056693,"maxY":24.3705527372902,"minX":120.986564619,"minY":23.0977806743185},"result":"Hualien County, Taiwan"}