{"bounds":{"maxX":121.412322907,"maxY":24.9463891032778,"minX":120.925221256,"minY":24.427375742289},"result":"Hsinchu County, Taiwan"}