{"bounds":{"maxX":121.033535892,"maxY":24.8548137632798,"minX":120.874529401,"minY":24.7125965852829},"result":"Hsinchu City, Taiwan"}