{"bounds":{"maxX":124.5611495,"maxY":25.9291376682574,"minX":121.317658864,"minY":24.3094262072915},"result":"Yilan County, Taiwan"}