{"bounds":{"maxX":119.479206155,"maxY":24.9996167582767,"minX":118.123059481,"minY":24.1602580642948},"result":"Kinmen County, Taiwan"}