{"bounds":{"maxX":122.109150757,"maxY":25.6333812002635,"minX":121.626786211,"minY":25.0524726962756},"result":"Keelung City, Taiwan"}