{"bounds":{"maxX":121.049030443,"maxY":23.4717135173101,"minX":116.706238409,"minY":20.6973015783756},"result":"Kaohsiung City, Taiwan"}