{"bounds":{"maxX":120.511742671,"maxY":26.3852781282483,"minX":119.908897282,"minY":25.9409980142572},"result":"Lienchiang County, Taiwan"}