{"bounds":{"maxX":121.262632967,"maxY":24.7410910512822,"minX":120.621853854,"minY":24.288516122292},"result":"Miaoli County, Taiwan"}