{"bounds":{"maxX":121.349695561,"maxY":24.2458733112929,"minX":120.615490339,"minY":23.4354103823109},"result":"Nantou County, Taiwan"}