{"bounds":{"maxX":120.904184951,"maxY":22.8851781063234,"minX":120.353144705,"minY":21.8955996743465},"result":"Pingtung County, Taiwan"}