{"bounds":{"maxX":119.72756791,"maxY":23.8106946923025,"minX":119.314294387,"minY":23.1865640273165},"result":"Penghu County, Taiwan"}