{"bounds":{"maxX":121.665934308,"maxY":25.2101752032723,"minX":121.457140939,"minY":24.9605026962775},"result":"Taipei City, Taiwan"}