{"bounds":{"maxX":120.656267578,"maxY":23.4137418673114,"minX":120.026905567,"minY":22.8875060983233},"result":"Tainan City, Taiwan"}