{"bounds":{"maxX":121.479988183,"maxY":25.1236156042741,"minX":120.982025461,"minY":24.5864568252856},"result":"Taoyuan City, Taiwan"}