{"bounds":{"maxX":121.616401367,"maxY":23.4438137523107,"minX":120.739052031,"minY":21.9425104913454},"result":"Taitung County, Taiwan"}