{"bounds":{"maxX":122.007494457,"maxY":25.3003054772704,"minX":121.282680395,"minY":24.6731937572837},"result":"New Taipei City, Taiwan"}