{"bounds":{"maxX":121.452005017,"maxY":24.4414894082886,"minX":120.45655266,"minY":23.9985573802984},"result":"Taichung City, Taiwan"}