{"bounds":{"maxX":120.736157245,"maxY":23.8662223433012,"minX":119.996896959,"minY":23.4357071223109},"result":"Yunlin County, Taiwan"}