{"bounds":{"maxX":124.5611495,"maxY":26.3852781282483,"minX":116.706238409,"minY":20.6973015783756},"result":"Taiwan"}