{"bounds":{"maxX":37.307808,"maxY":-6.886617,"minX":33.789112,"minY":-10.537245},"result":"Iringa, Tanzania"}