{"bounds":{"maxX":39.929028,"maxY":-6.56569399999995,"minX":39.008086,"minY":-7.19125099999997},"result":"Dar es Salaam, Tanzania"}