{"bounds":{"maxX":36.861653,"maxY":-4.18475599999999,"minX":35.05067,"minY":-7.36793399999999},"result":"Dodoma, Tanzania"}