{"bounds":{"maxX":37.471557,"maxY":-1.68829099999999,"minX":34.740539,"minY":-4.185248},"result":"Arusha, Tanzania"}