{"bounds":{"maxX":38.418073,"maxY":-2.84738199999998,"minX":36.884303,"minY":-4.64364399999999},"result":"Kilimanjaro, Tanzania"}