{"bounds":{"maxX":32.722547,"maxY":-0.982121000000006,"minX":30.406184,"minY":-3.42809199999999},"result":"Kagera, Tanzania"}