{"bounds":{"maxX":31.492497,"maxY":-2.82845799999996,"minX":29.327168,"minY":-6.77872499999995},"result":"Kigoma, Tanzania"}