{"bounds":{"maxX":39.3954,"maxY":-5.72180499999996,"minX":39.181526,"minY":-6.03599099999997},"result":"Zanzibar North, Tanzania"}