{"bounds":{"maxX":39.876804,"maxY":-4.85958299999999,"minX":39.603748,"minY":-5.20625799999999},"result":"Pemba North, Tanzania"}