{"bounds":{"maxX":39.856529,"maxY":-5.15534399999996,"minX":39.562363,"minY":-5.486806},"result":"Pemba South, Tanzania"}