{"bounds":{"maxX":39.910136,"maxY":-5.84999499999998,"minX":37.792325,"minY":-8.49649999999997},"result":"Coast, Tanzania"}