{"bounds":{"maxX":39.581806,"maxY":-6.00374999999997,"minX":39.268628,"minY":-6.47874899999999},"result":"Zanzibar South, Tanzania"}