{"bounds":{"maxX":39.98153,"maxY":-7.94468699999999,"minX":36.864507,"minY":-10.816938},"result":"Lindi, Tanzania"}