{"bounds":{"maxX":35.35267,"maxY":-0.993205999999986,"minX":32.703275,"minY":-2.49700099999995},"result":"Mara, Tanzania"}