{"bounds":{"maxX":40.445136,"maxY":-10.120972,"minX":37.992298,"minY":-11.416809},"result":"Mtwara, Tanzania"}