{"bounds":{"maxX":38.517101,"maxY":-5.78689099999997,"minX":35.32439,"minY":-9.96862399999998},"result":"Morogoro, Tanzania"}