{"bounds":{"maxX":39.344307,"maxY":-6.03222999999997,"minX":39.124306,"minY":-6.43847299999999},"result":"Zanzibar West, Tanzania"}