{"bounds":{"maxX":35.078458,"maxY":-6.86122699999999,"minX":31.987074,"minY":-9.713773},"result":"Mbeya, Tanzania"}