{"bounds":{"maxX":34.004303,"maxY":-1.46873999999997,"minX":31.723021,"minY":-3.45986299999998},"result":"Mwanza, Tanzania"}