{"bounds":{"maxX":34.288883,"maxY":-3.87701799999996,"minX":31.038945,"minY":-7.11371399999996},"result":"Tabora, Tanzania"}