{"bounds":{"maxX":35.346534,"maxY":-3.80179999999996,"minX":33.484947,"minY":-7.49906799999997},"result":"Singida, Tanzania"}