{"bounds":{"maxX":38.095509,"maxY":-9.18677299999996,"minX":34.554601,"minY":-11.745695},"result":"Ruvuma, Tanzania"}