{"bounds":{"maxX":39.225694,"maxY":-4.11730499999999,"minX":37.060745,"minY":-6.12052},"result":"Tanga, Tanzania"}