{"bounds":{"maxX":38.060821,"maxY":-3.449546,"minX":34.853195,"minY":-6.00362699999999},"result":"Manyara, Tanzania"}