{"bounds":{"maxX":35.221191,"maxY":-2.13052799999997,"minX":31.186815,"minY":-4.44327899999996},"result":"Shinyanga, Tanzania"}