{"bounds":{"maxX":32.770156,"maxY":-5.18693099999996,"minX":29.968209,"minY":-9.07602499999996},"result":"Rukwa, Tanzania"}