{"bounds":{"maxX":40.445136,"maxY":-0.982121000000006,"minX":29.327168,"minY":-11.745695},"result":"Tanzania"}