{"bounds":{"maxX":26.111916,"maxY":51.984337,"minX":23.621083,"minY":50.291028},"result":"Volyns'ka Oblast', Ukraine"}