{"bounds":{"maxX":30.041431,"maxY":49.897866,"minX":27.374001,"minY":48.064128},"result":"Vinnyts'ka Oblast', Ukraine"}