{"bounds":{"maxX":40.21807,"maxY":50.085899,"minX":37.854251,"minY":47.819679},"result":"Luhans'ka Oblast', Ukraine"}