{"bounds":{"maxX":39.073021,"maxY":49.258637,"minX":36.54507,"minY":46.854748},"result":"Donets'ka Oblast', Ukraine"}