{"bounds":{"maxX":36.923404,"maxY":49.168759,"minX":32.962437,"minY":47.422412},"result":"Dnipropetrovs'ka Oblast', Ukraine"}