{"bounds":{"maxX":29.749793,"maxY":51.697765,"minX":27.197437,"minY":49.583728},"result":"Zhytomyrs'ka Oblast', Ukraine"}