{"bounds":{"maxX":37.250146,"maxY":48.108986,"minX":34.147533,"minY":46.072822},"result":"Zaporiz'ka Oblast', Ukraine"}