{"bounds":{"maxX":24.61962,"maxY":49.095619,"minX":22.140447,"minY":47.904338},"result":"Zakarpats'ka Oblast', Ukraine"}