{"bounds":{"maxX":32.177704,"maxY":51.529057,"minX":29.278194,"minY":49.183329},"result":"Kyïvs'ka Oblast', Ukraine"}