{"bounds":{"maxX":33.935024,"maxY":49.220345,"minX":29.766937,"minY":47.747428},"result":"Kirovohrads'ka Oblast', Ukraine"}