{"bounds":{"maxX":30.817714,"maxY":50.598976,"minX":30.243629,"minY":50.222228},"result":"Kyïv, Ukraine"}