{"bounds":{"maxX":25.408409,"maxY":50.662393,"minX":22.667399,"minY":48.719692},"result":"L'vivs'ka Oblast', Ukraine"}