{"bounds":{"maxX":33.926747,"maxY":44.844249,"minX":33.363682,"minY":44.382107},"result":"Sevastopol', Ukraine"}