{"bounds":{"maxX":36.645728,"maxY":46.190487,"minX":32.462338,"minY":44.382107},"result":"Respublika Krym, Ukraine"}