{"bounds":{"maxX":33.187217,"maxY":48.224274,"minX":30.224797,"minY":46.607052},"result":"Mykolaïvs'ka Oblast', Ukraine"}