{"bounds":{"maxX":35.693603,"maxY":52.360005,"minX":32.989634,"minY":50.099888},"result":"Sums'ka Oblast', Ukraine"}