{"bounds":{"maxX":31.325895,"maxY":48.260758,"minX":28.196614,"minY":45.204629},"result":"Odes'ka Oblast', Ukraine"}