{"bounds":{"maxX":27.723254,"maxY":51.96153,"minX":25.092705,"minY":50.005302},"result":"Rivnens'ka Oblast', Ukraine"}