{"bounds":{"maxX":35.521408,"maxY":50.533024,"minX":32.112972,"minY":48.712948},"result":"Poltavs'ka Oblast', Ukraine"}