{"bounds":{"maxX":35.134479,"maxY":47.577015,"minX":31.502922,"minY":45.901185},"result":"Khersons'ka Oblast', Ukraine"}