{"bounds":{"maxX":27.913808,"maxY":50.593593,"minX":26.123339,"minY":48.451629},"result":"Khmel'nyts'ka Oblast', Ukraine"}