{"bounds":{"maxX":26.438238,"maxY":50.272651,"minX":24.696792,"minY":48.508546},"result":"Ternopil's'ka Oblast', Ukraine"}