{"bounds":{"maxX":38.091559,"maxY":50.464913,"minX":34.892261,"minY":48.514522},"result":"Kharkivs'ka Oblast', Ukraine"}