{"bounds":{"maxX":32.921718,"maxY":50.20951,"minX":29.620135,"minY":48.465835},"result":"Cherkas'ka Oblast', Ukraine"}