{"bounds":{"maxX":27.533691,"maxY":48.67673,"minX":24.898463,"minY":47.729945},"result":"Chernivets'ka Oblast', Ukraine"}