{"bounds":{"maxX":33.50878,"maxY":52.375033,"minX":30.474898,"minY":50.326343},"result":"Chernihivs'ka Oblast', Ukraine"}