{"bounds":{"maxX":40.21807,"maxY":52.375033,"minX":22.140447,"minY":44.382107},"result":"Ukraine"}