{"bounds":{"maxX":33.709298,"maxY":1.67819100000003,"minX":31.012417,"minY":-0.998987},"result":"Central, Uganda"}