{"bounds":{"maxX":34.831444,"maxY":2.41916100000003,"minX":32.819531,"minY":-0.226297999999986},"result":"Eastern, Uganda"}