{"bounds":{"maxX":35.000273,"maxY":4.234466,"minX":30.74011,"minY":1.36644900000005},"result":"Northern, Uganda"}