{"bounds":{"maxX":32.362916,"maxY":2.37212300000004,"minX":29.571499,"minY":-1.47886999999997},"result":"Western, Uganda"}