{"bounds":{"maxX":35.000273,"maxY":4.234466,"minX":29.571499,"minY":-1.47886999999997},"result":"Uganda"}