{"bounds":{"maxX":-75.0009689999999,"maxY":18.414305,"minX":-75.029861,"minY":18.390693},"result":"Navassa Island, United States Minor Outlying Islands"}