{"bounds":{"maxX":-160.004578,"maxY":-0.368994999999984,"minX":-160.033127,"minY":-0.389005999999995},"result":"Jarvis Island, United States Minor Outlying Islands"}