{"bounds":{"maxX":-176.469239,"maxY":0.200905000000034,"minX":-176.486816,"minY":0.189862000000005},"result":"Baker Island, United States Minor Outlying Islands"}