{"bounds":{"maxX":-162.039703,"maxY":5.89333300000004,"minX":-162.108613,"minY":5.87028000000004},"result":"Palmyra Atoll, United States Minor Outlying Islands"}