{"bounds":{"maxX":166.657502,"maxY":28.401671,"minX":-178.303604,"minY":-0.389005999999995},"result":"United States Minor Outlying Islands"}