{"bounds":{"maxX":-92.029702,"maxY":35.015682,"minX":-92.7558069999999,"minY":34.489952},"result":"Pulaski, Arkansas, United States"}