{"bounds":{"maxX":-113.332076,"maxY":34.31926,"minX":-114.728812,"minY":33.02748},"result":"La Paz, Arizona, United States"}