{"bounds":{"maxX":-92.8541269999999,"maxY":36.49733,"minX":-93.300988,"minY":36.11441},"result":"Boone, Arkansas, United States"}