{"bounds":{"maxX":-85.305062,"maxY":33.96436,"minX":-85.887513,"minY":33.469361},"result":"Cleburne, Alabama, United States"}