{"bounds":{"maxX":-92.411605,"maxY":36.11536,"minX":-92.9514159999999,"minY":35.718189},"result":"Searcy, Arkansas, United States"}