{"bounds":{"maxX":-93.278878,"maxY":35.426059,"minX":-94.1435089999999,"minY":35.019871},"result":"Logan, Arkansas, United States"}