{"bounds":{"maxX":-85.852212,"maxY":32.769291,"minX":-86.4127809999999,"minY":32.408169},"result":"Elmore, Alabama, United States"}