{"bounds":{"maxX":-91.6301579999999,"maxY":35.07537,"minX":-92.1213749999999,"minY":34.48181},"result":"Lonoke, Arkansas, United States"}