{"bounds":{"maxX":-87.423188,"maxY":33.91996,"minX":-87.952027,"minY":33.51992},"result":"Fayette, Alabama, United States"}