{"bounds":{"maxX":-146.423829,"maxY":63.477829,"minX":-153.009888,"minY":61.191963},"result":"Matanuska-Susitna, Alaska, United States"}