{"bounds":{"maxX":-109.113129,"maxY":33.652889,"minX":-110.453407,"minY":32.42263},"result":"Graham, Arizona, United States"}