{"bounds":{"maxX":-90.5400999999999,"maxY":34.64421,"minX":-91.12011,"minY":34.11765},"result":"Phillips, Arkansas, United States"}