{"bounds":{"maxX":-87.8362969999999,"maxY":33.534372,"minX":-88.338149,"minY":32.99173},"result":"Pickens, Alabama, United States"}