{"bounds":{"maxX":-91.438758,"maxY":34.492969,"minX":-92.23275,"minY":34.061242},"result":"Jefferson, Arkansas, United States"}