{"bounds":{"maxX":-87.8864589999999,"maxY":31.699351,"minX":-88.462884,"minY":31.114192},"result":"Washington, Alabama, United States"}