{"bounds":{"maxX":-86.809793,"maxY":32.72947,"minX":-87.472816,"minY":32.04696},"result":"Dallas, Alabama, United States"}