{"bounds":{"maxX":-87.633971,"maxY":34.32148,"minX":-88.205032,"minY":33.91473},"result":"Marion, Alabama, United States"}