{"bounds":{"maxX":-85.485175,"maxY":31.198499,"minX":-86.193229,"minY":30.994288},"result":"Geneva, Alabama, United States"}