{"bounds":{"maxX":-153.396851,"maxY":60.906494,"minX":-159.90039,"minY":55.634521},"result":"Lake and Peninsula, Alaska, United States"}