{"bounds":{"maxX":-92.8103169999999,"maxY":35.728671,"minX":-93.2999569999999,"minY":35.117352},"result":"Pope, Arkansas, United States"}