{"bounds":{"maxX":-90.746696,"maxY":36.25927,"minX":-91.360221,"minY":35.881179},"result":"Lawrence, Arkansas, United States"}