{"bounds":{"maxX":-86.1867359999999,"maxY":31.52862,"minX":-86.702491,"minY":30.994311},"result":"Covington, Alabama, United States"}