{"bounds":{"maxX":-130.928941,"maxY":55.972717,"minX":-131.882216,"minY":55.109679},"result":"Ketchikan Gateway, Alaska, United States"}