{"bounds":{"maxX":-89.6444079999999,"maxY":36.499661,"minX":-94.6181569999999,"minY":33.004532},"result":"Arkansas, United States"}