{"bounds":{"maxX":-93.298287,"maxY":36.498169,"minX":-93.869766,"minY":36.121079},"result":"Carroll, Arkansas, United States"}