{"bounds":{"maxX":-91.000266,"maxY":35.003429,"minX":-91.447891,"minY":34.336231},"result":"Monroe, Arkansas, United States"}