{"bounds":{"maxX":-84.8934859999999,"maxY":35.008881,"minX":-88.47203,"minY":30.217247},"result":"Alabama, United States"}