{"bounds":{"maxX":-86.9532159999999,"maxY":34.005749,"minX":-87.636116,"minY":33.51316},"result":"Walker, Alabama, United States"}