{"bounds":{"maxX":-109.044876,"maxY":36.999223,"minX":-110.001106,"minY":33.475681},"result":"Apache, Arizona, United States"}