{"bounds":{"maxX":-91.450432,"maxY":33.790519,"minX":-92.012237,"minY":33.389011},"result":"Drew, Arkansas, United States"}