{"bounds":{"maxX":-85.398536,"maxY":34.526618,"minX":-85.843628,"minY":33.94181},"result":"Cherokee, Alabama, United States"}