{"bounds":{"maxX":-93.3936229999999,"maxY":34.747291,"minX":-93.935852,"minY":34.339711},"result":"Montgomery, Arkansas, United States"}