{"bounds":{"maxX":-91.045197,"maxY":33.56504,"minX":-91.460731,"minY":33.004532},"result":"Chicot, Arkansas, United States"}