{"bounds":{"maxX":-85.414994,"maxY":31.620782,"minX":-85.791329,"minY":31.19532},"result":"Dale, Alabama, United States"}