{"bounds":{"maxX":-109.047798,"maxY":32.427391,"minX":-110.461136,"minY":31.331819},"result":"Cochise, Arizona, United States"}