{"bounds":{"maxX":-85.52932,"maxY":33.968829,"minX":-86.147957,"minY":33.555991},"result":"Calhoun, Alabama, United States"}