{"bounds":{"maxX":-141.001344,"maxY":63.203674,"minX":-148.746902,"minY":59.400704},"result":"Valdez-Cordova, Alaska, United States"}