{"bounds":{"maxX":-86.7833869999999,"maxY":34.999931,"minX":-87.27671,"minY":34.551263},"result":"Limestone, Alabama, United States"}