{"bounds":{"maxX":-87.946038,"maxY":34.058819,"minX":-88.273561,"minY":33.524373},"result":"Lamar, Alabama, United States"}