{"bounds":{"maxX":-85.7887259999999,"maxY":31.619569,"minX":-86.1943899999999,"minY":31.18236},"result":"Coffee, Alabama, United States"}