{"bounds":{"maxX":-133.171952,"maxY":58.987961,"minX":-135.177781,"minY":57.79139},"result":"Juneau, Alaska, United States"}