{"bounds":{"maxX":-85.513176,"maxY":34.862301,"minX":-86.1100319999999,"minY":34.19984},"result":"DeKalb, Alabama, United States"}