{"bounds":{"maxX":-91.9530569999999,"maxY":34.063252,"minX":-92.475311,"minY":33.70231},"result":"Cleveland, Arkansas, United States"}