{"bounds":{"maxX":-92.791457,"maxY":34.773528,"minX":-93.4076919999999,"minY":34.389462},"result":"Garland, Arkansas, United States"}