{"bounds":{"maxX":-90.870102,"maxY":34.11904,"minX":-91.5560379999999,"minY":33.515202},"result":"Desha, Arkansas, United States"}