{"bounds":{"maxX":-93.364434,"maxY":33.48207,"minX":-93.863998,"minY":33.019321},"result":"Lafayette, Arkansas, United States"}