{"bounds":{"maxX":-93.824334,"maxY":33.948201,"minX":-94.486298,"minY":33.533891},"result":"Little River, Arkansas, United States"}