{"bounds":{"maxX":-130.990783,"maxY":57.423889,"minX":-134.617599,"minY":55.645509},"result":"Wrangell-Petersburg, Alaska, United States"}