{"bounds":{"maxX":-91.456467,"maxY":33.395301,"minX":-92.141441,"minY":33.00589},"result":"Ashley, Arkansas, United States"}