{"bounds":{"maxX":-91.34401,"maxY":35.091892,"minX":-91.8033609999999,"minY":34.479741},"result":"Prairie, Arkansas, United States"}