{"bounds":{"maxX":-110.443702,"maxY":32.514679,"minX":-113.333993,"minY":31.42342},"result":"Pima, Arizona, United States"}