{"bounds":{"maxX":-92.154685,"maxY":36.496831,"minX":-92.594886,"minY":35.973548},"result":"Baxter, Arkansas, United States"}