{"bounds":{"maxX":-109.044876,"maxY":37.004588,"minX":-114.815406,"minY":31.329171},"result":"Arizona, United States"}