{"bounds":{"maxX":179.773408,"maxY":71.390685,"minX":-179.150558,"minY":51.20972},"result":"Alaska, United States"}