{"bounds":{"maxX":-151.788361,"maxY":58.975834,"minX":-156.808702,"minY":55.756669},"result":"Kodiak Island, Alaska, United States"}