{"bounds":{"maxX":-85.592721,"maxY":33.107651,"minX":-86.0131529999999,"minY":32.493511},"result":"Tallapoosa, Alabama, United States"}