{"bounds":{"maxX":-111.461188,"maxY":35.53065,"minX":-113.334481,"minY":33.882161},"result":"Yavapai, Arizona, United States"}