{"bounds":{"maxX":-92.5405949999999,"maxY":35.1109,"minX":-93.3065809999999,"minY":34.771653},"result":"Perry, Arkansas, United States"}