{"bounds":{"maxX":-110.448434,"maxY":33.466401,"minX":-112.202919,"minY":32.501891},"result":"Pinal, Arizona, United States"}