{"bounds":{"maxX":-85.0035159999999,"maxY":31.3152,"minX":-85.714287,"minY":30.99678},"result":"Houston, Alabama, United States"}