{"bounds":{"maxX":-85.6409219999999,"maxY":33.499271,"minX":-86.174073,"minY":33.090462},"result":"Clay, Alabama, United States"}