{"bounds":{"maxX":-91.6745759999999,"maxY":36.261879,"minX":-92.21376,"minY":35.867229},"result":"Izard, Arkansas, United States"}