{"bounds":{"maxX":-86.856713,"maxY":32.27248,"minX":-87.667908,"minY":31.82729},"result":"Wilcox, Alabama, United States"}