{"bounds":{"maxX":-86.1438679999999,"maxY":32.052058,"minX":-86.499427,"minY":31.440081},"result":"Crenshaw, Alabama, United States"}