{"bounds":{"maxX":-86.056832,"maxY":34.600102,"minX":-86.5817489999999,"minY":34.099351},"result":"Marshall, Alabama, United States"}