{"bounds":{"maxX":-90.7480389999999,"maxY":36.497601,"minX":-91.4106679999999,"minY":36.126401},"result":"Randolph, Arkansas, United States"}