{"bounds":{"maxX":-93.665626,"maxY":33.613811,"minX":-94.0456149999999,"minY":33.020499},"result":"Miller, Arkansas, United States"}