{"bounds":{"maxX":-92.4794689999999,"maxY":35.463601,"minX":-93.0422599999999,"minY":35.070931},"result":"Conway, Arkansas, United States"}