{"bounds":{"maxX":-87.210358,"maxY":35.008881,"minX":-88.202896,"minY":34.733409},"result":"Lauderdale, Alabama, United States"}