{"bounds":{"maxX":-92.669068,"maxY":34.50547,"minX":-93.4074479999999,"minY":34.149941},"result":"Hot Spring, Arkansas, United States"}