{"bounds":{"maxX":-87.9266509999999,"maxY":31.173522,"minX":-88.430846,"minY":30.217247},"result":"Mobile, Alabama, United States"}