{"bounds":{"maxX":-92.9381329999999,"maxY":36.124901,"minX":-93.5262529999999,"minY":35.724682},"result":"Newton, Arkansas, United States"}