{"bounds":{"maxX":-148.56311,"maxY":61.483952,"minX":-154.749177,"minY":58.65258},"result":"Kenai Peninsula, Alaska, United States"}