{"bounds":{"maxX":-159.376893,"maxY":66.582718,"minX":-171.849807,"minY":62.93702},"result":"Nome, Alaska, United States"}