{"bounds":{"maxX":-90.1926799999999,"maxY":36.265973,"minX":-90.8543309999999,"minY":35.96344},"result":"Greene, Arkansas, United States"}