{"bounds":{"maxX":-110.750481,"maxY":37.004501,"minX":-113.351859,"minY":34.256801},"result":"Coconino, Arizona, United States"}