{"bounds":{"maxX":-86.346123,"maxY":33.546638,"minX":-87.026757,"minY":33.020199},"result":"Shelby, Alabama, United States"}