{"bounds":{"maxX":-92.0646819999999,"maxY":33.387329,"minX":-92.988807,"minY":33.008949},"result":"Union, Arkansas, United States"}