{"bounds":{"maxX":-85.124657,"maxY":33.10947,"minX":-85.593429,"minY":32.728859},"result":"Chambers, Alabama, United States"}