{"bounds":{"maxX":-93.455948,"maxY":34.008949,"minX":-93.969597,"minY":33.475811},"result":"Hempstead, Arkansas, United States"}