{"bounds":{"maxX":-86.373475,"maxY":33.071629,"minX":-87.01912,"minY":32.660498},"result":"Chilton, Alabama, United States"}