{"bounds":{"maxX":-86.394639,"maxY":32.407182,"minX":-86.908418,"minY":31.96211},"result":"Lowndes, Alabama, United States"}