{"bounds":{"maxX":-91.419404,"maxY":34.175682,"minX":-91.9807499999999,"minY":33.78194},"result":"Lincoln, Arkansas, United States"}