{"bounds":{"maxX":-86.4510569999999,"maxY":34.314239,"minX":-87.150909,"minY":33.858581},"result":"Cullman, Alabama, United States"}