{"bounds":{"maxX":-111.034448,"maxY":34.047389,"minX":-113.333763,"minY":32.50454},"result":"Maricopa, Arizona, United States"}