{"bounds":{"maxX":-87.109551,"maxY":34.307208,"minX":-87.6365969999999,"minY":33.985141},"result":"Winston, Alabama, United States"}