{"bounds":{"maxX":-90.066842,"maxY":35.439879,"minX":-90.5054479999999,"minY":34.83004},"result":"Crittenden, Arkansas, United States"}