{"bounds":{"maxX":-92.5673679999999,"maxY":33.822263,"minX":-93.1203389999999,"minY":33.356528},"result":"Ouachita, Arkansas, United States"}