{"bounds":{"maxX":179.773408,"maxY":57.250558,"minX":-179.150558,"minY":51.20972},"result":"Aleutians West, Alaska, United States"}