{"bounds":{"maxX":-134.352355,"maxY":59.73119,"minX":-136.486663,"minY":58.165002},"result":"Haines, Alaska, United States"}