{"bounds":{"maxX":-159.200012,"maxY":56.503116,"minX":-166.201598,"minY":53.953781},"result":"Aleutians East, Alaska, United States"}