{"bounds":{"maxX":-85.583588,"maxY":34.992082,"minX":-86.35923,"minY":34.46592},"result":"Jackson, Alabama, United States"}