{"bounds":{"maxX":-86.410926,"maxY":32.707882,"minX":-86.920989,"minY":32.30976},"result":"Autauga, Alabama, United States"}