{"bounds":{"maxX":-156.320189,"maxY":58.883912,"minX":-157.260499,"minY":58.616143},"result":"Bristol Bay, Alaska, United States"}