{"bounds":{"maxX":-148.462067,"maxY":61.497638,"minX":-150.288117,"minY":60.732872},"result":"Anchorage, Alaska, United States"}