{"bounds":{"maxX":-90.406937,"maxY":34.91076,"minX":-91.1030279999999,"minY":34.629772},"result":"Lee, Arkansas, United States"}