{"bounds":{"maxX":-112.530616,"maxY":37.00333,"minX":-114.755212,"minY":34.209771},"result":"Mohave, Arizona, United States"}