{"bounds":{"maxX":-92.922042,"maxY":35.317661,"minX":-93.710838,"minY":34.743309},"result":"Yell, Arkansas, United States"}