{"bounds":{"maxX":-110.000313,"maxY":34.499111,"minX":-111.7209,"minY":32.986203},"result":"Gila, Arizona, United States"}