{"bounds":{"maxX":-114.129486,"maxY":42.00983,"minX":-124.415558,"minY":32.530884},"result":"California, United States"}