{"bounds":{"maxX":-121.593353,"maxY":38.539032,"minX":-122.406808,"minY":38.041909},"result":"Solano, California, United States"}