{"bounds":{"maxX":-106.624206,"maxY":41.004421,"minX":-107.440246,"minY":39.919021},"result":"Routt, Colorado, United States"}