{"bounds":{"maxX":-103.712617,"maxY":39.56646,"minX":-104.6642,"minY":38.865452},"result":"Elbert, Colorado, United States"}