{"bounds":{"maxX":-102.045379,"maxY":39.045631,"minX":-103.173057,"minY":38.61113},"result":"Cheyenne, Colorado, United States"}