{"bounds":{"maxX":-105.774886,"maxY":39.924888,"minX":-106.43592,"minY":39.35783},"result":"Summit, Colorado, United States"}