{"bounds":{"maxX":-107.477966,"maxY":37.637748,"minX":-108.379991,"minY":36.997119},"result":"La Plata, Colorado, United States"}