{"bounds":{"maxX":-120.596917,"maxY":36.985999,"minX":-121.643409,"minY":36.19712},"result":"San Benito, California, United States"}