{"bounds":{"maxX":-103.705903,"maxY":39.739749,"minX":-105.051796,"minY":39.56271},"result":"Arapahoe, Colorado, United States"}