{"bounds":{"maxX":-120.003188,"maxY":39.52322,"minX":-121.279358,"minY":39.00533},"result":"Nevada, California, United States"}