{"bounds":{"maxX":-106.492629,"maxY":37.42355,"minX":-107.479529,"minY":36.992278},"result":"Archuleta, Colorado, United States"}