{"bounds":{"maxX":-103.705536,"maxY":40.00241,"minX":-105.054442,"minY":39.73613},"result":"Adams, Colorado, United States"}