{"bounds":{"maxX":-122.35099,"maxY":38.852532,"minX":-123.533104,"minY":38.110691},"result":"Sonoma, California, United States"}