{"bounds":{"maxX":-104.961059,"maxY":40.04415,"minX":-105.166047,"minY":39.88921},"result":"Broomfield, Colorado, United States"}