{"bounds":{"maxX":-122.33863,"maxY":39.582671,"minX":-123.093872,"minY":38.66755},"result":"Lake, California, United States"}