{"bounds":{"maxX":-121.341216,"maxY":40.44601,"minX":-123.062736,"minY":39.798938},"result":"Tehama, California, United States"}