{"bounds":{"maxX":-119.475798,"maxY":36.488571,"minX":-120.318199,"minY":35.788001},"result":"Kings, California, United States"}