{"bounds":{"maxX":-107.457046,"maxY":37.97018,"minX":-107.969888,"minY":37.637231},"result":"San Juan, Colorado, United States"}