{"bounds":{"maxX":-120.071929,"maxY":38.706931,"minX":-121.0242,"minY":38.218292},"result":"Amador, California, United States"}