{"bounds":{"maxX":-102.046097,"maxY":39.573741,"minX":-103.161506,"minY":39.037579},"result":"Kit Carson, Colorado, United States"}