{"bounds":{"maxX":-104.662568,"maxY":39.56646,"minX":-105.323212,"minY":39.13065},"result":"Douglas, Colorado, United States"}