{"bounds":{"maxX":-102.050202,"maxY":41.003202,"minX":-102.653792,"minY":40.747861},"result":"Sedgwick, Colorado, United States"}