{"bounds":{"maxX":-104.941887,"maxY":41.000031,"minX":-106.195977,"minY":40.25817},"result":"Larimer, Colorado, United States"}