{"bounds":{"maxX":-107.377182,"maxY":39.366668,"minX":-109.060386,"minY":38.499049},"result":"Mesa, Colorado, United States"}