{"bounds":{"maxX":-119.542739,"maxY":38.933231,"minX":-120.074142,"minY":38.328552},"result":"Alpine, California, United States"}