{"bounds":{"maxX":-104.598633,"maxY":39.906712,"minX":-105.106147,"minY":39.609859},"result":"Denver, Colorado, United States"}