{"bounds":{"maxX":-104.939004,"maxY":38.697152,"minX":-106.012322,"minY":38.258231},"result":"Fremont, Colorado, United States"}