{"bounds":{"maxX":-72.305351,"maxY":41.647098,"minX":-72.752471,"minY":41.255279},"result":"Middlesex, Connecticut, United States"}