{"bounds":{"maxX":-72.535835,"maxY":41.644532,"minX":-73.3271779999999,"minY":41.171163},"result":"New Haven, Connecticut, United States"}