{"bounds":{"maxX":-72.099618,"maxY":42.034889,"minX":-72.518639,"minY":41.588939},"result":"Tolland, Connecticut, United States"}