{"bounds":{"maxX":-120.387284,"maxY":38.077863,"minX":-121.484389,"minY":37.13691},"result":"Stanislaus, California, United States"}