{"bounds":{"maxX":-121.796966,"maxY":39.414799,"minX":-122.78485,"minY":38.924012},"result":"Colusa, California, United States"}