{"bounds":{"maxX":-121.851952,"maxY":39.80083,"minX":-122.937347,"minY":39.383431},"result":"Glenn, California, United States"}