{"bounds":{"maxX":-120.002251,"maxY":39.316621,"minX":-121.485032,"minY":38.71198},"result":"Placer, California, United States"}