{"bounds":{"maxX":-121.469176,"maxY":37.90659,"minX":-122.34278,"minY":37.454109},"result":"Alameda, California, United States"}