{"bounds":{"maxX":-121.208778,"maxY":37.484802,"minX":-122.202087,"minY":36.89291},"result":"Santa Clara, California, United States"}