{"bounds":{"maxX":-107.506897,"maxY":38.331241,"minX":-108.12764,"minY":37.891158},"result":"Ouray, Colorado, United States"}