{"bounds":{"maxX":-107.499282,"maxY":39.220081,"minX":-108.377602,"minY":38.665679},"result":"Delta, Colorado, United States"}