{"bounds":{"maxX":-105.329208,"maxY":39.565609,"minX":-106.210456,"minY":38.690658},"result":"Park, Colorado, United States"}