{"bounds":{"maxX":-117.647401,"maxY":34.822876,"minX":-118.945915,"minY":32.799168},"result":"Los Angeles, California, United States"}