{"bounds":{"maxX":-119.023568,"maxY":37.779141,"minX":-120.543824,"minY":36.764431},"result":"Madera, California, United States"}