{"bounds":{"maxX":-105.131461,"maxY":37.656152,"minX":-105.770524,"minY":36.995832},"result":"Costilla, Colorado, United States"}