{"bounds":{"maxX":-123.519753,"maxY":41.999808,"minX":-124.257225,"minY":41.381119},"result":"Del Norte, California, United States"}