{"bounds":{"maxX":-105.450622,"maxY":37.751709,"minX":-106.038949,"minY":37.354912},"result":"Alamosa, Colorado, United States"}