{"bounds":{"maxX":-105.42768,"maxY":38.455429,"minX":-106.999846,"minY":37.746529},"result":"Saguache, Colorado, United States"}