{"bounds":{"maxX":-71.788237,"maxY":42.049733,"minX":-73.729721,"minY":40.980011},"result":"Connecticut, United States"}