{"bounds":{"maxX":-122.418336,"maxY":38.319271,"minX":-123.024146,"minY":37.814597},"result":"Marin, California, United States"}