{"bounds":{"maxX":-105.718819,"maxY":37.399799,"minX":-106.675972,"minY":36.993518},"result":"Conejos, Colorado, United States"}