{"bounds":{"maxX":-104.054048,"maxY":38.523021,"minX":-105.048738,"minY":37.731591},"result":"Pueblo, Colorado, United States"}