{"bounds":{"maxX":-107.968591,"maxY":37.637748,"minX":-109.044876,"minY":36.998309},"result":"Montezuma, Colorado, United States"}