{"bounds":{"maxX":-105.046807,"maxY":38.266021,"minX":-105.79425,"minY":37.889321},"result":"Custer, Colorado, United States"}