{"bounds":{"maxX":-119.998413,"maxY":41.998149,"minX":-121.45797,"minY":41.184101},"result":"Modoc, California, United States"}