{"bounds":{"maxX":-114.433083,"maxY":34.08561,"minX":-117.675712,"minY":33.426632},"result":"Riverside, California, United States"}