{"bounds":{"maxX":-102.041976,"maxY":41.005611,"minX":-109.060807,"minY":36.992231},"result":"Colorado, United States"}