{"bounds":{"maxX":-123.405951,"maxY":41.465782,"minX":-124.415558,"minY":40.001888},"result":"Humboldt, California, United States"}