{"bounds":{"maxX":-103.500398,"maxY":38.523021,"minX":-104.058702,"minY":38.112191},"result":"Crowley, Colorado, United States"}