{"bounds":{"maxX":-105.851258,"maxY":41.004102,"minX":-106.869049,"minY":40.323762},"result":"Jackson, Colorado, United States"}