{"bounds":{"maxX":-117.414017,"maxY":33.945922,"minX":-118.114295,"minY":33.387221},"result":"Orange, California, United States"}