{"bounds":{"maxX":-121.410286,"maxY":38.178521,"minX":-122.429725,"minY":37.71822},"result":"Contra Costa, California, United States"}