{"bounds":{"maxX":-103.152734,"maxY":39.565872,"minX":-104.054916,"minY":38.515931},"result":"Lincoln, Colorado, United States"}