{"bounds":{"maxX":-120.05378,"maxY":37.634651,"minX":-121.247781,"minY":36.741432},"result":"Merced, California, United States"}