{"bounds":{"maxX":-115.651261,"maxY":37.465518,"minX":-118.788491,"minY":35.786091},"result":"Inyo, California, United States"}