{"bounds":{"maxX":-72.408012,"maxY":42.03952,"minX":-73.0297169999999,"minY":41.544948},"result":"Hartford, Connecticut, United States"}