{"bounds":{"maxX":-106.136856,"maxY":39.379878,"minX":-106.585326,"minY":39.057189},"result":"Lake, Colorado, United States"}