{"bounds":{"maxX":-117.616591,"maxY":35.798832,"minX":-120.195137,"minY":34.7902},"result":"Kern, California, United States"}