{"bounds":{"maxX":-76.909699,"maxY":38.99506,"minX":-77.120506,"minY":38.809173},"result":"District of Columbia, United States"}