{"bounds":{"maxX":-75.049722,"maxY":39.84058,"minX":-75.788064,"minY":38.427238},"result":"Delaware, United States"}