{"bounds":{"maxX":-80.868865,"maxY":27.21114,"minX":-81.566108,"minY":26.76826},"result":"Glades, Florida, United States"}