{"bounds":{"maxX":-84.07589,"maxY":30.30366,"minX":-84.7380669999999,"minY":29.969202},"result":"Wakulla, Florida, United States"}