{"bounds":{"maxX":-80.117927,"maxY":25.979493,"minX":-80.8787839999999,"minY":25.132639},"result":"Miami-Dade, Florida, United States"}