{"bounds":{"maxX":-81.352767,"maxY":29.328133,"minX":-81.958108,"minY":28.344989},"result":"Lake, Florida, United States"}