{"bounds":{"maxX":-80.861618,"maxY":28.34792,"minX":-81.657754,"minY":27.642081},"result":"Osceola, Florida, United States"}