{"bounds":{"maxX":-86.8506389999999,"maxY":31.000779,"minX":-87.637231,"minY":30.271734},"result":"Escambia, Florida, United States"}