{"bounds":{"maxX":-82.0565799999999,"maxY":27.389537,"minX":-82.6429899999999,"minY":26.94508},"result":"Sarasota, Florida, United States"}