{"bounds":{"maxX":-80.030975,"maxY":26.97135,"minX":-80.8855369999999,"minY":26.320682},"result":"Palm Beach, Florida, United States"}