{"bounds":{"maxX":-79.9998629999999,"maxY":25.805909,"minX":-82.9262459999999,"minY":24.520417},"result":"Monroe, Florida, United States"}