{"bounds":{"maxX":-84.33361,"maxY":30.013741,"minX":-85.222183,"minY":29.587399},"result":"Franklin, Florida, United States"}