{"bounds":{"maxX":-81.575227,"maxY":30.190759,"minX":-82.049392,"minY":29.718531},"result":"Clay, Florida, United States"}