{"bounds":{"maxX":-81.4340139999999,"maxY":29.840196,"minX":-82.056213,"minY":29.329979},"result":"Putnam, Florida, United States"}