{"bounds":{"maxX":-80.446763,"maxY":28.80408,"minX":-80.967743,"minY":27.82234},"result":"Brevard, Florida, United States"}