{"bounds":{"maxX":-81.2130579999999,"maxY":30.25307,"minX":-81.673492,"minY":29.622511},"result":"St. Johns, Florida, United States"}