{"bounds":{"maxX":-81.953766,"maxY":28.960269,"minX":-82.311729,"minY":28.305531},"result":"Sumter, Florida, United States"}