{"bounds":{"maxX":-81.563712,"maxY":27.646642,"minX":-82.056183,"minY":27.336581},"result":"Hardee, Florida, United States"}