{"bounds":{"maxX":-82.403182,"maxY":29.591421,"minX":-83.189338,"minY":28.993055},"result":"Levy, Florida, United States"}