{"bounds":{"maxX":-86.7858889999999,"maxY":31.000779,"minX":-87.3135839999999,"minY":30.344165},"result":"Santa Rosa, Florida, United States"}