{"bounds":{"maxX":-82.758973,"maxY":30.441459,"minX":-83.253509,"minY":29.88677},"result":"Suwannee, Florida, United States"}