{"bounds":{"maxX":-80.7330699999999,"maxY":29.427112,"minX":-81.641335,"minY":28.605472},"result":"Volusia, Florida, United States"}