{"bounds":{"maxX":-82.919907,"maxY":29.825229,"minX":-83.4144429999999,"minY":29.298179},"result":"Dixie, Florida, United States"}