{"bounds":{"maxX":-83.977609,"maxY":30.686341,"minX":-84.713783,"minY":30.273719},"result":"Leon, Florida, United States"}