{"bounds":{"maxX":-82.6561129999999,"maxY":29.93437,"minX":-82.9727169999999,"minY":29.56246},"result":"Gilchrist, Florida, United States"}