{"bounds":{"maxX":-85.4329989999999,"maxY":30.830521,"minX":-85.992791,"minY":30.389271},"result":"Washington, Florida, United States"}