{"bounds":{"maxX":-80.872986,"maxY":26.517273,"minX":-81.8462519999999,"minY":25.792907},"result":"Collier, Florida, United States"}