{"bounds":{"maxX":-82.054818,"maxY":28.695128,"minX":-82.688887,"minY":28.433281},"result":"Hernando, Florida, United States"}