{"bounds":{"maxX":-82.046082,"maxY":30.14341,"minX":-82.413224,"minY":29.718891},"result":"Bradford, Florida, United States"}