{"bounds":{"maxX":-82.5821759999999,"maxY":28.173726,"minX":-82.8522189999999,"minY":27.611388},"result":"Pinellas, Florida, United States"}