{"bounds":{"maxX":-79.72264,"maxY":31.00211,"minX":-87.637231,"minY":24.520417},"result":"Florida, United States"}