{"bounds":{"maxX":-86.388337,"maxY":31.000009,"minX":-86.8508439999999,"minY":30.37889},"result":"Okaloosa, Florida, United States"}