{"bounds":{"maxX":-81.4013899999999,"maxY":30.82978,"minX":-82.0531769999999,"minY":30.2734},"result":"Nassau, Florida, United States"}