{"bounds":{"maxX":-82.054292,"maxY":27.64645,"minX":-82.744719,"minY":27.207751},"result":"Manatee, Florida, United States"}