{"bounds":{"maxX":-82.0493779999999,"maxY":29.943839,"minX":-82.658561,"minY":29.419511},"result":"Alachua, Florida, United States"}