{"bounds":{"maxX":-80.9876179999999,"maxY":28.879321,"minX":-81.459998,"minY":28.610101},"result":"Seminole, Florida, United States"}