{"bounds":{"maxX":-80.840928,"maxY":35.002041,"minX":-85.6055059999999,"minY":30.357131},"result":"Georgia, United States"}