{"bounds":{"maxX":-84.722932,"maxY":34.082561,"minX":-85.050537,"minY":33.77423},"result":"Paulding, Georgia, United States"}