{"bounds":{"maxX":-83.33928,"maxY":34.827781,"minX":-83.681679,"minY":34.430728},"result":"Habersham, Georgia, United States"}