{"bounds":{"maxX":-83.034669,"maxY":31.47628,"minX":-83.439628,"minY":31.025501},"result":"Berrien, Georgia, United States"}