{"bounds":{"maxX":-81.9192889999999,"maxY":32.560009,"minX":-82.254379,"minY":32.26756},"result":"Candler, Georgia, United States"}