{"bounds":{"maxX":-84.243844,"maxY":33.6488,"minX":-84.4591379999999,"minY":33.352353},"result":"Clayton, Georgia, United States"}