{"bounds":{"maxX":-83.546677,"maxY":34.992888,"minX":-83.9463279999999,"minY":34.790852},"result":"Towns, Georgia, United States"}