{"bounds":{"maxX":-83.836647,"maxY":32.521932,"minX":-84.255691,"minY":32.171268},"result":"Macon, Georgia, United States"}