{"bounds":{"maxX":-83.8315279999999,"maxY":34.741101,"minX":-84.190956,"minY":34.418708},"result":"Lumpkin, Georgia, United States"}