{"bounds":{"maxX":-82.780007,"maxY":34.047852,"minX":-83.306611,"minY":33.690121},"result":"Oglethorpe, Georgia, United States"}