{"bounds":{"maxX":-84.6440279999999,"maxY":34.412732,"minX":-85.0476219999999,"minY":34.075279},"result":"Bartow, Georgia, United States"}