{"bounds":{"maxX":-83.3571939999999,"maxY":34.2953,"minX":-83.817848,"minY":33.96622},"result":"Jackson, Georgia, United States"}