{"bounds":{"maxX":-84.627144,"maxY":31.51918,"minX":-85.117332,"minY":31.072531},"result":"Early, Georgia, United States"}