{"bounds":{"maxX":-84.100876,"maxY":34.186211,"minX":-84.8510209999999,"minY":33.502231},"result":"Fulton, Georgia, United States"}