{"bounds":{"maxX":-82.969939,"maxY":31.18417,"minX":-83.197937,"minY":30.851619},"result":"Lanier, Georgia, United States"}