{"bounds":{"maxX":-84.7306369999999,"maxY":31.076121,"minX":-85.029266,"minY":30.711441},"result":"Seminole, Georgia, United States"}