{"bounds":{"maxX":-83.6153399999999,"maxY":34.801459,"minX":-83.87735,"minY":34.50359},"result":"White, Georgia, United States"}