{"bounds":{"maxX":-84.382103,"maxY":33.550788,"minX":-84.6276159999999,"minY":33.256752},"result":"Fayette, Georgia, United States"}