{"bounds":{"maxX":-83.043662,"maxY":33.190281,"minX":-83.432471,"minY":32.926091},"result":"Baldwin, Georgia, United States"}