{"bounds":{"maxX":-82.6290119999999,"maxY":31.42058,"minX":-83.140892,"minY":31.183341},"result":"Atkinson, Georgia, United States"}