{"bounds":{"maxX":-84.5857389999999,"maxY":34.99055,"minX":-84.945526,"minY":34.58369},"result":"Murray, Georgia, United States"}