{"bounds":{"maxX":-81.1297759999999,"maxY":32.09254,"minX":-81.824379,"minY":31.557221},"result":"Liberty, Georgia, United States"}