{"bounds":{"maxX":-83.050607,"maxY":34.536801,"minX":-83.3983459999999,"minY":34.22371},"result":"Franklin, Georgia, United States"}