{"bounds":{"maxX":-85.0050659999999,"maxY":34.586831,"minX":-85.4630129999999,"minY":34.07772},"result":"Floyd, Georgia, United States"}