{"bounds":{"maxX":-82.7463539999999,"maxY":33.46909,"minX":-83.2745889999999,"minY":33.04998},"result":"Hancock, Georgia, United States"}