{"bounds":{"maxX":-81.891694,"maxY":31.075651,"minX":-82.4213559999999,"minY":30.357131},"result":"Charlton, Georgia, United States"}