{"bounds":{"maxX":-84.9066779999999,"maxY":31.99229,"minX":-85.1445009999999,"minY":31.77089},"result":"Quitman, Georgia, United States"}