{"bounds":{"maxX":-84.088562,"maxY":33.352661,"minX":-84.508392,"minY":33.17871},"result":"Spalding, Georgia, United States"}