{"bounds":{"maxX":-84.041076,"maxY":33.202862,"minX":-84.270478,"minY":32.93134},"result":"Lamar, Georgia, United States"}