{"bounds":{"maxX":-83.337837,"maxY":34.49154,"minX":-83.669517,"minY":34.197461},"result":"Banks, Georgia, United States"}