{"bounds":{"maxX":-83.482567,"maxY":32.692279,"minX":-83.85666,"minY":32.283062},"result":"Houston, Georgia, United States"}