{"bounds":{"maxX":-84.939208,"maxY":33.427959,"minX":-85.294632,"minY":33.129602},"result":"Heard, Georgia, United States"}