{"bounds":{"maxX":-82.382278,"maxY":32.51263,"minX":-82.7460189999999,"minY":32.293549},"result":"Treutlen, Georgia, United States"}