{"bounds":{"maxX":-83.79918,"maxY":34.168021,"minX":-84.2727199999999,"minY":33.74707},"result":"Gwinnett, Georgia, United States"}