{"bounds":{"maxX":-84.375778,"maxY":31.079259,"minX":-84.871392,"minY":30.690621},"result":"Decatur, Georgia, United States"}