{"bounds":{"maxX":-84.534951,"maxY":31.93162,"minX":-84.959283,"minY":31.618512},"result":"Randolph, Georgia, United States"}