{"bounds":{"maxX":-83.099747,"maxY":35.002041,"minX":-83.661392,"minY":34.71573},"result":"Rabun, Georgia, United States"}