{"bounds":{"maxX":-84.258499,"maxY":31.96747,"minX":-84.6029809999999,"minY":31.62096},"result":"Terrell, Georgia, United States"}