{"bounds":{"maxX":-84.9798969999999,"maxY":34.988369,"minX":-85.2658769999999,"minY":34.767639},"result":"Catoosa, Georgia, United States"}