{"bounds":{"maxX":-84.6679,"maxY":32.60791,"minX":-85.0809629999999,"minY":32.37413},"result":"Muscogee, Georgia, United States"}