{"bounds":{"maxX":-82.2265169999999,"maxY":31.71112,"minX":-82.628112,"minY":31.41689},"result":"Bacon, Georgia, United States"}