{"bounds":{"maxX":-83.226777,"maxY":32.89816,"minX":-83.610741,"minY":32.452381},"result":"Twiggs, Georgia, United States"}