{"bounds":{"maxX":-84.8611069999999,"maxY":33.224719,"minX":-85.237267,"minY":32.868629},"result":"Troup, Georgia, United States"}