{"bounds":{"maxX":-84.8102269999999,"maxY":34.989281,"minX":-85.169731,"minY":34.615559},"result":"Whitfield, Georgia, United States"}