{"bounds":{"maxX":-84.631272,"maxY":32.23304,"minX":-85.073609,"minY":31.920331},"result":"Stewart, Georgia, United States"}