{"bounds":{"maxX":-83.9257289999999,"maxY":34.335221,"minX":-84.2593239999999,"minY":34.049041},"result":"Forsyth, Georgia, United States"}