{"bounds":{"maxX":-82.645317,"maxY":32.153621,"minX":-83.206497,"minY":31.774731},"result":"Telfair, Georgia, United States"}