{"bounds":{"maxX":-83.9818569999999,"maxY":31.650101,"minX":-84.457367,"minY":31.43567},"result":"Dougherty, Georgia, United States"}