{"bounds":{"maxX":-83.020652,"maxY":31.031972,"minX":-83.484452,"minY":30.62294},"result":"Lowndes, Georgia, United States"}