{"bounds":{"maxX":-82.995559,"maxY":31.85211,"minX":-83.484497,"minY":31.65142},"result":"Ben Hill, Georgia, United States"}