{"bounds":{"maxX":-81.432801,"maxY":32.653413,"minX":-82.030716,"minY":32.152999},"result":"Bulloch, Georgia, United States"}