{"bounds":{"maxX":-84.1947719999999,"maxY":34.854862,"minX":-84.657593,"minY":34.548302},"result":"Gilmer, Georgia, United States"}