{"bounds":{"maxX":-82.002136,"maxY":32.841362,"minX":-82.648116,"minY":32.29214},"result":"Emanuel, Georgia, United States"}