{"bounds":{"maxX":-83.5057679999999,"maxY":33.930148,"minX":-83.982247,"minY":33.597148},"result":"Walton, Georgia, United States"}