{"bounds":{"maxX":-82.1819369999999,"maxY":32.354,"minX":-82.482537,"minY":31.9135},"result":"Toombs, Georgia, United States"}