{"bounds":{"maxX":-81.120179,"maxY":32.59694,"minX":-81.5497139999999,"minY":32.10067},"result":"Effingham, Georgia, United States"}