{"bounds":{"maxX":-84.0931629999999,"maxY":34.990231,"minX":-84.623947,"minY":34.602981},"result":"Fannin, Georgia, United States"}