{"bounds":{"maxX":-83.6494059999999,"maxY":31.84965,"minX":-84.03286,"minY":31.318391},"result":"Worth, Georgia, United States"}