{"bounds":{"maxX":-82.057038,"maxY":31.96575,"minX":-82.550827,"minY":31.468971},"result":"Appling, Georgia, United States"}