{"bounds":{"maxX":-83.8119819999999,"maxY":33.448058,"minX":-84.1236259999999,"minY":33.180401},"result":"Butts, Georgia, United States"}