{"bounds":{"maxX":-83.347642,"maxY":31.07809,"minX":-83.7437219999999,"minY":30.635641},"result":"Brooks, Georgia, United States"}