{"bounds":{"maxX":-83.1388939999999,"maxY":32.584451,"minX":-83.498047,"minY":32.272061},"result":"Bleckley, Georgia, United States"}