{"bounds":{"maxX":-81.3872069999999,"maxY":33.045732,"minX":-81.868911,"minY":32.49207},"result":"Screven, Georgia, United States"}