{"bounds":{"maxX":-82.430673,"maxY":31.971901,"minX":-82.836708,"minY":31.671422},"result":"Jeff Davis, Georgia, United States"}