{"bounds":{"maxX":-83.919473,"maxY":32.229042,"minX":-84.443801,"minY":31.87344},"result":"Sumter, Georgia, United States"}