{"bounds":{"maxX":-84.579246,"maxY":33.805931,"minX":-84.910851,"minY":33.573108},"result":"Douglas, Georgia, United States"}