{"bounds":{"maxX":-82.9507829999999,"maxY":33.762089,"minX":-83.4060679999999,"minY":33.354789},"result":"Greene, Georgia, United States"}