{"bounds":{"maxX":-81.491279,"maxY":32.013951,"minX":-81.981437,"minY":31.538669},"result":"Long, Georgia, United States"}