{"bounds":{"maxX":-84.247903,"maxY":33.208729,"minX":-84.538376,"minY":32.96838},"result":"Pike, Georgia, United States"}