{"bounds":{"maxX":-84.492623,"maxY":33.231812,"minX":-84.864389,"minY":32.844299},"result":"Meriwether, Georgia, United States"}