{"bounds":{"maxX":-84.257598,"maxY":34.412429,"minX":-84.659255,"minY":34.073312},"result":"Cherokee, Georgia, United States"}