{"bounds":{"maxX":-83.923042,"maxY":33.64751,"minX":-84.354348,"minY":33.297619},"result":"Henry, Georgia, United States"}