{"bounds":{"maxX":-84.374131,"maxY":34.088799,"minX":-84.739547,"minY":33.742511},"result":"Cobb, Georgia, United States"}