{"bounds":{"maxX":-82.6346349999999,"maxY":32.71577,"minX":-83.226777,"minY":32.147709},"result":"Laurens, Georgia, United States"}