{"bounds":{"maxX":-82.945343,"maxY":33.008971,"minX":-83.407417,"minY":32.584451},"result":"Wilkinson, Georgia, United States"}