{"bounds":{"maxX":-82.998253,"maxY":31.769621,"minX":-83.501199,"minY":31.472141},"result":"Irwin, Georgia, United States"}