{"bounds":{"maxX":-83.2911379999999,"maxY":32.402149,"minX":-83.6159969999999,"minY":32.103852},"result":"Pulaski, Georgia, United States"}