{"bounds":{"maxX":-82.5635369999999,"maxY":34.290431,"minX":-83.1031409999999,"minY":33.956201},"result":"Elbert, Georgia, United States"}