{"bounds":{"maxX":-84.922837,"maxY":34.099091,"minX":-85.4215159999999,"minY":33.897381},"result":"Polk, Georgia, United States"}