{"bounds":{"maxX":-82.8720939999999,"maxY":32.451992,"minX":-83.374312,"minY":31.90042},"result":"Dodge, Georgia, United States"}