{"bounds":{"maxX":-82.4775999999999,"maxY":33.991051,"minX":-82.9871669999999,"minY":33.600102},"result":"Wilkes, Georgia, United States"}