{"bounds":{"maxX":-157.648666,"maxY":21.8633330000002,"minX":-158.283325,"minY":21.254778},"result":"Honolulu, Hawaii, United States"}