{"bounds":{"maxX":-154.805831909,"maxY":28.4016700000001,"minX":-178.303604,"minY":18.909858705},"result":"Hawaii, United States"}