{"bounds":{"maxX":-156.895004,"maxY":21.2158360000001,"minX":-157.014862,"minY":21.1213420000001},"result":"Kalawao, Hawaii, United States"}