{"bounds":{"maxX":-159.292023,"maxY":22.2358280000001,"minX":-160.545837001,"minY":21.6486110000001},"result":"Kauai, Hawaii, United States"}