{"bounds":{"maxX":-88.938508,"maxY":42.503003,"minX":-89.4030749999999,"minY":42.15252},"result":"Winnebago, Illinois, United States"}