{"bounds":{"maxX":-84.7876659999999,"maxY":38.929601,"minX":-85.203408,"minY":38.687789},"result":"Switzerland, Indiana, United States"}