{"bounds":{"maxX":-93.6997679999999,"maxY":42.20935,"minX":-94.167266,"minY":41.862092},"result":"Boone, Iowa, United States"}