{"bounds":{"maxX":-87.688796,"maxY":38.232399,"minX":-88.089737,"minY":37.773053},"result":"Posey, Indiana, United States"}