{"bounds":{"maxX":-87.007797,"maxY":39.95422,"minX":-87.4344399999999,"minY":39.604129},"result":"Parke, Indiana, United States"}