{"bounds":{"maxX":-115.973847,"maxY":43.808651,"minX":-116.51413,"minY":43.113289},"result":"Ada, Idaho, United States"}