{"bounds":{"maxX":-84.80494,"maxY":41.530288,"minX":-85.194733,"minY":41.26429},"result":"DeKalb, Indiana, United States"}