{"bounds":{"maxX":-89.629601,"maxY":41.932239,"minX":-90.248466,"minY":41.585769},"result":"Whiteside, Illinois, United States"}