{"bounds":{"maxX":-91.601937,"maxY":43.502579,"minX":-92.0818409999999,"minY":43.0816},"result":"Winneshiek, Iowa, United States"}