{"bounds":{"maxX":-85.638497,"maxY":41.046471,"minX":-85.946632,"minY":40.652543},"result":"Wabash, Indiana, United States"}