{"bounds":{"maxX":-111.044906,"maxY":43.98554,"minX":-111.39972,"minY":43.500492},"result":"Teton, Idaho, United States"}