{"bounds":{"maxX":-90.139314,"maxY":43.504651,"minX":-96.635666,"minY":40.374543},"result":"Iowa, United States"}