{"bounds":{"maxX":-88.1965709999999,"maxY":42.498481,"minX":-88.706063,"minY":42.154683},"result":"McHenry, Illinois, United States"}