{"bounds":{"maxX":-91.4839009999999,"maxY":41.511602,"minX":-91.947151,"minY":41.161709},"result":"Washington, Iowa, United States"}