{"bounds":{"maxX":-92.756386,"maxY":41.862431,"minX":-93.350404,"minY":41.507358},"result":"Jasper, Iowa, United States"}