{"bounds":{"maxX":-88.2414479999999,"maxY":41.463551,"minX":-88.597519,"minY":41.110581},"result":"Grundy, Illinois, United States"}