{"bounds":{"maxX":-86.76535,"maxY":38.207142,"minX":-87.268448,"minY":37.783291},"result":"Spencer, Indiana, United States"}