{"bounds":{"maxX":-89.44593,"maxY":40.975442,"minX":-89.989433,"minY":40.51316},"result":"Peoria, Illinois, United States"}