{"bounds":{"maxX":-90.895973,"maxY":43.081712,"minX":-91.606033,"minY":42.643692},"result":"Clayton, Iowa, United States"}