{"bounds":{"maxX":-84.8026419999999,"maxY":41.270161,"minX":-85.339736,"minY":40.917171},"result":"Allen, Indiana, United States"}