{"bounds":{"maxX":-90.139314,"maxY":42.033961,"minX":-90.9000159999999,"minY":41.728069},"result":"Clinton, Iowa, United States"}