{"bounds":{"maxX":-95.857246,"maxY":43.26146,"minX":-96.5659019999999,"minY":42.909001},"result":"Sioux, Iowa, United States"}