{"bounds":{"maxX":-89.923126,"maxY":39.875759,"minX":-90.6002569999999,"minY":39.519489},"result":"Morgan, Illinois, United States"}