{"bounds":{"maxX":-85.9368679999999,"maxY":39.927169,"minX":-86.3280559999999,"minY":39.631809},"result":"Marion, Indiana, United States"}