{"bounds":{"maxX":-92.552964,"maxY":43.503459,"minX":-93.024512,"minY":43.212249},"result":"Mitchell, Iowa, United States"}