{"bounds":{"maxX":-91.0620719999999,"maxY":43.50267,"minX":-91.6094909999999,"minY":43.079749},"result":"Allamakee, Iowa, United States"}