{"bounds":{"maxX":-88.4091099999999,"maxY":37.602699,"minX":-88.7084429999999,"minY":37.06475},"result":"Pope, Illinois, United States"}