{"bounds":{"maxX":-92.553643,"maxY":42.907089,"minX":-93.028382,"minY":42.554963},"result":"Butler, Iowa, United States"}