{"bounds":{"maxX":-93.971306,"maxY":42.9076,"minX":-94.445708,"minY":42.643429},"result":"Humboldt, Iowa, United States"}