{"bounds":{"maxX":-92.0807569999999,"maxY":43.213181,"minX":-92.5544429999999,"minY":42.905892},"result":"Chickasaw, Iowa, United States"}