{"bounds":{"maxX":-89.9193559999999,"maxY":42.50948,"minX":-90.653632,"minY":42.197152},"result":"Jo Daviess, Illinois, United States"}