{"bounds":{"maxX":-90.434678,"maxY":41.334301,"minX":-91.11428,"minY":41.062409},"result":"Mercer, Illinois, United States"}