{"bounds":{"maxX":-85.414857,"maxY":38.607121,"minX":-85.994949,"minY":38.268941},"result":"Clark, Indiana, United States"}