{"bounds":{"maxX":-87.9300469999999,"maxY":40.401038,"minX":-88.4638889999999,"minY":39.87778},"result":"Champaign, Illinois, United States"}