{"bounds":{"maxX":-84.7876659999999,"maxY":41.762322,"minX":-88.089737,"minY":37.773053},"result":"Indiana, United States"}