{"bounds":{"maxX":-113.714866,"maxY":43.200649,"minX":-114.592766,"minY":42.764679},"result":"Lincoln, Idaho, United States"}