{"bounds":{"maxX":-89.578111,"maxY":40.160339,"minX":-89.9952469999999,"minY":39.902623},"result":"Menard, Illinois, United States"}