{"bounds":{"maxX":-111.046623,"maxY":44.753793,"minX":-112.15728,"minY":43.883769},"result":"Fremont, Idaho, United States"}