{"bounds":{"maxX":-93.931907,"maxY":42.64404,"minX":-94.445708,"minY":42.2086},"result":"Webster, Iowa, United States"}