{"bounds":{"maxX":-87.5130379999999,"maxY":39.17931,"minX":-87.950958,"minY":38.850501},"result":"Crawford, Illinois, United States"}