{"bounds":{"maxX":-88.5872879999999,"maxY":41.633061,"minX":-89.167998,"minY":40.92611},"result":"La Salle, Illinois, United States"}