{"bounds":{"maxX":-87.9447479999999,"maxY":39.176591,"minX":-88.362634,"minY":38.846661},"result":"Jasper, Illinois, United States"}