{"bounds":{"maxX":-87.0919269999999,"maxY":40.47926,"minX":-87.53234,"minY":40.13009},"result":"Warren, Indiana, United States"}