{"bounds":{"maxX":-90.145431,"maxY":39.2625,"minX":-90.6037669999999,"minY":38.92543},"result":"Jersey, Illinois, United States"}