{"bounds":{"maxX":-90.449333,"maxY":39.400491,"minX":-90.9391029999999,"minY":38.869222},"result":"Calhoun, Illinois, United States"}