{"bounds":{"maxX":-90.8996809999999,"maxY":41.948268,"minX":-91.3677289999999,"minY":41.597432},"result":"Cedar, Iowa, United States"}