{"bounds":{"maxX":-90.301932,"maxY":39.788719,"minX":-90.647399,"minY":39.519999},"result":"Scott, Illinois, United States"}