{"bounds":{"maxX":-111.507026,"maxY":42.431201,"minX":-112.124513,"minY":41.99817},"result":"Franklin, Idaho, United States"}