{"bounds":{"maxX":-92.17916,"maxY":40.89941,"minX":-92.6399989999999,"minY":40.591451},"result":"Davis, Iowa, United States"}