{"bounds":{"maxX":-85.194733,"maxY":41.760811,"minX":-85.6605979999999,"minY":41.52506},"result":"LaGrange, Indiana, United States"}