{"bounds":{"maxX":-113.001868,"maxY":42.680673,"minX":-114.286537,"minY":41.989842},"result":"Cassia, Idaho, United States"}