{"bounds":{"maxX":-114.970367,"maxY":44.100558,"minX":-116.264893,"minY":42.7681},"result":"Elmore, Idaho, United States"}