{"bounds":{"maxX":-94.4411709999999,"maxY":43.504008,"minX":-94.9138859999999,"minY":43.255551},"result":"Emmet, Iowa, United States"}