{"bounds":{"maxX":-89.593812,"maxY":38.222838,"minX":-90.2056499999999,"minY":37.8027},"result":"Randolph, Illinois, United States"}