{"bounds":{"maxX":-90.8983459999999,"maxY":42.296379,"minX":-91.366913,"minY":41.947122},"result":"Jones, Iowa, United States"}