{"bounds":{"maxX":-94.701409,"maxY":41.50406,"minX":-95.156899,"minY":41.15715},"result":"Cass, Iowa, United States"}