{"bounds":{"maxX":-86.692939,"maxY":40.217201,"minX":-87.091895,"minY":39.864343},"result":"Montgomery, Indiana, United States"}