{"bounds":{"maxX":-85.575928,"maxY":39.945888,"minX":-85.954103,"minY":39.69691},"result":"Hancock, Indiana, United States"}