{"bounds":{"maxX":-87.450127,"maxY":38.168499,"minX":-87.700622,"minY":37.825259},"result":"Vanderburgh, Indiana, United States"}