{"bounds":{"maxX":-114.959472,"maxY":48.068039,"minX":-116.3282,"minY":46.930709},"result":"Shoshone, Idaho, United States"}