{"bounds":{"maxX":-93.463631,"maxY":42.557023,"minX":-93.9727099999999,"minY":42.207932},"result":"Hamilton, Iowa, United States"}