{"bounds":{"maxX":-90.784913,"maxY":41.59874,"minX":-91.370147,"minY":41.33292},"result":"Muscatine, Iowa, United States"}