{"bounds":{"maxX":-85.862449,"maxY":40.56664,"minX":-86.3755879999999,"minY":40.37341},"result":"Howard, Indiana, United States"}