{"bounds":{"maxX":-90.150162,"maxY":39.521531,"minX":-90.621772,"minY":39.120601},"result":"Greene, Illinois, United States"}