{"bounds":{"maxX":-85.308982,"maxY":41.295029,"minX":-85.6876369999999,"minY":41.001189},"result":"Whitley, Indiana, United States"}