{"bounds":{"maxX":-89.855468,"maxY":41.58625,"minX":-90.4396829999999,"minY":41.14967},"result":"Henry, Illinois, United States"}