{"bounds":{"maxX":-88.701813,"maxY":38.476921,"minX":-89.1514129999999,"minY":38.125141},"result":"Jefferson, Illinois, United States"}