{"bounds":{"maxX":-88.7454989999999,"maxY":40.056041,"minX":-89.219277,"minY":39.652593},"result":"Macon, Illinois, United States"}