{"bounds":{"maxX":-116.449334,"maxY":44.155171,"minX":-116.981759,"minY":43.792579},"result":"Payette, Idaho, United States"}