{"bounds":{"maxX":-88.147003,"maxY":38.607219,"minX":-88.704178,"minY":38.25644},"result":"Wayne, Illinois, United States"}