{"bounds":{"maxX":-87.01654,"maxY":38.246001,"minX":-87.472923,"minY":37.875421},"result":"Warrick, Indiana, United States"}