{"bounds":{"maxX":-84.831947,"maxY":39.033361,"minX":-85.143546,"minY":38.90175},"result":"Ohio, Indiana, United States"}