{"bounds":{"maxX":-93.49643,"maxY":43.504651,"minX":-93.970543,"minY":43.256759},"result":"Winnebago, Iowa, United States"}