{"bounds":{"maxX":-112.691917,"maxY":44.234519,"minX":-113.797767,"minY":43.284869},"result":"Butte, Idaho, United States"}