{"bounds":{"maxX":-115.035896,"maxY":43.681621,"minX":-117.029411,"minY":41.994462},"result":"Owyhee, Idaho, United States"}