{"bounds":{"maxX":-88.4724429999999,"maxY":39.790809,"minX":-88.8128129999999,"minY":39.446522},"result":"Moultrie, Illinois, United States"}