{"bounds":{"maxX":-86.241982,"maxY":40.432023,"minX":-86.6961889999999,"minY":40.17854},"result":"Clinton, Indiana, United States"}