{"bounds":{"maxX":-94.3973609999999,"maxY":42.560241,"minX":-94.915206,"minY":42.2086},"result":"Calhoun, Iowa, United States"}