{"bounds":{"maxX":-86.3176569999999,"maxY":39.356232,"minX":-86.685302,"minY":38.993581},"result":"Monroe, Indiana, United States"}