{"bounds":{"maxX":-92.870956,"maxY":41.508269,"minX":-93.330566,"minY":41.158828},"result":"Marion, Iowa, United States"}