{"bounds":{"maxX":-94.8574819999999,"maxY":42.561089,"minX":-95.388366,"minY":42.209548},"result":"Sac, Iowa, United States"}