{"bounds":{"maxX":-91.5969009999999,"maxY":42.643712,"minX":-92.0829629999999,"minY":42.295891},"result":"Buchanan, Iowa, United States"}