{"bounds":{"maxX":-89.697831,"maxY":39.524232,"minX":-90.1554639999999,"minY":38.998039},"result":"Macoupin, Illinois, United States"}