{"bounds":{"maxX":-90.9104609999999,"maxY":40.200351,"minX":-91.512627,"minY":39.756649},"result":"Adams, Illinois, United States"}