{"bounds":{"maxX":-89.133889,"maxY":37.33599,"minX":-89.5185999999999,"minY":36.971119},"result":"Alexander, Illinois, United States"}