{"bounds":{"maxX":-111.585969,"maxY":43.628559,"minX":-113.012177,"minY":42.86155},"result":"Bingham, Idaho, United States"}