{"bounds":{"maxX":-93.556504,"maxY":40.898929,"minX":-94.018227,"minY":40.57348},"result":"Decatur, Iowa, United States"}