{"bounds":{"maxX":-93.0237509999999,"maxY":43.503951,"minX":-93.497688,"minY":43.256382},"result":"Worth, Iowa, United States"}