{"bounds":{"maxX":-84.802262,"maxY":40.92208,"minX":-85.0739819999999,"minY":40.568778},"result":"Adams, Indiana, United States"}