{"bounds":{"maxX":-93.002243,"maxY":42.557023,"minX":-93.5002069999999,"minY":42.20808},"result":"Hardin, Iowa, United States"}