{"bounds":{"maxX":-88.2378919999999,"maxY":42.15564,"minX":-88.604576,"minY":41.720699},"result":"Kane, Illinois, United States"}