{"bounds":{"maxX":-94.929252,"maxY":41.159569,"minX":-95.384537,"minY":40.900909},"result":"Montgomery, Iowa, United States"}