{"bounds":{"maxX":-84.806298,"maxY":41.760811,"minX":-85.197776,"minY":41.52756},"result":"Steuben, Indiana, United States"}