{"bounds":{"maxX":-87.5264579999999,"maxY":41.729519,"minX":-88.262511,"minY":41.20341},"result":"Will, Illinois, United States"}