{"bounds":{"maxX":-85.7611689999999,"maxY":38.418441,"minX":-86.032997,"minY":38.178582},"result":"Floyd, Indiana, United States"}