{"bounds":{"maxX":-95.370666,"maxY":40.902341,"minX":-95.888312,"minY":40.581181},"result":"Fremont, Iowa, United States"}