{"bounds":{"maxX":-85.864052,"maxY":40.99932,"minX":-86.170746,"minY":40.56326},"result":"Miami, Indiana, United States"}