{"bounds":{"maxX":-111.044129,"maxY":43.025082,"minX":-112.142518,"minY":42.415279},"result":"Caribou, Idaho, United States"}