{"bounds":{"maxX":-111.046258,"maxY":42.603292,"minX":-111.634202,"minY":42.000481},"result":"Bear Lake, Idaho, United States"}