{"bounds":{"maxX":-92.535264,"maxY":42.55617,"minX":-93.028382,"minY":42.209411},"result":"Grundy, Iowa, United States"}