{"bounds":{"maxX":-92.6389169999999,"maxY":40.8984,"minX":-93.0988399999999,"minY":40.58387},"result":"Appanoose, Iowa, United States"}