{"bounds":{"maxX":-89.993798,"maxY":40.124451,"minX":-90.583611,"minY":39.87294},"result":"Cass, Illinois, United States"}