{"bounds":{"maxX":-116.089493,"maxY":45.270261,"minX":-116.893196,"minY":44.44445},"result":"Adams, Idaho, United States"}