{"bounds":{"maxX":-111.613357,"maxY":44.569119,"minX":-112.99359,"minY":43.97173},"result":"Clark, Idaho, United States"}