{"bounds":{"maxX":-88.460457,"maxY":40.28131,"minX":-88.7459019999999,"minY":39.79002},"result":"Piatt, Illinois, United States"}