{"bounds":{"maxX":-85.215729,"maxY":40.379391,"minX":-85.578437,"minY":40.07648},"result":"Delaware, Indiana, United States"}