{"bounds":{"maxX":-88.704101,"maxY":42.498372,"minX":-88.940568,"minY":42.15491},"result":"Boone, Illinois, United States"}