{"bounds":{"maxX":-90.1616509999999,"maxY":41.783329,"minX":-91.071457,"minY":41.327331},"result":"Rock Island, Illinois, United States"}