{"bounds":{"maxX":-85.297675,"maxY":39.789421,"minX":-85.633765,"minY":39.453022},"result":"Rush, Indiana, United States"}