{"bounds":{"maxX":-116.151253,"maxY":44.50727,"minX":-116.712082,"minY":43.80709},"result":"Gem, Idaho, United States"}