{"bounds":{"maxX":-86.679886,"maxY":38.526292,"minX":-87.072983,"minY":38.20626},"result":"Dubois, Indiana, United States"}