{"bounds":{"maxX":-94.0151069999999,"maxY":40.899059,"minX":-94.472657,"minY":40.570309},"result":"Ringgold, Iowa, United States"}