{"bounds":{"maxX":-89.896736,"maxY":38.520728,"minX":-90.373146,"minY":38.089099},"result":"Monroe, Illinois, United States"}