{"bounds":{"maxX":-88.4591829999999,"maxY":40.756672,"minX":-89.2683259999999,"minY":40.281299},"result":"McLean, Illinois, United States"}