{"bounds":{"maxX":-93.7918769999999,"maxY":41.51077,"minX":-94.243378,"minY":41.15377},"result":"Madison, Iowa, United States"}