{"bounds":{"maxX":-116.360313,"maxY":46.631771,"minX":-117.060838,"minY":45.855561},"result":"Nez Perce, Idaho, United States"}