{"bounds":{"maxX":-85.065217,"maxY":39.308181,"minX":-85.4449779999999,"minY":38.913991},"result":"Ripley, Indiana, United States"}