{"bounds":{"maxX":-90.316277,"maxY":41.774379,"minX":-90.9009619999999,"minY":41.44952},"result":"Scott, Iowa, United States"}