{"bounds":{"maxX":-95.0417639999999,"maxY":41.862609,"minX":-95.558503,"minY":41.503661},"result":"Shelby, Iowa, United States"}