{"bounds":{"maxX":-87.265481,"maxY":41.218669,"minX":-87.5264579999999,"minY":40.737801},"result":"Newton, Indiana, United States"}