{"bounds":{"maxX":-86.238534,"maxY":40.180691,"minX":-86.6961889999999,"minY":39.92283},"result":"Boone, Indiana, United States"}