{"bounds":{"maxX":-84.813103,"maxY":40.006599,"minX":-85.221443,"minY":39.71448},"result":"Wayne, Indiana, United States"}