{"bounds":{"maxX":-87.0934379999999,"maxY":40.738282,"minX":-87.526282,"minY":40.476131},"result":"Benton, Indiana, United States"}