{"bounds":{"maxX":-89.144302,"maxY":38.518989,"minX":-89.7056739999999,"minY":38.21354},"result":"Washington, Illinois, United States"}