{"bounds":{"maxX":-86.1654129999999,"maxY":40.912029,"minX":-86.5818859999999,"minY":40.561352},"result":"Cass, Indiana, United States"}