{"bounds":{"maxX":-91.7169499999999,"maxY":40.900021,"minX":-92.1797549999999,"minY":40.600681},"result":"Van Buren, Iowa, United States"}