{"bounds":{"maxX":-90.944892,"maxY":41.074069,"minX":-91.409508,"minY":40.69558},"result":"Des Moines, Iowa, United States"}