{"bounds":{"maxX":-84.819068,"maxY":39.308181,"minX":-85.1350179999999,"minY":38.935458},"result":"Dearborn, Indiana, United States"}