{"bounds":{"maxX":-114.322502,"maxY":46.6697,"minX":-116.78981,"minY":45.108718},"result":"Idaho, Idaho, United States"}