{"bounds":{"maxX":-114.598779,"maxY":46.933239,"minX":-116.45665,"minY":46.26767},"result":"Clearwater, Idaho, United States"}