{"bounds":{"maxX":-90.2012559999999,"maxY":40.283179,"minX":-90.9117419999999,"minY":39.98025},"result":"Schuyler, Illinois, United States"}