{"bounds":{"maxX":-87.907067,"maxY":38.85059,"minX":-88.300621,"minY":38.568759},"result":"Richland, Illinois, United States"}