{"bounds":{"maxX":-85.068877,"maxY":40.91814,"minX":-85.447647,"minY":40.567021},"result":"Wells, Indiana, United States"}