{"bounds":{"maxX":-85.5701369999999,"maxY":38.828521,"minX":-85.88884,"minY":38.5631},"result":"Scott, Indiana, United States"}