{"bounds":{"maxX":-89.705115,"maxY":38.660451,"minX":-90.26519,"minY":38.220211},"result":"St. Clair, Illinois, United States"}