{"bounds":{"maxX":-93.330361,"maxY":41.862479,"minX":-93.816384,"minY":41.481047},"result":"Polk, Iowa, United States"}