{"bounds":{"maxX":-94.913193,"maxY":43.504008,"minX":-95.388008,"minY":43.25512},"result":"Dickinson, Iowa, United States"}