{"bounds":{"maxX":-86.3250429999999,"maxY":39.92376,"minX":-86.693687,"minY":39.600102},"result":"Hendricks, Indiana, United States"}