{"bounds":{"maxX":-113.006736,"maxY":43.993432,"minX":-114.996711,"minY":42.616328},"result":"Blaine, Idaho, United States"}