{"bounds":{"maxX":-94.472297,"maxY":40.900909,"minX":-94.930909,"minY":40.570282},"result":"Taylor, Iowa, United States"}