{"bounds":{"maxX":-92.298576,"maxY":41.86249,"minX":-92.7683259999999,"minY":41.508251},"result":"Poweshiek, Iowa, United States"}