{"bounds":{"maxX":-86.053885,"maxY":41.479258,"minX":-86.467056,"minY":41.171119},"result":"Marshall, Indiana, United States"}