{"bounds":{"maxX":-86.630867,"maxY":39.47345,"minX":-87.0548699999999,"minY":39.16605},"result":"Owen, Indiana, United States"}