{"bounds":{"maxX":-94.472206,"maxY":41.15775,"minX":-94.930763,"minY":40.898892},"result":"Adams, Iowa, United States"}