{"bounds":{"maxX":-93.969116,"maxY":43.50443,"minX":-94.445556,"minY":42.90664},"result":"Kossuth, Iowa, United States"}