{"bounds":{"maxX":-93.4989459999999,"maxY":42.908181,"minX":-93.972045,"minY":42.55651},"result":"Wright, Iowa, United States"}