{"bounds":{"maxX":-87.9604869999999,"maxY":39.687069,"minX":-88.4737009999999,"minY":39.372981},"result":"Coles, Illinois, United States"}