{"bounds":{"maxX":-92.553643,"maxY":43.21289,"minX":-93.025994,"minY":42.905892},"result":"Floyd, Iowa, United States"}