{"bounds":{"maxX":-90.1542669999999,"maxY":42.381778,"minX":-90.8991389999999,"minY":42.032509},"result":"Jackson, Iowa, United States"}