{"bounds":{"maxX":-92.1797549999999,"maxY":41.16169,"minX":-92.644127,"minY":40.897899},"result":"Wapello, Iowa, United States"}