{"bounds":{"maxX":-87.526061,"maxY":41.29829,"minX":-88.252426,"minY":40.992889},"result":"Kankakee, Illinois, United States"}