{"bounds":{"maxX":-85.6849369999999,"maxY":39.35073,"minX":-86.0853739999999,"minY":39.036061},"result":"Bartholomew, Indiana, United States"}