{"bounds":{"maxX":-86.306794,"maxY":38.687629,"minX":-86.6839229999999,"minY":38.39711},"result":"Orange, Indiana, United States"}