{"bounds":{"maxX":-94.242432,"maxY":41.503331,"minX":-94.7024919999999,"minY":41.156059},"result":"Adair, Iowa, United States"}