{"bounds":{"maxX":-89.68557,"maxY":42.200951,"minX":-90.322547,"minY":41.930279},"result":"Carroll, Illinois, United States"}