{"bounds":{"maxX":-84.8146369999999,"maxY":39.729131,"minX":-85.036422,"minY":39.521759},"result":"Union, Indiana, United States"}