{"bounds":{"maxX":-114.695031,"maxY":45.217998,"minX":-116.214157,"minY":44.150052},"result":"Valley, Idaho, United States"}