{"bounds":{"maxX":-95.3213729999999,"maxY":42.560941,"minX":-95.74144,"minY":42.20948},"result":"Ida, Iowa, United States"}