{"bounds":{"maxX":-85.9456719999999,"maxY":41.173599,"minX":-86.467697,"minY":40.908169},"result":"Fulton, Indiana, United States"}