{"bounds":{"maxX":-88.2546169999999,"maxY":38.915311,"minX":-88.699784,"minY":38.599812},"result":"Clay, Illinois, United States"}