{"bounds":{"maxX":-95.0913169999999,"maxY":42.20992,"minX":-95.673447,"minY":41.861882},"result":"Crawford, Iowa, United States"}