{"bounds":{"maxX":-90.947281,"maxY":41.42352,"minX":-91.4870529999999,"minY":41.071781},"result":"Louisa, Iowa, United States"}