{"bounds":{"maxX":-114.590729,"maxY":43.20012,"minX":-115.087487,"minY":42.65041},"result":"Gooding, Idaho, United States"}