{"bounds":{"maxX":-88.067436,"maxY":37.60308,"minX":-88.414596,"minY":37.40653},"result":"Hardin, Illinois, United States"}