{"bounds":{"maxX":-111.043616,"maxY":49.001523,"minX":-117.240197,"minY":41.989842},"result":"Idaho, United States"}