{"bounds":{"maxX":-92.766243,"maxY":42.210271,"minX":-93.2339699999999,"minY":41.86177},"result":"Marshall, Iowa, United States"}