{"bounds":{"maxX":-85.034408,"maxY":39.790191,"minX":-85.301666,"minY":39.526431},"result":"Fayette, Indiana, United States"}