{"bounds":{"maxX":-87.4970769999999,"maxY":42.50948,"minX":-91.512627,"minY":36.971119},"result":"Illinois, United States"}