{"bounds":{"maxX":-94.6297759999999,"maxY":42.210152,"minX":-95.094658,"minY":41.860982},"result":"Carroll, Iowa, United States"}