{"bounds":{"maxX":-113.930816,"maxY":42.851348,"minX":-114.616996,"minY":42.498151},"result":"Jerome, Idaho, United States"}