{"bounds":{"maxX":-112.072747,"maxY":42.50298,"minX":-113.003434,"minY":41.998142},"result":"Oneida, Idaho, United States"}