{"bounds":{"maxX":-92.297653,"maxY":42.297618,"minX":-92.769691,"minY":41.86177},"result":"Tama, Iowa, United States"}