{"bounds":{"maxX":-86.5796589999999,"maxY":40.913602,"minX":-87.099532,"minY":40.562859},"result":"White, Indiana, United States"}