{"bounds":{"maxX":-87.237992,"maxY":39.261242,"minX":-87.655181,"minY":38.903728},"result":"Sullivan, Indiana, United States"}