{"bounds":{"maxX":-91.371291,"maxY":41.163051,"minX":-91.7192239999999,"minY":40.812301},"result":"Henry, Iowa, United States"}