{"bounds":{"maxX":-86.6815799999999,"maxY":39.172821,"minX":-87.242126,"minY":38.905141},"result":"Greene, Indiana, United States"}