{"bounds":{"maxX":-86.430978,"maxY":38.264451,"minX":-86.8206089999999,"minY":37.84016},"result":"Perry, Indiana, United States"}