{"bounds":{"maxX":-93.0241389999999,"maxY":43.257629,"minX":-93.4989459999999,"minY":42.907089},"result":"Cerro Gordo, Iowa, United States"}