{"bounds":{"maxX":-94.4434429999999,"maxY":43.25613,"minX":-94.9160919999999,"minY":42.9068},"result":"Palo Alto, Iowa, United States"}