{"bounds":{"maxX":-95.3835979999999,"maxY":41.159569,"minX":-95.8822769999999,"minY":40.900249},"result":"Mills, Iowa, United States"}