{"bounds":{"maxX":-90.4397289999999,"maxY":41.069691,"minX":-90.7890179999999,"minY":40.628539},"result":"Warren, Illinois, United States"}