{"bounds":{"maxX":-88.8130869999999,"maxY":36.79702,"minX":-89.201636,"minY":36.50417},"result":"Hickman, Kentucky, United States"}