{"bounds":{"maxX":-96.9608919999999,"maxY":39.567791,"minX":-97.3715349999999,"minY":39.13279},"result":"Clay, Kansas, United States"}