{"bounds":{"maxX":-97.3681799999999,"maxY":39.65458,"minX":-97.9304729999999,"minY":39.30714},"result":"Cloud, Kansas, United States"}