{"bounds":{"maxX":-85.9491199999999,"maxY":36.935489,"minX":-86.419135,"minY":36.629151},"result":"Allen, Kentucky, United States"}