{"bounds":{"maxX":-84.651871,"maxY":37.71703,"minX":-85.039093,"minY":37.532199},"result":"Boyle, Kentucky, United States"}