{"bounds":{"maxX":-99.0439759999999,"maxY":39.569069,"minX":-99.605423,"minY":39.132451},"result":"Rooks, Kansas, United States"}