{"bounds":{"maxX":-85.436317,"maxY":36.841609,"minX":-85.977042,"minY":36.615132},"result":"Monroe, Kentucky, United States"}