{"bounds":{"maxX":-100.216446,"maxY":38.000671,"minX":-100.664093,"minY":37.47572},"result":"Gray, Kansas, United States"}