{"bounds":{"maxX":-95.062333,"maxY":38.39053,"minX":-95.519731,"minY":38.037602},"result":"Anderson, Kansas, United States"}