{"bounds":{"maxX":-85.739166,"maxY":37.169399,"minX":-86.176261,"minY":36.72255},"result":"Barren, Kentucky, United States"}