{"bounds":{"maxX":-100.651809,"maxY":37.73697,"minX":-101.090417,"minY":37.387761},"result":"Haskell, Kansas, United States"}