{"bounds":{"maxX":-99.626006,"maxY":40.00291,"minX":-100.181411,"minY":39.566521},"result":"Norton, Kansas, United States"}