{"bounds":{"maxX":-96.2381139999999,"maxY":40.00262,"minX":-96.8067179999999,"minY":39.565632},"result":"Marshall, Kansas, United States"}