{"bounds":{"maxX":-83.463051,"maxY":38.302533,"minX":-83.978607,"minY":37.99268},"result":"Bath, Kentucky, United States"}