{"bounds":{"maxX":-94.610153,"maxY":38.739491,"minX":-95.0659709999999,"minY":38.38924},"result":"Miami, Kansas, United States"}