{"bounds":{"maxX":-100.684455,"maxY":38.703702,"minX":-101.129281,"minY":38.262662},"result":"Scott, Kansas, United States"}