{"bounds":{"maxX":-84.988617,"maxY":36.887803,"minX":-85.295273,"minY":36.618172},"result":"Clinton, Kentucky, United States"}