{"bounds":{"maxX":-101.566918,"maxY":38.70037,"minX":-102.045457,"minY":38.262698},"result":"Greeley, Kansas, United States"}