{"bounds":{"maxX":-84.278701,"maxY":37.3555,"minX":-84.9069059999999,"minY":36.869652},"result":"Pulaski, Kentucky, United States"}