{"bounds":{"maxX":-83.877694,"maxY":36.97242,"minX":-84.3561319999999,"minY":36.5894},"result":"Whitley, Kentucky, United States"}