{"bounds":{"maxX":-100.633712,"maxY":37.388278,"minX":-101.068421,"minY":36.99783},"result":"Seward, Kansas, United States"}