{"bounds":{"maxX":-101.524483,"maxY":37.73841,"minX":-102.043244,"minY":37.388242},"result":"Stanton, Kansas, United States"}