{"bounds":{"maxX":-88.81269,"maxY":36.954411,"minX":-89.180039,"minY":36.771492},"result":"Carlisle, Kentucky, United States"}