{"bounds":{"maxX":-83.452667,"maxY":38.52546,"minX":-83.984542,"minY":38.171031},"result":"Fleming, Kentucky, United States"}