{"bounds":{"maxX":-95.1785669999999,"maxY":39.420219,"minX":-95.597497,"minY":39.032248},"result":"Jefferson, Kansas, United States"}