{"bounds":{"maxX":-85.429177,"maxY":38.118358,"minX":-85.9379729999999,"minY":37.809971},"result":"Bullitt, Kentucky, United States"}