{"bounds":{"maxX":-86.61151,"maxY":37.073571,"minX":-87.060509,"minY":36.644432},"result":"Logan, Kentucky, United States"}