{"bounds":{"maxX":-84.2824859999999,"maxY":38.211169,"minX":-84.660073,"minY":37.845489},"result":"Fayette, Kentucky, United States"}