{"bounds":{"maxX":-88.48439,"maxY":36.94696,"minX":-88.8195499999999,"minY":36.502522},"result":"Graves, Kentucky, United States"}