{"bounds":{"maxX":-82.9482419999999,"maxY":37.699939,"minX":-83.580369,"minY":37.330151},"result":"Breathitt, Kentucky, United States"}