{"bounds":{"maxX":-82.665649,"maxY":38.75444,"minX":-83.166932,"minY":38.373802},"result":"Greenup, Kentucky, United States"}