{"bounds":{"maxX":-84.2286599999999,"maxY":36.96257,"minX":-84.777711,"minY":36.594371},"result":"McCreary, Kentucky, United States"}