{"bounds":{"maxX":-84.934228,"maxY":38.762871,"minX":-85.333022,"minY":38.580348},"result":"Carroll, Kentucky, United States"}