{"bounds":{"maxX":-85.0004279999999,"maxY":37.915661,"minX":-85.40162,"minY":37.63089},"result":"Washington, Kentucky, United States"}