{"bounds":{"maxX":-95.960862,"maxY":37.60793,"minX":-96.5267029999999,"minY":37.299622},"result":"Elk, Kansas, United States"}