{"bounds":{"maxX":-86.151717,"maxY":38.044861,"minX":-86.6781769999999,"minY":37.56134},"result":"Breckinridge, Kentucky, United States"}