{"bounds":{"maxX":-84.6248469999999,"maxY":38.195259,"minX":-84.8657219999999,"minY":37.846931},"result":"Woodford, Kentucky, United States"}