{"bounds":{"maxX":-100.089799,"maxY":37.475843,"minX":-100.652039,"minY":36.99832},"result":"Meade, Kansas, United States"}