{"bounds":{"maxX":-100.163451,"maxY":39.568458,"minX":-100.721557,"minY":39.13189},"result":"Sheridan, Kansas, United States"}