{"bounds":{"maxX":-83.930045,"maxY":38.608379,"minX":-84.1834029999999,"minY":38.418231},"result":"Robertson, Kentucky, United States"}