{"bounds":{"maxX":-95.076692,"maxY":38.038238,"minX":-95.526192,"minY":37.732608},"result":"Allen, Kansas, United States"}