{"bounds":{"maxX":-98.3482289999999,"maxY":37.471631,"minX":-99.0135569999999,"minY":37.000221},"result":"Barber, Kansas, United States"}