{"bounds":{"maxX":-98.9135659999999,"maxY":38.348893,"minX":-99.5853959999999,"minY":38.000352},"result":"Pawnee, Kansas, United States"}