{"bounds":{"maxX":-85.1506429999999,"maxY":37.990558,"minX":-85.742813,"minY":37.52277},"result":"Nelson, Kentucky, United States"}