{"bounds":{"maxX":-94.6174779999999,"maxY":37.341709,"minX":-95.0738519999999,"minY":36.998589},"result":"Cherokee, Kansas, United States"}