{"bounds":{"maxX":-84.866661,"maxY":38.59671,"minX":-85.3459769999999,"minY":38.335368},"result":"Henry, Kentucky, United States"}