{"bounds":{"maxX":-84.073371,"maxY":37.917339,"minX":-84.525903,"minY":37.51562},"result":"Madison, Kentucky, United States"}