{"bounds":{"maxX":-94.6075069999999,"maxY":39.05782,"minX":-95.057221,"minY":38.737579},"result":"Johnson, Kansas, United States"}