{"bounds":{"maxX":-84.597969,"maxY":39.147233,"minX":-84.893119,"minY":38.777252},"result":"Boone, Kentucky, United States"}