{"bounds":{"maxX":-82.5663519999999,"maxY":37.271388,"minX":-83.1540679999999,"minY":36.954133},"result":"Letcher, Kentucky, United States"}