{"bounds":{"maxX":-94.5927419999999,"maxY":39.201752,"minX":-94.908806,"minY":38.992409},"result":"Wyandotte, Kansas, United States"}