{"bounds":{"maxX":-82.855629,"maxY":37.02097,"minX":-83.511788,"minY":36.666779},"result":"Harlan, Kentucky, United States"}