{"bounds":{"maxX":-94.616227,"maxY":37.67456,"minX":-95.087547,"minY":37.33839},"result":"Crawford, Kansas, United States"}