{"bounds":{"maxX":-85.2147209999999,"maxY":36.93842,"minX":-85.601213,"minY":36.619592},"result":"Cumberland, Kentucky, United States"}