{"bounds":{"maxX":-83.9664999999999,"maxY":38.115163,"minX":-84.3486339999999,"minY":37.823162},"result":"Clark, Kentucky, United States"}