{"bounds":{"maxX":-82.7710279999999,"maxY":38.503781,"minX":-83.3413399999999,"minY":38.16841},"result":"Carter, Kentucky, United States"}