{"bounds":{"maxX":-86.816787,"maxY":37.930389,"minX":-87.4080949999999,"minY":37.561101},"result":"Daviess, Kentucky, United States"}