{"bounds":{"maxX":-82.960998,"maxY":38.115601,"minX":-83.4988099999999,"minY":37.712613},"result":"Morgan, Kentucky, United States"}