{"bounds":{"maxX":-83.4590229999999,"maxY":36.95599,"minX":-83.957238,"minY":36.583832},"result":"Bell, Kentucky, United States"}