{"bounds":{"maxX":-88.18647,"maxY":37.426342,"minX":-88.5664209999999,"minY":36.98215},"result":"Livingston, Kentucky, United States"}