{"bounds":{"maxX":-101.088119,"maxY":37.73697,"minX":-101.527047,"minY":37.38831},"result":"Grant, Kansas, United States"}