{"bounds":{"maxX":-83.5226289999999,"maxY":37.717629,"minX":-83.905426,"minY":37.486869},"result":"Lee, Kentucky, United States"}