{"bounds":{"maxX":-97.3681799999999,"maxY":40.003541,"minX":-97.9303659999999,"minY":39.653919},"result":"Republic, Kansas, United States"}