{"bounds":{"maxX":-85.466331,"maxY":37.73207,"minX":-85.894257,"minY":37.42205},"result":"Larue, Kentucky, United States"}