{"bounds":{"maxX":-99.555733,"maxY":37.914989,"minX":-100.227532,"minY":37.468873},"result":"Ford, Kansas, United States"}