{"bounds":{"maxX":-85.651146,"maxY":37.449931,"minX":-86.157502,"minY":37.14811},"result":"Hart, Kentucky, United States"}