{"bounds":{"maxX":-101.525559,"maxY":38.263302,"minX":-102.044297,"minY":37.736439},"result":"Hamilton, Kansas, United States"}