{"bounds":{"maxX":-95.7864989999999,"maxY":40.001499,"minX":-96.2398209999999,"minY":39.565632},"result":"Nemaha, Kansas, United States"}