{"bounds":{"maxX":-83.56607,"maxY":37.054889,"minX":-84.092407,"minY":36.687191},"result":"Knox, Kentucky, United States"}