{"bounds":{"maxX":-83.8625489999999,"maxY":37.335929,"minX":-84.3684459999999,"minY":36.93896},"result":"Laurel, Kentucky, United States"}