{"bounds":{"maxX":-85.043036,"maxY":37.31203,"minX":-85.527093,"minY":36.925443},"result":"Adair, Kentucky, United States"}