{"bounds":{"maxX":-82.5715319999999,"maxY":38.50552,"minX":-82.818046,"minY":38.23603},"result":"Boyd, Kentucky, United States"}