{"bounds":{"maxX":-100.226547,"maxY":38.263562,"minX":-101.103691,"minY":37.736412},"result":"Finney, Kansas, United States"}