{"bounds":{"maxX":-97.370033,"maxY":39.307338,"minX":-97.9296409999999,"minY":38.958439},"result":"Ottawa, Kansas, United States"}