{"bounds":{"maxX":-96.353286,"maxY":38.871891,"minX":-96.9309009999999,"minY":38.522629},"result":"Morris, Kansas, United States"}