{"bounds":{"maxX":-96.353799,"maxY":38.523978,"minX":-96.842507,"minY":38.086362},"result":"Chase, Kansas, United States"}