{"bounds":{"maxX":-101.067108,"maxY":37.38872,"minX":-101.558091,"minY":36.99513},"result":"Stevens, Kansas, United States"}