{"bounds":{"maxX":-100.720107,"maxY":39.568803,"minX":-101.391281,"minY":39.13305},"result":"Thomas, Kansas, United States"}