{"bounds":{"maxX":-84.9567029999999,"maxY":38.357959,"minX":-85.4677119999999,"minY":38.036601},"result":"Shelby, Kentucky, United States"}