{"bounds":{"maxX":-84.418038,"maxY":39.098241,"minX":-84.623687,"minY":38.789922},"result":"Kenton, Kentucky, United States"}