{"bounds":{"maxX":-82.310975,"maxY":37.962841,"minX":-82.6745539999999,"minY":37.668849},"result":"Martin, Kentucky, United States"}