{"bounds":{"maxX":-83.6247319999999,"maxY":38.767509,"minX":-83.991464,"minY":38.456459},"result":"Mason, Kentucky, United States"}