{"bounds":{"maxX":-94.5927419999999,"maxY":40.004509,"minX":-102.048545,"minY":36.992221},"result":"Kansas, United States"}