{"bounds":{"maxX":-84.575836,"maxY":36.997821,"minX":-85.0640109999999,"minY":36.606102},"result":"Wayne, Kentucky, United States"}