{"bounds":{"maxX":-83.4336929999999,"maxY":38.058861,"minX":-83.775527,"minY":37.818401},"result":"Menifee, Kentucky, United States"}