{"bounds":{"maxX":-98.4849159999999,"maxY":39.133442,"minX":-99.0404369999999,"minY":38.695369},"result":"Russell, Kansas, United States"}