{"bounds":{"maxX":-83.9694679999999,"maxY":38.37162,"minX":-84.4422769999999,"minY":38.06706},"result":"Bourbon, Kentucky, United States"}