{"bounds":{"maxX":-98.486618,"maxY":39.56857,"minX":-99.049683,"minY":39.132781},"result":"Osborne, Kansas, United States"}