{"bounds":{"maxX":-82.4634789999999,"maxY":38.268879,"minX":-83.025429,"minY":37.879459},"result":"Lawrence, Kentucky, United States"}