{"bounds":{"maxX":-99.584663,"maxY":38.69756,"minX":-100.248078,"minY":38.26062},"result":"Ness, Kansas, United States"}