{"bounds":{"maxX":-84.796486,"maxY":38.128799,"minX":-85.1700049999999,"minY":37.886021},"result":"Anderson, Kentucky, United States"}