{"bounds":{"maxX":-84.725227,"maxY":38.374852,"minX":-85.023727,"minY":38.093361},"result":"Franklin, Kentucky, United States"}