{"bounds":{"maxX":-81.9642019999999,"maxY":39.147233,"minX":-89.573678,"minY":36.496719},"result":"Kentucky, United States"}