{"bounds":{"maxX":-88.032631,"maxY":36.750451,"minX":-88.4890369999999,"minY":36.496719},"result":"Calloway, Kentucky, United States"}