{"bounds":{"maxX":-83.833542,"maxY":38.460751,"minX":-84.193862,"minY":38.19236},"result":"Nicholas, Kentucky, United States"}