{"bounds":{"maxX":-86.4005969999999,"maxY":36.882962,"minX":-86.7629469999999,"minY":36.63506},"result":"Simpson, Kentucky, United States"}