{"bounds":{"maxX":-98.466149,"maxY":37.826369,"minX":-99.014222,"minY":37.471002},"result":"Pratt, Kansas, United States"}