{"bounds":{"maxX":-99.037162,"maxY":39.13393,"minX":-99.5982279999999,"minY":38.69609},"result":"Ellis, Kansas, United States"}