{"bounds":{"maxX":-85.4044269999999,"maxY":38.379379,"minX":-85.9485319999999,"minY":37.99797},"result":"Jefferson, Kentucky, United States"}