{"bounds":{"maxX":-101.089539,"maxY":38.264011,"minX":-101.540528,"minY":37.736439},"result":"Kearny, Kansas, United States"}