{"bounds":{"maxX":-99.60192,"maxY":39.56749,"minX":-100.164208,"minY":39.131833},"result":"Graham, Kansas, United States"}