{"bounds":{"maxX":-96.523827,"maxY":38.08793,"minX":-97.153657,"minY":37.476392},"result":"Butler, Kansas, United States"}