{"bounds":{"maxX":-97.801957,"maxY":37.386699,"minX":-98.350342,"minY":37.00026},"result":"Harper, Kansas, United States"}