{"bounds":{"maxX":-87.038559,"maxY":37.683269,"minX":-87.499648,"minY":37.38052},"result":"McLean, Kentucky, United States"}