{"bounds":{"maxX":-87.0504309999999,"maxY":37.072511,"minX":-87.3357779999999,"minY":36.64254},"result":"Todd, Kentucky, United States"}