{"bounds":{"maxX":-82.612671,"maxY":38.000801,"minX":-83.0047759999999,"minY":37.703182},"result":"Johnson, Kentucky, United States"}