{"bounds":{"maxX":-83.00096,"maxY":37.443771,"minX":-83.5540149999999,"minY":36.99231},"result":"Perry, Kentucky, United States"}