{"bounds":{"maxX":-96.806182,"maxY":40.003541,"minX":-97.368682,"minY":39.566651},"result":"Washington, Kansas, United States"}