{"bounds":{"maxX":-95.055778,"maxY":38.739491,"minX":-95.510101,"minY":38.389863},"result":"Franklin, Kansas, United States"}