{"bounds":{"maxX":-84.5806269999999,"maxY":38.724608,"minX":-85.075546,"minY":38.338441},"result":"Owen, Kentucky, United States"}