{"bounds":{"maxX":-83.7817469999999,"maxY":37.581588,"minX":-84.2056499999999,"minY":37.250352},"result":"Jackson, Kentucky, United States"}