{"bounds":{"maxX":-85.102043,"maxY":38.147369,"minX":-85.516891,"minY":37.93974},"result":"Spencer, Kentucky, United States"}