{"bounds":{"maxX":-83.242378,"maxY":37.86129,"minX":-83.707916,"minY":37.61918},"result":"Wolfe, Kentucky, United States"}