{"bounds":{"maxX":-96.526147,"maxY":37.476921,"minX":-97.151421,"minY":36.999389},"result":"Cowley, Kansas, United States"}