{"bounds":{"maxX":-95.526192,"maxY":37.734408,"minX":-95.963043,"minY":37.384479},"result":"Wilson, Kansas, United States"}