{"bounds":{"maxX":-98.504539,"maxY":40.003609,"minX":-99.0672529999999,"minY":39.567428},"result":"Smith, Kansas, United States"}