{"bounds":{"maxX":-88.836197,"maxY":36.650891,"minX":-89.573678,"minY":36.498039},"result":"Fulton, Kentucky, United States"}