{"bounds":{"maxX":-94.779907,"maxY":39.41948,"minX":-95.189491,"minY":38.957112},"result":"Leavenworth, Kansas, United States"}