{"bounds":{"maxX":-99.067062,"maxY":40.002811,"minX":-99.628349,"minY":39.567162},"result":"Phillips, Kansas, United States"}