{"bounds":{"maxX":-84.476776,"maxY":38.803749,"minX":-84.785722,"minY":38.473019},"result":"Grant, Kentucky, United States"}