{"bounds":{"maxX":-97.151421,"maxY":37.912949,"minX":-97.807472,"minY":37.474639},"result":"Sedgwick, Kansas, United States"}