{"bounds":{"maxX":-94.968246,"maxY":39.653641,"minX":-95.570617,"minY":39.419141},"result":"Atchison, Kansas, United States"}