{"bounds":{"maxX":-85.353234,"maxY":37.47105,"minX":-85.6972509999999,"minY":37.109353},"result":"Green, Kentucky, United States"}