{"bounds":{"maxX":-95.4999769999999,"maxY":38.435612,"minX":-95.9598159999999,"minY":38.038238},"result":"Coffey, Kansas, United States"}