{"bounds":{"maxX":-87.659997,"maxY":37.00209,"minX":-88.157753,"minY":36.63525},"result":"Trigg, Kentucky, United States"}