{"bounds":{"maxX":-97.9281319999999,"maxY":39.21981,"minX":-98.4914479999999,"minY":38.871291},"result":"Lincoln, Kansas, United States"}