{"bounds":{"maxX":-87.259238,"maxY":37.1591,"minX":-87.7336589999999,"minY":36.637711},"result":"Christian, Kentucky, United States"}