{"bounds":{"maxX":-93.1466379999999,"maxY":33.019421,"minX":-93.533578,"minY":32.409901},"result":"Webster, Louisiana, United States"}