{"bounds":{"maxX":-89.627219,"maxY":30.198209,"minX":-90.140029,"minY":29.866631},"result":"Orleans, Louisiana, United States"}