{"bounds":{"maxX":-93.236137,"maxY":31.846031,"minX":-93.880173,"minY":31.167261},"result":"Sabine, Louisiana, United States"}