{"bounds":{"maxX":-89.9047239999999,"maxY":30.2306,"minX":-90.280677,"minY":29.128611},"result":"Jefferson, Louisiana, United States"}