{"bounds":{"maxX":-93.471282,"maxY":33.0206,"minX":-94.0457769999999,"minY":32.195733},"result":"Caddo, Louisiana, United States"}