{"bounds":{"maxX":-92.889266,"maxY":30.490752,"minX":-93.7640239999999,"minY":30.04003},"result":"Calcasieu, Louisiana, United States"}