{"bounds":{"maxX":-90.377349,"maxY":29.77777,"minX":-91.3522189999999,"minY":29.043057},"result":"Terrebonne, Louisiana, United States"}