{"bounds":{"maxX":-90.632332,"maxY":30.346451,"minX":-91.1069249999999,"minY":30.062731},"result":"Ascension, Louisiana, United States"}