{"bounds":{"maxX":-90.641877,"maxY":30.166322,"minX":-90.963645,"minY":29.889491},"result":"St. James, Louisiana, United States"}