{"bounds":{"maxX":-93.372917,"maxY":33.020499,"minX":-93.8439319999999,"minY":32.235832},"result":"Bossier, Louisiana, United States"}