{"bounds":{"maxX":-88.9958349999999,"maxY":29.905169,"minX":-90.0756529999999,"minY":28.928334},"result":"Plaquemines, Louisiana, United States"}