{"bounds":{"maxX":-90.401574,"maxY":30.650631,"minX":-90.9901879999999,"minY":30.174962},"result":"Livingston, Louisiana, United States"}