{"bounds":{"maxX":-88.818137,"maxY":33.0206,"minX":-94.0457769999999,"minY":28.928334},"result":"Louisiana, United States"}