{"bounds":{"maxX":-92.141892,"maxY":30.482741,"minX":-92.6304479999999,"minY":30.05273},"result":"Acadia, Louisiana, United States"}