{"bounds":{"maxX":-91.2605139999999,"maxY":33.00576,"minX":-91.6390239999999,"minY":32.581791},"result":"West Carroll, Louisiana, United States"}