{"bounds":{"maxX":-92.8240509999999,"maxY":31.367071,"minX":-93.578887,"minY":30.861682},"result":"Vernon, Louisiana, United States"}