{"bounds":{"maxX":-92.7190469999999,"maxY":32.148769,"minX":-93.4418039999999,"minY":31.346771},"result":"Natchitoches, Louisiana, United States"}