{"bounds":{"maxX":-91.0029299999999,"maxY":33.00496,"minX":-91.457686,"minY":32.537571},"result":"East Carroll, Louisiana, United States"}