{"bounds":{"maxX":-91.8668049999999,"maxY":32.277661,"minX":-92.312912,"minY":31.927},"result":"Caldwell, Louisiana, United States"}