{"bounds":{"maxX":-90.877646,"maxY":32.562913,"minX":-91.5570069999999,"minY":32.120102},"result":"Madison, Louisiana, United States"}