{"bounds":{"maxX":-91.3120499999999,"maxY":31.02035,"minX":-91.820213,"minY":30.48255},"result":"Pointe Coupee, Louisiana, United States"}