{"bounds":{"maxX":-90.885307,"maxY":30.0819,"minX":-91.2603379999999,"minY":29.626212},"result":"Assumption, Louisiana, United States"}