{"bounds":{"maxX":-92.311364,"maxY":32.149072,"minX":-92.974189,"minY":31.709632},"result":"Winn, Louisiana, United States"}