{"bounds":{"maxX":-91.6791229999999,"maxY":30.850281,"minX":-92.494187,"minY":30.299129},"result":"St. Landry, Louisiana, United States"}