{"bounds":{"maxX":-92.311364,"maxY":32.497002,"minX":-92.8206549999999,"minY":32.148311},"result":"Jackson, Louisiana, United States"}