{"bounds":{"maxX":-91.43103,"maxY":32.669631,"minX":-92.034593,"minY":32.154628},"result":"Richland, Louisiana, United States"}