{"bounds":{"maxX":-92.584395,"maxY":30.89869,"minX":-93.1317069999999,"minY":30.42569},"result":"Allen, Louisiana, United States"}