{"bounds":{"maxX":-92.196746,"maxY":31.79775,"minX":-92.9647219999999,"minY":31.388032},"result":"Grant, Louisiana, United States"}