{"bounds":{"maxX":-91.0896769999999,"maxY":30.497829,"minX":-91.98932,"minY":29.69857},"result":"St. Martin, Louisiana, United States"}