{"bounds":{"maxX":-91.4377509999999,"maxY":33.008949,"minX":-92.085709,"minY":32.507721},"result":"Morehouse, Louisiana, United States"}