{"bounds":{"maxX":-89.5247199999999,"maxY":30.7124,"minX":-90.256682,"minY":30.149051},"result":"St. Tammany, Louisiana, United States"}