{"bounds":{"maxX":-72.203323,"maxY":42.555931,"minX":-73.0679469999999,"minY":42.183122},"result":"Hampshire, Massachusetts, United States"}