{"bounds":{"maxX":-88.47631,"maxY":33.811551,"minX":-89.038352,"minY":33.506438},"result":"Clay, Mississippi, United States"}