{"bounds":{"maxX":-88.1170959999999,"maxY":46.4197,"minX":-88.992721,"minY":45.92252},"result":"Iron, Michigan, United States"}