{"bounds":{"maxX":-89.3185809999999,"maxY":32.92821,"minX":-89.732451,"minY":32.57579},"result":"Leake, Mississippi, United States"}