{"bounds":{"maxX":-69.372422,"maxY":44.72041,"minX":-70.132081,"minY":44.108219},"result":"Kennebec, Maine, United States"}