{"bounds":{"maxX":-78.3138719999999,"maxY":39.72385,"minX":-79.06585,"minY":39.439259},"result":"Allegany, Maryland, United States"}