{"bounds":{"maxX":-85.3317029999999,"maxY":44.990921,"minX":-85.8205409999999,"minY":44.51163},"result":"Grand Traverse, Michigan, United States"}