{"bounds":{"maxX":-90.102966,"maxY":33.811961,"minX":-90.453987,"minY":33.235351},"result":"Leflore, Mississippi, United States"}