{"bounds":{"maxX":-88.9117669999999,"maxY":32.576209,"minX":-89.3254019999999,"minY":32.222661},"result":"Newton, Mississippi, United States"}