{"bounds":{"maxX":-84.60614,"maxY":44.163132,"minX":-85.088965,"minY":43.812359},"result":"Clare, Michigan, United States"}