{"bounds":{"maxX":-90.5545949999999,"maxY":32.618781,"minX":-91.174629,"minY":32.082811},"result":"Warren, Mississippi, United States"}