{"bounds":{"maxX":-70.8675009999999,"maxY":42.44981,"minX":-71.191361,"minY":42.227562},"result":"Suffolk, Massachusetts, United States"}