{"bounds":{"maxX":-111.495346,"maxY":47.94949,"minX":-113.167352,"minY":46.417049},"result":"Lewis and Clark, Montana, United States"}