{"bounds":{"maxX":-88.884376,"maxY":30.910829,"minX":-89.3407979999999,"minY":30.647582},"result":"Stone, Mississippi, United States"}