{"bounds":{"maxX":-108.08944,"maxY":45.638161,"minX":-109.797859,"minY":45.000771},"result":"Carbon, Montana, United States"}