{"bounds":{"maxX":-92.693878,"maxY":39.706879,"minX":-93.295898,"minY":39.221661},"result":"Chariton, Missouri, United States"}