{"bounds":{"maxX":-88.4501569999999,"maxY":31.89152,"minX":-88.945258,"minY":31.433282},"result":"Wayne, Mississippi, United States"}