{"bounds":{"maxX":-104.979201,"maxY":45.791568,"minX":-106.276734,"minY":44.996651},"result":"Powder River, Montana, United States"}