{"bounds":{"maxX":-91.152419,"maxY":37.79398,"minX":-91.808486,"minY":37.417882},"result":"Dent, Missouri, United States"}