{"bounds":{"maxX":-112.292558,"maxY":47.601083,"minX":-113.471817,"minY":46.26447},"result":"Powell, Montana, United States"}