{"bounds":{"maxX":-92.983802,"maxY":45.125782,"minX":-93.227189,"minY":44.892371},"result":"Ramsey, Minnesota, United States"}