{"bounds":{"maxX":-90.4526289999999,"maxY":33.986012,"minX":-90.765777,"minY":33.26949},"result":"Sunflower, Mississippi, United States"}