{"bounds":{"maxX":-89.499961,"maxY":49.383296,"minX":-97.238983,"minY":43.502103},"result":"Minnesota, United States"}