{"bounds":{"maxX":-91.116386,"maxY":36.88729,"minX":-91.678749,"minY":36.497291},"result":"Oregon, Missouri, United States"}