{"bounds":{"maxX":-67.753456,"maxY":47.457641,"minX":-70.022055,"minY":45.572632},"result":"Aroostook, Maine, United States"}