{"bounds":{"maxX":-89.73056,"maxY":32.88234,"minX":-90.4522709999999,"minY":32.398282},"result":"Madison, Mississippi, United States"}