{"bounds":{"maxX":-92.7339019999999,"maxY":44.925152,"minX":-93.3285059999999,"minY":44.472869},"result":"Dakota, Minnesota, United States"}