{"bounds":{"maxX":-69.928169,"maxY":45.6665,"minX":-70.835281,"minY":44.459189},"result":"Franklin, Maine, United States"}