{"bounds":{"maxX":-76.394448,"maxY":39.237549,"minX":-76.8392029999999,"minY":38.713361},"result":"Anne Arundel, Maryland, United States"}