{"bounds":{"maxX":-89.24501,"maxY":34.557621,"minX":-89.7205269999999,"minY":34.165409},"result":"Lafayette, Mississippi, United States"}