{"bounds":{"maxX":-85.763818,"maxY":42.42012,"minX":-86.363693,"minY":42.068618},"result":"Van Buren, Michigan, United States"}