{"bounds":{"maxX":-88.346124,"maxY":32.927811,"minX":-88.9169469999999,"minY":32.575329},"result":"Kemper, Mississippi, United States"}