{"bounds":{"maxX":-96.0678859999999,"maxY":47.501321,"minX":-96.868927,"minY":47.15189},"result":"Norman, Minnesota, United States"}