{"bounds":{"maxX":-84.367881,"maxY":44.5122,"minX":-84.8567189999999,"minY":44.159488},"result":"Roscommon, Michigan, United States"}