{"bounds":{"maxX":-89.310257,"maxY":30.649991,"minX":-89.689713,"minY":30.174445},"result":"Hancock, Mississippi, United States"}