{"bounds":{"maxX":-85.528474,"maxY":45.49128,"minX":-86.158783,"minY":44.772949},"result":"Leelanau, Michigan, United States"}