{"bounds":{"maxX":-93.112038,"maxY":39.61557,"minX":-93.763527,"minY":39.204551},"result":"Carroll, Missouri, United States"}