{"bounds":{"maxX":-88.227401,"maxY":47.286011,"minX":-88.992737,"minY":46.418159},"result":"Houghton, Michigan, United States"}