{"bounds":{"maxX":-94.25438,"maxY":45.327203,"minX":-94.7621389999999,"minY":44.89293},"result":"Meeker, Minnesota, United States"}