{"bounds":{"maxX":-112.184853,"maxY":49.000671,"minX":-114.06903,"minY":48.307401},"result":"Glacier, Montana, United States"}