{"bounds":{"maxX":-113.303658,"maxY":47.60135,"minX":-114.798866,"minY":46.632851},"result":"Missoula, Montana, United States"}