{"bounds":{"maxX":-77.1062929999999,"maxY":39.720481,"minX":-77.676934,"minY":39.219769},"result":"Frederick, Maryland, United States"}