{"bounds":{"maxX":-109.536018,"maxY":48.307702,"minX":-111.410507,"minY":47.416728},"result":"Chouteau, Montana, United States"}