{"bounds":{"maxX":-88.7349169999999,"maxY":34.600478,"minX":-89.246499,"minY":34.36779},"result":"Union, Mississippi, United States"}