{"bounds":{"maxX":-93.4045879999999,"maxY":44.198311,"minX":-93.7690289999999,"minY":43.849769},"result":"Waseca, Minnesota, United States"}