{"bounds":{"maxX":-89.499961,"maxY":48.246598,"minX":-91.031098,"minY":47.459733},"result":"Cook, Minnesota, United States"}