{"bounds":{"maxX":-88.0979619999999,"maxY":34.998322,"minX":-91.6542499999999,"minY":30.174445},"result":"Mississippi, United States"}