{"bounds":{"maxX":-70.445756,"maxY":41.521947,"minX":-70.951943,"minY":41.249722},"result":"Dukes, Massachusetts, United States"}