{"bounds":{"maxX":-89.0887299999999,"maxY":33.53297,"minX":-89.4528129999999,"minY":33.111209},"result":"Choctaw, Mississippi, United States"}