{"bounds":{"maxX":-92.6439809999999,"maxY":45.731749,"minX":-93.140846,"minY":45.2963},"result":"Chisago, Minnesota, United States"}