{"bounds":{"maxX":-93.040558,"maxY":44.546613,"minX":-93.525856,"minY":44.19783},"result":"Rice, Minnesota, United States"}