{"bounds":{"maxX":-92.4506689999999,"maxY":43.851779,"minX":-93.0504989999999,"minY":43.502591},"result":"Mower, Minnesota, United States"}