{"bounds":{"maxX":-89.9246669999999,"maxY":38.12394,"minX":-90.457413,"minY":37.670082},"result":"Ste. Genevieve, Missouri, United States"}