{"bounds":{"maxX":-84.85096,"maxY":45.208043,"minX":-85.44426,"minY":44.814381},"result":"Antrim, Michigan, United States"}