{"bounds":{"maxX":-85.783897,"maxY":43.20502,"minX":-86.269751,"minY":42.767102},"result":"Ottawa, Michigan, United States"}