{"bounds":{"maxX":-91.6554399999999,"maxY":37.059558,"minX":-92.1229709999999,"minY":36.496831},"result":"Howell, Missouri, United States"}