{"bounds":{"maxX":-83.084267,"maxY":42.888432,"minX":-83.690171,"minY":42.43124},"result":"Oakland, Michigan, United States"}