{"bounds":{"maxX":-94.990989,"maxY":40.261719,"minX":-95.552559,"minY":39.863139},"result":"Holt, Missouri, United States"}