{"bounds":{"maxX":-69.267388,"maxY":46.573619,"minX":-70.552285,"minY":44.57713},"result":"Somerset, Maine, United States"}