{"bounds":{"maxX":-93.76197,"maxY":40.134491,"minX":-94.220368,"minY":39.785079},"result":"Daviess, Missouri, United States"}