{"bounds":{"maxX":-88.0979619999999,"maxY":34.998199,"minX":-88.3663559999999,"minY":34.465882},"result":"Tishomingo, Mississippi, United States"}