{"bounds":{"maxX":-95.759452,"maxY":46.10904,"minX":-96.266747,"minY":45.75999},"result":"Grant, Minnesota, United States"}