{"bounds":{"maxX":-107.82653,"maxY":47.59618,"minX":-108.735442,"minY":46.748082},"result":"Petroleum, Montana, United States"}