{"bounds":{"maxX":-84.131858,"maxY":42.42419,"minX":-84.720657,"minY":42.070888},"result":"Jackson, Michigan, United States"}