{"bounds":{"maxX":-93.1704339999999,"maxY":45.245842,"minX":-93.770186,"minY":44.78738},"result":"Hennepin, Minnesota, United States"}