{"bounds":{"maxX":-91.730447,"maxY":43.850849,"minX":-92.450722,"minY":43.502103},"result":"Fillmore, Minnesota, United States"}