{"bounds":{"maxX":-93.7637319999999,"maxY":40.576912,"minX":-94.233963,"minY":40.132599},"result":"Harrison, Missouri, United States"}