{"bounds":{"maxX":-82.72763,"maxY":42.89666,"minX":-83.102471,"minY":42.446332},"result":"Macomb, Michigan, United States"}