{"bounds":{"maxX":-92.4055329999999,"maxY":38.274682,"minX":-93.082801,"minY":37.799129},"result":"Camden, Missouri, United States"}