{"bounds":{"maxX":-83.1908809999999,"maxY":45.208679,"minX":-83.889985,"minY":44.855283},"result":"Alpena, Michigan, United States"}