{"bounds":{"maxX":-85.542069,"maxY":42.769019,"minX":-86.274529,"minY":42.418461},"result":"Allegan, Michigan, United States"}