{"bounds":{"maxX":-92.345818,"maxY":40.347011,"minX":-92.857276,"minY":40.039161},"result":"Adair, Missouri, United States"}