{"bounds":{"maxX":-83.694046,"maxY":43.568932,"minX":-84.3718259999999,"minY":43.128079},"result":"Saginaw, Michigan, United States"}