{"bounds":{"maxX":-88.8130869999999,"maxY":33.289121,"minX":-89.319741,"minY":32.916031},"result":"Winston, Mississippi, United States"}