{"bounds":{"maxX":-90.201974,"maxY":34.892871,"minX":-90.58973,"minY":34.427091},"result":"Tunica, Mississippi, United States"}