{"bounds":{"maxX":-66.9488919999999,"maxY":47.457641,"minX":-71.0817939999999,"minY":42.976945},"result":"Maine, United States"}