{"bounds":{"maxX":-85.561989,"maxY":44.1662,"minX":-86.041282,"minY":43.813611},"result":"Lake, Michigan, United States"}