{"bounds":{"maxX":-93.4958809999999,"maxY":38.938141,"minX":-94.130782,"minY":38.559139},"result":"Johnson, Missouri, United States"}