{"bounds":{"maxX":-88.20118,"maxY":34.091732,"minX":-88.722168,"minY":33.649151},"result":"Monroe, Mississippi, United States"}