{"bounds":{"maxX":-94.248032,"maxY":43.850141,"minX":-94.857719,"minY":43.503343},"result":"Martin, Minnesota, United States"}