{"bounds":{"maxX":-104.729706,"maxY":46.86084,"minX":-106.193413,"minY":45.785462},"result":"Custer, Montana, United States"}