{"bounds":{"maxX":-93.525093,"maxY":44.546613,"minX":-94.0195629999999,"minY":44.197139},"result":"Le Sueur, Minnesota, United States"}