{"bounds":{"maxX":-93.767884,"maxY":44.264301,"minX":-94.3710619999999,"minY":43.849972},"result":"Blue Earth, Minnesota, United States"}