{"bounds":{"maxX":-106.26426,"maxY":46.042899,"minX":-108.699172,"minY":44.9972},"result":"Big Horn, Montana, United States"}