{"bounds":{"maxX":-75.888528,"maxY":38.949482,"minX":-76.3749089999999,"minY":38.578418},"result":"Talbot, Maryland, United States"}