{"bounds":{"maxX":-93.5093229999999,"maxY":45.56044,"minX":-94.1475379999999,"minY":45.24538},"result":"Sherburne, Minnesota, United States"}