{"bounds":{"maxX":-86.224053,"maxY":42.245331,"minX":-86.826186,"minY":41.759929},"result":"Berrien, Michigan, United States"}