{"bounds":{"maxX":-94.2110279999999,"maxY":39.456102,"minX":-94.608291,"minY":39.114411},"result":"Clay, Missouri, United States"}