{"bounds":{"maxX":-82.5009229999999,"maxY":43.690578,"minX":-83.12172,"minY":43.154521},"result":"Sanilac, Michigan, United States"}