{"bounds":{"maxX":-69.927499,"maxY":42.082222,"minX":-70.6879509999999,"minY":41.515},"result":"Barnstable, Massachusetts, United States"}