{"bounds":{"maxX":-85.758231,"maxY":42.071601,"minX":-86.225541,"minY":41.761452},"result":"Cass, Michigan, United States"}