{"bounds":{"maxX":-96.0746609999999,"maxY":44.631672,"minX":-96.45375,"minY":44.198331},"result":"Lincoln, Minnesota, United States"}