{"bounds":{"maxX":-88.7187259999999,"maxY":34.996891,"minX":-89.08834,"minY":34.598819},"result":"Tippah, Mississippi, United States"}