{"bounds":{"maxX":-76.381111,"maxY":38.767682,"minX":-76.70111,"minY":38.316169},"result":"Calvert, Maryland, United States"}