{"bounds":{"maxX":-112.559037,"maxY":46.26979,"minX":-113.522172,"minY":45.748971},"result":"Deer Lodge, Montana, United States"}