{"bounds":{"maxX":-89.3185809999999,"maxY":33.287589,"minX":-89.967856,"minY":32.875501},"result":"Attala, Mississippi, United States"}