{"bounds":{"maxX":-87.9917589999999,"maxY":46.967221,"minX":-88.682,"minY":46.4189},"result":"Baraga, Michigan, United States"}