{"bounds":{"maxX":-108.841737,"maxY":46.132759,"minX":-110.058968,"minY":45.166519},"result":"Stillwater, Montana, United States"}