{"bounds":{"maxX":-89.668084,"maxY":34.77478,"minX":-90.2440789999999,"minY":34.556172},"result":"Tate, Mississippi, United States"}