{"bounds":{"maxX":-85.2913369999999,"maxY":42.07172,"minX":-85.788514,"minY":41.760262},"result":"St. Joseph, Michigan, United States"}