{"bounds":{"maxX":-94.36724,"maxY":44.497711,"minX":-95.1062019999999,"minY":44.10888},"result":"Brown, Minnesota, United States"}