{"bounds":{"maxX":-91.4204109999999,"maxY":40.614028,"minX":-91.95253,"minY":40.247892},"result":"Clark, Missouri, United States"}