{"bounds":{"maxX":-93.7598189999999,"maxY":45.826179,"minX":-94.3512719999999,"minY":45.558861},"result":"Benton, Minnesota, United States"}