{"bounds":{"maxX":-93.018594,"maxY":45.41626,"minX":-93.513831,"minY":45.03732},"result":"Anoka, Minnesota, United States"}