{"bounds":{"maxX":-84.3649359999999,"maxY":43.119869,"minX":-84.839302,"minY":42.769261},"result":"Clinton, Michigan, United States"}