{"bounds":{"maxX":-91.6326599999999,"maxY":39.064961,"minX":-92.2230749999999,"minY":38.557393},"result":"Callaway, Missouri, United States"}