{"bounds":{"maxX":-94.655403,"maxY":47.412361,"minX":-95.1827469999999,"minY":46.804142},"result":"Hubbard, Minnesota, United States"}