{"bounds":{"maxX":-84.7116389999999,"maxY":42.42205,"minX":-85.297921,"minY":42.070888},"result":"Calhoun, Michigan, United States"}