{"bounds":{"maxX":-82.4193799999999,"maxY":48.240132,"minX":-90.418708,"minY":41.695801},"result":"Michigan, United States"}