{"bounds":{"maxX":-75.0500019999999,"maxY":39.724009,"minX":-79.487153,"minY":37.912224},"result":"Maryland, United States"}