{"bounds":{"maxX":-104.039712,"maxY":46.136902,"minX":-105.039436,"minY":44.998451},"result":"Carter, Montana, United States"}