{"bounds":{"maxX":-84.140168,"maxY":42.777919,"minX":-84.6061779999999,"minY":42.42146},"result":"Ingham, Michigan, United States"}