{"bounds":{"maxX":-83.6989369999999,"maxY":43.99614,"minX":-84.170196,"minY":43.478012},"result":"Bay, Michigan, United States"}