{"bounds":{"maxX":-89.016899,"maxY":34.996182,"minX":-89.3541559999999,"minY":34.5857},"result":"Benton, Mississippi, United States"}