{"bounds":{"maxX":-94.7311789999999,"maxY":46.80721,"minX":-95.164254,"minY":46.36975},"result":"Wadena, Minnesota, United States"}