{"bounds":{"maxX":-89.323502,"maxY":32.634411,"minX":-89.78514,"minY":32.221038},"result":"Scott, Mississippi, United States"}