{"bounds":{"maxX":-93.515778,"maxY":45.427489,"minX":-94.261513,"minY":44.978889},"result":"Wright, Minnesota, United States"}