{"bounds":{"maxX":-89.348517,"maxY":31.43431,"minX":-89.6535729999999,"minY":30.982489},"result":"Lamar, Mississippi, United States"}