{"bounds":{"maxX":-69.9596779999999,"maxY":41.390279,"minX":-70.310555,"minY":41.238335},"result":"Nantucket, Massachusetts, United States"}