{"bounds":{"maxX":-92.8533629999999,"maxY":40.387931,"minX":-93.37046,"minY":40.03347},"result":"Sullivan, Missouri, United States"}