{"bounds":{"maxX":-71.477837,"maxY":42.72293,"minX":-72.3149119999999,"minY":42.008893},"result":"Worcester, Massachusetts, United States"}