{"bounds":{"maxX":-88.3657679999999,"maxY":34.998322,"minX":-88.824754,"minY":34.758721},"result":"Alcorn, Mississippi, United States"}