{"bounds":{"maxX":-89.3402619999999,"maxY":31.013969,"minX":-89.8507769999999,"minY":30.45902},"result":"Pearl River, Mississippi, United States"}