{"bounds":{"maxX":-109.745118,"maxY":47.417419,"minX":-110.789094,"minY":46.67701},"result":"Judith Basin, Montana, United States"}