{"bounds":{"maxX":-69.290916,"maxY":44.342721,"minX":-69.800697,"minY":43.750832},"result":"Lincoln, Maine, United States"}