{"bounds":{"maxX":-94.6061779999999,"maxY":40.130051,"minX":-95.060348,"minY":39.819291},"result":"Andrew, Missouri, United States"}