{"bounds":{"maxX":-75.309411,"maxY":38.562241,"minX":-75.918777,"minY":38.227543},"result":"Wicomico, Maryland, United States"}