{"bounds":{"maxX":-91.948029,"maxY":40.30825,"minX":-92.352493,"minY":39.950989},"result":"Knox, Missouri, United States"}