{"bounds":{"maxX":-69.993767,"maxY":44.487072,"minX":-70.485137,"minY":43.90657},"result":"Androscoggin, Maine, United States"}