{"bounds":{"maxX":-95.54644,"maxY":47.501672,"minX":-96.0682909999999,"minY":47.15094},"result":"Mahnomen, Minnesota, United States"}