{"bounds":{"maxX":-93.0588519999999,"maxY":37.429982,"minX":-93.625762,"minY":37.090211},"result":"Greene, Missouri, United States"}