{"bounds":{"maxX":-93.775994,"maxY":46.805993,"minX":-94.394401,"minY":46.15511},"result":"Crow Wing, Minnesota, United States"}