{"bounds":{"maxX":-83.766251,"maxY":42.082279,"minX":-84.366571,"minY":41.708161},"result":"Lenawee, Michigan, United States"}