{"bounds":{"maxX":-106.085327,"maxY":47.982861,"minX":-107.964759,"minY":46.84446},"result":"Garfield, Montana, United States"}