{"bounds":{"maxX":-104.599739,"maxY":47.18264,"minX":-106.087615,"minY":46.539951},"result":"Prairie, Montana, United States"}