{"bounds":{"maxX":-69.927499,"maxY":42.886661,"minX":-73.508408,"minY":41.238335},"result":"Massachusetts, United States"}