{"bounds":{"maxX":-92.1057519999999,"maxY":39.24904,"minX":-92.5718009999999,"minY":38.6431},"result":"Boone, Missouri, United States"}