{"bounds":{"maxX":-91.155295,"maxY":31.750761,"minX":-91.6542499999999,"minY":31.183151},"result":"Adams, Mississippi, United States"}