{"bounds":{"maxX":-85.8159709999999,"maxY":44.77779,"minX":-86.2581319999999,"minY":44.511701},"result":"Benzie, Michigan, United States"}