{"bounds":{"maxX":-89.540947,"maxY":36.427479,"minX":-89.9617069999999,"minY":35.999432},"result":"Pemiscot, Missouri, United States"}