{"bounds":{"maxX":-110.78251,"maxY":46.193329,"minX":-111.804071,"minY":44.477231},"result":"Gallatin, Montana, United States"}