{"bounds":{"maxX":-68.553802,"maxY":44.364842,"minX":-69.451606,"minY":43.78194},"result":"Knox, Maine, United States"}