{"bounds":{"maxX":-89.7292859999999,"maxY":32.591721,"minX":-90.250617,"minY":32.046891},"result":"Rankin, Mississippi, United States"}