{"bounds":{"maxX":-95.5817029999999,"maxY":48.174251,"minX":-96.505028,"minY":47.933429},"result":"Pennington, Minnesota, United States"}