{"bounds":{"maxX":-94.054581,"maxY":37.364119,"minX":-94.618713,"minY":37.04927},"result":"Jasper, Missouri, United States"}