{"bounds":{"maxX":-93.604926,"maxY":37.290118,"minX":-94.062148,"minY":36.923672},"result":"Lawrence, Missouri, United States"}