{"bounds":{"maxX":-89.506546,"maxY":33.897178,"minX":-90.1377019999999,"minY":33.67715},"result":"Grenada, Mississippi, United States"}