{"bounds":{"maxX":-93.278221,"maxY":44.81393,"minX":-93.9116519999999,"minY":44.544621},"result":"Scott, Minnesota, United States"}