{"bounds":{"maxX":-88.7212059999999,"maxY":34.07787,"minX":-89.1906119999999,"minY":33.73817},"result":"Chickasaw, Mississippi, United States"}