{"bounds":{"maxX":-89.246246,"maxY":34.996091,"minX":-89.724547,"minY":34.496212},"result":"Marshall, Mississippi, United States"}