{"bounds":{"maxX":-83.4540709999999,"maxY":43.223499,"minX":-83.931794,"minY":42.78119},"result":"Genesee, Michigan, United States"}