{"bounds":{"maxX":-93.05384,"maxY":38.945869,"minX":-93.512977,"minY":38.507701},"result":"Pettis, Missouri, United States"}