{"bounds":{"maxX":-108.312141,"maxY":47.805701,"minX":-110.21038,"minY":46.692989},"result":"Fergus, Montana, United States"}