{"bounds":{"maxX":-94.494767,"maxY":44.894192,"minX":-95.481612,"minY":44.456641},"result":"Renville, Minnesota, United States"}