{"bounds":{"maxX":-94.2155069999999,"maxY":40.38538,"minX":-94.6109779999999,"minY":40.033322},"result":"Gentry, Missouri, United States"}