{"bounds":{"maxX":-93.050246,"maxY":43.851779,"minX":-93.648522,"minY":43.50317},"result":"Freeborn, Minnesota, United States"}