{"bounds":{"maxX":-95.4621959999999,"maxY":44.198689,"minX":-96.0656519999999,"minY":43.850749},"result":"Murray, Minnesota, United States"}