{"bounds":{"maxX":-88.9878689999999,"maxY":46.767749,"minX":-90.418708,"minY":46.097081},"result":"Gogebic, Michigan, United States"}