{"bounds":{"maxX":-104.043908,"maxY":46.68475,"minX":-104.90641,"minY":45.879941},"result":"Fallon, Montana, United States"}