{"bounds":{"maxX":-91.016922,"maxY":37.425362,"minX":-91.657257,"minY":36.885742},"result":"Shannon, Missouri, United States"}