{"bounds":{"maxX":-91.024598,"maxY":48.20491,"minX":-91.802568,"minY":46.931049},"result":"Lake, Minnesota, United States"}