{"bounds":{"maxX":-113.517951,"maxY":46.661942,"minX":-114.567712,"minY":45.458691},"result":"Ravalli, Montana, United States"}