{"bounds":{"maxX":-94.0747059999999,"maxY":37.653861,"minX":-94.617387,"minY":37.34866},"result":"Barton, Missouri, United States"}