{"bounds":{"maxX":-110.635109,"maxY":47.69912,"minX":-112.045593,"minY":46.81876},"result":"Cascade, Montana, United States"}