{"bounds":{"maxX":-88.9096539999999,"maxY":32.22581,"minX":-89.323502,"minY":31.799949},"result":"Jasper, Mississippi, United States"}