{"bounds":{"maxX":-88.3882829999999,"maxY":32.577789,"minX":-88.913512,"minY":32.22581},"result":"Lauderdale, Mississippi, United States"}