{"bounds":{"maxX":-92.302567,"maxY":39.61108,"minX":-92.708321,"minY":39.246663},"result":"Randolph, Missouri, United States"}