{"bounds":{"maxX":-89.9533089999999,"maxY":36.630199,"minX":-90.377326,"minY":35.99509},"result":"Dunklin, Missouri, United States"}