{"bounds":{"maxX":-104.970901,"maxY":49.001041,"minX":-106.152626,"minY":48.563382},"result":"Daniels, Montana, United States"}