{"bounds":{"maxX":-92.0880129999999,"maxY":37.072281,"minX":-92.907096,"minY":36.791229},"result":"Douglas, Missouri, United States"}