{"bounds":{"maxX":-91.2621779999999,"maxY":39.149471,"minX":-91.646941,"minY":38.67797},"result":"Montgomery, Missouri, United States"}