{"bounds":{"maxX":-87.5880579999999,"maxY":48.240132,"minX":-89.258767,"minY":47.199039},"result":"Keweenaw, Michigan, United States"}