{"bounds":{"maxX":-90.659576,"maxY":37.100793,"minX":-91.224458,"minY":36.810921},"result":"Carter, Missouri, United States"}