{"bounds":{"maxX":-94.757599,"maxY":45.414008,"minX":-95.2549129999999,"minY":44.892471},"result":"Kandiyohi, Minnesota, United States"}