{"bounds":{"maxX":-92.288308,"maxY":46.769328,"minX":-93.0622549999999,"minY":46.41758},"result":"Carlton, Minnesota, United States"}