{"bounds":{"maxX":-90.140344,"maxY":37.64415,"minX":-90.5498729999999,"minY":37.311711},"result":"Madison, Missouri, United States"}