{"bounds":{"maxX":-111.408531,"maxY":48.48389,"minX":-113.35585,"minY":47.984101},"result":"Pondera, Montana, United States"}