{"bounds":{"maxX":-85.790046,"maxY":43.472062,"minX":-86.459708,"minY":43.11718},"result":"Muskegon, Michigan, United States"}