{"bounds":{"maxX":-83.884467,"maxY":44.50745,"minX":-84.372986,"minY":44.16127},"result":"Ogemaw, Michigan, United States"}