{"bounds":{"maxX":-69.857568,"maxY":44.171041,"minX":-70.8668279999999,"minY":43.501198},"result":"Cumberland, Maine, United States"}