{"bounds":{"maxX":-92.243377,"maxY":44.71574,"minX":-93.0406189999999,"minY":44.19716},"result":"Goodhue, Minnesota, United States"}