{"bounds":{"maxX":-68.803329,"maxY":44.754531,"minX":-69.507392,"minY":44.170833},"result":"Waldo, Maine, United States"}