{"bounds":{"maxX":-93.7693859999999,"maxY":47.47966,"minX":-94.785637,"minY":46.276969},"result":"Cass, Minnesota, United States"}