{"bounds":{"maxX":-84.8486849999999,"maxY":44.858392,"minX":-85.336295,"minY":44.5097},"result":"Kalkaska, Michigan, United States"}