{"bounds":{"maxX":-92.852388,"maxY":39.411752,"minX":-93.498862,"minY":38.932338},"result":"Saline, Missouri, United States"}