{"bounds":{"maxX":-90.7319249999999,"maxY":38.708192,"minX":-91.368636,"minY":38.20721},"result":"Franklin, Missouri, United States"}