{"bounds":{"maxX":-84.837631,"maxY":43.12082,"minX":-85.31359,"minY":42.769402},"result":"Ionia, Michigan, United States"}