{"bounds":{"maxX":-84.167381,"maxY":44.16158,"minX":-84.610108,"minY":43.813629},"result":"Gladwin, Michigan, United States"}