{"bounds":{"maxX":-91.789321,"maxY":48.631298,"minX":-93.096643,"minY":46.650692},"result":"St. Louis, Minnesota, United States"}