{"bounds":{"maxX":-113.031517,"maxY":46.8338,"minX":-113.877776,"minY":45.938431},"result":"Granite, Montana, United States"}