{"bounds":{"maxX":-82.983887,"maxY":43.326739,"minX":-83.460899,"minY":42.879821},"result":"Lapeer, Michigan, United States"}