{"bounds":{"maxX":-76.3218009999999,"maxY":39.721341,"minX":-76.896988,"minY":39.195027},"result":"Baltimore, Maryland, United States"}