{"bounds":{"maxX":-93.616226,"maxY":37.582249,"minX":-94.086426,"minY":37.281699},"result":"Dade, Missouri, United States"}