{"bounds":{"maxX":-96.1729129999999,"maxY":47.152241,"minX":-96.8383469999999,"minY":46.63049},"result":"Clay, Minnesota, United States"}