{"bounds":{"maxX":-111.268829,"maxY":49.000142,"minX":-112.196374,"minY":48.218029},"result":"Toole, Montana, United States"}