{"bounds":{"maxX":-87.1178199999999,"maxY":46.968769,"minX":-88.1184929999999,"minY":45.9841},"result":"Marquette, Michigan, United States"}