{"bounds":{"maxX":-91.181473,"maxY":39.68758,"minX":-91.7199009999999,"minY":39.321769},"result":"Ralls, Missouri, United States"}