{"bounds":{"maxX":-85.8640359999999,"maxY":46.692519,"minX":-87.1190099999999,"minY":46.157761},"result":"Alger, Michigan, United States"}