{"bounds":{"maxX":-89.967856,"maxY":33.022592,"minX":-90.758315,"minY":32.504088},"result":"Yazoo, Mississippi, United States"}