{"bounds":{"maxX":-90.715087,"maxY":32.226902,"minX":-91.252282,"minY":31.784711},"result":"Claiborne, Mississippi, United States"}