{"bounds":{"maxX":-89.9234999999999,"maxY":34.167413,"minX":-90.452729,"minY":33.69519},"result":"Tallahatchie, Mississippi, United States"}