{"bounds":{"maxX":-70.572503,"maxY":42.886661,"minX":-71.256401,"minY":42.414445},"result":"Essex, Massachusetts, United States"}