{"bounds":{"maxX":-89.507286,"maxY":34.195708,"minX":-89.9301369999999,"minY":33.867722},"result":"Yalobusha, Mississippi, United States"}