{"bounds":{"maxX":-93.049476,"maxY":47.031588,"minX":-93.811416,"minY":46.15406},"result":"Aitkin, Minnesota, United States"}