{"bounds":{"maxX":-95.092887,"maxY":49.000591,"minX":-96.406602,"minY":48.54052},"result":"Roseau, Minnesota, United States"}