{"bounds":{"maxX":-90.5348959999999,"maxY":37.743573,"minX":-91.153832,"minY":37.27307},"result":"Iron, Missouri, United States"}