{"bounds":{"maxX":-91.8408889999999,"maxY":39.95425,"minX":-92.2995759999999,"minY":39.605412},"result":"Shelby, Missouri, United States"}