{"bounds":{"maxX":-96.052558,"maxY":43.85273,"minX":-96.454087,"minY":43.502632},"result":"Rock, Minnesota, United States"}