{"bounds":{"maxX":-75.0500019999999,"maxY":38.451759,"minX":-75.661239,"minY":37.995479},"result":"Worcester, Maryland, United States"}