{"bounds":{"maxX":-91.2175589999999,"maxY":43.851009,"minX":-91.730622,"minY":43.50229},"result":"Houston, Minnesota, United States"}