{"bounds":{"maxX":-90.6345219999999,"maxY":31.611191,"minX":-91.1585449999999,"minY":31.320711},"result":"Franklin, Mississippi, United States"}