{"bounds":{"maxX":-84.372918,"maxY":44.857979,"minX":-84.853348,"minY":44.50745},"result":"Crawford, Michigan, United States"}