{"bounds":{"maxX":-91.092507,"maxY":38.21643,"minX":-91.536018,"minY":37.698268},"result":"Crawford, Missouri, United States"}