{"bounds":{"maxX":-83.316176,"maxY":44.512002,"minX":-83.886108,"minY":44.162022},"result":"Iosco, Michigan, United States"}