{"bounds":{"maxX":-94.064042,"maxY":38.84628,"minX":-94.612343,"minY":38.444938},"result":"Cass, Missouri, United States"}