{"bounds":{"maxX":-84.827264,"maxY":42.073429,"minX":-85.293618,"minY":41.76049},"result":"Branch, Michigan, United States"}