{"bounds":{"maxX":-108.777764,"maxY":46.752431,"minX":-109.651862,"minY":46.04467},"result":"Golden Valley, Montana, United States"}