{"bounds":{"maxX":-104.039712,"maxY":49.001461,"minX":-116.050743,"minY":44.357688},"result":"Montana, United States"}