{"bounds":{"maxX":-104.044808,"maxY":48.565212,"minX":-105.843078,"minY":48.00052},"result":"Roosevelt, Montana, United States"}