{"bounds":{"maxX":-91.436967,"maxY":40.25885,"minX":-91.9548569999999,"minY":39.947948},"result":"Lewis, Missouri, United States"}