{"bounds":{"maxX":-93.4810419999999,"maxY":39.29142,"minX":-94.118302,"minY":38.909118},"result":"Lafayette, Missouri, United States"}