{"bounds":{"maxX":-94.0674519999999,"maxY":36.7664,"minX":-94.6196199999999,"minY":36.498371},"result":"McDonald, Missouri, United States"}