{"bounds":{"maxX":-90.1083609999999,"maxY":32.051671,"minX":-90.738412,"minY":31.684611},"result":"Copiah, Mississippi, United States"}