{"bounds":{"maxX":-89.100586,"maxY":40.614028,"minX":-95.7744059999999,"minY":35.99509},"result":"Missouri, United States"}