{"bounds":{"maxX":-76.0599989999999,"maxY":39.721851,"minX":-76.5698159999999,"minY":39.274165},"result":"Harford, Maryland, United States"}