{"bounds":{"maxX":-108.238427,"maxY":49.001049,"minX":-109.553338,"minY":47.722629},"result":"Blaine, Montana, United States"}