{"bounds":{"maxX":-90.118478,"maxY":38.895329,"minX":-90.735832,"minY":38.387162},"result":"St. Louis, Missouri, United States"}