{"bounds":{"maxX":-105.802673,"maxY":49.000086,"minX":-107.414275,"minY":47.660363},"result":"Valley, Montana, United States"}