{"bounds":{"maxX":-86.037972,"maxY":44.179699,"minX":-86.5185329999999,"minY":43.81406},"result":"Mason, Michigan, United States"}