{"bounds":{"maxX":-114.189202,"maxY":48.263801,"minX":-116.04837,"minY":47.119941},"result":"Sanders, Montana, United States"}