{"bounds":{"maxX":-75.709481,"maxY":39.14402,"minX":-76.0143659999999,"minY":38.637101},"result":"Caroline, Maryland, United States"}