{"bounds":{"maxX":-83.2727429999999,"maxY":44.859119,"minX":-83.889985,"minY":44.506999},"result":"Alcona, Michigan, United States"}