{"bounds":{"maxX":-95.5498489999999,"maxY":48.17543,"minX":-97.147186,"minY":47.500012},"result":"Polk, Minnesota, United States"}