{"bounds":{"maxX":-94.0462719999999,"maxY":45.777038,"minX":-95.1397939999999,"minY":45.283619},"result":"Stearns, Minnesota, United States"}