{"bounds":{"maxX":-93.5227429999999,"maxY":44.979562,"minX":-94.013612,"minY":44.635301},"result":"Carver, Minnesota, United States"}