{"bounds":{"maxX":-90.1342769999999,"maxY":36.928169,"minX":-90.6797099999999,"minY":36.49638},"result":"Butler, Missouri, United States"}