{"bounds":{"maxX":-111.658546,"maxY":46.572461,"minX":-112.594819,"minY":45.748519},"result":"Jefferson, Montana, United States"}