{"bounds":{"maxX":-91.367362,"maxY":38.71275,"minX":-91.6444779999999,"minY":38.157051},"result":"Gasconade, Missouri, United States"}