{"bounds":{"maxX":-95.59208,"maxY":44.63097,"minX":-96.093246,"minY":44.196442},"result":"Lyon, Minnesota, United States"}