{"bounds":{"maxX":-93.06231,"maxY":38.537651,"minX":-93.523429,"minY":38.06435},"result":"Benton, Missouri, United States"}