{"bounds":{"maxX":-88.8640819999999,"maxY":47.029419,"minX":-89.8875419999999,"minY":46.331089},"result":"Ontonagon, Michigan, United States"}