{"bounds":{"maxX":-92.0803299999999,"maxY":44.197219,"minX":-92.68911,"minY":43.83609},"result":"Olmsted, Minnesota, United States"}