{"bounds":{"maxX":-113.595168,"maxY":48.052719,"minX":-114.605698,"minY":47.139191},"result":"Lake, Montana, United States"}