{"bounds":{"maxX":-93.7613229999999,"maxY":39.527409,"minX":-94.212662,"minY":39.13429},"result":"Ray, Missouri, United States"}