{"bounds":{"maxX":-98.2915199999999,"maxY":48.543312,"minX":-99.20327,"minY":47.915009},"result":"Ramsey, North Dakota, United States"}