{"bounds":{"maxX":-103.504256,"maxY":34.091369,"minX":-105.35357,"minY":32.518791},"result":"Chaves, New Mexico, United States"}