{"bounds":{"maxX":-77.7999409999999,"maxY":35.597821,"minX":-78.304658,"minY":35.1488},"result":"Wayne, North Carolina, United States"}