{"bounds":{"maxX":-83.484383,"maxY":35.161339,"minX":-84.0074769999999,"minY":34.987079},"result":"Clay, North Carolina, United States"}