{"bounds":{"maxX":-105.288537,"maxY":35.043611,"minX":-106.467926,"minY":34.25977},"result":"Torrance, New Mexico, United States"}