{"bounds":{"maxX":-76.265998,"maxY":43.415952,"minX":-76.739739,"minY":42.61861},"result":"Cayuga, New York, United States"}