{"bounds":{"maxX":-81.239211,"maxY":36.589013,"minX":-81.7389689999999,"minY":36.240139},"result":"Ashe, North Carolina, United States"}