{"bounds":{"maxX":-95.8401269999999,"maxY":41.19025,"minX":-96.3394079999999,"minY":40.99636},"result":"Sarpy, Nebraska, United States"}