{"bounds":{"maxX":-77.5177449999999,"maxY":34.731232,"minX":-78.2737499999999,"minY":34.293182},"result":"Pender, North Carolina, United States"}