{"bounds":{"maxX":-77.371933,"maxY":43.368691,"minX":-77.998481,"minY":42.939701},"result":"Monroe, New York, United States"}