{"bounds":{"maxX":-98.2779609999999,"maxY":40.70033,"minX":-98.7262489999999,"minY":40.3512},"result":"Adams, Nebraska, United States"}