{"bounds":{"maxX":-79.542053,"maxY":35.92088,"minX":-80.0670019999999,"minY":35.506141},"result":"Randolph, North Carolina, United States"}