{"bounds":{"maxX":-97.1146469999999,"maxY":48.543312,"minX":-98.3195709999999,"minY":48.192229},"result":"Walsh, North Dakota, United States"}