{"bounds":{"maxX":-74.87754,"maxY":39.889529,"minX":-75.4320989999999,"minY":39.51617},"result":"Gloucester, New Jersey, United States"}