{"bounds":{"maxX":-77.9068369999999,"maxY":43.13248,"minX":-78.4655529999999,"minY":42.862758},"result":"Genesee, New York, United States"}