{"bounds":{"maxX":-96.329596,"maxY":41.745461,"minX":-96.905671,"minY":41.394089},"result":"Dodge, Nebraska, United States"}