{"bounds":{"maxX":-79.848442,"maxY":35.211761,"minX":-80.3200219999999,"minY":34.808381},"result":"Anson, North Carolina, United States"}