{"bounds":{"maxX":-95.915047,"maxY":41.684009,"minX":-96.444039,"minY":41.393661},"result":"Washington, Nebraska, United States"}