{"bounds":{"maxX":-77.9958579999999,"maxY":43.37766,"minX":-78.466447,"minY":43.1301},"result":"Orleans, New York, United States"}