{"bounds":{"maxX":-99.4166039999999,"maxY":41.048112,"minX":-100.224297,"minY":40.668629},"result":"Dawson, Nebraska, United States"}