{"bounds":{"maxX":-101.404457,"maxY":41.743531,"minX":-101.986541,"minY":41.395439},"result":"Arthur, Nebraska, United States"}