{"bounds":{"maxX":-74.096626,"maxY":43.290962,"minX":-74.773926,"minY":42.98285},"result":"Fulton, New York, United States"}