{"bounds":{"maxX":-101.322419,"maxY":40.35172,"minX":-102.049263,"minY":40.00391},"result":"Dundy, Nebraska, United States"}