{"bounds":{"maxX":-95.550668,"maxY":40.562649,"minX":-96.069182,"minY":40.261719},"result":"Nemaha, Nebraska, United States"}