{"bounds":{"maxX":-105.527413,"maxY":36.999421,"minX":-107.621483,"minY":35.93029},"result":"Rio Arriba, New Mexico, United States"}