{"bounds":{"maxX":-103.030456,"maxY":47.330472,"minX":-103.671401,"minY":46.630039},"result":"Billings, North Dakota, United States"}