{"bounds":{"maxX":-103.941948,"maxY":34.781941,"minX":-104.893417,"minY":33.99694},"result":"De Baca, New Mexico, United States"}