{"bounds":{"maxX":-80.042977,"maxY":36.026939,"minX":-80.4877099999999,"minY":35.506141},"result":"Davidson, North Carolina, United States"}