{"bounds":{"maxX":-99.251519,"maxY":42.998352,"minX":-100.198548,"minY":42.71901},"result":"Keya Paha, Nebraska, United States"}