{"bounds":{"maxX":-104.845703,"maxY":33.392741,"minX":-106.374627,"minY":32.001621},"result":"Otero, New Mexico, United States"}