{"bounds":{"maxX":-99.2014619999999,"maxY":41.741323,"minX":-100.252937,"minY":41.0461},"result":"Custer, Nebraska, United States"}