{"bounds":{"maxX":-119.315484,"maxY":39.1144,"minX":-120.003113,"minY":38.53645},"result":"Douglas, Nevada, United States"}