{"bounds":{"maxX":-76.585747,"maxY":43.024749,"minX":-76.976441,"minY":42.541461},"result":"Seneca, New York, United States"}