{"bounds":{"maxX":-102.698853,"maxY":42.440219,"minX":-103.445746,"minY":42.00214},"result":"Box Butte, Nebraska, United States"}