{"bounds":{"maxX":-97.961036,"maxY":47.673801,"minX":-98.501861,"minY":47.24017},"result":"Griggs, North Dakota, United States"}