{"bounds":{"maxX":-99.266921,"maxY":47.847852,"minX":-100.070504,"minY":47.326702},"result":"Wells, North Dakota, United States"}