{"bounds":{"maxX":-103.042357,"maxY":34.954658,"minX":-103.736771,"minY":34.302169},"result":"Curry, New Mexico, United States"}