{"bounds":{"maxX":-75.461112,"maxY":36.589013,"minX":-84.3209699999999,"minY":33.841667},"result":"North Carolina, United States"}