{"bounds":{"maxX":-80.287902,"maxY":35.511292,"minX":-80.7888859999999,"minY":35.185521},"result":"Cabarrus, North Carolina, United States"}