{"bounds":{"maxX":-114.039337,"maxY":42.00031,"minX":-120.005349,"minY":35.002078},"result":"Nevada, United States"}