{"bounds":{"maxX":-82.575318,"maxY":35.42297,"minX":-83.0521699999999,"minY":35.028042},"result":"Transylvania, North Carolina, United States"}