{"bounds":{"maxX":-101.248033,"maxY":41.39594,"minX":-102.055572,"minY":41.003521},"result":"Keith, Nebraska, United States"}