{"bounds":{"maxX":-78.5359579999999,"maxY":35.58566,"minX":-79.2225569999999,"minY":35.192249},"result":"Harnett, North Carolina, United States"}