{"bounds":{"maxX":-100.841651,"maxY":42.09419,"minX":-101.425103,"minY":41.740372},"result":"Hooker, Nebraska, United States"}