{"bounds":{"maxX":-101.999466,"maxY":46.282692,"minX":-102.997062,"minY":45.943989},"result":"Adams, North Dakota, United States"}