{"bounds":{"maxX":-117.689622,"maxY":39.075278,"minX":-119.153763,"minY":37.893041},"result":"Mineral, Nevada, United States"}