{"bounds":{"maxX":-99.233033,"maxY":42.804519,"minX":-99.678413,"minY":42.08645},"result":"Rock, Nebraska, United States"}