{"bounds":{"maxX":-73.949462,"maxY":41.633709,"minX":-74.760116,"minY":41.14312},"result":"Orange, New York, United States"}