{"bounds":{"maxX":-99.6628259999999,"maxY":42.846049,"minX":-100.198548,"minY":42.085171},"result":"Brown, Nebraska, United States"}