{"bounds":{"maxX":-103.36052,"maxY":42.004002,"minX":-104.052468,"minY":41.697502},"result":"Scotts Bluff, Nebraska, United States"}