{"bounds":{"maxX":-97.832816,"maxY":42.43959,"minX":-98.3000029999999,"minY":41.915321},"result":"Antelope, Nebraska, United States"}