{"bounds":{"maxX":-81.0050209999999,"maxY":36.051182,"minX":-81.3441309999999,"minY":35.779122},"result":"Alexander, North Carolina, United States"}