{"bounds":{"maxX":-103.377899,"maxY":41.39519,"minX":-104.052842,"minY":41.001702},"result":"Kimball, Nebraska, United States"}