{"bounds":{"maxX":-102.093804,"maxY":47.012482,"minX":-103.231239,"minY":46.63052},"result":"Stark, North Dakota, United States"}