{"bounds":{"maxX":-73.89363,"maxY":41.357639,"minX":-75.567596,"minY":38.929977},"result":"New Jersey, United States"}