{"bounds":{"maxX":-74.5252609999999,"maxY":45.010991,"minX":-75.842369,"minY":44.049702},"result":"St. Lawrence, New York, United States"}