{"bounds":{"maxX":-80.9242849999999,"maxY":35.829529,"minX":-81.528748,"minY":35.546299},"result":"Catawba, North Carolina, United States"}