{"bounds":{"maxX":-73.89363,"maxY":41.134361,"minX":-74.273072,"minY":40.762222},"result":"Bergen, New Jersey, United States"}