{"bounds":{"maxX":-97.5974889999999,"maxY":41.395179,"minX":-98.2867429999999,"minY":40.872491},"result":"Merrick, Nebraska, United States"}