{"bounds":{"maxX":-97.820602,"maxY":40.351971,"minX":-98.2754909999999,"minY":40.002862},"result":"Nuckolls, Nebraska, United States"}