{"bounds":{"maxX":-117.016358,"maxY":42.00031,"minX":-119.330513,"minY":40.52436},"result":"Humboldt, Nevada, United States"}