{"bounds":{"maxX":-103.040878,"maxY":35.740762,"minX":-104.12819,"minY":34.605629},"result":"Quay, New Mexico, United States"}