{"bounds":{"maxX":-97.016487,"maxY":42.873599,"minX":-97.4864719999999,"minY":42.352919},"result":"Cedar, Nebraska, United States"}