{"bounds":{"maxX":-97.484145,"maxY":42.882251,"minX":-98.3105919999999,"minY":42.436539},"result":"Knox, Nebraska, United States"}