{"bounds":{"maxX":-82.133056,"maxY":36.084991,"minX":-82.503701,"minY":35.701481},"result":"Yancey, North Carolina, United States"}