{"bounds":{"maxX":-103.635193,"maxY":35.871712,"minX":-105.720276,"minY":35.042501},"result":"San Miguel, New Mexico, United States"}