{"bounds":{"maxX":-98.4395519999999,"maxY":47.327211,"minX":-99.482751,"minY":46.629392},"result":"Stutsman, North Dakota, United States"}