{"bounds":{"maxX":-83.156967,"maxY":35.697818,"minX":-83.9592499999999,"minY":35.279369},"result":"Swain, North Carolina, United States"}