{"bounds":{"maxX":-114.039337,"maxY":42.000271,"minX":-117.017746,"minY":40.117839},"result":"Elko, Nevada, United States"}