{"bounds":{"maxX":-119.546142,"maxY":39.24514,"minX":-120.004036,"minY":39.085079},"result":"Carson City, Nevada, United States"}