{"bounds":{"maxX":-99.878272,"maxY":46.634362,"minX":-100.661607,"minY":45.94231},"result":"Emmons, North Dakota, United States"}