{"bounds":{"maxX":-97.281562,"maxY":46.629699,"minX":-98.036637,"minY":46.280948},"result":"Ransom, North Dakota, United States"}