{"bounds":{"maxX":-79.060647,"maxY":42.570041,"minX":-79.7633299999999,"minY":41.99794},"result":"Chautauqua, New York, United States"}