{"bounds":{"maxX":-117.460181,"maxY":40.003039,"minX":-119.225807,"minY":39.073811},"result":"Churchill, Nevada, United States"}