{"bounds":{"maxX":-75.771271,"maxY":35.70549,"minX":-76.6384659999999,"minY":35.070094},"result":"Hyde, North Carolina, United States"}