{"bounds":{"maxX":-97.683006,"maxY":47.241248,"minX":-98.468467,"minY":46.629262},"result":"Barnes, North Dakota, United States"}