{"bounds":{"maxX":-78.7992849999999,"maxY":36.544738,"minX":-79.153793,"minY":36.236068},"result":"Person, North Carolina, United States"}