{"bounds":{"maxX":-77.9374999999999,"maxY":34.365903,"minX":-78.6496119999999,"minY":33.841667},"result":"Brunswick, North Carolina, United States"}