{"bounds":{"maxX":-74.551667,"maxY":39.327098,"minX":-74.972504,"minY":38.929977},"result":"Cape May, New Jersey, United States"}