{"bounds":{"maxX":-118.753891,"maxY":39.736752,"minX":-119.712432,"minY":38.41267},"result":"Lyon, Nevada, United States"}