{"bounds":{"maxX":-116.587448,"maxY":41.001141,"minX":-117.805267,"minY":39.092042},"result":"Lander, Nevada, United States"}