{"bounds":{"maxX":-78.9507379999999,"maxY":36.2443,"minX":-79.2756199999999,"minY":35.861111},"result":"Orange, North Carolina, United States"}