{"bounds":{"maxX":-97.450416,"maxY":47.674179,"minX":-97.987816,"minY":47.23935},"result":"Steele, North Dakota, United States"}