{"bounds":{"maxX":-100.968529,"maxY":48.806623,"minX":-102.235931,"minY":47.84681},"result":"Ward, North Dakota, United States"}