{"bounds":{"maxX":-80.036851,"maxY":36.26205,"minX":-80.5206229999999,"minY":35.973302},"result":"Forsyth, North Carolina, United States"}