{"bounds":{"maxX":-96.8314139999999,"maxY":47.673211,"minX":-97.475129,"minY":47.23819},"result":"Traill, North Dakota, United States"}