{"bounds":{"maxX":-71.856354,"maxY":45.010991,"minX":-79.7633299999999,"minY":40.496169},"result":"New York, United States"}