{"bounds":{"maxX":-102.828919,"maxY":48.634869,"minX":-104.047828,"minY":47.954522},"result":"Williams, North Dakota, United States"}