{"bounds":{"maxX":-80.434884,"maxY":36.28532,"minX":-80.8823619999999,"minY":36.04777},"result":"Yadkin, North Carolina, United States"}