{"bounds":{"maxX":-78.506188,"maxY":35.266492,"minX":-79.1138989999999,"minY":34.8369},"result":"Cumberland, North Carolina, United States"}