{"bounds":{"maxX":-75.2905279999999,"maxY":42.743919,"minX":-75.8896099999999,"minY":42.195},"result":"Chenango, New York, United States"}