{"bounds":{"maxX":-106.408996,"maxY":34.961751,"minX":-107.201256,"minY":34.436561},"result":"Valencia, New Mexico, United States"}