{"bounds":{"maxX":-114.046334,"maxY":40.128898,"minX":-115.908217,"minY":38.67751},"result":"White Pine, Nevada, United States"}