{"bounds":{"maxX":-96.55423,"maxY":42.09372,"minX":-97.0201489999999,"minY":41.743809},"result":"Cuming, Nebraska, United States"}