{"bounds":{"maxX":-95.3079989999999,"maxY":43.002799,"minX":-104.052842,"minY":39.99989},"result":"Nebraska, United States"}