{"bounds":{"maxX":-106.144569,"maxY":35.219719,"minX":-107.197167,"minY":34.868691},"result":"Bernalillo, New Mexico, United States"}