{"bounds":{"maxX":-97.0934829999999,"maxY":49.000608,"minX":-97.952797,"minY":48.54168},"result":"Pembina, North Dakota, United States"}