{"bounds":{"maxX":-76.6816719999999,"maxY":36.24448,"minX":-77.328887,"minY":35.811969},"result":"Bertie, North Carolina, United States"}