{"bounds":{"maxX":-103.000656,"maxY":36.999421,"minX":-109.050102,"minY":31.331899},"result":"New Mexico, United States"}