{"bounds":{"maxX":-75.354508,"maxY":42.413941,"minX":-76.126748,"minY":41.998662},"result":"Broome, New York, United States"}