{"bounds":{"maxX":-73.7721569999999,"maxY":42.465272,"minX":-74.534751,"minY":42.09682},"result":"Greene, New York, United States"}