{"bounds":{"maxX":-102.000168,"maxY":46.63083,"minX":-102.927658,"minY":46.206193},"result":"Hettinger, North Dakota, United States"}