{"bounds":{"maxX":-77.0501169999999,"maxY":35.242839,"minX":-77.7303019999999,"minY":34.785469},"result":"Jones, North Carolina, United States"}