{"bounds":{"maxX":-77.7017059999999,"maxY":36.201961,"minX":-78.259987,"minY":35.72762},"result":"Nash, North Carolina, United States"}