{"bounds":{"maxX":-73.443236,"maxY":43.804389,"minX":-74.21817,"minY":43.22504},"result":"Warren, New York, United States"}