{"bounds":{"maxX":-97.230988,"maxY":46.282669,"minX":-98.009536,"minY":45.935051},"result":"Sargent, North Dakota, United States"}