{"bounds":{"maxX":-81.979233,"maxY":36.158691,"minX":-82.4167859999999,"minY":35.825051},"result":"Mitchell, North Carolina, United States"}