{"bounds":{"maxX":-73.9124219999999,"maxY":44.999249,"minX":-74.7268749999999,"minY":44.097912},"result":"Franklin, New York, United States"}