{"bounds":{"maxX":-98.7244259999999,"maxY":40.689442,"minX":-99.180558,"minY":40.3503},"result":"Kearney, Nebraska, United States"}