{"bounds":{"maxX":-100.879517,"maxY":47.29528,"minX":-101.763671,"minY":46.981819},"result":"Oliver, North Dakota, United States"}