{"bounds":{"maxX":-77.900132,"maxY":36.546261,"minX":-78.3238689999999,"minY":36.201961},"result":"Warren, North Carolina, United States"}