{"bounds":{"maxX":-73.682541,"maxY":42.823249,"minX":-74.265227,"minY":42.406299},"result":"Albany, New York, United States"}