{"bounds":{"maxX":-73.853798,"maxY":40.739551,"minX":-74.0420379999999,"minY":40.570752},"result":"Kings, New York, United States"}