{"bounds":{"maxX":-73.581429,"maxY":43.398578,"minX":-74.161873,"minY":42.770389},"result":"Saratoga, New York, United States"}