{"bounds":{"maxX":-96.9101719999999,"maxY":41.047661,"minX":-97.368477,"minY":40.69725},"result":"Seward, Nebraska, United States"}