{"bounds":{"maxX":-102.636407,"maxY":42.005142,"minX":-103.369591,"minY":41.436039},"result":"Morrill, Nebraska, United States"}