{"bounds":{"maxX":-73.910477,"maxY":40.878583,"minX":-74.024261,"minY":40.700421},"result":"New York, New York, United States"}