{"bounds":{"maxX":-76.3519899999999,"maxY":35.982222,"minX":-76.839242,"minY":35.6977},"result":"Washington, North Carolina, United States"}