{"bounds":{"maxX":-97.828812,"maxY":41.91837,"minX":-98.2960889999999,"minY":41.480282},"result":"Boone, Nebraska, United States"}