{"bounds":{"maxX":-103.399459,"maxY":43.002799,"minX":-104.052774,"minY":42.001782},"result":"Sioux, Nebraska, United States"}