{"bounds":{"maxX":-98.7594599999999,"maxY":42.087311,"minX":-99.222045,"minY":41.73957},"result":"Garfield, Nebraska, United States"}