{"bounds":{"maxX":-81.3163299999999,"maxY":35.5766,"minX":-81.767937,"minY":35.16368},"result":"Cleveland, North Carolina, United States"}