{"bounds":{"maxX":-99.2198089999999,"maxY":42.08751,"minX":-99.68447,"minY":41.73988},"result":"Loup, Nebraska, United States"}