{"bounds":{"maxX":-104.8834,"maxY":34.349639,"minX":-106.369294,"minY":33.130803},"result":"Lincoln, New Mexico, United States"}