{"bounds":{"maxX":-107.711518,"maxY":34.584189,"minX":-109.046768,"minY":33.2042},"result":"Catron, New Mexico, United States"}