{"bounds":{"maxX":-74.384109,"maxY":40.183841,"minX":-75.0602489999999,"minY":39.540222},"result":"Burlington, New Jersey, United States"}