{"bounds":{"maxX":-101.048957,"maxY":46.717271,"minX":-102.093911,"minY":46.008389},"result":"Grant, North Dakota, United States"}