{"bounds":{"maxX":-77.724326,"maxY":42.521439,"minX":-78.310096,"minY":41.99881},"result":"Allegany, New York, United States"}