{"bounds":{"maxX":-117.300019,"maxY":40.960739,"minX":-119.338517,"minY":39.998162},"result":"Pershing, Nevada, United States"}