{"bounds":{"maxX":-102.006499,"maxY":43.00243,"minX":-102.793663,"minY":42.005101},"result":"Sheridan, Nebraska, United States"}