{"bounds":{"maxX":-105.205223,"maxY":36.997181,"minX":-106.055382,"minY":36.012168},"result":"Taos, New Mexico, United States"}