{"bounds":{"maxX":-97.368522,"maxY":42.440491,"minX":-97.8345869999999,"minY":42.091019},"result":"Pierce, Nebraska, United States"}