{"bounds":{"maxX":-80.6922529999999,"maxY":36.05598,"minX":-81.111634,"minY":35.509762},"result":"Iredell, North Carolina, United States"}