{"bounds":{"maxX":-97.823631,"maxY":40.69867,"minX":-98.279937,"minY":40.350539},"result":"Clay, Nebraska, United States"}