{"bounds":{"maxX":-81.6942359999999,"maxY":35.607583,"minX":-82.280633,"minY":35.180142},"result":"Rutherford, North Carolina, United States"}