{"bounds":{"maxX":-103.052529,"maxY":33.573821,"minX":-103.811607,"minY":31.99964},"result":"Lea, New Mexico, United States"}