{"bounds":{"maxX":-102.923348,"maxY":46.631019,"minX":-104.04522,"minY":46.279312},"result":"Slope, North Dakota, United States"}