{"bounds":{"maxX":-107.664565,"maxY":33.210151,"minX":-109.047447,"minY":31.861529},"result":"Grant, New Mexico, United States"}