{"bounds":{"maxX":-106.170777,"maxY":35.974182,"minX":-106.414726,"minY":35.753349},"result":"Los Alamos, New Mexico, United States"}