{"bounds":{"maxX":-76.889809,"maxY":42.764561,"minX":-77.36644,"minY":42.459123},"result":"Yates, New York, United States"}