{"bounds":{"maxX":-104.122558,"maxY":35.216611,"minX":-105.310485,"minY":34.34919},"result":"Guadalupe, New Mexico, United States"}