{"bounds":{"maxX":-96.555153,"maxY":49.00122,"minX":-104.049592,"minY":45.935051},"result":"North Dakota, United States"}