{"bounds":{"maxX":-74.11686,"maxY":40.90818,"minX":-74.375221,"minY":40.678279},"result":"Essex, New Jersey, United States"}