{"bounds":{"maxX":-98.30529,"maxY":42.99866,"minX":-99.2558969999999,"minY":42.762909},"result":"Boyd, Nebraska, United States"}