{"bounds":{"maxX":-77.0668709999999,"maxY":36.54617,"minX":-77.901627,"minY":36.167642},"result":"Northampton, North Carolina, United States"}