{"bounds":{"maxX":-96.9159999999999,"maxY":40.35141,"minX":-97.3711479999999,"minY":40.00249},"result":"Jefferson, Nebraska, United States"}