{"bounds":{"maxX":-117.163727,"maxY":38.473081,"minX":-118.427086,"minY":36.969822},"result":"Esmeralda, Nevada, United States"}