{"bounds":{"maxX":-98.7274639999999,"maxY":40.352631,"minX":-99.179717,"minY":40.002139},"result":"Franklin, Nebraska, United States"}