{"bounds":{"maxX":-99.6420669999999,"maxY":40.70025,"minX":-100.094628,"minY":40.349999},"result":"Gosper, Nebraska, United States"}