{"bounds":{"maxX":-100.191918,"maxY":40.351171,"minX":-100.75689,"minY":40.002761},"result":"Red Willow, Nebraska, United States"}