{"bounds":{"maxX":-101.256798,"maxY":47.575301,"minX":-102.207756,"minY":46.9809},"result":"Mercer, North Dakota, United States"}