{"bounds":{"maxX":-98.2949589999999,"maxY":42.088891,"minX":-98.760712,"minY":41.73983},"result":"Wheeler, Nebraska, United States"}