{"bounds":{"maxX":-119.275276,"maxY":39.630859,"minX":-119.714447,"minY":39.250389},"result":"Storey, Nevada, United States"}