{"bounds":{"maxX":-107.414658,"maxY":36.999351,"minX":-109.045165,"minY":36.002682},"result":"San Juan, New Mexico, United States"}