{"bounds":{"maxX":-71.160744,"maxY":43.760559,"minX":-71.731407,"minY":43.284222},"result":"Belknap, New Hampshire, United States"}