{"bounds":{"maxX":-102.022873,"maxY":49.000808,"minX":-102.941711,"minY":48.54562},"result":"Burke, North Dakota, United States"}