{"bounds":{"maxX":-96.065483,"maxY":40.52327,"minX":-96.463792,"minY":40.261651},"result":"Johnson, Nebraska, United States"}