{"bounds":{"maxX":-99.493477,"maxY":48.54367,"minX":-100.277702,"minY":47.846858},"result":"Pierce, North Dakota, United States"}