{"bounds":{"maxX":-108.205247,"maxY":32.781238,"minX":-109.050102,"minY":31.331899},"result":"Hidalgo, New Mexico, United States"}