{"bounds":{"maxX":-100.756836,"maxY":40.351009,"minX":-101.32576,"minY":40.003331},"result":"Hitchcock, Nebraska, United States"}