{"bounds":{"maxX":-95.709733,"maxY":40.784938,"minX":-96.464173,"minY":40.52211},"result":"Otoe, Nebraska, United States"}