{"bounds":{"maxX":-80.9071959999999,"maxY":36.572872,"minX":-81.3527369999999,"minY":36.370339},"result":"Alleghany, North Carolina, United States"}