{"bounds":{"maxX":-77.4874809999999,"maxY":42.98816,"minX":-78.0575489999999,"minY":42.472209},"result":"Livingston, New York, United States"}