{"bounds":{"maxX":-96.3119649999999,"maxY":41.455211,"minX":-96.9081409999999,"minY":41.014659},"result":"Saunders, Nebraska, United States"}