{"bounds":{"maxX":-74.0526819999999,"maxY":40.648892,"minX":-74.255837,"minY":40.496169},"result":"Richmond, New York, United States"}