{"bounds":{"maxX":-73.5313409999999,"maxY":41.526379,"minX":-73.9834049999999,"minY":41.321152},"result":"Putnam, New York, United States"}