{"bounds":{"maxX":-79.096177,"maxY":35.516641,"minX":-79.763603,"minY":35.039219},"result":"Moore, North Carolina, United States"}