{"bounds":{"maxX":-104.327348,"maxY":36.262921,"minX":-105.720276,"minY":35.75595},"result":"Mora, New Mexico, United States"}