{"bounds":{"maxX":-98.7496419999999,"maxY":41.740538,"minX":-99.214759,"minY":41.392619},"result":"Valley, Nebraska, United States"}