{"bounds":{"maxX":-97.8245019999999,"maxY":41.173339,"minX":-98.282927,"minY":40.698139},"result":"Hamilton, Nebraska, United States"}