{"bounds":{"maxX":-78.9076239999999,"maxY":35.876801,"minX":-79.5556569999999,"minY":35.51577},"result":"Chatham, North Carolina, United States"}