{"bounds":{"maxX":-100.077667,"maxY":47.32719,"minX":-100.959601,"minY":46.63163},"result":"Burleigh, North Dakota, United States"}