{"bounds":{"maxX":-96.3573539999999,"maxY":42.527672,"minX":-96.727447,"minY":42.277038},"result":"Dakota, Nebraska, United States"}