{"bounds":{"maxX":-96.0660779999999,"maxY":42.049671,"minX":-96.5548479999999,"minY":41.68188},"result":"Burt, Nebraska, United States"}