{"bounds":{"maxX":-76.467223,"maxY":35.331345,"minX":-76.9884499999999,"minY":34.963891},"result":"Pamlico, North Carolina, United States"}