{"bounds":{"maxX":-74.085257,"maxY":43.047402,"minX":-74.7637329999999,"minY":42.771599},"result":"Montgomery, New York, United States"}