{"bounds":{"maxX":-77.4747149999999,"maxY":35.652251,"minX":-77.8271329999999,"minY":35.347228},"result":"Greene, North Carolina, United States"}