{"bounds":{"maxX":-74.161918,"maxY":42.82801,"minX":-74.714499,"minY":42.354729},"result":"Schoharie, New York, United States"}