{"bounds":{"maxX":-79.1435319999999,"maxY":36.542721,"minX":-79.531373,"minY":36.24224},"result":"Caswell, North Carolina, United States"}