{"bounds":{"maxX":-100.250786,"maxY":41.741211,"minX":-100.713883,"minY":41.393902},"result":"Logan, Nebraska, United States"}