{"bounds":{"maxX":-73.416115,"maxY":40.918609,"minX":-73.770402,"minY":40.574834},"result":"Nassau, New York, United States"}