{"bounds":{"maxX":-103.364502,"maxY":36.219262,"minX":-104.437888,"minY":35.389438},"result":"Harding, New Mexico, United States"}