{"bounds":{"maxX":-82.1706169999999,"maxY":35.82573,"minX":-82.887222,"minY":35.421138},"result":"Buncombe, North Carolina, United States"}