{"bounds":{"maxX":-101.871132,"maxY":48.548301,"minX":-102.887123,"minY":47.7525},"result":"Mountrail, North Dakota, United States"}