{"bounds":{"maxX":-96.9121709999999,"maxY":40.698951,"minX":-97.3686069999999,"minY":40.350188},"result":"Saline, Nebraska, United States"}