{"bounds":{"maxX":-74.63166,"maxY":42.905633,"minX":-75.412163,"minY":42.314849},"result":"Otsego, New York, United States"}