{"bounds":{"maxX":-100.197189,"maxY":48.632141,"minX":-101.059327,"minY":47.847049},"result":"McHenry, North Dakota, United States"}