{"bounds":{"maxX":-77.08654,"maxY":35.832821,"minX":-77.7008969999999,"minY":35.32814},"result":"Pitt, North Carolina, United States"}