{"bounds":{"maxX":-79.4629669999999,"maxY":35.1829,"minX":-80.078475,"minY":34.804821},"result":"Richmond, North Carolina, United States"}