{"bounds":{"maxX":-73.910897,"maxY":42.180031,"minX":-74.780029,"minY":41.581601},"result":"Ulster, New York, United States"}