{"bounds":{"maxX":-74.367531,"maxY":42.018169,"minX":-75.143111,"minY":41.423012},"result":"Sullivan, New York, United States"}