{"bounds":{"maxX":-96.8863919999999,"maxY":48.193389,"minX":-97.906647,"minY":47.670651},"result":"Grand Forks, North Dakota, United States"}