{"bounds":{"maxX":-94.4307029999999,"maxY":35.63963,"minX":-95.134217,"minY":35.29042},"result":"Sequoyah, Oklahoma, United States"}