{"bounds":{"maxX":-84.2573159999999,"maxY":39.312069,"minX":-84.8199319999999,"minY":39.022332},"result":"Hamilton, Ohio, United States"}