{"bounds":{"maxX":-81.877037,"maxY":41.515788,"minX":-82.348603,"minY":41.06387},"result":"Lorain, Ohio, United States"}