{"bounds":{"maxX":-82.785926,"maxY":39.197269,"minX":-83.385713,"minY":38.948269},"result":"Pike, Ohio, United States"}