{"bounds":{"maxX":-80.820053,"maxY":39.870029,"minX":-81.319045,"minY":39.539771},"result":"Monroe, Ohio, United States"}