{"bounds":{"maxX":-95.764396,"maxY":36.425549,"minX":-96.3006349999999,"minY":35.85599},"result":"Tulsa, Oklahoma, United States"}