{"bounds":{"maxX":-97.671928,"maxY":35.725341,"minX":-98.319268,"minY":35.327431},"result":"Canadian, Oklahoma, United States"}