{"bounds":{"maxX":-116.892806,"maxY":44.445918,"minX":-118.236199,"minY":41.996479},"result":"Malheur, Oregon, United States"}