{"bounds":{"maxX":-96.7531509999999,"maxY":37.00021,"minX":-97.463065,"minY":36.592862},"result":"Kay, Oklahoma, United States"}