{"bounds":{"maxX":-95.671754,"maxY":34.68206,"minX":-96.4094689999999,"minY":34.156607},"result":"Atoka, Oklahoma, United States"}