{"bounds":{"maxX":-80.517724,"maxY":41.978248,"minX":-84.8199319999999,"minY":38.4025},"result":"Ohio, United States"}