{"bounds":{"maxX":-83.34333,"maxY":39.378552,"minX":-83.8722079999999,"minY":39.01846},"result":"Highland, Ohio, United States"}