{"bounds":{"maxX":-82.623299,"maxY":40.71222,"minX":-83.022218,"minY":40.34483},"result":"Morrow, Ohio, United States"}