{"bounds":{"maxX":-83.673125,"maxY":39.254243,"minX":-84.0528179999999,"minY":38.638721},"result":"Brown, Ohio, United States"}