{"bounds":{"maxX":-121.438713,"maxY":45.726731,"minX":-121.926567,"minY":45.258241},"result":"Hood River, Oregon, United States"}