{"bounds":{"maxX":-95.98033,"maxY":35.63767,"minX":-96.6255419999999,"minY":35.28962},"result":"Okfuskee, Oklahoma, United States"}