{"bounds":{"maxX":-82.259719,"maxY":39.396019,"minX":-82.762916,"minY":39.028301},"result":"Vinton, Ohio, United States"}