{"bounds":{"maxX":-95.207749,"maxY":36.163509,"minX":-95.8195259999999,"minY":35.76686},"result":"Wagoner, Oklahoma, United States"}