{"bounds":{"maxX":-99.3626859999999,"maxY":36.017041,"minX":-100.001542,"minY":35.420021},"result":"Roger Mills, Oklahoma, United States"}