{"bounds":{"maxX":-116.461639,"maxY":46.29218,"minX":-124.566925,"minY":41.992463},"result":"Oregon, United States"}