{"bounds":{"maxX":-96.622803,"maxY":36.245991,"minX":-97.3569489999999,"minY":35.9426},"result":"Payne, Oklahoma, United States"}