{"bounds":{"maxX":-80.517724,"maxY":41.13406,"minX":-81.086938,"minY":40.899619},"result":"Mahoning, Ohio, United States"}