{"bounds":{"maxX":-98.1387559999999,"maxY":34.508141,"minX":-98.6611799999999,"minY":34.06144},"result":"Cotton, Oklahoma, United States"}