{"bounds":{"maxX":-96.5495309999999,"maxY":34.176559,"minX":-96.971153,"minY":33.826709},"result":"Marshall, Oklahoma, United States"}