{"bounds":{"maxX":-95.000443,"maxY":37.000531,"minX":-95.4318769999999,"minY":36.51139},"result":"Craig, Oklahoma, United States"}