{"bounds":{"maxX":-98.088342,"maxY":34.858139,"minX":-98.825576,"minY":34.408329},"result":"Comanche, Oklahoma, United States"}