{"bounds":{"maxX":-94.814758,"maxY":35.457921,"minX":-95.4551989999999,"minY":35.057313},"result":"Haskell, Oklahoma, United States"}