{"bounds":{"maxX":-123.037536,"maxY":45.07576,"minX":-123.728782,"minY":44.71992},"result":"Polk, Oregon, United States"}