{"bounds":{"maxX":-82.15921,"maxY":39.661201,"minX":-82.7486259999999,"minY":39.361041},"result":"Hocking, Ohio, United States"}