{"bounds":{"maxX":-94.4739539999999,"maxY":36.162331,"minX":-94.808273,"minY":35.638141},"result":"Adair, Oklahoma, United States"}