{"bounds":{"maxX":-96.4076229999999,"maxY":34.966542,"minX":-96.934791,"minY":34.506482},"result":"Pontotoc, Oklahoma, United States"}