{"bounds":{"maxX":-83.1699829999999,"maxY":40.50687,"minX":-83.5514219999999,"minY":40.106879},"result":"Union, Ohio, United States"}