{"bounds":{"maxX":-83.8800439999999,"maxY":40.686062,"minX":-84.45591,"minY":40.354592},"result":"Auglaize, Ohio, United States"}