{"bounds":{"maxX":-82.183061,"maxY":40.277099,"minX":-82.782998,"minY":39.913428},"result":"Licking, Ohio, United States"}