{"bounds":{"maxX":-97.559883,"maxY":34.683799,"minX":-98.142243,"minY":34.290352},"result":"Stephens, Oklahoma, United States"}