{"bounds":{"maxX":-83.9768589999999,"maxY":39.589711,"minX":-84.365983,"minY":39.25544},"result":"Warren, Ohio, United States"}