{"bounds":{"maxX":-83.880912,"maxY":41.4875,"minX":-84.342683,"minY":41.166039},"result":"Henry, Ohio, United States"}