{"bounds":{"maxX":-117.265456,"maxY":45.860382,"minX":-118.69777,"minY":44.95551},"result":"Union, Oregon, United States"}