{"bounds":{"maxX":-99.663979,"maxY":35.029498,"minX":-100.00145,"minY":34.50888},"result":"Harmon, Oklahoma, United States"}