{"bounds":{"maxX":-83.494156,"maxY":40.2737,"minX":-84.0358199999999,"minY":40.01118},"result":"Champaign, Ohio, United States"}