{"bounds":{"maxX":-122.282668,"maxY":42.994918,"minX":-123.229735,"minY":42.002762},"result":"Jackson, Oregon, United States"}