{"bounds":{"maxX":-80.5179669999999,"maxY":41.502109,"minX":-81.003143,"minY":41.13332},"result":"Trumbull, Ohio, United States"}