{"bounds":{"maxX":-98.206588,"maxY":36.165643,"minX":-98.634147,"minY":35.55016},"result":"Blaine, Oklahoma, United States"}