{"bounds":{"maxX":-96.2466429999999,"maxY":36.56691,"minX":-97.033836,"minY":36.159259},"result":"Pawnee, Oklahoma, United States"}