{"bounds":{"maxX":-122.850326,"maxY":45.434261,"minX":-123.789206,"minY":45.074139},"result":"Yamhill, Oregon, United States"}