{"bounds":{"maxX":-82.284981,"maxY":38.848851,"minX":-82.8146139999999,"minY":38.4025},"result":"Lawrence, Ohio, United States"}