{"bounds":{"maxX":-99.295807,"maxY":36.999961,"minX":-100.004463,"minY":36.591611},"result":"Harper, Oklahoma, United States"}