{"bounds":{"maxX":-101.870041,"maxY":36.998988,"minX":-103.00087,"minY":36.500439},"result":"Cimarron, Oklahoma, United States"}