{"bounds":{"maxX":-98.1056579999999,"maxY":36.506962,"minX":-98.961059,"minY":36.15871},"result":"Major, Oklahoma, United States"}