{"bounds":{"maxX":-123.719146,"maxY":42.955151,"minX":-124.566925,"minY":41.99646},"result":"Curry, Oregon, United States"}