{"bounds":{"maxX":-82.0954829999999,"maxY":39.035209,"minX":-82.58252,"minY":38.583598},"result":"Gallia, Ohio, United States"}