{"bounds":{"maxX":-96.935753,"maxY":34.074951,"minX":-97.560578,"minY":33.71634},"result":"Love, Oklahoma, United States"}