{"bounds":{"maxX":-98.630546,"maxY":36.164483,"minX":-99.3820269999999,"minY":35.811089},"result":"Dewey, Oklahoma, United States"}