{"bounds":{"maxX":-122.756705,"maxY":46.1908289822482,"minX":-123.36776,"minY":45.721261},"result":"Columbia, Oregon, United States"}