{"bounds":{"maxX":-83.2678999999999,"maxY":39.055172,"minX":-83.705277,"minY":38.596371},"result":"Adams, Ohio, United States"}