{"bounds":{"maxX":-84.341582,"maxY":41.253501,"minX":-84.8047089999999,"minY":40.989041},"result":"Paulding, Ohio, United States"}