{"bounds":{"maxX":-82.829239,"maxY":41.25681,"minX":-83.421593,"minY":40.992011},"result":"Seneca, Ohio, United States"}