{"bounds":{"maxX":-83.1626669999999,"maxY":41.73384,"minX":-83.885643,"minY":41.41684},"result":"Lucas, Ohio, United States"}