{"bounds":{"maxX":-96.091156,"maxY":34.768829,"minX":-96.519111,"minY":34.415169},"result":"Coal, Oklahoma, United States"}