{"bounds":{"maxX":-97.675668,"maxY":36.16634,"minX":-98.2122259999999,"minY":35.725079},"result":"Kingfisher, Oklahoma, United States"}