{"bounds":{"maxX":-121.731972,"maxY":45.284859,"minX":-123.181397,"minY":44.68296},"result":"Marion, Oregon, United States"}