{"bounds":{"maxX":-98.0905749999999,"maxY":35.551972,"minX":-98.6216429999999,"minY":34.855653},"result":"Caddo, Oklahoma, United States"}