{"bounds":{"maxX":-83.508583,"maxY":40.039902,"minX":-84.053932,"minY":39.768902},"result":"Clark, Ohio, United States"}