{"bounds":{"maxX":-84.001717,"maxY":40.482921,"minX":-84.434227,"minY":40.1838},"result":"Shelby, Ohio, United States"}