{"bounds":{"maxX":-82.126007,"maxY":41.06601,"minX":-82.4365299999999,"minY":40.555228},"result":"Ashland, Ohio, United States"}