{"bounds":{"maxX":-118.190902,"maxY":44.04729,"minX":-119.941857,"minY":41.992962},"result":"Harney, Oregon, United States"}