{"bounds":{"maxX":-116.461639,"maxY":46.00208,"minX":-117.978233,"minY":45.080509},"result":"Wallowa, Oregon, United States"}