{"bounds":{"maxX":-97.4623559999999,"maxY":37.000351,"minX":-98.116416,"minY":36.593341},"result":"Grant, Oklahoma, United States"}