{"bounds":{"maxX":-82.858193,"maxY":40.704961,"minX":-83.420273,"minY":40.433632},"result":"Marion, Ohio, United States"}