{"bounds":{"maxX":-83.879738,"maxY":40.920711,"minX":-84.397567,"minY":40.642663},"result":"Allen, Ohio, United States"}