{"bounds":{"maxX":-97.462142,"maxY":36.593509,"minX":-98.108017,"minY":36.165162},"result":"Garfield, Oklahoma, United States"}