{"bounds":{"maxX":-119.651139,"maxY":45.068988,"minX":-120.493401,"minY":44.307221},"result":"Wheeler, Oregon, United States"}