{"bounds":{"maxX":-99.358802,"maxY":35.508529,"minX":-100.001457,"minY":35.027661},"result":"Beckham, Oklahoma, United States"}