{"bounds":{"maxX":-81.647689,"maxY":40.99207,"minX":-82.129173,"minY":40.668141},"result":"Wayne, Ohio, United States"}