{"bounds":{"maxX":-82.840233,"maxY":41.501282,"minX":-83.420059,"minY":41.25312},"result":"Sandusky, Ohio, United States"}