{"bounds":{"maxX":-95.3442459999999,"maxY":35.55217,"minX":-95.9827579999999,"minY":35.142799},"result":"McIntosh, Oklahoma, United States"}