{"bounds":{"maxX":-116.7799,"maxY":45.08146,"minX":-118.516221,"minY":44.25618},"result":"Baker, Oregon, United States"}