{"bounds":{"maxX":-81.374603,"maxY":41.63168,"minX":-81.9712509999999,"minY":41.274688},"result":"Cuyahoga, Ohio, United States"}