{"bounds":{"maxX":-123.360749,"maxY":46.29218,"minX":-124.075837,"minY":45.774319},"result":"Clatsop, Oregon, United States"}