{"bounds":{"maxX":-95.4065399999999,"maxY":37.00093,"minX":-95.810188,"minY":36.598521},"result":"Nowata, Oklahoma, United States"}