{"bounds":{"maxX":-81.086425,"maxY":40.988923,"minX":-81.6491,"minY":40.634579},"result":"Stark, Ohio, United States"}