{"bounds":{"maxX":-84.4787679999999,"maxY":39.91842,"minX":-84.814988,"minY":39.567451},"result":"Preble, Ohio, United States"}