{"bounds":{"maxX":-96.409127,"maxY":34.508832,"minX":-96.9361499999999,"minY":34.116631},"result":"Johnston, Oklahoma, United States"}