{"bounds":{"maxX":-96.8312979999999,"maxY":34.639062,"minX":-97.3529119999999,"minY":34.333648},"result":"Murray, Oklahoma, United States"}