{"bounds":{"maxX":-98.106727,"maxY":37.000321,"minX":-98.547225,"minY":36.461541},"result":"Alfalfa, Oklahoma, United States"}