{"bounds":{"maxX":-81.648902,"maxY":40.668178,"minX":-82.221154,"minY":40.443779},"result":"Holmes, Ohio, United States"}