{"bounds":{"maxX":-83.8774799999999,"maxY":41.719452,"minX":-84.3990479999999,"minY":41.485802},"result":"Fulton, Ohio, United States"}