{"bounds":{"maxX":-96.886567,"maxY":36.600071,"minX":-97.46338,"minY":36.158299},"result":"Noble, Oklahoma, United States"}