{"bounds":{"maxX":-83.1109989999999,"maxY":40.993752,"minX":-83.515824,"minY":40.687042},"result":"Wyandot, Ohio, United States"}