{"bounds":{"maxX":-81.6164699999999,"maxY":40.45654,"minX":-82.196312,"minY":40.151742},"result":"Coshocton, Ohio, United States"}