{"bounds":{"maxX":-81.6908109999999,"maxY":40.166779,"minX":-82.2342609999999,"minY":39.755651},"result":"Muskingum, Ohio, United States"}