{"bounds":{"maxX":-98.532212,"maxY":37.000759,"minX":-99.451568,"minY":36.388932},"result":"Woods, Oklahoma, United States"}