{"bounds":{"maxX":-80.702666,"maxY":40.172981,"minX":-81.237297,"minY":39.8499},"result":"Belmont, Ohio, United States"}