{"bounds":{"maxX":-81.7195819999999,"maxY":39.556019,"minX":-82.298348,"minY":39.180741},"result":"Athens, Ohio, United States"}