{"bounds":{"maxX":-94.4637519999999,"maxY":34.508,"minX":-95.156288,"minY":33.615249},"result":"McCurtain, Oklahoma, United States"}