{"bounds":{"maxX":-100.002426,"maxY":36.998829,"minX":-100.9534,"minY":36.499438},"result":"Beaver, Oklahoma, United States"}