{"bounds":{"maxX":-81.00273,"maxY":41.71503,"minX":-81.391877,"minY":41.34726},"result":"Geauga, Ohio, United States"}