{"bounds":{"maxX":-80.865128,"maxY":40.433719,"minX":-81.33966,"minY":40.15952},"result":"Harrison, Ohio, United States"}