{"bounds":{"maxX":-122.742652,"maxY":45.780541,"minX":-123.485976,"minY":45.31648},"result":"Washington, Oregon, United States"}