{"bounds":{"maxX":-100.944076,"maxY":36.998829,"minX":-102.033204,"minY":36.499771},"result":"Texas, Oklahoma, United States"}