{"bounds":{"maxX":-83.414756,"maxY":40.819991,"minX":-83.8806769999999,"minY":40.50406},"result":"Hardin, Ohio, United States"}