{"bounds":{"maxX":-94.4307029999999,"maxY":37.00093,"minX":-103.00087,"minY":33.615249},"result":"Oklahoma, United States"}