{"bounds":{"maxX":-98.9561679999999,"maxY":36.80959,"minX":-99.605004,"minY":36.15871},"result":"Woodward, Oklahoma, United States"}