{"bounds":{"maxX":-84.023246,"maxY":40.199879,"minX":-84.4323419999999,"minY":39.880101},"result":"Miami, Ohio, United States"}