{"bounds":{"maxX":-96.622803,"maxY":35.944191,"minX":-97.145203,"minY":35.460221},"result":"Lincoln, Oklahoma, United States"}