{"bounds":{"maxX":-84.426072,"maxY":40.354592,"minX":-84.8137599999999,"minY":39.91648},"result":"Darke, Ohio, United States"}