{"bounds":{"maxX":-120.375679,"maxY":44.827129,"minX":-121.857468,"minY":44.391009},"result":"Jefferson, Oregon, United States"}