{"bounds":{"maxX":-96.439262,"maxY":35.468658,"minX":-96.7787999999999,"minY":34.856553},"result":"Seminole, Oklahoma, United States"}