{"bounds":{"maxX":-81.586258,"maxY":39.77065,"minX":-82.080048,"minY":39.44905},"result":"Morgan, Ohio, United States"}