{"bounds":{"maxX":-95.003928,"maxY":36.511729,"minX":-95.4409019999999,"minY":36.07468},"result":"Mayes, Oklahoma, United States"}