{"bounds":{"maxX":-123.701339,"maxY":43.620789,"minX":-124.4795,"minY":42.665931},"result":"Coos, Oregon, United States"}