{"bounds":{"maxX":-123.598443,"maxY":45.049121,"minX":-124.115836,"minY":44.27543},"result":"Lincoln, Oregon, United States"}