{"bounds":{"maxX":-119.656548,"maxY":44.565158,"minX":-121.108239,"minY":43.694993},"result":"Crook, Oregon, United States"}