{"bounds":{"maxX":-98.6160209999999,"maxY":35.465889,"minX":-99.3631599999999,"minY":35.098073},"result":"Washita, Oklahoma, United States"}