{"bounds":{"maxX":-76.8613589999999,"maxY":40.329831,"minX":-77.618264,"minY":39.944402},"result":"Cumberland, Pennsylvania, United States"}