{"bounds":{"maxX":-79.99816,"maxY":41.490428,"minX":-80.5187079999999,"minY":41.06993},"result":"Mercer, Pennsylvania, United States"}