{"bounds":{"maxX":-76.7989259999999,"maxY":40.890079,"minX":-77.356437,"minY":40.63604},"result":"Snyder, Pennsylvania, United States"}