{"bounds":{"maxX":-78.2354589999999,"maxY":41.630372,"minX":-79.097656,"minY":41.203611},"result":"Elk, Pennsylvania, United States"}