{"bounds":{"maxX":-76.209298,"maxY":41.310921,"minX":-76.641853,"minY":40.775701},"result":"Columbia, Pennsylvania, United States"}