{"bounds":{"maxX":-77.452897,"maxY":40.290698,"minX":-78.1007069999999,"minY":39.720408},"result":"Franklin, Pennsylvania, United States"}