{"bounds":{"maxX":-78.0390399999999,"maxY":41.25501,"minX":-78.8070979999999,"minY":40.721961},"result":"Clearfield, Pennsylvania, United States"}