{"bounds":{"maxX":-75.8756779999999,"maxY":40.315819,"minX":-76.723373,"minY":39.721341},"result":"Lancaster, Pennsylvania, United States"}