{"bounds":{"maxX":-74.690033,"maxY":41.60196,"minX":-75.350884,"minY":41.081959},"result":"Pike, Pennsylvania, United States"}