{"bounds":{"maxX":-75.475747,"maxY":41.134029,"minX":-75.9977489999999,"minY":40.735093},"result":"Carbon, Pennsylvania, United States"}