{"bounds":{"maxX":-76.9370259999999,"maxY":40.695172,"minX":-77.7501599999999,"minY":40.266159},"result":"Juniata, Pennsylvania, United States"}