{"bounds":{"maxX":-75.719726,"maxY":41.653061,"minX":-76.282882,"minY":41.377841},"result":"Wyoming, Pennsylvania, United States"}