{"bounds":{"maxX":-76.151422,"maxY":40.55516,"minX":-76.6796409999999,"minY":40.196251},"result":"Lebanon, Pennsylvania, United States"}