{"bounds":{"maxX":-76.820122,"maxY":41.149219,"minX":-77.359382,"minY":40.80775},"result":"Union, Pennsylvania, United States"}