{"bounds":{"maxX":-78.351127,"maxY":40.727723,"minX":-79.057183,"minY":40.242661},"result":"Cambria, Pennsylvania, United States"}