{"bounds":{"maxX":-74.9658429999999,"maxY":41.253631,"minX":-75.647439,"minY":40.81353},"result":"Monroe, Pennsylvania, United States"}