{"bounds":{"maxX":-77.1401519999999,"maxY":41.47842,"minX":-78.092071,"minY":40.96297},"result":"Clinton, Pennsylvania, United States"}