{"bounds":{"maxX":-76.874657,"maxY":42.002411,"minX":-77.609619,"minY":41.54242},"result":"Tioga, Pennsylvania, United States"}