{"bounds":{"maxX":-76.117111,"maxY":42.002609,"minX":-76.929108,"minY":41.544738},"result":"Bradford, Pennsylvania, United States"}