{"bounds":{"maxX":-76.9580989999999,"maxY":40.071751,"minX":-77.470321,"minY":39.719428},"result":"Adams, Pennsylvania, United States"}