{"bounds":{"maxX":-78.709847,"maxY":41.376499,"minX":-79.2163169999999,"minY":40.90593},"result":"Jefferson, Pennsylvania, United States"}