{"bounds":{"maxX":-77.142723,"maxY":41.253651,"minX":-78.3763959999999,"minY":40.691822},"result":"Centre, Pennsylvania, United States"}