{"bounds":{"maxX":-74.690033,"maxY":42.26788,"minX":-80.5195629999999,"minY":39.719428},"result":"Pennsylvania, United States"}