{"bounds":{"maxX":-79.9032979999999,"maxY":40.021981,"minX":-80.5195629999999,"minY":39.721222},"result":"Greene, Pennsylvania, United States"}