{"bounds":{"maxX":-79.209128,"maxY":41.436231,"minX":-79.6995689999999,"minY":40.968639},"result":"Clarion, Pennsylvania, United States"}