{"bounds":{"maxX":-78.9185019999999,"maxY":41.998822,"minX":-79.614678,"minY":41.625278},"result":"Warren, Pennsylvania, United States"}