{"bounds":{"maxX":-80.0966579999999,"maxY":41.129181,"minX":-80.517938,"minY":40.853209},"result":"Lawrence, Pennsylvania, United States"}