{"bounds":{"maxX":-79.689568,"maxY":41.171969,"minX":-80.164772,"minY":40.668419},"result":"Butler, Pennsylvania, United States"}