{"bounds":{"maxX":-78.795823,"maxY":40.910129,"minX":-79.4596329999999,"minY":40.368629},"result":"Indiana, Pennsylvania, United States"}