{"bounds":{"maxX":-71.1206129999999,"maxY":41.678261,"minX":-71.4032979999999,"minY":41.446979},"result":"Newport, Rhode Island, United States"}