{"bounds":{"maxX":-71.1206129999999,"maxY":42.019101,"minX":-71.886963,"minY":41.146878},"result":"Rhode Island, United States"}