{"bounds":{"maxX":-79.312911,"maxY":34.311069,"minX":-80.0730139999999,"minY":33.775821},"result":"Florence, South Carolina, United States"}