{"bounds":{"maxX":-102.95761,"maxY":45.214351,"minX":-104.057129,"minY":44.571701},"result":"Butte, South Dakota, United States"}