{"bounds":{"maxX":-80.4245069999999,"maxY":32.70385,"minX":-81.0166169999999,"minY":32.077778},"result":"Beaufort, South Carolina, United States"}