{"bounds":{"maxX":-98.6993869999999,"maxY":44.897572,"minX":-99.313217,"minY":44.19587},"result":"Hand, South Dakota, United States"}