{"bounds":{"maxX":-81.6446539999999,"maxY":34.784222,"minX":-82.314378,"minY":34.203102},"result":"Laurens, South Carolina, United States"}