{"bounds":{"maxX":-78.5466699999999,"maxY":35.216109,"minX":-83.354347,"minY":32.049209},"result":"South Carolina, United States"}