{"bounds":{"maxX":-97.6048279999999,"maxY":43.850952,"minX":-97.966155,"minY":43.497841},"result":"Hanson, South Dakota, United States"}