{"bounds":{"maxX":-79.128228,"maxY":34.30069,"minX":-79.5725409999999,"minY":33.69389},"result":"Marion, South Carolina, United States"}