{"bounds":{"maxX":-97.225112,"maxY":45.58921,"minX":-97.9809119999999,"minY":45.15369},"result":"Day, South Dakota, United States"}