{"bounds":{"maxX":-82.822921,"maxY":35.057151,"minX":-83.354347,"minY":34.473259},"result":"Oconee, South Carolina, United States"}