{"bounds":{"maxX":-80.599296,"maxY":34.268638,"minX":-81.3453069999999,"minY":33.743129},"result":"Richland, South Carolina, United States"}