{"bounds":{"maxX":-79.450546,"maxY":34.808381,"minX":-79.9345929999999,"minY":34.301171},"result":"Marlboro, South Carolina, United States"}