{"bounds":{"maxX":-80.7698829999999,"maxY":34.572399,"minX":-81.427673,"minY":34.17456},"result":"Fairfield, South Carolina, United States"}