{"bounds":{"maxX":-79.894127,"maxY":34.168999,"minX":-80.640824,"minY":33.644142},"result":"Sumter, South Carolina, United States"}