{"bounds":{"maxX":-97.850587,"maxY":44.63482,"minX":-98.7069079999999,"minY":44.196412},"result":"Beadle, South Dakota, United States"}