{"bounds":{"maxX":-102.94252,"maxY":45.944001,"minX":-104.044288,"minY":45.212442},"result":"Harding, South Dakota, United States"}