{"bounds":{"maxX":-82.4760209999999,"maxY":35.086529,"minX":-82.94271,"minY":34.620731},"result":"Pickens, South Carolina, United States"}