{"bounds":{"maxX":-80.860038,"maxY":34.822509,"minX":-81.4886329999999,"minY":34.54358},"result":"Chester, South Carolina, United States"}