{"bounds":{"maxX":-78.5466699999999,"maxY":34.302269,"minX":-79.335456,"minY":33.571658},"result":"Horry, South Carolina, United States"}