{"bounds":{"maxX":-80.865242,"maxY":35.165353,"minX":-81.492767,"minY":34.820659},"result":"York, South Carolina, United States"}