{"bounds":{"maxX":-101.06611,"maxY":43.99487,"minX":-102.143441,"minY":43.388253},"result":"Jackson, South Dakota, United States"}