{"bounds":{"maxX":-82.1431959999999,"maxY":35.216109,"minX":-82.76368,"minY":34.48396},"result":"Greenville, South Carolina, United States"}