{"bounds":{"maxX":-96.4365769999999,"maxY":45.944359,"minX":-104.057129,"minY":42.481109},"result":"South Dakota, United States"}