{"bounds":{"maxX":-81.7117469999999,"maxY":35.195918,"minX":-82.226533,"minY":34.58178},"result":"Spartanburg, South Carolina, United States"}