{"bounds":{"maxX":-96.4499509999999,"maxY":43.084442,"minX":-96.806923,"minY":42.481109},"result":"Union, South Dakota, United States"}