{"bounds":{"maxX":-101.045905,"maxY":44.751179,"minX":-102.011963,"minY":43.99366},"result":"Haakon, South Dakota, United States"}