{"bounds":{"maxX":-98.7958829999999,"maxY":43.936009,"minX":-99.4686429999999,"minY":43.49955},"result":"Brule, South Dakota, United States"}