{"bounds":{"maxX":-79.660249,"maxY":34.535598,"minX":-80.2890169999999,"minY":34.08602},"result":"Darlington, South Carolina, United States"}