{"bounds":{"maxX":-99.673911,"maxY":44.898689,"minX":-100.730637,"minY":44.546052},"result":"Sully, South Dakota, United States"}