{"bounds":{"maxX":-97.1580509999999,"maxY":43.170379,"minX":-97.636902,"minY":42.79991},"result":"Yankton, South Dakota, United States"}