{"bounds":{"maxX":-96.451927,"maxY":45.329158,"minX":-97.2259989999999,"minY":44.977201},"result":"Grant, South Dakota, United States"}