{"bounds":{"maxX":-78.900071,"maxY":33.780169,"minX":-79.6811079999999,"minY":33.118224},"result":"Georgetown, South Carolina, United States"}