{"bounds":{"maxX":-99.597474,"maxY":44.549888,"minX":-100.579788,"minY":44.098819},"result":"Hughes, South Dakota, United States"}