{"bounds":{"maxX":-98.724166,"maxY":45.595311,"minX":-99.7110979999999,"minY":45.2453},"result":"Edmunds, South Dakota, United States"}