{"bounds":{"maxX":-96.4700159999999,"maxY":45.936131,"minX":-97.231377,"minY":45.299172},"result":"Roberts, South Dakota, United States"}