{"bounds":{"maxX":-101.227698,"maxY":43.389432,"minX":-102.115823,"minY":42.995269},"result":"Bennett, South Dakota, United States"}