{"bounds":{"maxX":-96.887422,"maxY":44.19651,"minX":-97.3697119999999,"minY":43.849559},"result":"Lake, South Dakota, United States"}