{"bounds":{"maxX":-97.9774619999999,"maxY":45.937252,"minX":-98.7300119999999,"minY":45.24086},"result":"Brown, South Dakota, United States"}