{"bounds":{"maxX":-82.314378,"maxY":34.82127,"minX":-82.9900749999999,"minY":34.209461},"result":"Anderson, South Carolina, United States"}