{"bounds":{"maxX":-99.890502,"maxY":44.782649,"minX":-101.170601,"minY":44.16671},"result":"Stanley, South Dakota, United States"}