{"bounds":{"maxX":-98.727334,"maxY":45.942132,"minX":-99.721618,"minY":45.591061},"result":"McPherson, South Dakota, United States"}