{"bounds":{"maxX":-96.4534669999999,"maxY":43.8502,"minX":-97.129341,"minY":43.500179},"result":"Minnehaha, South Dakota, United States"}