{"bounds":{"maxX":-85.880256,"maxY":35.966918,"minX":-86.218621,"minY":35.644801},"result":"Cannon, Tennessee, United States"}