{"bounds":{"maxX":-89.468377,"maxY":35.649742,"minX":-90.1798479999999,"minY":35.372519},"result":"Tipton, Tennessee, United States"}