{"bounds":{"maxX":-97.1288529999999,"maxY":29.784902,"minX":-97.8575519999999,"minY":29.10955},"result":"Gonzales, Texas, United States"}