{"bounds":{"maxX":-94.654083,"maxY":33.376949,"minX":-94.820815,"minY":32.88227},"result":"Morris, Texas, United States"}