{"bounds":{"maxX":-94.818306,"maxY":33.396529,"minX":-95.12877,"minY":32.98079},"result":"Titus, Texas, United States"}