{"bounds":{"maxX":-99.3900899999999,"maxY":28.641719,"minX":-100.111818,"minY":28.197192},"result":"Dimmit, Texas, United States"}