{"bounds":{"maxX":-98.9216979999999,"maxY":30.288951,"minX":-99.757667,"minY":29.784191},"result":"Kerr, Texas, United States"}