{"bounds":{"maxX":-95.5043879999999,"maxY":29.22915,"minX":-96.3908299999999,"minY":28.388612},"result":"Matagorda, Texas, United States"}