{"bounds":{"maxX":-87.518706,"maxY":36.36811,"minX":-87.980781,"minY":36.178039},"result":"Houston, Tennessee, United States"}