{"bounds":{"maxX":-97.317337,"maxY":30.071081,"minX":-97.900842,"minY":29.631969},"result":"Caldwell, Texas, United States"}