{"bounds":{"maxX":-100.541298,"maxY":36.05959,"minX":-101.086228,"minY":35.620651},"result":"Roberts, Texas, United States"}