{"bounds":{"maxX":-97.1601479999999,"maxY":30.910391,"minX":-98.053779,"minY":30.40306},"result":"Williamson, Texas, United States"}