{"bounds":{"maxX":-97.909119,"maxY":31.462922,"minX":-98.567803,"minY":31.026231},"result":"Lampasas, Texas, United States"}