{"bounds":{"maxX":-94.6745749999999,"maxY":32.908111,"minX":-95.1526029999999,"minY":32.518909},"result":"Upshur, Texas, United States"}