{"bounds":{"maxX":-87.575181,"maxY":35.494018,"minX":-88.025201,"minY":35.004872},"result":"Wayne, Tennessee, United States"}