{"bounds":{"maxX":-84.619828,"maxY":35.753213,"minX":-85.030998,"minY":35.287011},"result":"Meigs, Tennessee, United States"}