{"bounds":{"maxX":-81.934029,"maxY":36.510861,"minX":-82.342614,"minY":36.104122},"result":"Carter, Tennessee, United States"}