{"bounds":{"maxX":-101.645972,"maxY":30.657182,"minX":-102.567146,"minY":29.778351},"result":"Terrell, Texas, United States"}