{"bounds":{"maxX":-101.624031,"maxY":35.183281,"minX":-102.172699,"minY":34.747501},"result":"Randall, Texas, United States"}