{"bounds":{"maxX":-95.8439329999999,"maxY":33.88728,"minX":-96.3835369999999,"minY":33.339401},"result":"Fannin, Texas, United States"}