{"bounds":{"maxX":-102.525497,"maxY":34.747211,"minX":-103.042649,"minY":34.30998},"result":"Parmer, Texas, United States"}