{"bounds":{"maxX":-85.10218,"maxY":36.306388,"minX":-85.8074559999999,"minY":35.978241},"result":"Putnam, Tennessee, United States"}