{"bounds":{"maxX":-101.265427,"maxY":31.652232,"minX":-101.776993,"minY":31.07938},"result":"Reagan, Texas, United States"}