{"bounds":{"maxX":-102.077392,"maxY":33.825661,"minX":-102.615959,"minY":33.389412},"result":"Hockley, Texas, United States"}