{"bounds":{"maxX":-98.421914,"maxY":34.213458,"minX":-98.953269,"minY":33.83369},"result":"Wichita, Texas, United States"}