{"bounds":{"maxX":-99.197875,"maxY":32.084283,"minX":-99.723672,"minY":31.413602},"result":"Coleman, Texas, United States"}