{"bounds":{"maxX":-97.071182,"maxY":31.32245,"minX":-97.9134589999999,"minY":30.754731},"result":"Bell, Texas, United States"}