{"bounds":{"maxX":-97.035682,"maxY":32.99501,"minX":-97.54802,"minY":32.550202},"result":"Tarrant, Texas, United States"}