{"bounds":{"maxX":-97.2772679999999,"maxY":32.206299,"minX":-98.0054469999999,"minY":31.587222},"result":"Bosque, Texas, United States"}