{"bounds":{"maxX":-95.2611469999999,"maxY":32.08467,"minX":-96.0647969999999,"minY":31.504651},"result":"Anderson, Texas, United States"}