{"bounds":{"maxX":-102.167586,"maxY":35.18605,"minX":-103.04261,"minY":34.74614},"result":"Deaf Smith, Texas, United States"}