{"bounds":{"maxX":-102.79818,"maxY":32.087059,"minX":-103.327553,"minY":31.650538},"result":"Winkler, Texas, United States"}