{"bounds":{"maxX":-85.211113,"maxY":36.083432,"minX":-85.682847,"minY":35.768161},"result":"White, Tennessee, United States"}