{"bounds":{"maxX":-95.655289,"maxY":31.65509,"minX":-96.333138,"minY":30.974501},"result":"Leon, Texas, United States"}