{"bounds":{"maxX":-98.953269,"maxY":33.83369,"minX":-99.478608,"minY":33.395629},"result":"Baylor, Texas, United States"}