{"bounds":{"maxX":-97.543617,"maxY":33.002608,"minX":-98.067032,"minY":32.553261},"result":"Parker, Texas, United States"}