{"bounds":{"maxX":-101.555335,"maxY":33.39397,"minX":-102.078171,"minY":32.958919},"result":"Lynn, Texas, United States"}