{"bounds":{"maxX":-93.508744,"maxY":36.50344,"minX":-106.645783,"minY":25.838075},"result":"Texas, United States"}