{"bounds":{"maxX":-96.0532919999999,"maxY":32.329269,"minX":-96.898407,"minY":31.800519},"result":"Navarro, Texas, United States"}