{"bounds":{"maxX":-88.177543,"maxY":36.150619,"minX":-88.709778,"minY":35.789168},"result":"Carroll, Tennessee, United States"}