{"bounds":{"maxX":-100.113586,"maxY":31.08691,"minX":-100.963836,"minY":30.70278},"result":"Schleicher, Texas, United States"}