{"bounds":{"maxX":-99.757576,"maxY":30.289881,"minX":-100.699889,"minY":29.623609},"result":"Edwards, Texas, United States"}