{"bounds":{"maxX":-83.651077,"maxY":36.186481,"minX":-84.2716829999999,"minY":35.794301},"result":"Knox, Tennessee, United States"}