{"bounds":{"maxX":-88.6911919999999,"maxY":36.226441,"minX":-89.199065,"minY":35.791771},"result":"Gibson, Tennessee, United States"}