{"bounds":{"maxX":-99.400887,"maxY":29.087249,"minX":-100.111961,"minY":28.63828},"result":"Zavala, Texas, United States"}