{"bounds":{"maxX":-100.538773,"maxY":35.621109,"minX":-101.086189,"minY":35.182449},"result":"Gray, Texas, United States"}