{"bounds":{"maxX":-100.538773,"maxY":35.183689,"minX":-101.08731,"minY":34.746589},"result":"Donley, Texas, United States"}