{"bounds":{"maxX":-101.559547,"maxY":33.829652,"minX":-102.086723,"minY":33.389412},"result":"Lubbock, Texas, United States"}