{"bounds":{"maxX":-98.26226,"maxY":31.724551,"minX":-98.994141,"minY":31.232499},"result":"Mills, Texas, United States"}