{"bounds":{"maxX":-100.655517,"maxY":32.970051,"minX":-101.176003,"minY":32.525861},"result":"Scurry, Texas, United States"}