{"bounds":{"maxX":-95.615753,"maxY":31.09682,"minX":-96.2428209999999,"minY":30.824381},"result":"Madison, Texas, United States"}