{"bounds":{"maxX":-82.830071,"maxY":36.60006,"minX":-83.472001,"minY":36.387952},"result":"Hancock, Tennessee, United States"}