{"bounds":{"maxX":-99.6047369999999,"maxY":31.580391,"minX":-100.115357,"minY":31.08691},"result":"Concho, Texas, United States"}