{"bounds":{"maxX":-100.942964,"maxY":34.74841,"minX":-101.472229,"minY":34.311901},"result":"Briscoe, Texas, United States"}