{"bounds":{"maxX":-99.718085,"maxY":32.084073,"minX":-100.237747,"minY":31.57235},"result":"Runnels, Texas, United States"}