{"bounds":{"maxX":-98.803885,"maxY":29.696831,"minX":-99.4132079999999,"minY":29.087021},"result":"Medina, Texas, United States"}