{"bounds":{"maxX":-82.2219699999999,"maxY":36.260528,"minX":-82.6140359999999,"minY":35.95539},"result":"Unicoi, Tennessee, United States"}