{"bounds":{"maxX":-98.099006,"maxY":29.251269,"minX":-98.804161,"minY":28.61166},"result":"Atascosa, Texas, United States"}