{"bounds":{"maxX":-94.8688959999999,"maxY":32.137551,"minX":-95.46099,"minY":31.429622},"result":"Cherokee, Texas, United States"}