{"bounds":{"maxX":-97.4213569999999,"maxY":31.709971,"minX":-98.1779779999999,"minY":31.067291},"result":"Coryell, Texas, United States"}