{"bounds":{"maxX":-83.234681,"maxY":36.192069,"minX":-83.7105559999999,"minY":35.898719},"result":"Jefferson, Tennessee, United States"}