{"bounds":{"maxX":-97.151626,"maxY":28.924052,"minX":-97.774306,"minY":28.387712},"result":"Goliad, Texas, United States"}