{"bounds":{"maxX":-100.688829,"maxY":31.52674,"minX":-101.272187,"minY":31.07941},"result":"Irion, Texas, United States"}