{"bounds":{"maxX":-97.146913,"maxY":26.540696,"minX":-97.865631,"minY":25.838075},"result":"Cameron, Texas, United States"}