{"bounds":{"maxX":-85.267167,"maxY":36.627769,"minX":-85.8133769999999,"minY":36.403149},"result":"Clay, Tennessee, United States"}