{"bounds":{"maxX":-102.077392,"maxY":33.390259,"minX":-102.595421,"minY":32.959599},"result":"Terry, Texas, United States"}