{"bounds":{"maxX":-101.086166,"maxY":35.624938,"minX":-101.624398,"minY":35.182362},"result":"Carson, Texas, United States"}