{"bounds":{"maxX":-89.183442,"maxY":35.403149,"minX":-89.6441419999999,"minY":34.995731},"result":"Fayette, Tennessee, United States"}