{"bounds":{"maxX":-88.784577,"maxY":35.43317,"minX":-89.197709,"minY":34.995922},"result":"Hardeman, Tennessee, United States"}