{"bounds":{"maxX":-100.512145,"maxY":34.31498,"minX":-101.042525,"minY":33.834178},"result":"Motley, Texas, United States"}