{"bounds":{"maxX":-101.776382,"maxY":32.088729,"minX":-102.289712,"minY":31.652129},"result":"Midland, Texas, United States"}