{"bounds":{"maxX":-98.0566479999999,"maxY":33.00558,"minX":-98.579101,"minY":32.514091},"result":"Palo Pinto, Texas, United States"}