{"bounds":{"maxX":-81.647452,"maxY":36.614769,"minX":-82.059083,"minY":36.261829},"result":"Johnson, Tennessee, United States"}