{"bounds":{"maxX":-96.0822669999999,"maxY":30.974501,"minX":-96.6037219999999,"minY":30.332361},"result":"Brazos, Texas, United States"}