{"bounds":{"maxX":-96.9998629999999,"maxY":27.283382,"minX":-97.9867169999999,"minY":26.598501},"result":"Kenedy, Texas, United States"}