{"bounds":{"maxX":-96.384307,"maxY":32.55064,"minX":-97.0899429999999,"minY":32.054328},"result":"Ellis, Texas, United States"}