{"bounds":{"maxX":-103.326538,"maxY":32.001541,"minX":-103.981881,"minY":31.651299},"result":"Loving, Texas, United States"}