{"bounds":{"maxX":-96.3772509999999,"maxY":33.959451,"minX":-96.945107,"minY":33.399479},"result":"Grayson, Texas, United States"}