{"bounds":{"maxX":-95.057289,"maxY":29.59832,"minX":-95.8721169999999,"minY":28.825559},"result":"Brazoria, Texas, United States"}