{"bounds":{"maxX":-97.8629989999999,"maxY":32.51717,"minX":-98.5554959999999,"minY":31.913291},"result":"Erath, Texas, United States"}