{"bounds":{"maxX":-89.63301,"maxY":35.409631,"minX":-90.310752,"minY":34.995979},"result":"Shelby, Tennessee, United States"}