{"bounds":{"maxX":-96.560806,"maxY":29.632361,"minX":-97.235092,"minY":29.062701},"result":"Lavaca, Texas, United States"}