{"bounds":{"maxX":-94.129937,"maxY":31.525302,"minX":-95.0070729999999,"minY":31.029061},"result":"Angelina, Texas, United States"}