{"bounds":{"maxX":-101.623947,"maxY":36.055889,"minX":-102.162789,"minY":35.618431},"result":"Moore, Texas, United States"}