{"bounds":{"maxX":-94.304931,"maxY":31.84638,"minX":-94.979302,"minY":31.225919},"result":"Nacogdoches, Texas, United States"}