{"bounds":{"maxX":-83.0828319999999,"maxY":36.345218,"minX":-83.46878,"minY":36.081322},"result":"Hamblen, Tennessee, United States"}