{"bounds":{"maxX":-99.6317359999999,"maxY":32.521339,"minX":-100.153396,"minY":32.082038},"result":"Taylor, Texas, United States"}