{"bounds":{"maxX":-103.017563,"maxY":32.001031,"minX":-104.102418,"minY":30.76421},"result":"Reeves, Texas, United States"}