{"bounds":{"maxX":-93.9867629999999,"maxY":31.652341,"minX":-94.4018169999999,"minY":31.10193},"result":"San Augustine, Texas, United States"}