{"bounds":{"maxX":-89.156967,"maxY":36.212231,"minX":-89.7218329999999,"minY":35.87684},"result":"Dyer, Tennessee, United States"}