{"bounds":{"maxX":-100.543846,"maxY":36.50032,"minX":-101.090843,"minY":36.056721},"result":"Ochiltree, Texas, United States"}