{"bounds":{"maxX":-83.938248,"maxY":35.672502,"minX":-84.538643,"minY":35.204732},"result":"Monroe, Tennessee, United States"}