{"bounds":{"maxX":-82.6003269999999,"maxY":36.594439,"minX":-83.289077,"minY":36.242112},"result":"Hawkins, Tennessee, United States"}