{"bounds":{"maxX":-100.950318,"maxY":31.086201,"minX":-102.376266,"minY":30.28785},"result":"Crockett, Texas, United States"}