{"bounds":{"maxX":-101.082757,"maxY":36.056721,"minX":-101.624512,"minY":35.623828},"result":"Hutchinson, Texas, United States"}