{"bounds":{"maxX":-96.944678,"maxY":33.955218,"minX":-97.482536,"minY":33.417178},"result":"Cooke, Texas, United States"}