{"bounds":{"maxX":-98.576722,"maxY":32.956519,"minX":-99.094466,"minY":32.515541},"result":"Stephens, Texas, United States"}