{"bounds":{"maxX":-99.475875,"maxY":34.58031,"minX":-100.00145,"minY":34.06306},"result":"Hardeman, Texas, United States"}