{"bounds":{"maxX":-88.8978269999999,"maxY":35.997322,"minX":-89.3577109999999,"minY":35.672661},"result":"Crockett, Tennessee, United States"}