{"bounds":{"maxX":-103.442626,"maxY":31.104931,"minX":-104.980888,"minY":30.412081},"result":"Jeff Davis, Texas, United States"}