{"bounds":{"maxX":-98.3253850000009,"maxY":26.785049,"minX":-99.1724953087718,"minY":26.235519},"result":"Starr, Texas, United States"}