{"bounds":{"maxX":-102.162399,"maxY":35.627719,"minX":-103.0421,"minY":35.183151},"result":"Oldham, Texas, United States"}