{"bounds":{"maxX":-101.995904,"maxY":34.74792,"minX":-102.526879,"minY":34.309608},"result":"Castro, Texas, United States"}