{"bounds":{"maxX":-81.8263459999999,"maxY":36.616588,"minX":-82.7009439999999,"minY":36.394618},"result":"Sullivan, Tennessee, United States"}