{"bounds":{"maxX":-101.76461,"maxY":31.375811,"minX":-103.589546,"minY":30.054341},"result":"Pecos, Texas, United States"}