{"bounds":{"maxX":-83.668038,"maxY":36.4357,"minX":-84.011048,"minY":36.164551},"result":"Union, Tennessee, United States"}