{"bounds":{"maxX":-86.014199,"maxY":36.357849,"minX":-86.5944049999999,"minY":35.956409},"result":"Wilson, Tennessee, United States"}