{"bounds":{"maxX":-100.116784,"maxY":30.704941,"minX":-100.957787,"minY":30.289721},"result":"Sutton, Texas, United States"}