{"bounds":{"maxX":-84.341842,"maxY":36.376572,"minX":-84.912613,"minY":35.90746},"result":"Morgan, Tennessee, United States"}