{"bounds":{"maxX":-87.1148689999999,"maxY":36.64402,"minX":-87.642418,"minY":36.313431},"result":"Montgomery, Tennessee, United States"}