{"bounds":{"maxX":-84.2919469999999,"maxY":35.285751,"minX":-84.775514,"minY":34.98851},"result":"Polk, Tennessee, United States"}