{"bounds":{"maxX":-100.8153,"maxY":32.089698,"minX":-101.266113,"minY":31.55914},"result":"Sterling, Texas, United States"}