{"bounds":{"maxX":-83.369248,"maxY":36.601199,"minX":-84.0100179999999,"minY":36.33186},"result":"Claiborne, Tennessee, United States"}