{"bounds":{"maxX":-85.361687,"maxY":35.319489,"minX":-85.872872,"minY":34.984469},"result":"Marion, Tennessee, United States"}