{"bounds":{"maxX":-97.766357,"maxY":32.01615,"minX":-98.46408,"minY":31.417301},"result":"Hamilton, Texas, United States"}