{"bounds":{"maxX":-101.623573,"maxY":36.50344,"minX":-102.162789,"minY":36.054421},"result":"Sherman, Texas, United States"}