{"bounds":{"maxX":-97.088273,"maxY":32.553329,"minX":-97.615487,"minY":32.135133},"result":"Johnson, Texas, United States"}