{"bounds":{"maxX":-86.8275839999999,"maxY":35.45435,"minX":-87.232162,"minY":34.99241},"result":"Giles, Tennessee, United States"}