{"bounds":{"maxX":-95.3284219999999,"maxY":31.053102,"minX":-95.864067,"minY":30.510549},"result":"Walker, Texas, United States"}