{"bounds":{"maxX":-96.977721,"maxY":29.381741,"minX":-97.7549519999999,"minY":28.81567},"result":"DeWitt, Texas, United States"}