{"bounds":{"maxX":-101.624031,"maxY":35.620319,"minX":-102.167586,"minY":35.181758},"result":"Potter, Texas, United States"}