{"bounds":{"maxX":-96.0821759999999,"maxY":30.39692,"minX":-96.7931589999999,"minY":30.04909},"result":"Washington, Texas, United States"}