{"bounds":{"maxX":-86.315918,"maxY":35.370621,"minX":-86.836671,"minY":34.990901},"result":"Lincoln, Tennessee, United States"}