{"bounds":{"maxX":-87.9839489999999,"maxY":35.42065,"minX":-88.379762,"minY":34.9977},"result":"Hardin, Tennessee, United States"}