{"bounds":{"maxX":-100.142242,"maxY":32.96333,"minX":-100.664298,"minY":32.521339},"result":"Fisher, Texas, United States"}