{"bounds":{"maxX":-96.613823,"maxY":31.114331,"minX":-97.316902,"minY":30.460889},"result":"Milam, Texas, United States"}