{"bounds":{"maxX":-97.1094439999999,"maxY":28.179141,"minX":-97.9058919999999,"minY":27.818217},"result":"San Patricio, Texas, United States"}