{"bounds":{"maxX":-87.592521,"maxY":36.679248,"minX":-88.070731,"minY":36.328651},"result":"Stewart, Tennessee, United States"}