{"bounds":{"maxX":-104.026543,"maxY":32.003239,"minX":-104.920051,"minY":30.664712},"result":"Culberson, Texas, United States"}