{"bounds":{"maxX":-97.8617179999999,"maxY":26.783749,"minX":-98.5896989999999,"minY":26.03437},"result":"Hidalgo, Texas, United States"}