{"bounds":{"maxX":-98.35405,"maxY":30.92395,"minX":-98.9646989999999,"minY":30.4893},"result":"Llano, Texas, United States"}