{"bounds":{"maxX":-99.477386,"maxY":34.242962,"minX":-100.052453,"minY":33.733582},"result":"Foard, Texas, United States"}