{"bounds":{"maxX":-98.959863,"maxY":30.941191,"minX":-99.490753,"minY":30.499429},"result":"Mason, Texas, United States"}