{"bounds":{"maxX":-102.613953,"maxY":34.310853,"minX":-103.046852,"minY":33.823749},"result":"Bailey, Texas, United States"}