{"bounds":{"maxX":-98.4772579999999,"maxY":32.517551,"minX":-99.118392,"minY":32.081119},"result":"Eastland, Texas, United States"}