{"bounds":{"maxX":-94.04448,"maxY":33.715809,"minX":-94.7465589999999,"minY":33.24318},"result":"Bowie, Texas, United States"}