{"bounds":{"maxX":-101.086166,"maxY":35.18264,"minX":-101.62664,"minY":34.747612},"result":"Armstrong, Texas, United States"}