{"bounds":{"maxX":-85.782112,"maxY":36.428242,"minX":-86.142152,"minY":36.08307},"result":"Smith, Tennessee, United States"}