{"bounds":{"maxX":-99.6030729999999,"maxY":30.0809,"minX":-100.062447,"minY":29.623662},"result":"Real, Texas, United States"}