{"bounds":{"maxX":-98.9576269999999,"maxY":27.303591,"minX":-99.459504,"minY":26.57728},"result":"Zapata, Texas, United States"}