{"bounds":{"maxX":-98.4225079999999,"maxY":33.39616,"minX":-98.954147,"minY":32.953689},"result":"Young, Texas, United States"}