{"bounds":{"maxX":-89.0703809999999,"maxY":35.820272,"minX":-89.510329,"minY":35.39726},"result":"Haywood, Tennessee, United States"}