{"bounds":{"maxX":-98.802468,"maxY":28.644992,"minX":-99.393113,"minY":28.03033},"result":"La Salle, Texas, United States"}