{"bounds":{"maxX":-101.037078,"maxY":33.39621,"minX":-101.559547,"minY":32.958919},"result":"Garza, Texas, United States"}