{"bounds":{"maxX":-93.508744,"maxY":31.18673,"minX":-93.9191959999999,"minY":30.241212},"result":"Newton, Texas, United States"}