{"bounds":{"maxX":-98.7997349999999,"maxY":28.2002,"minX":-100.212348,"minY":27.25904},"result":"Webb, Texas, United States"}