{"bounds":{"maxX":-96.7640769999999,"maxY":28.55165,"minX":-97.5354619999999,"minY":28.071131},"result":"Refugio, Texas, United States"}