{"bounds":{"maxX":-94.909394,"maxY":30.16949,"minX":-95.962838,"minY":29.499431},"result":"Harris, Texas, United States"}