{"bounds":{"maxX":-98.6710209999999,"maxY":32.083838,"minX":-99.2050629999999,"minY":31.449031},"result":"Brown, Texas, United States"}