{"bounds":{"maxX":-100.001977,"maxY":36.49993,"minX":-100.546462,"minY":36.053933},"result":"Lipscomb, Texas, United States"}