{"bounds":{"maxX":-96.7999579999999,"maxY":31.86214,"minX":-97.6048279999999,"minY":31.24335},"result":"McLennan, Texas, United States"}