{"bounds":{"maxX":-102.318901,"maxY":30.663691,"minX":-103.800813,"minY":28.970261},"result":"Brewster, Texas, United States"}