{"bounds":{"maxX":-95.308984,"maxY":33.941521,"minX":-95.859657,"minY":33.377448},"result":"Lamar, Texas, United States"}