{"bounds":{"maxX":-99.301956,"maxY":30.711332,"minX":-100.118308,"minY":30.287041},"result":"Kimble, Texas, United States"}