{"bounds":{"maxX":-94.5445319999999,"maxY":31.14635,"minX":-95.197762,"minY":30.490921},"result":"Polk, Texas, United States"}