{"bounds":{"maxX":-97.8083569999999,"maxY":28.78822,"minX":-98.3362959999999,"minY":28.059512},"result":"Live Oak, Texas, United States"}