{"bounds":{"maxX":-102.162399,"maxY":36.056228,"minX":-103.040885,"minY":35.622452},"result":"Hartley, Texas, United States"}