{"bounds":{"maxX":-81.647452,"maxY":36.679248,"minX":-90.310752,"minY":34.983902},"result":"Tennessee, United States"}