{"bounds":{"maxX":-97.999603,"maxY":30.039529,"minX":-98.647751,"minY":29.597281},"result":"Comal, Texas, United States"}