{"bounds":{"maxX":-84.9426559999999,"maxY":35.457859,"minX":-85.474212,"minY":34.983902},"result":"Hamilton, Tennessee, United States"}