{"bounds":{"maxX":-97.92044,"maxY":33.465981,"minX":-98.4269869999999,"minY":33.001122},"result":"Jack, Texas, United States"}