{"bounds":{"maxX":-102.208198,"maxY":32.524028,"minX":-103.06408,"minY":32.085621},"result":"Andrews, Texas, United States"}