{"bounds":{"maxX":-102.769044,"maxY":31.65189,"minX":-103.609131,"minY":31.270009},"result":"Ward, Texas, United States"}