{"bounds":{"maxX":-101.173897,"maxY":32.52718,"minX":-101.694169,"minY":32.088089},"result":"Howard, Texas, United States"}