{"bounds":{"maxX":-100.000947,"maxY":35.62077,"minX":-100.541298,"minY":35.181751},"result":"Wheeler, Texas, United States"}