{"bounds":{"maxX":-82.5771319999999,"maxY":36.41906,"minX":-83.173309,"minY":35.925442},"result":"Greene, Tennessee, United States"}