{"bounds":{"maxX":-98.95231,"maxY":33.39616,"minX":-99.4753479999999,"minY":32.956371},"result":"Throckmorton, Texas, United States"}