{"bounds":{"maxX":-102.086723,"maxY":34.311441,"minX":-102.615959,"minY":33.82368},"result":"Lamb, Texas, United States"}