{"bounds":{"maxX":-88.813766,"maxY":36.507821,"minX":-89.485765,"minY":36.200963},"result":"Obion, Tennessee, United States"}