{"bounds":{"maxX":-94.9851619999999,"maxY":32.68148,"minX":-95.592636,"minY":32.135349},"result":"Smith, Texas, United States"}