{"bounds":{"maxX":-97.7924409999999,"maxY":28.060672,"minX":-98.2338549999999,"minY":27.262689},"result":"Jim Wells, Texas, United States"}