{"bounds":{"maxX":-87.650117,"maxY":35.841399,"minX":-88.043213,"minY":35.423871},"result":"Perry, Tennessee, United States"}