{"bounds":{"maxX":-99.472237,"maxY":33.395629,"minX":-99.994896,"minY":32.956921},"result":"Haskell, Texas, United States"}