{"bounds":{"maxX":-109.874069,"maxY":39.817051,"minX":-111.246888,"minY":39.467183},"result":"Carbon, Utah, United States"}