{"bounds":{"maxX":-111.24633,"maxY":39.81546,"minX":-112.016823,"minY":39.032378},"result":"Sanpete, Utah, United States"}