{"bounds":{"maxX":-112.338111,"maxY":38.573319,"minX":-114.049316,"minY":38.147431},"result":"Beaver, Utah, United States"}