{"bounds":{"maxX":-109.04873,"maxY":41.001691,"minX":-110.00184,"minY":40.653598},"result":"Daggett, Utah, United States"}