{"bounds":{"maxX":-109.972457,"maxY":40.834678,"minX":-110.901939,"minY":39.803613},"result":"Duchesne, Utah, United States"}