{"bounds":{"maxX":-112.469596,"maxY":38.151021,"minX":-114.05407,"minY":37.47445},"result":"Iron, Utah, United States"}