{"bounds":{"maxX":-111.399811,"maxY":42.0042,"minX":-112.171836,"minY":41.36821},"result":"Cache, Utah, United States"}