{"bounds":{"maxX":-109.05278,"maxY":39.49969,"minX":-110.17878,"minY":38.499049},"result":"Grand, Utah, United States"}