{"bounds":{"maxX":-111.867973,"maxY":42.0018,"minX":-114.040589,"minY":40.997661},"result":"Box Elder, Utah, United States"}