{"bounds":{"maxX":-110.640556,"maxY":37.54496,"minX":-112.905907,"minY":37.002441},"result":"Kane, Utah, United States"}