{"bounds":{"maxX":-112.902268,"maxY":37.619029,"minX":-114.053933,"minY":36.999989},"result":"Washington, Utah, United States"}