{"bounds":{"maxX":-109.926658,"maxY":38.155139,"minX":-112.693444,"minY":37.53508},"result":"Garfield, Utah, United States"}