{"bounds":{"maxX":-109.050102,"maxY":40.858508,"minX":-110.044899,"minY":39.461102},"result":"Uintah, Utah, United States"}