{"bounds":{"maxX":-109.987777,"maxY":39.707561,"minX":-111.307,"minY":38.49919},"result":"Emery, Utah, United States"}