{"bounds":{"maxX":-109.040947,"maxY":42.0042,"minX":-114.05407,"minY":36.99863},"result":"Utah, United States"}