{"bounds":{"maxX":-78.6512529999999,"maxY":38.045971,"minX":-79.171821,"minY":37.535561},"result":"Nelson, Virginia, United States"}