{"bounds":{"maxX":-82.2930289999999,"maxY":36.88551,"minX":-82.9850929999999,"minY":36.594059},"result":"Scott, Virginia, United States"}