{"bounds":{"maxX":-79.9719459999999,"maxY":37.816051,"minX":-80.0074089999999,"minY":37.7485},"result":"Covington, Virginia, United States"}