{"bounds":{"maxX":-76.279457,"maxY":37.841338,"minX":-76.634719,"minY":37.608889},"result":"Lancaster, Virginia, United States"}