{"bounds":{"maxX":-76.237174,"maxY":38.026669,"minX":-76.6358719999999,"minY":37.684905},"result":"Northumberland, Virginia, United States"}