{"bounds":{"maxX":-77.224167,"maxY":38.943679,"minX":-77.7169259999999,"minY":38.501048},"result":"Prince William, Virginia, United States"}