{"bounds":{"maxX":-72.4335859999999,"maxY":43.262181,"minX":-73.008339,"minY":42.727612},"result":"Windham, Vermont, United States"}