{"bounds":{"maxX":-71.4677129999999,"maxY":45.016263,"minX":-73.443428,"minY":42.727612},"result":"Vermont, United States"}