{"bounds":{"maxX":-82.1055289999999,"maxY":36.638438,"minX":-82.237427,"minY":36.595451},"result":"Bristol, Virginia, United States"}