{"bounds":{"maxX":-77.329552,"maxY":37.244991,"minX":-77.447402,"minY":37.165051},"result":"Petersburg, Virginia, United States"}