{"bounds":{"maxX":-78.751252,"maxY":38.480629,"minX":-79.533622,"minY":37.885861},"result":"Augusta, Virginia, United States"}