{"bounds":{"maxX":-78.826042,"maxY":37.43542,"minX":-79.440932,"minY":37.022071},"result":"Campbell, Virginia, United States"}