{"bounds":{"maxX":-77.1787419999999,"maxY":37.70911,"minX":-77.656196,"minY":37.35305},"result":"Henrico, Virginia, United States"}