{"bounds":{"maxX":-80.856034,"maxY":37.302441,"minX":-81.461762,"minY":36.951949},"result":"Bland, Virginia, United States"}