{"bounds":{"maxX":-80.837983,"maxY":36.807042,"minX":-81.675766,"minY":36.559669},"result":"Grayson, Virginia, United States"}