{"bounds":{"maxX":-72.204323,"maxY":43.961529,"minX":-72.972205,"minY":43.22248},"result":"Windsor, Vermont, United States"}