{"bounds":{"maxX":-78.4521569999999,"maxY":38.07108,"minX":-78.523566,"minY":38.008251},"result":"Charlottesville, Virginia, United States"}