{"bounds":{"maxX":-82.5891569999999,"maxY":36.956811,"minX":-82.6556169999999,"minY":36.899743},"result":"Norton, Virginia, United States"}