{"bounds":{"maxX":-75.242516,"maxY":39.466579,"minX":-83.674821,"minY":36.539138},"result":"Virginia, United States"}