{"bounds":{"maxX":-78.207893,"maxY":38.277832,"minX":-78.838814,"minY":37.728551},"result":"Albemarle, Virginia, United States"}