{"bounds":{"maxX":-78.5913619999999,"maxY":37.557739,"minX":-79.0227659999999,"minY":37.19815},"result":"Appomattox, Virginia, United States"}