{"bounds":{"maxX":-79.9722599999999,"maxY":37.65947,"minX":-80.476143,"minY":37.319389},"result":"Craig, Virginia, United States"}