{"bounds":{"maxX":-79.084571,"maxY":37.46885,"minX":-79.2711869999999,"minY":37.332761},"result":"Lynchburg, Virginia, United States"}