{"bounds":{"maxX":-76.953292,"maxY":37.107571,"minX":-77.6201849999999,"minY":36.707642},"result":"Sussex, Virginia, United States"}