{"bounds":{"maxX":-81.262192,"maxY":37.017151,"minX":-81.8338239999999,"minY":36.635072},"result":"Smyth, Virginia, United States"}