{"bounds":{"maxX":-76.7580799999999,"maxY":37.630828,"minX":-77.24292,"minY":37.37773},"result":"New Kent, Virginia, United States"}