{"bounds":{"maxX":-79.607017,"maxY":37.960622,"minX":-80.307425,"minY":37.600491},"result":"Alleghany, Virginia, United States"}