{"bounds":{"maxX":-80.427987,"maxY":37.481048,"minX":-81.009903,"minY":37.147611},"result":"Giles, Virginia, United States"}