{"bounds":{"maxX":-77.04139,"maxY":39.061118,"minX":-77.5369039999999,"minY":38.617706},"result":"Fairfax, Virginia, United States"}