{"bounds":{"maxX":-82.769738,"maxY":36.89273,"minX":-83.674821,"minY":36.594052},"result":"Lee, Virginia, United States"}