{"bounds":{"maxX":-72.701378,"maxY":43.857928,"minX":-73.432869,"minY":43.29129},"result":"Rutland, Vermont, United States"}