{"bounds":{"maxX":-71.4677129999999,"maxY":45.016263,"minX":-71.974792,"minY":44.346999},"result":"Essex, Vermont, United States"}