{"bounds":{"maxX":-77.6184009999999,"maxY":38.69988,"minX":-78.2336809999999,"minY":38.31182},"result":"Culpeper, Virginia, United States"}