{"bounds":{"maxX":-76.2909319999999,"maxY":36.924998,"minX":-76.428275,"minY":36.78603},"result":"Portsmouth, Virginia, United States"}