{"bounds":{"maxX":-72.741837,"maxY":44.30257,"minX":-73.443428,"minY":43.753188},"result":"Addison, Vermont, United States"}