{"bounds":{"maxX":-76.270233,"maxY":37.11372,"minX":-76.451317,"minY":36.981275},"result":"Hampton, Virginia, United States"}