{"bounds":{"maxX":-72.2168809999999,"maxY":44.505989,"minX":-72.953231,"minY":44.012741},"result":"Washington, Vermont, United States"}