{"bounds":{"maxX":-77.801842,"maxY":37.295109,"minX":-78.240958,"minY":36.985211},"result":"Nottoway, Virginia, United States"}