{"bounds":{"maxX":-77.037629,"maxY":38.844582,"minX":-77.144516,"minY":38.789712},"result":"Alexandria, Virginia, United States"}