{"bounds":{"maxX":-72.0342469999999,"maxY":44.22107,"minX":-72.7917639999999,"minY":43.770309},"result":"Orange, Vermont, United States"}