{"bounds":{"maxX":-79.184899,"maxY":37.620761,"minX":-79.857681,"minY":37.00924},"result":"Bedford, Virginia, United States"}