{"bounds":{"maxX":-73.1921169999999,"maxY":45.013409,"minX":-73.390007,"minY":44.56292},"result":"Grand Isle, Vermont, United States"}