{"bounds":{"maxX":-76.2466669999999,"maxY":37.528313,"minX":-76.449631,"minY":37.310024},"result":"Mathews, Virginia, United States"}