{"bounds":{"maxX":-72.368102,"maxY":44.801552,"minX":-72.927621,"minY":44.397863},"result":"Lamoille, Vermont, United States"}