{"bounds":{"maxX":-80.505845,"maxY":37.150829,"minX":-80.59694,"minY":37.089741},"result":"Radford, Virginia, United States"}