{"bounds":{"maxX":-77.2681729999999,"maxY":38.868,"minX":-77.335213,"minY":38.834827},"result":"Fairfax City, Virginia, United States"}