{"bounds":{"maxX":-78.063072,"maxY":38.007029,"minX":-78.490464,"minY":37.689621},"result":"Fluvanna, Virginia, United States"}