{"bounds":{"maxX":-76.6657499999999,"maxY":37.31218,"minX":-76.741203,"minY":37.246872},"result":"Williamsburg, Virginia, United States"}