{"bounds":{"maxX":-76.293152,"maxY":37.170272,"minX":-76.413597,"minY":37.099724},"result":"Poquoson, Virginia, United States"}