{"bounds":{"maxX":-76.297813,"maxY":37.77549,"minX":-76.754791,"minY":37.512778},"result":"Middlesex, Virginia, United States"}