{"bounds":{"maxX":-77.6508719999999,"maxY":37.497772,"minX":-78.239098,"minY":37.19003},"result":"Amelia, Virginia, United States"}