{"bounds":{"maxX":-76.6802739999999,"maxY":38.154701,"minX":-77.169113,"minY":37.737998},"result":"Essex, Virginia, United States"}