{"bounds":{"maxX":-76.8182899999999,"maxY":36.997849,"minX":-77.503113,"minY":36.544},"result":"Southampton, Virginia, United States"}