{"bounds":{"maxX":-78.004516,"maxY":39.036611,"minX":-78.388671,"minY":38.758073},"result":"Warren, Virginia, United States"}