{"bounds":{"maxX":-79.594307,"maxY":37.232862,"minX":-80.235496,"minY":36.78077},"result":"Franklin, Virginia, United States"}