{"bounds":{"maxX":-78.4870749999999,"maxY":38.8511,"minX":-79.221559,"minY":38.208179},"result":"Rockingham, Virginia, United States"}