{"bounds":{"maxX":-77.1494979999999,"maxY":38.895949,"minX":-77.194108,"minY":38.872638},"result":"Falls Church, Virginia, United States"}