{"bounds":{"maxX":-79.142411,"maxY":38.086719,"minX":-79.684251,"minY":37.536461},"result":"Rockbridge, Virginia, United States"}