{"bounds":{"maxX":-76.0698399999999,"maxY":36.866538,"minX":-76.491029,"minY":36.549821},"result":"Chesapeake, Virginia, United States"}