{"bounds":{"maxX":-79.092361,"maxY":37.137439,"minX":-79.715087,"minY":36.539138},"result":"Pittsylvania, Virginia, United States"}