{"bounds":{"maxX":-78.874626,"maxY":37.815609,"minX":-79.433532,"minY":37.389302},"result":"Amherst, Virginia, United States"}