{"bounds":{"maxX":-77.5271079999999,"maxY":39.015369,"minX":-78.131653,"minY":38.408882},"result":"Fauquier, Virginia, United States"}