{"bounds":{"maxX":-78.289237,"maxY":38.480641,"minX":-78.659082,"minY":38.185761},"result":"Greene, Virginia, United States"}