{"bounds":{"maxX":-77.4477459999999,"maxY":38.78083,"minX":-77.526581,"minY":38.707241},"result":"Manassas, Virginia, United States"}