{"bounds":{"maxX":-71.837592,"maxY":44.76894,"minX":-72.4348669999999,"minY":44.156978},"result":"Caledonia, Vermont, United States"}