{"bounds":{"maxX":-76.578477,"maxY":37.459191,"minX":-76.9160919999999,"minY":37.169167},"result":"James City, Virginia, United States"}