{"bounds":{"maxX":-76.176613,"maxY":36.969166,"minX":-76.334443,"minY":36.820541},"result":"Norfolk, Virginia, United States"}