{"bounds":{"maxX":-75.868615,"maxY":36.932159,"minX":-76.2249899999999,"minY":36.550361},"result":"Virginia Beach, Virginia, United States"}