{"bounds":{"maxX":-76.872337,"maxY":37.493469,"minX":-77.2656019999999,"minY":37.23386},"result":"Charles City, Virginia, United States"}