{"bounds":{"maxX":-76.645766,"maxY":37.972389,"minX":-77.1878129999999,"minY":37.443458},"result":"King and Queen, Virginia, United States"}