{"bounds":{"maxX":-78.249314,"maxY":37.792061,"minX":-78.8388209999999,"minY":37.334819},"result":"Buckingham, Virginia, United States"}