{"bounds":{"maxX":-78.0315009999999,"maxY":39.466579,"minX":-78.542221,"minY":39.01017},"result":"Frederick, Virginia, United States"}