{"bounds":{"maxX":-78.238572,"maxY":37.399811,"minX":-78.6949069999999,"minY":37.078571},"result":"Prince Edward, Virginia, United States"}