{"bounds":{"maxX":-81.605156,"maxY":36.929511,"minX":-82.3329459999999,"minY":36.595032},"result":"Washington, Virginia, United States"}