{"bounds":{"maxX":-80.850402,"maxY":37.596192,"minX":-81.361236,"minY":37.234471},"result":"Mercer, West Virginia, United States"}