{"bounds":{"maxX":-88.9329079999999,"maxY":46.30005,"minX":-90.044189,"minY":45.859021},"result":"Vilas, Wisconsin, United States"}