{"bounds":{"maxX":-90.921388,"maxY":44.857601,"minX":-91.6505129999999,"minY":44.59602},"result":"Eau Claire, Wisconsin, United States"}