{"bounds":{"maxX":-122.798751,"maxY":47.607738,"minX":-123.50338,"minY":47.0834},"result":"Mason, Washington, United States"}