{"bounds":{"maxX":-82.046914,"maxY":38.598062,"minX":-82.502662,"minY":38.228789},"result":"Cabell, West Virginia, United States"}