{"bounds":{"maxX":-105.268111,"maxY":42.432869,"minX":-106.325081,"minY":40.99765},"result":"Albany, Wyoming, United States"}