{"bounds":{"maxX":-81.084052,"maxY":38.940479,"minX":-81.5476219999999,"minY":38.522283},"result":"Roane, West Virginia, United States"}