{"bounds":{"maxX":-80.302177,"maxY":39.167431,"minX":-80.7300729999999,"minY":38.72261},"result":"Lewis, West Virginia, United States"}