{"bounds":{"maxX":-81.1619489999999,"maxY":39.184688,"minX":-81.5806279999999,"minY":38.895913},"result":"Wirt, West Virginia, United States"}