{"bounds":{"maxX":-81.773682,"maxY":39.029092,"minX":-82.2183229999999,"minY":38.474991},"result":"Mason, West Virginia, United States"}