{"bounds":{"maxX":-80.985336,"maxY":39.044132,"minX":-81.280158,"minY":38.613368},"result":"Calhoun, West Virginia, United States"}