{"bounds":{"maxX":-87.5097969999999,"maxY":44.327702,"minX":-88.043662,"minY":43.89127},"result":"Manitowoc, Wisconsin, United States"}