{"bounds":{"maxX":-80.517051,"maxY":40.035672,"minX":-80.867988,"minY":39.720668},"result":"Marshall, West Virginia, United States"}