{"bounds":{"maxX":-80.518884,"maxY":40.186519,"minX":-80.738342,"minY":40.01952},"result":"Ohio, West Virginia, United States"}