{"bounds":{"maxX":-79.0584249999999,"maxY":38.957322,"minX":-79.643502,"minY":38.413349},"result":"Pendleton, West Virginia, United States"}