{"bounds":{"maxX":-118.942909,"maxY":46.726269,"minX":-119.877029,"minY":45.83762},"result":"Benton, Washington, United States"}