{"bounds":{"maxX":-87.376121,"maxY":44.677453,"minX":-87.7665029999999,"minY":44.327091},"result":"Kewaunee, Wisconsin, United States"}