{"bounds":{"maxX":-79.937241,"maxY":39.642268,"minX":-80.497986,"minY":39.384541},"result":"Marion, West Virginia, United States"}