{"bounds":{"maxX":-107.494134,"maxY":44.006129,"minX":-110.055283,"minY":42.259571},"result":"Fremont, Wyoming, United States"}