{"bounds":{"maxX":-89.597228,"maxY":44.24932,"minX":-90.0264579999999,"minY":43.641071},"result":"Adams, Wisconsin, United States"}