{"bounds":{"maxX":-80.04599,"maxY":39.112401,"minX":-80.4123299999999,"minY":38.686169},"result":"Upshur, West Virginia, United States"}