{"bounds":{"maxX":-90.7559429999999,"maxY":47.00074,"minX":-91.5577769999999,"minY":46.154948},"result":"Bayfield, Wisconsin, United States"}