{"bounds":{"maxX":-117.037987,"maxY":47.26061,"minX":-118.251572,"minY":46.417721},"result":"Whitman, Washington, United States"}