{"bounds":{"maxX":-121.513587,"maxY":46.38882,"minX":-122.248192,"minY":45.551954688686},"result":"Skamania, Washington, United States"}