{"bounds":{"maxX":-79.893769,"maxY":39.451648,"minX":-80.2051309999999,"minY":39.234909},"result":"Taylor, West Virginia, United States"}