{"bounds":{"maxX":-123.212681425433,"maxY":46.38551,"minX":-123.725388,"minY":46.1434974461435},"result":"Wahkiakum, Washington, United States"}