{"bounds":{"maxX":-87.8010179999999,"maxY":42.671841,"minX":-88.3027269999999,"minY":42.49617},"result":"Kenosha, Wisconsin, United States"}