{"bounds":{"maxX":-80.8774579999999,"maxY":37.992482,"minX":-81.5699319999999,"minY":37.5084},"result":"Raleigh, West Virginia, United States"}