{"bounds":{"maxX":-80.4424509999999,"maxY":38.906262,"minX":-81.03122,"minY":38.504861},"result":"Braxton, West Virginia, United States"}