{"bounds":{"maxX":-88.1907889999999,"maxY":44.590611,"minX":-88.7396919999999,"minY":44.24215},"result":"Outagamie, Wisconsin, United States"}