{"bounds":{"maxX":-86.809387,"maxY":47.075751,"minX":-92.885392,"minY":42.495721},"result":"Wisconsin, United States"}