{"bounds":{"maxX":-88.400773,"maxY":43.633591,"minX":-89.0094369999999,"minY":43.196441},"result":"Dodge, Wisconsin, United States"}