{"bounds":{"maxX":-89.0083999999999,"maxY":43.29544,"minX":-89.839416,"minY":42.847091},"result":"Dane, Wisconsin, United States"}