{"bounds":{"maxX":-80.5276489999999,"maxY":39.4506,"minX":-80.915038,"minY":39.090221},"result":"Doddridge, West Virginia, United States"}