{"bounds":{"maxX":-90.314698,"maxY":45.03386,"minX":-90.9232699999999,"minY":44.422119},"result":"Clark, Wisconsin, United States"}