{"bounds":{"maxX":-119.866226,"maxY":46.043481,"minX":-121.611253,"minY":45.606443},"result":"Klickitat, Washington, United States"}