{"bounds":{"maxX":-89.1650989999999,"maxY":43.982953,"minX":-89.6000289999999,"minY":43.642293},"result":"Marquette, Wisconsin, United States"}