{"bounds":{"maxX":-90.667809,"maxY":43.425102,"minX":-91.213899,"minY":42.996479},"result":"Crawford, Wisconsin, United States"}