{"bounds":{"maxX":-78.9845579999999,"maxY":39.328898,"minX":-79.486871,"minY":38.811822},"result":"Grant, West Virginia, United States"}