{"bounds":{"maxX":-79.2903679999999,"maxY":39.271781,"minX":-79.8360979999999,"minY":38.964248},"result":"Tucker, West Virginia, United States"}