{"bounds":{"maxX":-104.051987,"maxY":41.656742,"minX":-105.277442,"minY":40.99932},"result":"Laramie, Wyoming, United States"}