{"bounds":{"maxX":-88.639474,"maxY":45.470711,"minX":-89.4273689999999,"minY":45.029338},"result":"Langlade, Wisconsin, United States"}