{"bounds":{"maxX":-116.912507,"maxY":49.00359,"minX":-124.76278,"minY":45.5445262566546},"result":"Washington, United States"}