{"bounds":{"maxX":-89.9282219999999,"maxY":46.588021,"minX":-90.5532909999999,"minY":45.981499},"result":"Iron, Wisconsin, United States"}