{"bounds":{"maxX":-92.135597,"maxY":45.210021,"minX":-92.801886,"minY":44.857929},"result":"St. Croix, Wisconsin, United States"}