{"bounds":{"maxX":-117.041809,"maxY":48.047691,"minX":-117.822762,"minY":47.258579},"result":"Spokane, Washington, United States"}