{"bounds":{"maxX":-80.518852,"maxY":40.638549,"minX":-80.665284,"minY":40.395381},"result":"Hancock, West Virginia, United States"}