{"bounds":{"maxX":-78.026717,"maxY":39.697551,"minX":-78.4701689999999,"minY":39.392892},"result":"Morgan, West Virginia, United States"}