{"bounds":{"maxX":-106.067108,"maxY":43.499951,"minX":-107.542878,"minY":42.430462},"result":"Natrona, Wyoming, United States"}