{"bounds":{"maxX":-81.305443,"maxY":37.549019,"minX":-81.995278,"minY":37.202759},"result":"McDowell, West Virginia, United States"}