{"bounds":{"maxX":-107.595437,"maxY":44.08096,"minX":-109.309807,"minY":43.459319},"result":"Hot Springs, Wyoming, United States"}