{"bounds":{"maxX":-80.6082529999999,"maxY":39.108139,"minX":-81.057778,"minY":38.717999},"result":"Gilmer, West Virginia, United States"}