{"bounds":{"maxX":-91.649642,"maxY":45.209679,"minX":-92.156761,"minY":44.683602},"result":"Dunn, Wisconsin, United States"}