{"bounds":{"maxX":-80.1838989999999,"maxY":38.73922,"minX":-80.679,"minY":38.22649},"result":"Webster, West Virginia, United States"}