{"bounds":{"maxX":-81.503167,"maxY":39.092103,"minX":-81.912163,"minY":38.554749},"result":"Jackson, West Virginia, United States"}