{"bounds":{"maxX":-117.990752,"maxY":46.60567,"minX":-119.040465,"minY":46.00118},"result":"Walla Walla, Washington, United States"}