{"bounds":{"maxX":-90.30384,"maxY":47.075751,"minX":-90.9338999999999,"minY":45.981499},"result":"Ashland, Wisconsin, United States"}