{"bounds":{"maxX":-104.051987,"maxY":45.004199,"minX":-111.055138,"minY":40.996268},"result":"Wyoming, United States"}