{"bounds":{"maxX":-121.066437,"maxY":47.782311,"minX":-122.528222,"minY":47.081299},"result":"King, Washington, United States"}