{"bounds":{"maxX":-82.192177,"maxY":38.418591,"minX":-82.640777,"minY":37.84401},"result":"Wayne, West Virginia, United States"}