{"bounds":{"maxX":-106.0076,"maxY":45.001049,"minX":-107.910393,"minY":44.55812},"result":"Sheridan, Wyoming, United States"}