{"bounds":{"maxX":-90.192292,"maxY":43.55489,"minX":-90.6716079999999,"minY":43.165851},"result":"Richland, Wisconsin, United States"}