{"bounds":{"maxX":-88.5401239999999,"maxY":43.199981,"minX":-89.01319,"minY":42.84449},"result":"Jefferson, Wisconsin, United States"}