{"bounds":{"maxX":-122.238731,"maxY":46.386231,"minX":-123.220466,"minY":45.85408},"result":"Cowlitz, Washington, United States"}