{"bounds":{"maxX":-88.058258,"maxY":46.020131,"minX":-88.684402,"minY":45.713149},"result":"Florence, Wisconsin, United States"}