{"bounds":{"maxX":-89.425607,"maxY":45.556201,"minX":-90.046546,"minY":45.118949},"result":"Lincoln, Wisconsin, United States"}