{"bounds":{"maxX":-88.301621,"maxY":42.845539,"minX":-88.775673,"minY":42.495721},"result":"Walworth, Wisconsin, United States"}