{"bounds":{"maxX":-117.818076,"maxY":47.95692,"minX":-118.980499,"minY":47.259639},"result":"Lincoln, Washington, United States"}