{"bounds":{"maxX":-88.159736,"maxY":43.938758,"minX":-88.886176,"minY":43.542899},"result":"Fond du Lac, Wisconsin, United States"}