{"bounds":{"maxX":-122.741387,"maxY":48.789723,"minX":-123.23745,"minY":48.316649},"result":"San Juan, Washington, United States"}