{"bounds":{"maxX":-110.045487,"maxY":43.314849,"minX":-111.047692,"minY":41.577491},"result":"Lincoln, Wyoming, United States"}