{"bounds":{"maxX":-118.974929,"maxY":47.963351,"minX":-120.039932,"minY":46.62505},"result":"Grant, Washington, United States"}