{"bounds":{"maxX":-81.451157,"maxY":38.231891,"minX":-81.981369,"minY":37.764561},"result":"Boone, West Virginia, United States"}