{"bounds":{"maxX":-121.355156,"maxY":46.793049,"minX":-123.371361,"minY":46.381271},"result":"Lewis, Washington, United States"}