{"bounds":{"maxX":-117.602882,"maxY":46.62634,"minX":-118.245537,"minY":46.00022},"result":"Columbia, Washington, United States"}