{"bounds":{"maxX":-118.200271,"maxY":46.739319,"minX":-119.457208,"minY":46.192199},"result":"Franklin, Washington, United States"}