{"bounds":{"maxX":-89.5998989999999,"maxY":43.64196,"minX":-90.312667,"minY":43.14602},"result":"Sauk, Wisconsin, United States"}