{"bounds":{"maxX":-80.2214969999999,"maxY":37.730269,"minX":-80.8575059999999,"minY":37.372928},"result":"Monroe, West Virginia, United States"}