{"bounds":{"maxX":-78.3392249999999,"maxY":39.540211,"minX":-78.9845579999999,"minY":39.089142},"result":"Hampshire, West Virginia, United States"}