{"bounds":{"maxX":-80.4370719999999,"maxY":38.557653,"minX":-81.23365,"minY":38.078991},"result":"Nicholas, West Virginia, United States"}