{"bounds":{"maxX":-78.507622,"maxY":39.240842,"minX":-79.1322709999999,"minY":38.76138},"result":"Hardy, West Virginia, United States"}