{"bounds":{"maxX":-77.719727,"maxY":40.638549,"minX":-82.640777,"minY":37.202759},"result":"West Virginia, United States"}