{"bounds":{"maxX":-88.8854059999999,"maxY":43.98357,"minX":-89.2455889999999,"minY":43.631752},"result":"Green Lake, Wisconsin, United States"}