{"bounds":{"maxX":-92.0308229999999,"maxY":46.15904,"minX":-92.884216,"minY":45.639449},"result":"Burnett, Wisconsin, United States"}