{"bounds":{"maxX":-89.223381,"maxY":45.120608,"minX":-90.316674,"minY":44.68118},"result":"Marathon, Wisconsin, United States"}