{"bounds":{"maxX":-87.758927,"maxY":42.845051,"minX":-88.304359,"minY":42.613411},"result":"Racine, Wisconsin, United States"}