{"bounds":{"maxX":-81.220513,"maxY":37.793862,"minX":-81.857087,"minY":37.413319},"result":"Wyoming, West Virginia, United States"}