{"bounds":{"maxX":-88.0639419999999,"maxY":43.19785,"minX":-88.541282,"minY":42.84436},"result":"Waukesha, Wisconsin, United States"}