{"bounds":{"maxX":-80.750077,"maxY":38.264321,"minX":-81.3804929999999,"minY":37.822711},"result":"Fayette, West Virginia, United States"}