{"bounds":{"maxX":-106.070809,"maxY":42.434891,"minX":-107.93261,"minY":41.000979},"result":"Carbon, Wyoming, United States"}