{"bounds":{"maxX":-90.312309,"maxY":44.596988,"minX":-91.166221,"minY":44.070838},"result":"Jackson, Wisconsin, United States"}