{"bounds":{"maxX":-117.958282,"maxY":47.261341,"minX":-119.370751,"minY":46.734681},"result":"Adams, Washington, United States"}