{"bounds":{"maxX":-90.922249,"maxY":45.292161,"minX":-91.6666789999999,"minY":44.85611},"result":"Chippewa, Wisconsin, United States"}