{"bounds":{"maxX":-110.052696,"maxY":44.666883,"minX":-111.055138,"minY":43.235291},"result":"Teton, Wyoming, United States"}