{"bounds":{"maxX":-122.469901,"maxY":47.940895,"minX":-123.023018,"minY":47.402942},"result":"Kitsap, Washington, United States"}