{"bounds":{"maxX":-105.075996,"maxY":45.001678,"minX":-106.021842,"minY":43.494609},"result":"Campbell, Wyoming, United States"}