{"bounds":{"maxX":-80.6199789999999,"maxY":39.60492,"minX":-81.113533,"minY":39.294819},"result":"Tyler, West Virginia, United States"}