{"bounds":{"maxX":-91.528542,"maxY":44.597932,"minX":-92.0808479999999,"minY":44.02694},"result":"Buffalo, Wisconsin, United States"}