{"bounds":{"maxX":-90.6772759999999,"maxY":46.158351,"minX":-91.5521019999999,"minY":45.63776},"result":"Sawyer, Wisconsin, United States"}