{"bounds":{"maxX":-104.054207,"maxY":44.181493,"minX":-105.085067,"minY":43.498089},"result":"Weston, Wyoming, United States"}