{"bounds":{"maxX":-108.550552,"maxY":45.004199,"minX":-111.055138,"minY":43.80492},"result":"Park, Wyoming, United States"}