{"bounds":{"maxX":179.773408,"maxY":71.390685,"minX":-179.150558,"minY":18.909858},"result":"United States"}