{"bounds":{"maxX":-55.986274,"maxY":-30.079689,"minX":-57.888188,"minY":-31.052215},"result":"Artigas, Uruguay"}