{"bounds":{"maxX":-57.035584,"maxY":-33.740464,"minX":-58.418556,"minY":-34.476527},"result":"Colonia, Uruguay"}