{"bounds":{"maxX":-53.1889159999999,"maxY":-31.693242,"minX":-55.423123,"minY":-32.9613649999999},"result":"Cerro Largo, Uruguay"}