{"bounds":{"maxX":-55.415139,"maxY":-34.165227,"minX":-56.510578,"minY":-34.9473599999999},"result":"Canelones, Uruguay"}