{"bounds":{"maxX":-55.1517249999999,"maxY":-32.380146,"minX":-57.2012339999999,"minY":-33.445464},"result":"Durazno, Uruguay"}