{"bounds":{"maxX":-55.139687,"maxY":-33.024219,"minX":-56.584816,"minY":-34.352542},"result":"Florida, Uruguay"}