{"bounds":{"maxX":-56.435043,"maxY":-33.042518,"minX":-57.374156,"minY":-33.92421},"result":"Flores, Uruguay"}