{"bounds":{"maxX":-54.433121,"maxY":-33.941502,"minX":-55.472728,"minY":-34.974031},"result":"Maldonado, Uruguay"}