{"bounds":{"maxX":-56.025963,"maxY":-34.72635,"minX":-56.4318039999999,"minY":-34.938193},"result":"Montevideo, Uruguay"}