{"bounds":{"maxX":-56.6136289999999,"maxY":-32.293733,"minX":-58.360473,"minY":-33.342869},"result":"Río Negro, Uruguay"}