{"bounds":{"maxX":-53.0942449999999,"maxY":-30.843719,"minX":-56.1170529999999,"minY":-33.624443},"result":"Rivera, Uruguay"}