{"bounds":{"maxX":-56.345815,"maxY":-33.7832979999999,"minX":-57.145165,"minY":-34.779926},"result":"San José, Uruguay"}