{"bounds":{"maxX":-54.711823,"maxY":-31.187965,"minX":-56.760314,"minY":-32.734632},"result":"Tacuarembó, Uruguay"}