{"bounds":{"maxX":-53.0942449999999,"maxY":-30.079689,"minX":-58.4427219999999,"minY":-34.974031},"result":"Uruguay"}