{"bounds":{"maxX":73.132272,"maxY":41.06477,"minX":71.575271,"minY":40.401239},"result":"Andijon, Uzbekistan"}