{"bounds":{"maxX":65.388886,"maxY":41.468047,"minX":62.177795,"minY":38.947002},"result":"Buxoro, Uzbekistan"}