{"bounds":{"maxX":69.01422,"maxY":41.24187,"minX":66.608032,"minY":39.488495},"result":"Jizzax, Uzbekistan"}