{"bounds":{"maxX":66.805252,"maxY":43.77668,"minX":61.725266,"minY":39.448006},"result":"Navoiy, Uzbekistan"}