{"bounds":{"maxX":67.69223,"maxY":39.520271,"minX":64.377227,"minY":37.966114},"result":"Qashqadaryo, Uzbekistan"}