{"bounds":{"maxX":69.121918,"maxY":41.015839,"minX":68.088592,"minY":40.161572},"result":"Sirdaryo, Uzbekistan"}