{"bounds":{"maxX":67.523652,"maxY":40.619156,"minX":65.119706,"minY":39.288047},"result":"Samarqand, Uzbekistan"}