{"bounds":{"maxX":69.354759,"maxY":41.233563,"minX":69.163307,"minY":41.09795},"result":"Toshkent City, Uzbekistan"}