{"bounds":{"maxX":62.451934,"maxY":41.990829,"minX":60.060196,"minY":40.517716},"result":"Xorazm, Uzbekistan"}