{"bounds":{"maxX":73.132272,"maxY":45.571107,"minX":55.997775,"minY":37.177166},"result":"Uzbekistan"}