{"bounds":{"maxX":12.458451,"maxY":41.907551,"minX":12.445608,"minY":41.900112},"result":"Vatican City (Holy See)"}