{"bounds":{"maxX":-61.1248639999999,"maxY":13.04875,"minX":-61.460972,"minY":12.578749},"result":"Grenadines, Saint Vincent and the Grenadines"}