{"bounds":{"maxX":-61.1638799999999,"maxY":13.381158,"minX":-61.262637,"minY":13.255527},"result":"Saint David, Saint Vincent and the Grenadines"}