{"bounds":{"maxX":-61.1423609999999,"maxY":13.210068,"minX":-61.237193,"minY":13.122084},"result":"Saint George, Saint Vincent and the Grenadines"}