{"bounds":{"maxX":-61.114029,"maxY":13.383473,"minX":-61.460972,"minY":12.578749},"result":"Saint Vincent and the Grenadines"}