{"bounds":{"maxX":-63.6168069999999,"maxY":15.672918,"minX":-67.1275869999999,"minY":10.403957},"result":"Distrito Capital, Venezuela"}