{"bounds":{"maxX":-62.649352,"maxY":10.315417,"minX":-65.726639,"minY":7.569681},"result":"Anzoátegui, Venezuela"}