{"bounds":{"maxX":-66.3033149999999,"maxY":8.10007000000002,"minX":-72.448204,"minY":6.08708300000001},"result":"Apure, Venezuela"}