{"bounds":{"maxX":-66.577737,"maxY":10.538472,"minX":-67.831544,"minY":9.23538300000001},"result":"Aragua, Venezuela"}