{"bounds":{"maxX":-67.5185319999999,"maxY":9.090484,"minX":-71.867829,"minY":7.30383800000004},"result":"Barinas, Venezuela"}