{"bounds":{"maxX":-67.500625,"maxY":10.584045,"minX":-68.360283,"minY":9.840867},"result":"Carabobo, Venezuela"}