{"bounds":{"maxX":-64.760751,"maxY":10.059354,"minX":-68.024849,"minY":7.540415},"result":"Guárico, Venezuela"}