{"bounds":{"maxX":-70.540351,"maxY":9.34989100000001,"minX":-71.970634,"minY":7.621331},"result":"Mérida, Venezuela"}