{"bounds":{"maxX":-65.388475,"maxY":10.650138,"minX":-67.171707,"minY":9.96489100000002},"result":"Miranda, Venezuela"}