{"bounds":{"maxX":-62.0029709999999,"maxY":10.312286,"minX":-64.0586699999999,"minY":8.32215100000002},"result":"Monagas, Venezuela"}