{"bounds":{"maxX":-63.724861,"maxY":11.219584,"minX":-64.40764,"minY":10.73625},"result":"Nueva Esparta, Venezuela"}