{"bounds":{"maxX":-68.428445,"maxY":9.93689599999999,"minX":-70.203156,"minY":8.06692900000002},"result":"Portuguesa, Venezuela"}