{"bounds":{"maxX":-61.847363,"maxY":10.765973,"minX":-64.509307,"minY":10.00344},"result":"Sucre, Venezuela"}