{"bounds":{"maxX":-71.348016,"maxY":8.66538400000002,"minX":-72.487198,"minY":7.32062200000001},"result":"Táchira, Venezuela"}