{"bounds":{"maxX":-69.98777,"maxY":10.036385,"minX":-71.097358,"minY":8.99884000000003},"result":"Trujillo, Venezuela"}