{"bounds":{"maxX":-68.239899,"maxY":10.768664,"minX":-69.1809699999999,"minY":9.89485100000002},"result":"Yaracuy, Venezuela"}