{"bounds":{"maxX":-70.632896,"maxY":12.359027,"minX":-73.3869779999999,"minY":8.38766500000003},"result":"Zulia, Venezuela"}