{"bounds":{"maxX":-59.8070059999999,"maxY":10.059862,"minX":-62.528905,"minY":7.60828000000004},"result":"Delta Amacuro, Venezuela"}