{"bounds":{"maxX":-59.8070059999999,"maxY":15.672918,"minX":-73.3869779999999,"minY":0.648760000000038},"result":"Venezuela"}