{"bounds":{"maxX":-63.9998629999999,"maxY":18.000138,"minX":-64.903472,"minY":17.672916},"result":"Saint Croix, Virgin Islands (U.S.)"}