{"bounds":{"maxX":-63.9998629999999,"maxY":18.415695,"minX":-65.086526,"minY":17.672916},"result":"Virgin Islands (U.S.)"}