{"bounds":{"maxX":105.597487,"maxY":22.696123,"minX":104.847764,"minY":21.49773},"result":"Tuyen Quang, Vietnam"}