{"bounds":{"maxX":105.099523,"maxY":22.292012,"minX":103.885382,"minY":21.326056},"result":"Yen Bai, Vietnam"}