{"bounds":{"maxX":107.363777,"maxY":22.46162,"minX":106.094605,"minY":21.325293},"result":"Lang Son, Vietnam"}