{"bounds":{"maxX":105.02454,"maxY":22.032607,"minX":103.213747,"minY":20.573133},"result":"Son La, Vietnam"}