{"bounds":{"maxX":106.167497,"maxY":20.454838,"minX":105.542028,"minY":19.91154},"result":"Ninh Binh, Vietnam"}