{"bounds":{"maxX":108.078751,"maxY":21.664671,"minX":106.438422,"minY":20.71597},"result":"Quang Ninh, Vietnam"}