{"bounds":{"maxX":106.002203,"maxY":21.313421,"minX":105.286415,"minY":20.564646},"result":"Ha Tay, Vietnam"}