{"bounds":{"maxX":107.387073,"maxY":17.168009,"minX":106.513742,"minY":16.301567},"result":"Quang Tri, Vietnam"}