{"bounds":{"maxX":105.806389,"maxY":19.998523,"minX":103.871849,"minY":18.552223},"result":"Nghe An, Vietnam"}