{"bounds":{"maxX":106.510959,"maxY":18.763668,"minX":105.102802,"minY":17.914445},"result":"Ha Tinh, Vietnam"}