{"bounds":{"maxX":106.994856,"maxY":18.089975,"minX":105.60705,"minY":16.921461},"result":"Quang Binh, Vietnam"}