{"bounds":{"maxX":108.731658,"maxY":12.317454,"minX":107.265426,"minY":11.215165},"result":"Lam Dong, Vietnam"}