{"bounds":{"maxX":107.577004,"maxY":11.582002,"minX":106.750858,"minY":10.5825},"result":"Dong Nai, Vietnam"}