{"bounds":{"maxX":108.87299,"maxY":14.603214,"minX":107.332596,"minY":12.995756},"result":"Gia Lai, Vietnam"}