{"bounds":{"maxX":106.492058,"maxY":11.78229,"minX":105.809471,"minY":10.962522},"result":"Tay Ninh, Vietnam"}