{"bounds":{"maxX":105.539012,"maxY":10.5395,"minX":103.458207,"minY":9.25388900000002},"result":"Kien Giang, Vietnam"}