{"bounds":{"maxX":106.748183,"maxY":11.032491,"minX":105.498027,"minY":10.395407},"result":"Long An, Vietnam"}