{"bounds":{"maxX":106.787164,"maxY":10.587139,"minX":105.815402,"minY":10.198738},"result":"Tien Giang, Vietnam"}