{"bounds":{"maxX":105.844525,"maxY":10.325283,"minX":105.225955,"minY":9.919375},"result":"Can Tho, thanh pho, Vietnam"}