{"bounds":{"maxX":105.575275,"maxY":10.961942,"minX":104.777699,"minY":10.183516},"result":"An Giang, Vietnam"}