{"bounds":{"maxX":109.085229,"maxY":11.555672,"minX":107.393901,"minY":9.97002100000003},"result":"Binh Thuan, Vietnam"}