{"bounds":{"maxX":107.428573,"maxY":12.297761,"minX":106.411568,"minY":11.300597},"result":"Binh Phuoc, Vietnam"}