{"bounds":{"maxX":106.246215,"maxY":22.739757,"minX":105.430305,"minY":21.80448},"result":"Bac Kan, Vietnam"}