{"bounds":{"maxX":106.791947,"maxY":10.340414,"minX":106.027906,"minY":9.80250000000001},"result":"Ben Tre, Vietnam"}