{"bounds":{"maxX":107.033304,"maxY":21.626418,"minX":105.879806,"minY":21.122089},"result":"Bac Giang, Vietnam"}