{"bounds":{"maxX":106.966374,"maxY":11.50093,"minX":106.32602,"minY":10.863709},"result":"Binh Duong, Vietnam"}