{"bounds":{"maxX":106.293609,"maxY":9.938042,"minX":105.543337,"minY":9.24361000000005},"result":"Soc Trang, Vietnam"}