{"bounds":{"maxX":107.025275,"maxY":11.159539,"minX":106.356383,"minY":10.376389},"result":"Sai Gon, Vietnam"}