{"bounds":{"maxX":108.338333,"maxY":16.225834,"minX":107.818308,"minY":15.918026},"result":"Da Nang, thanh pho, Vietnam"}