{"bounds":{"maxX":106.610714,"maxY":21.237133,"minX":106.123638,"minY":20.684512},"result":"Hai Duong, Vietnam"}