{"bounds":{"maxX":106.587219,"maxY":20.499325,"minX":105.923331,"minY":19.909446},"result":"Nam Dinh, Vietnam"}