{"bounds":{"maxX":106.237227,"maxY":22.048015,"minX":105.476715,"minY":21.325484},"result":"Thai Nguyen, Vietnam"}