{"bounds":{"maxX":105.456047,"maxY":21.719787,"minX":104.814603,"minY":20.917161},"result":"Phu Tho, Vietnam"}