{"bounds":{"maxX":105.791069,"maxY":21.573984,"minX":105.321693,"minY":21.121784},"result":"Vinh Phuc, Vietnam"}