{"bounds":{"maxX":109.46943,"maxY":23.392731,"minX":102.145,"minY":8.563332},"result":"Vietnam"}