{"bounds":{"maxX":168.370286,"maxY":-15.878331,"minX":167.152664,"minY":-16.603007},"result":"Malampa, Vanuatu"}