{"bounds":{"maxX":167.29834,"maxY":-14.643495,"minX":166.541398,"minY":-15.755},"result":"Sanma, Vanuatu"}