{"bounds":{"maxX":168.068893,"maxY":-13.072476,"minX":166.542603,"minY":-14.481943},"result":"Torba, Vanuatu"}