{"bounds":{"maxX":172.090088,"maxY":-18.621389,"minX":168.98555,"minY":-22.400554},"result":"Taféa, Vanuatu"}