{"bounds":{"maxX":172.090088,"maxY":-13.072476,"minX":166.541398,"minY":-22.400554},"result":"Vanuatu"}