{"bounds":{"maxX":-176.12416,"maxY":-13.182832,"minX":-178.182495,"minY":-14.369072},"result":"Wallis and Futuna"}