{"bounds":{"maxX":-171.889526,"maxY":-13.803611,"minX":-172.066713,"minY":-13.99636},"result":"A'ana, Samoa"}