{"bounds":{"maxX":-172.009812,"maxY":-13.818175,"minX":-172.156631,"minY":-13.894002},"result":"Aiga-i-le-Tai, Samoa"}