{"bounds":{"maxX":-171.397704,"maxY":-13.860362,"minX":-171.724152,"minY":-14.077221},"result":"Atua, Samoa"}