{"bounds":{"maxX":-172.173736,"maxY":-13.552523,"minX":-172.337631,"minY":-13.794625},"result":"Fa'asaleleaga, Samoa"}