{"bounds":{"maxX":-171.902877,"maxY":-13.439809,"minX":-172.418167,"minY":-14.00559},"result":"Gaga'emauga, Samoa"}