{"bounds":{"maxX":-172.371476,"maxY":-13.445912,"minX":-172.619934,"minY":-13.623981},"result":"Gagaifomauga, Samoa"}