{"bounds":{"maxX":-172.220458,"maxY":-13.614782,"minX":-172.620454,"minY":-13.804195},"result":"Palauli, Samoa"}