{"bounds":{"maxX":-172.321212,"maxY":-13.570975,"minX":-172.693618,"minY":-13.779001},"result":"Satupa'itea, Samoa"}