{"bounds":{"maxX":-171.695464,"maxY":-13.792776,"minX":-171.918915,"minY":-14.045835},"result":"Tuamasaga, Samoa"}