{"bounds":{"maxX":-171.480544,"maxY":-13.8733319999999,"minX":-171.606033,"minY":-13.977347},"result":"Va'a-o-Fonoti, Samoa"}