{"bounds":{"maxX":-172.617263,"maxY":-13.489931,"minX":-172.804122,"minY":-13.61999},"result":"Vaisigano, Samoa"}