{"bounds":{"maxX":-171.397704,"maxY":-13.439809,"minX":-172.804122,"minY":-14.077221},"result":"Samoa"}