{"bounds":{"maxX":21.793048,"maxY":43.246131,"minX":19.979389,"minY":41.781937},"result":"Kosovo"}