{"bounds":{"maxX":44.349467,"maxY":16.691202,"minX":43.510803,"minY":15.531556},"result":"'Amran, Yemen"}