{"bounds":{"maxX":47.186326,"maxY":14.318154,"minX":45.065826,"minY":12.940217},"result":"Abyan, Yemen"}