{"bounds":{"maxX":46.060468,"maxY":14.825204,"minX":44.586088,"minY":13.828991},"result":"Al Bayda', Yemen"}