{"bounds":{"maxX":45.156389,"maxY":14.234815,"minX":44.368762,"minY":13.550132},"result":"Ad¸ D¸ali', Yemen"}