{"bounds":{"maxX":43.776963,"maxY":15.923199,"minX":41.814582,"minY":13.449582},"result":"Al Hudaydah, Yemen"}