{"bounds":{"maxX":45.385823,"maxY":14.055916,"minX":43.523205,"minY":12.593473},"result":"Lahij, Yemen"}