{"bounds":{"maxX":46.810826,"maxY":16.16187,"minX":44.514401,"minY":14.503988},"result":"Ma'rib, Yemen"}