{"bounds":{"maxX":43.914753,"maxY":15.571092,"minX":43.241007,"minY":15.049599},"result":"Al Mahwit, Yemen"}