{"bounds":{"maxX":45.108658,"maxY":16.045486,"minX":43.506067,"minY":14.747299},"result":"San'a', Yemen"}