{"bounds":{"maxX":44.516084,"maxY":13.914689,"minX":43.226807,"minY":12.672084},"result":"Ta'izz, Yemen"}