{"bounds":{"maxX":54.535416,"maxY":18.999999,"minX":41.814582,"minY":12.108194},"result":"Yemen"}