{"bounds":{"maxX":45.300139,"maxY":-12.635695,"minX":45.017919,"minY":-13.006251},"result":"Mayotte"}