{"bounds":{"maxX":30.200729,"maxY":-29.969372,"minX":22.72722,"minY":-34.217362},"result":"Eastern Cape, South Africa"}