{"bounds":{"maxX":29.781389,"maxY":-26.671939,"minX":24.340561,"minY":-30.68472},"result":"Free State, South Africa"}