{"bounds":{"maxX":29.055281,"maxY":-25.14372,"minX":27.16861,"minY":-26.913058},"result":"Gauteng, South Africa"}