{"bounds":{"maxX":31.875461,"maxY":-22.126609,"minX":26.398499,"minY":-25.33},"result":"Limpopo, South Africa"}