{"bounds":{"maxX":32.044392,"maxY":-23.954141,"minX":28.288892,"minY":-27.511669},"result":"Mpumalanga, South Africa"}