{"bounds":{"maxX":32.891251,"maxY":-26.80654,"minX":28.750829,"minY":-31.079026},"result":"Kwazulu-Natal, South Africa"}