{"bounds":{"maxX":28.29694,"maxY":-24.636701,"minX":22.63218,"minY":-28.10194},"result":"North-West, South Africa"}