{"bounds":{"maxX":32.891251,"maxY":-22.126609,"minX":16.45802,"minY":-34.83514},"result":"South Africa"}