{"bounds":{"maxX":29.031996,"maxY":-12.22041,"minX":26.786728,"minY":-13.920227},"result":"Copperbelt, Zambia"}