{"bounds":{"maxX":28.912017,"maxY":-15.279111,"minX":24.936036,"minY":-18.079473},"result":"Southern, Zambia"}