{"bounds":{"maxX":25.505659,"maxY":-13.6743269999999,"minX":21.999371,"minY":-17.63928},"result":"Western, Zambia"}