{"bounds":{"maxX":31.429017,"maxY":-12.000514,"minX":25.30788,"minY":-15.731293},"result":"Central, Zambia"}