{"bounds":{"maxX":33.680622,"maxY":-8.22435999999999,"minX":29.086624,"minY":-13.428279},"result":"Northern, Zambia"}