{"bounds":{"maxX":33.705705,"maxY":-10.316389,"minX":29.984048,"minY":-14.9972},"result":"Eastern, Zambia"}