{"bounds":{"maxX":33.705705,"maxY":-8.22435999999999,"minX":21.999371,"minY":-18.079473},"result":"Zambia"}