{"bounds":{"maxX":31.222579,"maxY":-17.666249,"minX":30.89933,"minY":-18.05486},"result":"Harare, Zimbabwe"}