{"bounds":{"maxX":33.056301,"maxY":-17.244924,"minX":31.215111,"minY":-21.328111},"result":"Manicaland, Zimbabwe"}