{"bounds":{"maxX":29.226499,"maxY":-16.878792,"minX":25.237029,"minY":-20.34105},"result":"Matabeleland North, Zimbabwe"}