{"bounds":{"maxX":31.112903,"maxY":-19.479701,"minX":26.696266,"minY":-22.351074},"result":"Matabeleland South, Zimbabwe"}