{"bounds":{"maxX":32.422237,"maxY":-19.144431,"minX":29.73844,"minY":-22.417739},"result":"Masvingo, Zimbabwe"}