{"bounds":{"maxX":32.754703,"maxY":-15.617566,"minX":30.039861,"minY":-17.741809},"result":"Mashonaland Central, Zimbabwe"}