{"bounds":{"maxX":32.993703,"maxY":-16.698941,"minX":30.499941,"minY":-19.269899},"result":"Mashonaland East, Zimbabwe"}