{"bounds":{"maxX":30.86344,"maxY":-17.128489,"minX":27.995702,"minY":-21.0432489999999},"result":"Midlands, Zimbabwe"}