{"bounds":{"maxX":33.056301,"maxY":-15.608835,"minX":25.237029,"minY":-22.417739},"result":"Zimbabwe"}